1,1,1339.475,418.879,163.014,358.613,0.809340,-1,-1,-1
1,2,585.162,444.376,91.763,264.686,0.762955,-1,-1,-1
1,3,440.993,446.883,112.204,273.418,0.676033,-1,-1,-1
1,4,1456.134,433.627,141.437,332.681,0.642583,-1,-1,-1
2,1,1343.729,418.604,160.352,359.163,0.831333,-1,-1,-1
2,2,585.505,443.905,92.309,264.185,0.765593,-1,-1,-1
2,3,438.651,446.276,116.797,274.266,0.690134,-1,-1,-1
2,4,1453.115,437.872,146.667,331.716,0.672557,-1,-1,-1
3,1,1344.610,424.305,175.815,365.864,0.835763,-1,-1,-1
3,2,585.481,444.034,93.551,263.645,0.756124,-1,-1,-1
3,3,438.226,444.745,117.934,276.326,0.697881,-1,-1,-1
3,4,1467.102,442.582,138.808,327.066,0.732531,-1,-1,-1
4,1,1349.561,422.706,179.329,375.812,0.824006,-1,-1,-1
4,2,585.443,444.802,93.190,264.255,0.766982,-1,-1,-1
4,3,439.605,443.951,119.107,276.690,0.743628,-1,-1,-1
4,4,1479.399,435.599,126.144,333.251,0.730307,-1,-1,-1
5,1,1352.698,420.428,178.436,385.071,0.848324,-1,-1,-1
5,2,585.702,445.030,93.115,264.048,0.765805,-1,-1,-1
5,3,443.373,444.589,119.268,274.356,0.689861,-1,-1,-1
5,4,1486.896,430.519,116.048,338.494,0.740349,-1,-1,-1
6,1,1358.978,419.608,174.356,388.333,0.847124,-1,-1,-1
6,2,585.116,444.505,92.542,266.932,0.761723,-1,-1,-1
6,3,449.707,444.800,117.452,274.333,0.695115,-1,-1,-1
6,4,1495.963,427.497,107.819,342.014,0.723687,-1,-1,-1
7,1,1369.012,420.055,160.357,385.207,0.855937,-1,-1,-1
7,2,585.465,444.014,91.762,268.086,0.767068,-1,-1,-1
7,3,448.326,445.567,119.971,274.325,0.730816,-1,-1,-1
7,4,1501.608,431.350,102.390,339.330,0.767928,-1,-1,-1
8,1,1386.379,416.311,142.273,386.761,0.805617,-1,-1,-1
8,2,585.692,443.957,91.824,267.366,0.782264,-1,-1,-1
8,3,449.659,445.068,119.499,274.604,0.746762,-1,-1,-1
8,4,1506.580,423.742,98.897,347.944,0.769532,-1,-1,-1
9,1,1401.683,410.624,130.071,392.088,0.745323,-1,-1,-1
9,2,586.133,443.649,90.869,268.128,0.779285,-1,-1,-1
9,3,455.773,445.148,114.619,274.304,0.743364,-1,-1,-1
9,4,1513.010,423.017,94.538,347.942,0.748540,-1,-1,-1
10,1,1417.240,414.526,120.395,382.627,0.791507,-1,-1,-1
10,2,586.342,443.785,91.402,268.207,0.782256,-1,-1,-1
10,3,458.133,444.877,114.100,274.354,0.717918,-1,-1,-1
10,4,1508.328,419.092,109.045,355.350,0.669101,-1,-1,-1
11,1,1427.709,413.619,119.330,385.698,0.769071,-1,-1,-1
11,2,586.904,443.837,91.162,267.045,0.770528,-1,-1,-1
11,3,456.630,443.763,115.229,275.836,0.689428,-1,-1,-1
11,4,1526.679,419.819,97.868,350.588,0.795355,-1,-1,-1
12,1,1439.359,410.183,117.193,388.301,0.727337,-1,-1,-1
12,2,586.720,443.291,91.725,266.941,0.766708,-1,-1,-1
12,3,452.606,443.244,119.251,276.280,0.667408,-1,-1,-1
12,4,1538.113,419.859,94.191,353.076,0.773241,-1,-1,-1
13,1,1447.241,412.847,121.772,386.801,0.701485,-1,-1,-1
13,2,586.369,443.030,92.478,267.291,0.753881,-1,-1,-1
13,3,447.833,443.912,123.498,276.334,0.703766,-1,-1,-1
13,4,1541.094,421.182,104.261,357.626,0.751454,-1,-1,-1
14,1,1454.669,411.228,128.371,387.348,0.576932,-1,-1,-1
14,2,585.357,443.184,93.984,268.003,0.750362,-1,-1,-1
14,3,448.057,443.048,122.019,280.355,0.639386,-1,-1,-1
15,1,1462.665,416.498,108.390,382.027,0.490809,-1,-1,-1
15,2,584.985,443.447,93.221,269.260,0.769961,-1,-1,-1
15,3,447.429,443.871,120.930,282.061,0.657826,-1,-1,-1
16,1,1465.031,423.209,105.964,377.173,0.401816,-1,-1,-1
16,2,584.629,444.699,92.961,267.444,0.768340,-1,-1,-1
16,3,446.867,443.673,117.803,283.474,0.651085,-1,-1,-1
16,4,1552.411,421.720,172.193,380.249,0.674038,-1,-1,-1
17,2,584.370,446.382,93.009,267.298,0.765249,-1,-1,-1
17,3,447.203,443.684,116.114,284.543,0.658945,-1,-1,-1
17,4,1558.693,422.152,185.059,384.225,0.772386,-1,-1,-1
18,2,584.580,446.033,93.006,268.354,0.789809,-1,-1,-1
18,3,449.038,443.937,114.062,284.658,0.716077,-1,-1,-1
18,4,1571.629,427.658,182.317,382.275,0.710266,-1,-1,-1
18,1,1461.092,422.185,190.611,388.680,0.683154,-1,-1,-1
19,2,585.182,446.125,94.164,269.258,0.767719,-1,-1,-1
19,3,451.157,445.566,112.748,284.583,0.709190,-1,-1,-1
19,4,1567.656,453.301,192.035,360.990,0.682725,-1,-1,-1
19,1,1461.244,415.800,181.685,390.528,0.464021,-1,-1,-1
20,2,585.497,446.759,97.914,267.606,0.778339,-1,-1,-1
20,3,452.441,449.580,113.947,279.910,0.709674,-1,-1,-1
20,4,1587.824,458.655,187.578,348.787,0.632765,-1,-1,-1
20,1,1461.986,412.609,175.490,394.365,0.368448,-1,-1,-1
21,2,585.746,445.486,101.292,269.068,0.790450,-1,-1,-1
21,3,453.399,449.067,112.832,279.247,0.696865,-1,-1,-1
21,4,1612.501,456.765,159.209,348.293,0.655275,-1,-1,-1
21,1,1462.166,413.478,228.282,403.559,0.728603,-1,-1,-1
22,2,585.776,445.074,103.183,269.099,0.777727,-1,-1,-1
22,3,455.165,448.158,112.778,280.343,0.598807,-1,-1,-1
22,4,1627.695,437.865,153.555,363.959,0.701537,-1,-1,-1
22,1,1462.941,412.928,233.620,405.702,0.529618,-1,-1,-1
23,2,584.891,444.833,105.271,268.999,0.775852,-1,-1,-1
23,3,462.340,447.352,109.930,281.454,0.687491,-1,-1,-1
23,4,1634.464,428.374,133.262,373.912,0.626654,-1,-1,-1
24,2,585.348,444.809,105.400,268.534,0.754838,-1,-1,-1
24,3,467.959,446.352,109.391,284.949,0.683622,-1,-1,-1
24,4,1644.716,422.489,124.167,377.808,0.625345,-1,-1,-1
24,1,1478.071,408.794,227.131,413.107,0.702953,-1,-1,-1
25,2,586.040,444.703,105.125,268.694,0.742962,-1,-1,-1
25,3,468.284,445.743,111.134,288.220,0.633340,-1,-1,-1
25,4,1656.403,418.486,123.118,384.230,0.667684,-1,-1,-1
25,1,1487.698,408.109,217.183,412.576,0.634780,-1,-1,-1
26,2,587.190,445.069,103.112,268.671,0.723762,-1,-1,-1
26,3,468.931,443.025,112.263,293.404,0.658610,-1,-1,-1
26,4,1663.274,420.788,115.915,381.544,0.661751,-1,-1,-1
26,1,1496.818,410.148,230.719,410.771,0.597001,-1,-1,-1
27,2,588.843,444.571,100.752,269.891,0.729049,-1,-1,-1
27,3,470.223,444.484,112.117,290.436,0.622556,-1,-1,-1
27,4,1674.923,415.607,113.024,383.812,0.665513,-1,-1,-1
27,1,1512.010,411.935,219.932,410.901,0.563176,-1,-1,-1
28,2,592.475,444.399,98.431,270.617,0.738726,-1,-1,-1
28,3,472.727,442.991,110.907,292.619,0.602982,-1,-1,-1
28,4,1683.596,412.327,114.727,384.897,0.656637,-1,-1,-1
28,1,1531.951,406.477,186.890,422.042,0.582952,-1,-1,-1
29,2,594.682,444.517,97.271,270.621,0.730475,-1,-1,-1
29,3,475.220,443.042,110.061,292.042,0.585297,-1,-1,-1
29,4,1685.469,419.963,128.520,381.275,0.714438,-1,-1,-1
29,1,1549.949,398.066,167.016,431.811,0.703636,-1,-1,-1
30,2,596.176,444.476,97.121,271.201,0.747949,-1,-1,-1
30,3,477.437,443.162,109.449,292.090,0.644352,-1,-1,-1
30,4,1680.953,427.491,153.145,374.285,0.639741,-1,-1,-1
30,1,1576.515,393.300,149.816,436.511,0.746704,-1,-1,-1
31,2,598.861,444.204,95.595,272.077,0.751065,-1,-1,-1
31,3,477.990,444.192,111.138,288.588,0.651057,-1,-1,-1
31,4,1695.483,419.899,182.909,386.999,0.659879,-1,-1,-1
31,1,1596.009,391.975,155.683,436.839,0.735301,-1,-1,-1
32,2,600.751,444.087,94.976,272.743,0.761853,-1,-1,-1
32,3,479.531,445.284,110.621,288.607,0.638038,-1,-1,-1
32,4,1716.231,418.881,185.240,389.382,0.732515,-1,-1,-1
32,1,1607.752,395.106,162.256,440.646,0.790865,-1,-1,-1
33,2,602.190,444.887,94.727,271.654,0.766611,-1,-1,-1
33,3,480.580,445.090,110.014,292.777,0.703586,-1,-1,-1
33,4,1731.688,415.443,185.583,396.599,0.648860,-1,-1,-1
33,1,1613.685,395.519,170.574,449.691,0.807713,-1,-1,-1
34,2,605.274,444.458,91.996,271.865,0.762245,-1,-1,-1
34,3,480.580,444.971,110.431,298.443,0.729493,-1,-1,-1
34,4,1743.297,448.163,181.363,368.822,0.317155,-1,-1,-1
34,1,1617.343,395.547,181.322,447.758,0.803332,-1,-1,-1
35,2,606.514,444.899,91.426,271.224,0.772728,-1,-1,-1
35,3,479.682,444.876,111.229,300.123,0.740472,-1,-1,-1
35,4,1759.267,432.320,166.314,394.344,0.410892,-1,-1,-1
35,1,1623.076,394.418,193.672,453.844,0.849420,-1,-1,-1
36,2,608.030,445.197,90.334,270.678,0.772720,-1,-1,-1
36,3,478.469,444.962,112.662,302.018,0.707303,-1,-1,-1
36,4,1766.491,421.185,158.409,403.036,0.549813,-1,-1,-1
36,1,1629.964,395.880,210.940,465.649,0.818570,-1,-1,-1
37,2,609.496,445.777,89.977,270.105,0.770117,-1,-1,-1
37,3,478.379,445.504,112.651,296.962,0.666090,-1,-1,-1
37,4,1775.348,420.988,149.190,401.702,0.604082,-1,-1,-1
37,1,1635.009,397.652,242.126,471.301,0.791900,-1,-1,-1
38,2,609.974,445.224,90.348,271.028,0.766974,-1,-1,-1
38,3,478.564,445.704,113.930,291.396,0.684751,-1,-1,-1
38,4,1790.649,427.547,133.246,392.925,0.275609,-1,-1,-1
38,1,1636.070,401.745,251.831,473.307,0.853737,-1,-1,-1
39,2,610.234,444.398,91.740,272.105,0.779765,-1,-1,-1
39,3,479.021,445.573,114.293,293.406,0.706475,-1,-1,-1
39,4,1809.704,430.419,112.769,380.468,0.519558,-1,-1,-1
39,1,1636.635,404.212,260.664,472.862,0.870765,-1,-1,-1
40,2,610.969,444.672,91.704,272.275,0.774474,-1,-1,-1
40,3,478.300,446.576,116.279,294.980,0.681918,-1,-1,-1
40,4,1820.005,425.735,102.991,386.916,0.596139,-1,-1,-1
40,1,1636.740,405.179,269.584,473.942,0.862319,-1,-1,-1
41,2,613.007,444.600,91.768,272.657,0.791593,-1,-1,-1
41,3,479.696,447.892,114.474,295.005,0.683554,-1,-1,-1
41,4,1832.110,406.471,90.674,409.935,0.685390,-1,-1,-1
41,1,1640.597,402.945,279.464,481.827,0.865480,-1,-1,-1
42,2,614.662,444.001,90.637,272.280,0.798949,-1,-1,-1
42,3,477.190,448.349,117.344,300.951,0.660741,-1,-1,-1
42,4,1842.901,396.236,79.377,422.394,0.649713,-1,-1,-1
42,1,1645.880,402.408,276.017,480.456,0.841720,-1,-1,-1
43,2,616.289,444.312,89.939,271.809,0.788563,-1,-1,-1
43,3,471.146,447.073,121.809,306.403,0.624110,-1,-1,-1
43,4,1853.049,394.557,68.766,425.753,0.591999,-1,-1,-1
43,1,1655.070,403.992,268.340,480.700,0.850147,-1,-1,-1
44,2,616.617,444.567,90.577,271.415,0.799181,-1,-1,-1
44,3,470.006,447.126,123.754,312.177,0.648629,-1,-1,-1
44,4,1864.632,411.164,56.803,405.734,0.490121,-1,-1,-1
44,1,1666.225,397.215,254.946,485.082,0.845810,-1,-1,-1
45,2,617.576,444.123,90.950,271.531,0.777698,-1,-1,-1
45,3,469.009,445.247,123.652,314.774,0.635689,-1,-1,-1
45,4,1871.472,421.320,49.634,395.084,0.350333,-1,-1,-1
45,1,1685.983,395.250,231.878,485.111,0.794552,-1,-1,-1
46,2,618.218,443.401,93.081,272.394,0.759066,-1,-1,-1
46,3,467.433,445.803,125.928,318.025,0.633767,-1,-1,-1
46,4,1878.811,403.036,42.082,427.852,0.396308,-1,-1,-1
46,1,1709.623,393.361,211.380,487.321,0.631929,-1,-1,-1
47,2,618.190,442.749,93.102,272.766,0.775893,-1,-1,-1
47,3,465.751,445.442,127.597,320.148,0.629667,-1,-1,-1
47,1,1758.888,388.235,161.661,493.607,0.705861,-1,-1,-1
48,2,619.463,442.291,93.564,272.619,0.745282,-1,-1,-1
48,3,469.216,444.949,123.541,319.440,0.647756,-1,-1,-1
48,1,1776.650,387.129,144.861,491.983,0.789939,-1,-1,-1
49,2,620.109,442.272,94.160,272.103,0.755051,-1,-1,-1
49,3,471.603,445.278,120.641,318.510,0.637681,-1,-1,-1
49,1,1796.964,386.237,125.293,492.835,0.800692,-1,-1,-1
50,2,619.541,442.556,97.667,272.271,0.755718,-1,-1,-1
50,3,466.815,444.816,124.179,317.128,0.620161,-1,-1,-1
50,1,1811.485,386.197,110.990,496.572,0.841401,-1,-1,-1
51,2,619.742,442.457,99.418,272.365,0.762497,-1,-1,-1
51,3,456.862,444.469,133.744,315.547,0.607372,-1,-1,-1
51,1,1819.961,384.956,101.560,498.763,0.829105,-1,-1,-1
52,2,620.743,443.304,99.164,271.672,0.749129,-1,-1,-1
52,3,464.398,445.452,127.286,315.256,0.658327,-1,-1,-1
52,1,1828.051,386.177,92.883,495.743,0.810950,-1,-1,-1
53,2,621.813,444.165,97.410,270.509,0.747905,-1,-1,-1
53,3,464.742,446.763,127.586,313.084,0.652092,-1,-1,-1
53,1,1830.269,385.061,90.690,499.857,0.778703,-1,-1,-1
54,2,623.866,443.760,96.519,271.852,0.737732,-1,-1,-1
54,3,467.593,446.904,125.363,314.004,0.693366,-1,-1,-1
54,1,1827.011,389.710,94.382,497.774,0.733677,-1,-1,-1
55,2,624.564,443.214,93.641,272.730,0.744795,-1,-1,-1
55,3,470.241,446.308,122.249,315.058,0.704499,-1,-1,-1
55,1,1826.866,412.219,94.712,476.466,0.718631,-1,-1,-1
56,2,624.835,442.686,92.816,273.352,0.732913,-1,-1,-1
56,3,472.554,446.440,119.860,314.453,0.711620,-1,-1,-1
56,1,1828.358,430.184,92.741,458.441,0.591881,-1,-1,-1
57,2,624.947,443.335,91.279,272.994,0.731409,-1,-1,-1
57,3,471.922,447.704,120.925,313.165,0.668186,-1,-1,-1
57,1,1830.791,408.844,90.173,479.665,0.378765,-1,-1,-1
58,2,626.506,444.364,92.613,271.846,0.733690,-1,-1,-1
58,3,474.141,446.809,119.349,312.599,0.664752,-1,-1,-1
58,1,1832.424,430.612,88.451,457.390,0.331906,-1,-1,-1
59,2,627.323,444.055,92.659,271.975,0.717242,-1,-1,-1
59,3,475.541,444.991,119.536,315.675,0.711554,-1,-1,-1
59,1,1834.865,505.015,85.924,382.116,0.209377,-1,-1,-1
60,2,626.873,444.168,92.941,274.060,0.713166,-1,-1,-1
60,3,474.561,443.183,125.092,318.343,0.723313,-1,-1,-1
60,1,1840.776,436.510,80.123,449.233,0.165141,-1,-1,-1
61,2,625.977,444.619,93.535,276.452,0.707513,-1,-1,-1
61,3,474.778,444.139,131.552,316.841,0.685612,-1,-1,-1
62,2,625.236,445.479,91.639,275.791,0.722447,-1,-1,-1
62,3,479.204,443.913,134.774,318.231,0.724907,-1,-1,-1
63,2,622.536,444.998,92.995,278.975,0.739293,-1,-1,-1
63,3,480.197,442.135,138.143,319.690,0.725126,-1,-1,-1
64,2,620.807,445.218,93.216,278.782,0.743246,-1,-1,-1
64,3,484.043,442.845,139.050,318.904,0.720520,-1,-1,-1
64,5,697.937,453.988,69.661,220.281,0.637746,-1,-1,-1
65,2,620.339,447.461,92.602,277.125,0.742933,-1,-1,-1
65,3,492.980,445.420,134.711,316.971,0.789147,-1,-1,-1
65,5,697.175,451.411,69.095,225.178,0.680589,-1,-1,-1
66,2,621.115,448.694,91.342,276.210,0.759471,-1,-1,-1
66,3,495.978,447.525,138.338,317.059,0.728367,-1,-1,-1
66,5,698.719,453.503,68.856,223.570,0.678276,-1,-1,-1
67,2,620.430,448.440,92.233,275.500,0.746910,-1,-1,-1
67,3,491.003,448.172,146.491,320.757,0.644937,-1,-1,-1
67,5,699.273,454.572,70.630,223.593,0.674693,-1,-1,-1
68,2,618.037,447.720,95.149,275.480,0.734736,-1,-1,-1
68,3,489.539,449.557,150.667,318.515,0.644131,-1,-1,-1
68,5,700.589,456.293,71.115,220.872,0.676907,-1,-1,-1
69,2,615.987,447.904,96.954,275.265,0.757066,-1,-1,-1
69,3,489.857,447.936,153.439,320.456,0.617840,-1,-1,-1
69,5,699.333,457.443,72.329,220.565,0.666034,-1,-1,-1
70,2,613.116,447.212,99.580,275.177,0.760179,-1,-1,-1
70,3,492.569,445.345,150.579,322.106,0.727728,-1,-1,-1
70,5,699.369,458.704,72.010,219.948,0.630428,-1,-1,-1
71,2,612.130,446.781,100.017,276.068,0.768608,-1,-1,-1
71,3,496.962,444.382,147.401,323.613,0.733930,-1,-1,-1
71,5,699.638,459.896,69.386,219.556,0.586613,-1,-1,-1
72,2,612.820,445.813,98.372,277.154,0.765532,-1,-1,-1
72,3,499.212,444.807,145.658,323.447,0.741209,-1,-1,-1
72,5,700.024,459.816,70.154,220.664,0.583694,-1,-1,-1
73,2,615.263,444.910,96.321,278.026,0.767629,-1,-1,-1
73,3,502.963,445.443,142.072,323.505,0.775837,-1,-1,-1
73,5,701.185,459.728,70.775,220.204,0.599635,-1,-1,-1
74,2,618.625,443.876,92.880,280.107,0.775731,-1,-1,-1
74,3,507.012,445.193,139.958,326.283,0.737902,-1,-1,-1
74,5,702.630,457.035,74.772,221.873,0.573905,-1,-1,-1
75,2,620.666,442.015,89.432,282.447,0.770614,-1,-1,-1
75,3,508.136,443.686,138.943,326.338,0.733937,-1,-1,-1
75,5,703.404,456.111,75.906,221.554,0.632886,-1,-1,-1
76,2,622.728,442.359,87.204,282.091,0.770770,-1,-1,-1
76,3,513.368,446.342,132.248,321.818,0.765873,-1,-1,-1
76,5,703.478,453.174,79.316,224.368,0.664367,-1,-1,-1
77,2,623.500,442.078,85.268,283.848,0.767196,-1,-1,-1
77,3,518.361,447.529,127.070,320.326,0.763809,-1,-1,-1
77,5,702.776,449.379,82.922,228.104,0.631076,-1,-1,-1
78,2,627.597,442.381,81.580,281.907,0.776294,-1,-1,-1
78,3,518.060,446.670,126.834,321.600,0.720504,-1,-1,-1
78,5,703.423,452.451,86.175,225.650,0.661049,-1,-1,-1
79,2,630.146,441.604,78.928,282.347,0.768324,-1,-1,-1
79,3,516.945,447.061,127.370,322.481,0.552264,-1,-1,-1
79,5,704.876,456.711,90.994,221.254,0.662509,-1,-1,-1
80,2,631.251,440.697,79.259,283.797,0.741184,-1,-1,-1
80,3,512.559,446.773,133.444,324.731,0.506979,-1,-1,-1
80,5,707.282,458.629,95.238,219.861,0.726730,-1,-1,-1
81,2,632.526,438.295,80.461,287.724,0.714565,-1,-1,-1
81,3,509.433,446.559,137.901,327.687,0.490519,-1,-1,-1
81,5,708.677,459.357,98.619,220.070,0.711607,-1,-1,-1
82,2,633.524,439.604,79.729,288.277,0.681410,-1,-1,-1
82,5,709.357,459.672,103.519,220.383,0.730629,-1,-1,-1
83,2,634.557,441.397,80.352,288.272,0.648431,-1,-1,-1
83,5,711.462,459.351,104.970,222.030,0.712807,-1,-1,-1
84,2,634.171,442.877,85.255,288.332,0.586575,-1,-1,-1
84,5,712.708,461.027,107.826,221.034,0.702848,-1,-1,-1
85,2,633.622,444.570,86.742,288.132,0.571123,-1,-1,-1
85,5,717.598,459.789,104.527,223.507,0.723768,-1,-1,-1
86,2,633.586,445.096,91.468,288.491,0.545576,-1,-1,-1
86,5,720.320,458.317,102.179,225.216,0.734673,-1,-1,-1
87,2,635.341,444.818,90.252,288.581,0.530965,-1,-1,-1
87,5,721.422,457.422,101.731,225.366,0.719784,-1,-1,-1
88,2,637.004,447.110,93.073,286.604,0.582743,-1,-1,-1
88,5,724.216,455.377,99.381,227.619,0.686154,-1,-1,-1
89,2,639.419,449.722,93.672,284.536,0.588144,-1,-1,-1
89,5,725.626,453.132,99.030,230.107,0.735144,-1,-1,-1
90,2,642.680,447.613,90.647,286.194,0.602163,-1,-1,-1
90,5,729.131,452.754,96.256,230.610,0.726508,-1,-1,-1
91,2,644.617,444.275,91.755,290.684,0.681416,-1,-1,-1
91,5,732.627,454.413,93.245,229.008,0.691207,-1,-1,-1
91,3,513.386,450.287,99.365,299.114,0.631944,-1,-1,-1
92,2,643.765,440.534,94.526,294.923,0.677154,-1,-1,-1
92,5,733.850,455.010,93.170,228.136,0.687375,-1,-1,-1
92,3,512.353,449.427,98.565,300.912,0.613903,-1,-1,-1
93,2,642.801,439.697,96.536,296.050,0.673305,-1,-1,-1
93,5,736.290,457.555,91.977,225.212,0.707595,-1,-1,-1
93,3,512.620,449.164,98.227,301.706,0.622714,-1,-1,-1
94,2,644.460,440.435,95.074,297.305,0.723692,-1,-1,-1
94,5,738.881,455.886,91.315,226.829,0.704775,-1,-1,-1
94,3,516.230,449.703,94.265,301.896,0.569921,-1,-1,-1
95,2,644.283,440.903,97.409,297.948,0.741255,-1,-1,-1
95,5,741.104,453.983,90.149,229.680,0.668285,-1,-1,-1
95,3,514.165,449.479,95.854,301.595,0.559986,-1,-1,-1
96,2,643.645,441.888,98.304,297.420,0.759469,-1,-1,-1
96,5,745.085,455.466,87.685,228.655,0.682482,-1,-1,-1
96,3,511.323,448.319,97.046,303.061,0.500726,-1,-1,-1
97,2,645.291,442.342,98.074,296.861,0.751999,-1,-1,-1
97,5,748.171,456.769,87.619,229.141,0.697471,-1,-1,-1
97,3,510.113,447.802,98.233,303.069,0.503192,-1,-1,-1
98,2,646.992,443.291,98.762,296.153,0.779250,-1,-1,-1
98,5,752.021,458.423,87.428,228.567,0.715186,-1,-1,-1
98,3,507.363,447.686,99.848,304.128,0.504950,-1,-1,-1
99,2,648.225,443.580,99.421,295.898,0.760624,-1,-1,-1
99,5,752.552,457.667,89.074,229.649,0.776061,-1,-1,-1
99,3,503.060,445.872,104.471,304.655,0.533924,-1,-1,-1
100,2,649.256,443.113,101.002,296.907,0.683976,-1,-1,-1
100,5,754.644,455.524,87.016,231.721,0.763483,-1,-1,-1
100,3,499.298,442.407,104.836,303.923,0.565377,-1,-1,-1
101,2,649.360,443.504,104.251,296.859,0.710819,-1,-1,-1
101,5,756.090,456.602,85.409,232.118,0.757881,-1,-1,-1
101,3,497.369,443.406,108.166,304.920,0.547585,-1,-1,-1
102,2,651.083,442.889,103.365,294.438,0.717564,-1,-1,-1
102,5,755.817,457.586,87.608,231.072,0.743325,-1,-1,-1
102,3,498.065,442.286,103.904,305.167,0.577986,-1,-1,-1
103,2,651.972,441.894,105.619,294.547,0.706716,-1,-1,-1
103,5,755.536,458.079,87.557,228.721,0.724559,-1,-1,-1
103,3,499.129,444.392,100.923,302.284,0.550136,-1,-1,-1
104,2,654.606,441.512,105.515,295.640,0.720692,-1,-1,-1
104,5,756.442,458.763,87.341,229.435,0.732563,-1,-1,-1
104,3,499.763,445.760,105.792,305.231,0.381209,-1,-1,-1
105,2,656.430,440.973,105.722,297.294,0.753689,-1,-1,-1
105,5,759.650,460.322,85.601,231.716,0.758940,-1,-1,-1
105,3,523.419,440.294,127.284,343.828,0.728646,-1,-1,-1
106,2,657.895,442.223,105.926,295.393,0.751137,-1,-1,-1
106,5,761.084,460.038,85.395,233.685,0.737624,-1,-1,-1
106,3,530.996,439.588,137.245,357.367,0.672395,-1,-1,-1
107,2,659.175,442.217,108.790,295.281,0.762711,-1,-1,-1
107,5,762.829,460.571,85.115,235.254,0.734764,-1,-1,-1
107,3,534.424,439.551,142.956,362.033,0.666429,-1,-1,-1
108,2,660.944,440.285,107.098,296.305,0.756949,-1,-1,-1
108,5,762.222,456.875,87.320,242.025,0.714657,-1,-1,-1
108,3,539.364,438.255,142.892,367.121,0.689528,-1,-1,-1
109,2,661.822,439.529,108.343,298.210,0.736793,-1,-1,-1
109,5,763.057,456.277,87.651,243.512,0.672200,-1,-1,-1
109,3,542.260,437.976,144.255,369.182,0.696696,-1,-1,-1
110,2,663.168,438.899,105.453,301.037,0.753424,-1,-1,-1
110,5,762.222,457.750,88.960,242.555,0.707608,-1,-1,-1
110,3,543.361,438.670,145.430,369.372,0.685972,-1,-1,-1
111,2,663.879,438.874,106.622,305.171,0.766340,-1,-1,-1
111,5,762.022,456.847,88.891,243.174,0.713413,-1,-1,-1
111,3,543.402,440.965,148.373,368.758,0.662560,-1,-1,-1
112,2,666.533,438.890,105.332,306.702,0.777744,-1,-1,-1
112,5,762.477,453.879,88.312,246.807,0.723757,-1,-1,-1
112,3,543.480,438.549,147.900,370.100,0.682152,-1,-1,-1
113,2,667.908,438.851,105.930,311.956,0.786097,-1,-1,-1
113,5,764.387,452.708,87.094,247.811,0.714450,-1,-1,-1
113,3,549.431,437.071,141.424,371.649,0.696981,-1,-1,-1
114,2,669.690,439.901,103.560,314.723,0.789855,-1,-1,-1
114,5,765.648,454.228,87.536,245.719,0.703786,-1,-1,-1
114,3,542.901,435.589,148.688,372.888,0.681683,-1,-1,-1
115,2,670.969,439.909,101.571,314.379,0.787555,-1,-1,-1
115,5,767.504,455.406,88.626,244.520,0.692997,-1,-1,-1
115,3,559.601,436.545,132.346,372.004,0.653350,-1,-1,-1
116,2,673.373,439.905,98.234,312.427,0.785747,-1,-1,-1
116,5,768.519,452.984,88.795,247.353,0.674299,-1,-1,-1
116,3,561.576,436.291,130.141,373.299,0.631204,-1,-1,-1
117,2,673.800,440.916,98.448,311.978,0.795706,-1,-1,-1
117,5,771.234,453.208,86.837,246.683,0.647286,-1,-1,-1
117,3,552.072,435.482,139.120,373.977,0.679975,-1,-1,-1
118,2,675.674,441.144,94.939,313.754,0.799457,-1,-1,-1
118,5,771.026,455.357,83.437,244.878,0.658444,-1,-1,-1
118,3,545.124,436.130,145.693,377.755,0.685271,-1,-1,-1
119,2,676.293,441.580,94.509,317.941,0.814089,-1,-1,-1
119,5,770.222,453.458,88.775,245.563,0.712672,-1,-1,-1
119,3,530.567,440.300,161.780,379.844,0.731879,-1,-1,-1
120,2,678.255,442.314,94.301,319.513,0.812047,-1,-1,-1
120,5,771.193,452.943,92.048,246.915,0.712389,-1,-1,-1
120,3,525.896,443.471,167.605,379.365,0.766719,-1,-1,-1
121,2,679.588,442.258,93.796,320.715,0.815736,-1,-1,-1
121,5,770.008,454.432,98.144,245.837,0.684080,-1,-1,-1
121,3,522.850,445.526,173.146,379.303,0.773023,-1,-1,-1
122,2,681.532,441.424,95.283,320.805,0.800528,-1,-1,-1
122,5,774.711,453.724,102.710,248.127,0.588838,-1,-1,-1
122,3,523.625,446.879,174.978,380.871,0.812630,-1,-1,-1
123,2,684.006,440.541,93.879,322.808,0.812681,-1,-1,-1
123,5,774.937,457.686,107.928,244.979,0.721392,-1,-1,-1
123,3,526.114,444.740,174.989,386.437,0.801035,-1,-1,-1
124,2,685.730,439.569,92.946,325.172,0.805272,-1,-1,-1
124,5,775.739,457.991,109.940,245.417,0.723560,-1,-1,-1
124,3,528.025,443.667,174.951,391.760,0.687641,-1,-1,-1
125,2,686.274,438.776,92.369,327.055,0.817041,-1,-1,-1
125,5,779.595,460.547,108.775,244.058,0.742462,-1,-1,-1
125,3,527.988,443.242,176.976,392.177,0.767709,-1,-1,-1
126,2,686.565,438.746,94.225,327.389,0.811058,-1,-1,-1
126,5,781.280,458.791,105.727,246.334,0.728237,-1,-1,-1
126,3,546.026,443.168,156.468,391.767,0.642318,-1,-1,-1
127,2,685.862,439.005,96.647,328.219,0.812210,-1,-1,-1
127,5,783.217,457.976,102.856,248.170,0.718263,-1,-1,-1
127,3,550.150,441.854,152.534,392.819,0.670369,-1,-1,-1
128,2,685.843,438.727,101.069,329.037,0.813235,-1,-1,-1
128,5,784.340,462.531,100.910,243.271,0.685664,-1,-1,-1
128,3,557.905,441.692,147.805,392.494,0.672148,-1,-1,-1
129,2,684.516,438.733,103.431,328.838,0.832936,-1,-1,-1
129,5,786.396,461.012,101.689,244.189,0.677812,-1,-1,-1
129,3,559.128,442.459,149.608,391.435,0.680521,-1,-1,-1
130,2,683.381,438.528,105.138,328.975,0.831647,-1,-1,-1
130,5,787.997,460.443,101.094,244.953,0.743986,-1,-1,-1
130,3,552.997,442.990,157.970,390.475,0.663340,-1,-1,-1
131,2,683.135,438.057,104.879,330.396,0.823140,-1,-1,-1
131,5,790.855,460.035,100.577,246.722,0.764379,-1,-1,-1
131,3,567.570,441.694,144.930,391.323,0.551507,-1,-1,-1
132,2,684.574,437.183,103.003,331.467,0.812938,-1,-1,-1
132,5,793.103,458.242,100.620,248.890,0.787997,-1,-1,-1
132,3,571.884,441.364,144.736,390.502,0.569441,-1,-1,-1
133,2,685.202,436.699,102.340,331.830,0.801017,-1,-1,-1
133,5,794.435,458.928,99.815,248.615,0.789096,-1,-1,-1
133,3,585.317,439.826,132.903,391.561,0.624845,-1,-1,-1
134,2,686.236,435.497,102.981,333.017,0.791018,-1,-1,-1
134,5,796.029,455.849,101.021,251.111,0.773569,-1,-1,-1
134,3,585.309,440.523,135.251,390.803,0.625758,-1,-1,-1
135,2,686.400,434.082,104.241,333.254,0.784466,-1,-1,-1
135,5,794.469,452.891,103.305,254.658,0.716568,-1,-1,-1
135,3,581.901,440.922,140.330,391.494,0.639362,-1,-1,-1
136,2,686.706,434.067,104.957,332.493,0.773590,-1,-1,-1
136,5,795.497,451.991,101.203,256.203,0.707642,-1,-1,-1
136,3,577.094,440.474,146.080,395.712,0.653094,-1,-1,-1
137,2,692.805,434.586,103.034,329.970,0.781180,-1,-1,-1
137,5,797.781,453.401,98.385,255.626,0.760072,-1,-1,-1
137,3,587.271,438.369,135.607,408.569,0.670835,-1,-1,-1
138,2,692.266,434.903,106.166,330.617,0.763422,-1,-1,-1
138,5,802.261,452.217,95.039,258.688,0.754838,-1,-1,-1
138,3,589.447,438.001,134.341,417.813,0.650924,-1,-1,-1
139,2,694.413,434.519,106.879,331.976,0.755818,-1,-1,-1
139,5,807.167,451.042,92.424,261.290,0.727133,-1,-1,-1
139,3,576.635,439.536,148.033,417.821,0.613354,-1,-1,-1
140,2,693.974,434.976,111.224,331.790,0.759363,-1,-1,-1
140,5,812.562,452.638,82.821,262.848,0.699416,-1,-1,-1
140,3,570.679,439.396,154.856,417.774,0.561784,-1,-1,-1
141,2,693.572,434.140,114.677,334.051,0.757461,-1,-1,-1
141,5,816.367,452.637,82.412,262.402,0.651052,-1,-1,-1
141,3,564.371,439.409,160.733,419.107,0.560270,-1,-1,-1
142,2,694.076,434.372,122.507,332.500,0.761401,-1,-1,-1
142,5,817.523,449.310,86.092,267.794,0.641709,-1,-1,-1
142,3,558.507,439.688,166.410,415.486,0.518328,-1,-1,-1
143,2,695.504,436.340,127.453,330.751,0.770725,-1,-1,-1
143,5,819.146,448.594,85.670,268.037,0.626739,-1,-1,-1
143,3,572.815,436.534,150.792,427.293,0.532681,-1,-1,-1
144,2,695.016,437.259,135.283,331.518,0.750957,-1,-1,-1
144,5,821.630,449.373,84.811,265.619,0.544775,-1,-1,-1
144,3,551.090,437.979,173.531,433.440,0.517514,-1,-1,-1
145,2,695.021,438.893,141.242,330.683,0.751074,-1,-1,-1
145,5,824.458,454.283,82.797,258.807,0.567819,-1,-1,-1
145,3,544.428,438.097,180.039,439.542,0.633880,-1,-1,-1
146,2,697.262,439.305,142.292,331.125,0.742958,-1,-1,-1
146,5,827.052,455.328,81.776,256.475,0.655758,-1,-1,-1
146,3,541.665,439.407,182.295,444.205,0.728424,-1,-1,-1
147,2,700.758,438.938,139.774,333.594,0.797746,-1,-1,-1
147,5,828.669,457.899,81.481,253.439,0.611903,-1,-1,-1
147,3,541.153,440.905,181.693,448.077,0.720182,-1,-1,-1
148,2,702.928,438.676,137.937,333.540,0.774357,-1,-1,-1
148,5,829.449,457.926,83.262,254.069,0.652571,-1,-1,-1
148,3,540.206,441.515,182.465,451.723,0.724985,-1,-1,-1
149,2,706.707,438.531,134.470,336.113,0.807613,-1,-1,-1
149,5,831.360,457.449,83.489,253.410,0.658922,-1,-1,-1
149,3,542.759,440.289,176.427,455.279,0.730124,-1,-1,-1
150,2,710.254,437.542,130.561,338.161,0.811040,-1,-1,-1
150,5,832.643,453.862,84.900,257.103,0.649203,-1,-1,-1
150,3,545.004,438.554,174.440,458.390,0.768799,-1,-1,-1
151,2,714.085,437.563,128.294,339.705,0.800097,-1,-1,-1
151,5,832.150,450.899,88.063,261.593,0.671108,-1,-1,-1
151,3,544.586,439.176,172.015,458.031,0.759072,-1,-1,-1
152,2,715.829,437.167,121.401,339.761,0.805910,-1,-1,-1
152,5,831.868,447.264,89.089,270.089,0.711111,-1,-1,-1
152,3,544.679,439.286,174.578,458.938,0.752483,-1,-1,-1
153,2,716.493,436.408,122.832,341.306,0.843672,-1,-1,-1
153,5,832.342,446.454,89.186,271.355,0.724932,-1,-1,-1
153,3,540.802,438.706,167.865,458.260,0.739882,-1,-1,-1
154,2,718.295,436.495,122.528,341.087,0.857029,-1,-1,-1
154,5,833.470,449.648,87.432,274.303,0.694914,-1,-1,-1
154,3,538.627,434.707,164.859,461.911,0.748592,-1,-1,-1
155,2,720.241,437.210,123.161,340.649,0.859139,-1,-1,-1
155,5,834.445,449.244,87.106,278.082,0.679951,-1,-1,-1
155,3,534.053,434.549,167.833,462.861,0.740812,-1,-1,-1
156,2,722.826,435.399,121.690,341.918,0.837660,-1,-1,-1
156,5,835.298,446.721,88.442,282.418,0.688380,-1,-1,-1
156,3,532.464,435.114,165.794,462.462,0.756516,-1,-1,-1
157,2,724.028,434.678,125.362,342.182,0.811795,-1,-1,-1
157,5,838.286,445.799,87.942,282.747,0.696556,-1,-1,-1
157,3,530.496,435.461,166.063,462.831,0.726165,-1,-1,-1
158,2,726.865,434.240,128.454,341.572,0.764194,-1,-1,-1
158,5,842.117,445.643,90.161,284.186,0.717061,-1,-1,-1
158,3,530.830,433.539,168.045,464.857,0.749215,-1,-1,-1
159,2,731.806,435.674,128.944,339.596,0.761657,-1,-1,-1
159,5,844.824,445.815,87.677,285.491,0.738580,-1,-1,-1
159,3,525.498,432.673,174.478,464.974,0.779526,-1,-1,-1
160,2,737.766,432.854,122.101,343.031,0.758791,-1,-1,-1
160,5,846.611,447.639,86.122,282.868,0.741336,-1,-1,-1
160,3,526.861,433.201,171.735,462.923,0.784450,-1,-1,-1
161,2,741.712,431.392,118.880,344.878,0.779040,-1,-1,-1
161,5,848.429,448.483,86.655,281.858,0.750418,-1,-1,-1
161,3,527.816,434.869,170.720,459.469,0.780820,-1,-1,-1
162,2,744.945,430.709,116.835,347.714,0.777913,-1,-1,-1
162,5,849.898,449.657,88.381,282.098,0.743738,-1,-1,-1
162,3,526.697,434.152,176.403,460.061,0.773035,-1,-1,-1
163,2,747.197,431.981,115.928,347.701,0.789937,-1,-1,-1
163,5,852.276,450.447,91.237,282.167,0.739606,-1,-1,-1
163,3,527.967,433.705,178.744,461.777,0.799963,-1,-1,-1
164,2,749.864,432.436,115.855,350.319,0.786280,-1,-1,-1
164,5,853.668,450.806,98.139,283.164,0.708055,-1,-1,-1
164,3,528.078,432.687,183.185,465.541,0.789279,-1,-1,-1
165,2,750.850,431.767,116.083,352.301,0.789027,-1,-1,-1
165,5,855.932,451.582,107.674,282.683,0.661414,-1,-1,-1
165,3,529.056,432.271,187.224,468.267,0.805838,-1,-1,-1
166,2,752.228,431.690,116.048,355.573,0.790777,-1,-1,-1
166,5,857.582,453.921,108.752,283.924,0.639890,-1,-1,-1
166,3,529.373,432.419,190.258,470.536,0.793515,-1,-1,-1
166,8,673.960,442.907,91.580,349.683,0.722936,-1,-1,-1
167,2,752.528,432.050,116.199,356.442,0.797000,-1,-1,-1
167,5,860.379,452.113,120.669,283.625,0.705421,-1,-1,-1
167,3,530.677,433.208,194.477,471.381,0.801464,-1,-1,-1
167,8,674.856,442.873,91.124,351.057,0.709644,-1,-1,-1
168,2,753.757,433.140,116.167,356.949,0.793183,-1,-1,-1
168,5,862.781,449.216,126.558,285.956,0.750795,-1,-1,-1
168,3,531.898,434.669,205.709,469.259,0.807800,-1,-1,-1
168,8,675.256,443.347,90.684,353.534,0.727622,-1,-1,-1
169,2,754.574,434.860,115.238,356.200,0.800072,-1,-1,-1
169,5,865.109,448.039,123.986,288.280,0.780090,-1,-1,-1
169,3,532.638,431.309,218.286,471.255,0.808398,-1,-1,-1
169,8,676.581,443.538,90.075,354.962,0.735582,-1,-1,-1
170,2,756.794,435.826,114.455,356.077,0.781011,-1,-1,-1
170,5,869.034,447.455,120.796,289.963,0.798498,-1,-1,-1
170,3,532.929,430.665,229.700,471.392,0.829897,-1,-1,-1
170,8,678.439,443.364,88.208,356.286,0.728353,-1,-1,-1
171,2,758.603,436.398,113.043,350.853,0.789628,-1,-1,-1
171,5,871.569,447.555,118.625,291.261,0.791811,-1,-1,-1
171,3,534.767,431.008,237.791,471.151,0.857404,-1,-1,-1
171,8,679.083,443.280,89.194,359.943,0.730059,-1,-1,-1
172,2,760.977,437.212,115.606,347.630,0.812609,-1,-1,-1
172,5,872.201,448.058,118.447,291.415,0.794725,-1,-1,-1
172,3,536.755,433.347,240.528,470.585,0.847578,-1,-1,-1
172,8,680.861,445.266,85.876,358.286,0.700684,-1,-1,-1
172,9,950.739,436.552,74.124,250.830,0.684075,-1,-1,-1
173,2,762.822,438.186,117.069,345.486,0.818942,-1,-1,-1
173,5,873.922,446.587,117.776,293.357,0.787294,-1,-1,-1
173,3,538.654,433.431,236.479,470.254,0.856611,-1,-1,-1
173,8,682.248,447.159,87.943,352.547,0.623991,-1,-1,-1
173,9,952.122,435.740,75.915,256.833,0.661464,-1,-1,-1
174,2,763.592,439.775,119.731,347.695,0.822819,-1,-1,-1
174,5,875.760,445.989,118.419,293.986,0.787588,-1,-1,-1
174,3,542.578,433.620,233.156,471.684,0.852165,-1,-1,-1
174,8,686.676,450.701,85.027,349.511,0.474936,-1,-1,-1
174,9,954.348,436.411,75.105,259.007,0.631198,-1,-1,-1
175,2,767.355,440.672,117.980,349.657,0.843364,-1,-1,-1
175,5,877.397,445.294,117.464,294.570,0.792420,-1,-1,-1
175,3,549.390,434.490,227.843,471.623,0.835450,-1,-1,-1
175,8,694.922,465.371,79.979,337.879,0.206023,-1,-1,-1
175,9,957.581,436.274,75.954,260.765,0.601378,-1,-1,-1
176,2,769.035,442.158,116.144,354.221,0.830530,-1,-1,-1
176,5,878.942,444.850,115.721,294.700,0.798312,-1,-1,-1
176,3,557.586,434.106,219.377,474.170,0.796826,-1,-1,-1
176,9,960.763,435.722,80.130,259.854,0.587362,-1,-1,-1
177,2,769.463,442.289,117.562,355.246,0.822782,-1,-1,-1
177,5,881.292,446.441,115.174,293.075,0.789805,-1,-1,-1
177,3,559.721,436.654,216.315,473.108,0.798216,-1,-1,-1
177,9,963.080,435.398,83.784,261.195,0.518967,-1,-1,-1
178,2,773.462,441.877,113.458,356.074,0.809578,-1,-1,-1
178,5,886.767,447.879,110.838,290.881,0.765333,-1,-1,-1
178,3,562.488,435.205,214.334,474.545,0.839160,-1,-1,-1
178,9,964.128,434.250,90.759,264.723,0.458379,-1,-1,-1
179,2,775.527,440.847,113.460,355.662,0.790128,-1,-1,-1
179,5,891.336,447.016,106.913,291.944,0.773352,-1,-1,-1
179,3,569.925,434.118,207.534,477.003,0.862136,-1,-1,-1
179,9,965.411,435.316,94.254,264.506,0.523184,-1,-1,-1
180,2,778.102,439.618,116.926,357.294,0.764885,-1,-1,-1
180,5,896.463,446.326,101.493,292.841,0.776969,-1,-1,-1
180,3,576.864,432.060,200.945,479.007,0.839926,-1,-1,-1
180,9,969.333,435.200,102.395,262.789,0.486495,-1,-1,-1
181,2,779.943,438.065,116.209,358.295,0.756053,-1,-1,-1
181,5,902.493,445.029,97.345,295.095,0.727764,-1,-1,-1
181,3,582.586,427.256,197.060,484.638,0.864477,-1,-1,-1
181,9,972.115,437.130,95.466,263.502,0.619598,-1,-1,-1
182,2,782.006,436.842,116.355,362.592,0.753158,-1,-1,-1
182,5,911.181,446.233,91.321,296.379,0.713042,-1,-1,-1
182,3,584.957,425.525,197.617,486.293,0.865303,-1,-1,-1
182,9,977.000,436.325,91.432,267.426,0.612427,-1,-1,-1
183,2,784.193,435.827,117.558,366.180,0.769494,-1,-1,-1
183,5,917.083,444.656,89.947,297.842,0.746315,-1,-1,-1
183,3,588.292,425.417,195.426,486.530,0.858334,-1,-1,-1
183,9,980.828,437.494,88.532,263.125,0.624855,-1,-1,-1
184,2,785.386,435.053,118.342,367.801,0.782892,-1,-1,-1
184,5,923.882,442.952,87.107,299.306,0.769079,-1,-1,-1
184,3,592.143,426.189,192.500,485.386,0.852325,-1,-1,-1
184,9,983.851,440.332,86.757,250.773,0.632336,-1,-1,-1
185,2,787.101,435.274,118.343,369.071,0.781417,-1,-1,-1
185,5,927.270,442.528,86.016,302.148,0.759461,-1,-1,-1
185,3,598.842,427.854,187.293,483.523,0.841099,-1,-1,-1
185,9,986.981,441.631,85.583,252.106,0.633138,-1,-1,-1
186,2,788.106,435.725,116.273,368.422,0.802836,-1,-1,-1
186,5,930.151,444.898,85.181,304.847,0.745152,-1,-1,-1
186,3,603.922,427.257,184.485,484.047,0.844008,-1,-1,-1
186,9,989.821,443.171,84.740,245.640,0.572800,-1,-1,-1
187,2,790.850,436.046,114.625,368.360,0.803221,-1,-1,-1
187,5,931.183,445.757,88.455,307.139,0.731345,-1,-1,-1
187,3,609.520,428.587,179.411,484.045,0.841286,-1,-1,-1
187,9,995.185,443.596,82.993,249.433,0.625028,-1,-1,-1
188,2,793.283,435.680,114.266,365.990,0.812162,-1,-1,-1
188,5,933.584,443.757,91.350,309.754,0.687035,-1,-1,-1
188,3,611.565,427.817,179.521,491.933,0.835559,-1,-1,-1
188,9,998.737,444.914,80.354,249.618,0.505766,-1,-1,-1
189,2,795.629,434.573,112.703,367.476,0.809970,-1,-1,-1
189,5,935.068,443.060,101.430,311.583,0.779336,-1,-1,-1
189,3,613.599,427.217,178.467,501.235,0.796009,-1,-1,-1
189,9,1004.982,441.003,81.698,261.137,0.532288,-1,-1,-1
190,2,797.898,433.733,116.443,371.194,0.802247,-1,-1,-1
190,5,937.905,443.553,107.176,310.780,0.757639,-1,-1,-1
190,3,617.338,427.212,180.628,509.058,0.702520,-1,-1,-1
190,9,1010.090,441.418,80.088,265.778,0.465121,-1,-1,-1
191,2,800.014,433.531,115.974,371.610,0.781312,-1,-1,-1
191,5,941.772,444.162,112.970,311.018,0.760310,-1,-1,-1
191,3,621.262,426.951,179.060,515.243,0.748191,-1,-1,-1
191,9,1013.021,438.312,78.297,271.737,0.326549,-1,-1,-1
192,2,801.833,431.163,115.507,377.753,0.787210,-1,-1,-1
192,5,944.525,448.222,114.263,306.678,0.759267,-1,-1,-1
192,3,625.665,427.183,176.988,523.673,0.726140,-1,-1,-1
192,9,1013.113,437.193,82.702,276.572,0.293840,-1,-1,-1
193,2,803.989,428.261,113.368,380.297,0.785769,-1,-1,-1
193,5,946.320,445.217,115.343,310.057,0.756047,-1,-1,-1
193,3,631.345,427.711,170.349,527.424,0.764880,-1,-1,-1
193,9,1016.038,438.160,89.130,268.281,0.538820,-1,-1,-1
194,2,805.664,426.406,117.098,383.159,0.788802,-1,-1,-1
194,5,948.150,444.774,111.227,310.687,0.748192,-1,-1,-1
194,3,633.935,426.821,176.964,536.447,0.759765,-1,-1,-1
194,9,1017.610,435.928,94.068,274.697,0.646575,-1,-1,-1
195,2,806.663,425.278,123.459,383.350,0.789150,-1,-1,-1
195,5,947.898,447.806,114.995,309.535,0.759416,-1,-1,-1
195,3,637.509,424.472,177.625,540.732,0.784370,-1,-1,-1
195,9,1021.400,434.680,95.554,277.684,0.692633,-1,-1,-1
195,10,570.817,442.732,63.816,174.406,0.682146,-1,-1,-1
196,2,808.337,426.448,132.001,381.490,0.825167,-1,-1,-1
196,5,948.640,449.481,115.580,308.767,0.727577,-1,-1,-1
196,3,643.572,424.963,173.524,539.214,0.800972,-1,-1,-1
196,9,1025.956,433.584,96.476,279.958,0.681249,-1,-1,-1
196,10,570.864,443.681,64.940,173.654,0.670079,-1,-1,-1
197,2,810.679,427.925,143.358,380.061,0.814524,-1,-1,-1
197,5,952.002,448.644,112.758,309.887,0.751537,-1,-1,-1
197,3,647.282,423.464,166.897,548.572,0.822613,-1,-1,-1
197,9,1030.655,432.773,96.178,281.467,0.467237,-1,-1,-1
197,10,570.600,442.459,66.523,174.135,0.670144,-1,-1,-1
198,2,814.123,431.973,149.594,376.437,0.830048,-1,-1,-1
198,5,958.038,448.555,107.518,311.078,0.768488,-1,-1,-1
198,3,650.583,423.773,164.637,544.574,0.832786,-1,-1,-1
198,9,1036.594,433.880,93.466,281.047,0.646166,-1,-1,-1
198,10,571.290,442.869,66.751,173.960,0.682225,-1,-1,-1
199,2,817.059,433.736,156.304,375.632,0.846181,-1,-1,-1
199,5,964.988,448.893,104.899,312.599,0.757914,-1,-1,-1
199,3,650.550,424.253,169.810,541.632,0.839145,-1,-1,-1
199,9,1041.091,436.897,93.026,280.122,0.635846,-1,-1,-1
199,10,572.653,444.584,64.908,171.777,0.688536,-1,-1,-1
200,2,818.488,435.983,159.077,374.697,0.842635,-1,-1,-1
200,5,970.534,449.555,103.423,312.092,0.721938,-1,-1,-1
200,3,652.793,423.648,171.558,541.303,0.859137,-1,-1,-1
200,9,1043.647,435.477,93.595,283.934,0.605656,-1,-1,-1
200,10,573.025,446.995,64.649,170.138,0.676932,-1,-1,-1
201,2,821.084,437.884,159.217,373.866,0.838950,-1,-1,-1
201,5,978.452,451.795,94.954,310.252,0.707721,-1,-1,-1
201,3,657.806,423.896,173.008,539.634,0.844541,-1,-1,-1
201,9,1048.139,436.466,92.767,287.235,0.613463,-1,-1,-1
201,10,574.447,446.060,63.758,169.414,0.663196,-1,-1,-1
202,2,823.178,438.618,156.797,374.699,0.845043,-1,-1,-1
202,5,986.131,450.922,90.471,312.411,0.773979,-1,-1,-1
202,3,659.555,422.788,177.274,542.049,0.854781,-1,-1,-1
202,9,1051.215,437.031,94.697,284.025,0.683011,-1,-1,-1
202,10,574.444,447.723,65.599,167.556,0.678172,-1,-1,-1
203,2,824.907,438.896,153.649,375.614,0.843437,-1,-1,-1
203,5,989.651,450.723,91.871,313.821,0.771764,-1,-1,-1
203,3,666.732,425.731,175.610,547.333,0.822816,-1,-1,-1
203,9,1054.779,435.926,95.110,283.684,0.693459,-1,-1,-1
203,10,574.745,445.727,67.423,169.792,0.708567,-1,-1,-1
204,2,825.878,438.584,152.203,376.017,0.842293,-1,-1,-1
204,5,993.072,450.487,91.962,315.828,0.772158,-1,-1,-1
204,3,665.951,425.183,179.558,555.565,0.843485,-1,-1,-1
204,9,1060.521,435.761,90.767,283.546,0.698902,-1,-1,-1
204,10,576.961,449.413,65.989,166.544,0.725775,-1,-1,-1
205,2,826.841,436.089,151.650,378.332,0.831584,-1,-1,-1
205,5,996.124,449.162,93.029,317.008,0.786380,-1,-1,-1
205,3,669.871,425.067,176.942,564.974,0.847944,-1,-1,-1
205,9,1064.567,439.030,88.448,279.005,0.715215,-1,-1,-1
205,10,576.821,448.175,66.143,168.720,0.746934,-1,-1,-1
206,2,830.561,436.441,149.819,377.635,0.832459,-1,-1,-1
206,5,1000.828,448.803,92.596,317.513,0.775178,-1,-1,-1
206,3,674.620,424.231,173.982,569.699,0.838850,-1,-1,-1
206,9,1067.327,437.879,87.100,281.289,0.680194,-1,-1,-1
206,10,577.086,448.179,66.727,169.753,0.725473,-1,-1,-1
207,2,832.333,436.542,149.554,377.129,0.827725,-1,-1,-1
207,5,1006.544,449.566,94.150,315.168,0.719244,-1,-1,-1
207,3,677.428,421.695,173.345,573.721,0.841614,-1,-1,-1
207,9,1074.044,436.651,81.223,284.185,0.651979,-1,-1,-1
207,10,580.283,454.147,64.612,163.803,0.739146,-1,-1,-1
208,2,834.288,435.909,148.586,379.032,0.823567,-1,-1,-1
208,5,1010.262,451.160,92.842,311.877,0.692771,-1,-1,-1
208,3,680.378,421.303,172.411,574.011,0.834614,-1,-1,-1
208,9,1077.853,435.101,77.256,297.822,0.592227,-1,-1,-1
208,10,582.107,455.499,63.561,162.790,0.730513,-1,-1,-1
209,2,836.839,435.612,146.726,380.228,0.807506,-1,-1,-1
209,3,684.319,418.011,171.269,577.681,0.819270,-1,-1,-1
209,9,1083.639,434.721,77.060,288.111,0.613565,-1,-1,-1
209,10,583.373,457.921,65.391,160.493,0.743294,-1,-1,-1
210,2,840.598,430.910,147.734,384.483,0.813859,-1,-1,-1
210,3,687.039,416.829,171.529,578.676,0.795301,-1,-1,-1
210,9,1088.095,434.644,78.937,269.973,0.246892,-1,-1,-1
210,10,585.170,458.397,66.564,159.623,0.727181,-1,-1,-1
210,5,1017.791,446.162,138.434,317.945,0.815191,-1,-1,-1
211,2,846.534,431.195,148.796,385.816,0.788577,-1,-1,-1
211,3,687.282,419.588,174.049,576.390,0.811222,-1,-1,-1
211,9,1091.084,434.373,82.469,260.840,0.312606,-1,-1,-1
211,10,585.933,454.664,69.648,163.156,0.742272,-1,-1,-1
211,5,1020.588,444.908,151.695,319.519,0.800721,-1,-1,-1
212,2,852.522,431.510,147.498,386.036,0.787840,-1,-1,-1
212,3,689.141,417.444,173.571,578.378,0.825266,-1,-1,-1
212,9,1096.787,431.757,81.218,253.387,0.355535,-1,-1,-1
212,10,588.208,453.013,68.538,164.142,0.712928,-1,-1,-1
212,5,1022.119,445.797,160.684,319.572,0.790456,-1,-1,-1
213,2,861.454,431.591,141.452,386.686,0.808385,-1,-1,-1
213,3,689.713,415.571,176.312,579.717,0.821984,-1,-1,-1
213,9,1100.859,433.871,79.938,265.621,0.503827,-1,-1,-1
213,10,589.201,453.340,68.242,164.285,0.738268,-1,-1,-1
213,5,1022.512,447.992,164.788,319.035,0.806709,-1,-1,-1
214,2,870.117,430.654,137.820,385.908,0.816224,-1,-1,-1
214,3,691.130,414.694,175.964,580.003,0.824282,-1,-1,-1
214,9,1105.939,432.522,78.767,274.238,0.541635,-1,-1,-1
214,10,590.323,452.430,67.600,166.158,0.725984,-1,-1,-1
214,5,1022.258,448.970,166.618,319.294,0.772762,-1,-1,-1
215,2,878.371,430.174,130.510,387.081,0.810068,-1,-1,-1
215,3,693.919,413.120,176.109,582.073,0.817837,-1,-1,-1
215,9,1112.649,428.732,77.315,286.205,0.555753,-1,-1,-1
215,10,592.073,455.002,66.938,163.396,0.682389,-1,-1,-1
215,5,1022.427,448.124,164.592,321.063,0.815985,-1,-1,-1
216,2,883.194,428.800,126.602,388.584,0.819092,-1,-1,-1
216,3,696.237,415.049,176.397,579.989,0.793256,-1,-1,-1
216,9,1121.149,430.481,71.100,288.395,0.462829,-1,-1,-1
216,10,594.921,456.591,65.566,165.353,0.685712,-1,-1,-1
216,5,1022.952,447.377,167.572,323.396,0.825460,-1,-1,-1
217,2,885.595,429.409,125.199,390.846,0.815206,-1,-1,-1
217,3,696.004,414.469,180.652,580.087,0.747876,-1,-1,-1
217,10,596.275,458.133,65.632,165.410,0.714528,-1,-1,-1
217,5,1024.886,447.470,167.007,323.269,0.789591,-1,-1,-1
218,2,888.723,428.496,124.751,395.273,0.820242,-1,-1,-1
218,3,698.949,412.358,184.259,582.721,0.767081,-1,-1,-1
218,10,598.641,458.807,64.787,165.147,0.698217,-1,-1,-1
218,5,1028.552,443.704,164.218,327.462,0.787030,-1,-1,-1
219,2,891.268,427.067,126.575,400.152,0.841109,-1,-1,-1
219,3,702.317,412.150,186.565,582.780,0.760159,-1,-1,-1
219,10,597.506,461.327,65.486,165.248,0.676912,-1,-1,-1
219,5,1036.426,439.821,156.053,331.069,0.794527,-1,-1,-1
220,2,893.585,426.918,126.988,405.182,0.842245,-1,-1,-1
220,3,709.860,411.031,191.102,583.258,0.811803,-1,-1,-1
220,10,597.956,462.388,65.398,164.926,0.700143,-1,-1,-1
220,5,1045.254,439.740,147.887,330.864,0.806839,-1,-1,-1
221,2,896.726,425.981,128.143,407.963,0.838572,-1,-1,-1
221,3,715.565,411.311,205.608,583.795,0.860394,-1,-1,-1
221,10,599.265,461.962,63.033,163.831,0.723011,-1,-1,-1
221,5,1053.685,439.455,140.344,331.092,0.809218,-1,-1,-1
222,2,898.162,425.836,130.025,409.324,0.837903,-1,-1,-1
222,3,717.932,411.460,219.343,584.042,0.861418,-1,-1,-1
222,10,601.341,462.249,60.129,163.326,0.740336,-1,-1,-1
222,5,1065.646,440.311,128.692,330.323,0.816793,-1,-1,-1
223,2,900.994,427.411,129.976,410.997,0.824042,-1,-1,-1
223,3,718.712,408.551,239.410,587.366,0.850208,-1,-1,-1
223,10,602.480,460.173,58.754,166.837,0.691429,-1,-1,-1
223,5,1078.723,440.287,115.746,331.030,0.798184,-1,-1,-1
224,2,902.697,428.318,128.554,412.802,0.821225,-1,-1,-1
224,3,722.306,407.775,256.129,587.101,0.850247,-1,-1,-1
224,10,604.399,460.488,57.040,165.534,0.690479,-1,-1,-1
224,5,1094.188,441.618,108.483,333.038,0.763181,-1,-1,-1
225,2,904.404,429.007,128.804,414.354,0.817952,-1,-1,-1
225,3,725.661,409.662,267.370,586.773,0.830882,-1,-1,-1
225,10,604.753,461.629,58.211,166.414,0.675009,-1,-1,-1
225,5,1103.652,441.060,98.630,335.722,0.724387,-1,-1,-1
226,2,905.922,429.517,132.314,415.479,0.817842,-1,-1,-1
226,3,728.588,406.287,279.822,590.856,0.856620,-1,-1,-1
226,10,605.524,462.941,57.573,167.122,0.673766,-1,-1,-1
226,5,1110.116,438.917,94.949,340.378,0.691925,-1,-1,-1
227,2,907.354,429.425,135.627,416.661,0.811315,-1,-1,-1
227,3,730.944,405.908,289.904,590.509,0.873208,-1,-1,-1
227,10,607.494,461.044,55.703,168.024,0.664441,-1,-1,-1
227,5,1115.729,439.094,96.815,342.356,0.743578,-1,-1,-1
228,2,908.315,427.253,138.300,418.571,0.791750,-1,-1,-1
228,3,735.143,407.807,293.267,588.468,0.873993,-1,-1,-1
228,10,608.531,461.609,54.328,167.045,0.663360,-1,-1,-1
228,5,1119.035,439.495,99.326,348.295,0.753840,-1,-1,-1
229,2,908.470,427.474,139.761,418.525,0.779004,-1,-1,-1
229,3,739.597,408.830,297.695,587.774,0.863286,-1,-1,-1
229,10,609.492,458.466,55.307,173.052,0.666656,-1,-1,-1
229,5,1120.338,441.490,101.067,348.458,0.759085,-1,-1,-1
230,2,909.282,426.958,143.418,417.916,0.778669,-1,-1,-1
230,3,745.364,411.641,295.181,584.530,0.832143,-1,-1,-1
230,10,611.740,458.623,56.119,174.614,0.664150,-1,-1,-1
230,5,1121.784,442.959,107.346,349.102,0.716832,-1,-1,-1
231,2,911.868,426.516,138.706,417.632,0.776387,-1,-1,-1
231,3,751.577,412.135,289.985,585.262,0.849755,-1,-1,-1
231,10,611.954,462.416,58.899,170.558,0.684613,-1,-1,-1
231,5,1127.085,441.645,120.411,350.653,0.797323,-1,-1,-1
232,2,914.349,426.071,134.034,419.053,0.798964,-1,-1,-1
232,3,760.245,411.135,282.650,586.229,0.821875,-1,-1,-1
232,10,612.429,458.030,60.084,174.498,0.676435,-1,-1,-1
232,5,1133.263,441.323,127.748,351.520,0.795063,-1,-1,-1
233,2,919.918,425.841,128.950,421.968,0.757979,-1,-1,-1
233,3,767.453,412.563,276.611,585.102,0.823423,-1,-1,-1
233,10,612.616,455.743,62.538,176.540,0.671128,-1,-1,-1
233,5,1135.331,443.009,132.271,351.587,0.831648,-1,-1,-1
234,2,923.963,425.555,126.114,424.970,0.737741,-1,-1,-1
234,3,776.065,416.586,269.971,581.918,0.789660,-1,-1,-1
234,10,613.661,457.082,63.896,173.545,0.664066,-1,-1,-1
234,5,1136.257,445.078,133.941,352.990,0.843582,-1,-1,-1
235,2,925.767,424.906,125.318,430.646,0.697755,-1,-1,-1
235,3,787.203,418.897,258.965,579.439,0.816605,-1,-1,-1
235,10,616.517,455.789,61.235,175.417,0.671309,-1,-1,-1
235,5,1136.183,445.787,137.055,355.677,0.814905,-1,-1,-1
236,2,933.402,424.382,117.843,430.124,0.690672,-1,-1,-1
236,3,791.159,414.181,254.816,584.259,0.812495,-1,-1,-1
236,10,620.472,457.477,57.554,173.944,0.688374,-1,-1,-1
236,5,1136.590,445.460,138.630,358.017,0.820923,-1,-1,-1
237,2,939.699,424.124,116.197,422.469,0.545159,-1,-1,-1
237,3,793.629,416.659,251.094,582.032,0.814721,-1,-1,-1
237,10,622.458,456.221,55.755,175.116,0.649914,-1,-1,-1
237,5,1138.459,443.763,139.406,360.757,0.808497,-1,-1,-1
238,2,944.065,423.048,116.207,411.562,0.579381,-1,-1,-1
238,3,792.474,412.867,251.893,585.674,0.813619,-1,-1,-1
238,10,624.942,459.056,52.046,175.174,0.674687,-1,-1,-1
238,5,1141.677,439.977,138.120,365.011,0.769940,-1,-1,-1
239,2,949.692,424.037,113.717,375.208,0.435926,-1,-1,-1
239,3,794.119,410.030,249.024,589.029,0.838568,-1,-1,-1
239,10,626.862,461.154,52.500,174.198,0.668369,-1,-1,-1
239,5,1148.032,438.933,132.381,366.801,0.749558,-1,-1,-1
240,2,955.178,425.399,114.497,402.542,0.624043,-1,-1,-1
240,3,797.310,411.904,245.516,587.664,0.848021,-1,-1,-1
240,10,628.529,461.577,51.627,172.962,0.595439,-1,-1,-1
240,5,1159.308,438.501,122.103,370.492,0.714304,-1,-1,-1
241,2,960.737,426.164,110.472,411.943,0.674022,-1,-1,-1
241,3,808.320,415.482,235.718,585.121,0.819571,-1,-1,-1
241,10,629.910,459.197,55.031,174.360,0.583448,-1,-1,-1
241,5,1170.712,438.803,113.101,371.242,0.735379,-1,-1,-1
242,2,960.592,426.682,113.071,411.975,0.560615,-1,-1,-1
242,3,821.107,421.720,221.974,581.557,0.823956,-1,-1,-1
242,10,630.123,460.093,56.989,171.774,0.586675,-1,-1,-1
242,5,1180.372,438.486,110.668,368.721,0.681839,-1,-1,-1
243,2,973.469,428.111,101.377,409.507,0.463139,-1,-1,-1
243,3,829.318,410.074,214.528,595.308,0.800666,-1,-1,-1
243,10,631.325,461.827,59.595,169.050,0.566961,-1,-1,-1
243,5,1188.881,436.959,108.064,368.871,0.638903,-1,-1,-1
243,12,740.746,437.990,147.993,433.074,0.669547,-1,-1,-1
244,2,980.837,425.090,96.908,414.991,0.486806,-1,-1,-1
244,3,839.814,400.723,205.698,607.781,0.791479,-1,-1,-1
244,10,632.323,462.908,63.822,168.883,0.595190,-1,-1,-1
244,5,1198.575,435.075,111.746,370.049,0.768392,-1,-1,-1
244,12,736.767,437.202,152.447,432.960,0.690296,-1,-1,-1
245,2,985.205,422.408,94.926,418.737,0.252837,-1,-1,-1
245,3,848.313,401.125,201.771,613.424,0.738191,-1,-1,-1
245,10,632.723,463.791,65.352,168.656,0.591466,-1,-1,-1
245,5,1205.557,433.334,115.158,372.004,0.798337,-1,-1,-1
245,12,736.158,438.255,157.138,434.367,0.643456,-1,-1,-1
246,2,987.086,423.674,101.061,420.710,0.265156,-1,-1,-1
246,3,856.682,408.916,197.577,615.593,0.783202,-1,-1,-1
246,10,633.605,462.734,64.872,169.226,0.592279,-1,-1,-1
246,5,1210.200,432.517,113.328,371.589,0.765191,-1,-1,-1
246,12,736.099,439.877,163.410,433.989,0.569826,-1,-1,-1
247,2,991.307,427.981,107.256,419.586,0.276874,-1,-1,-1
247,3,866.638,417.611,189.989,615.359,0.772919,-1,-1,-1
247,10,633.505,460.260,67.995,172.211,0.507473,-1,-1,-1
247,5,1213.542,431.686,117.990,370.599,0.731969,-1,-1,-1
247,12,761.430,438.074,145.084,438.915,0.556870,-1,-1,-1
248,2,994.286,438.897,117.064,411.490,0.249881,-1,-1,-1
248,3,877.257,420.091,185.918,618.883,0.737894,-1,-1,-1
248,10,637.490,461.584,62.536,171.417,0.589379,-1,-1,-1
248,5,1217.346,431.952,130.037,371.306,0.802410,-1,-1,-1
248,12,770.907,435.947,138.764,442.426,0.574684,-1,-1,-1
249,2,996.518,435.394,115.673,415.109,0.245277,-1,-1,-1
249,3,885.682,422.938,182.190,620.908,0.713297,-1,-1,-1
249,10,638.378,456.143,61.991,177.665,0.577381,-1,-1,-1
249,5,1220.323,432.033,145.866,371.805,0.699305,-1,-1,-1
249,12,779.717,433.044,140.540,445.894,0.750544,-1,-1,-1
250,2,995.047,432.502,119.138,418.308,0.205346,-1,-1,-1
250,3,892.301,424.059,208.432,617.913,0.720426,-1,-1,-1
250,10,642.892,452.539,64.616,181.975,0.644680,-1,-1,-1
250,5,1222.120,432.783,165.132,372.442,0.741828,-1,-1,-1
250,12,782.488,429.680,145.069,449.569,0.752887,-1,-1,-1
251,3,902.047,415.356,213.802,629.598,0.789416,-1,-1,-1
251,10,647.582,451.127,66.684,182.260,0.669988,-1,-1,-1
251,5,1221.423,431.460,183.343,374.360,0.848662,-1,-1,-1
251,12,786.314,429.370,142.114,450.221,0.763454,-1,-1,-1
252,3,910.137,408.066,216.424,634.955,0.847409,-1,-1,-1
252,10,650.395,449.302,67.374,183.712,0.718469,-1,-1,-1
252,5,1221.103,429.039,196.717,377.759,0.841396,-1,-1,-1
252,12,787.407,429.901,142.744,450.770,0.742803,-1,-1,-1
253,3,918.337,406.043,212.950,636.878,0.842876,-1,-1,-1
253,10,652.810,448.033,66.463,185.262,0.693761,-1,-1,-1
253,5,1221.365,428.330,203.585,379.774,0.853878,-1,-1,-1
253,12,790.753,431.951,138.201,447.160,0.741203,-1,-1,-1
254,3,923.660,408.606,206.812,634.084,0.835496,-1,-1,-1
254,10,655.849,448.605,63.948,184.506,0.719562,-1,-1,-1
254,5,1220.947,425.952,204.552,383.967,0.859520,-1,-1,-1
254,12,790.052,433.298,138.540,445.570,0.746190,-1,-1,-1
255,3,927.786,406.739,196.324,637.317,0.832846,-1,-1,-1
255,10,657.883,449.554,64.059,183.981,0.682614,-1,-1,-1
255,5,1220.977,427.398,209.479,384.687,0.862115,-1,-1,-1
255,12,798.437,432.093,135.100,446.265,0.703192,-1,-1,-1
256,3,931.113,408.253,195.419,633.939,0.842133,-1,-1,-1
256,10,659.175,450.597,67.312,183.896,0.710277,-1,-1,-1
256,5,1224.276,428.410,210.208,385.833,0.867903,-1,-1,-1
256,12,806.160,432.829,130.588,448.726,0.744435,-1,-1,-1
256,13,1808.252,394.655,112.125,386.327,0.764512,-1,-1,-1
257,3,933.265,408.432,190.678,634.351,0.827188,-1,-1,-1
257,10,659.596,452.413,70.217,183.080,0.708611,-1,-1,-1
257,5,1228.722,429.243,209.555,386.059,0.866258,-1,-1,-1
257,12,811.038,434.006,128.484,457.146,0.706008,-1,-1,-1
257,13,1811.683,395.430,108.858,386.214,0.787950,-1,-1,-1
258,3,937.183,401.957,186.365,640.531,0.802596,-1,-1,-1
258,10,660.659,450.063,71.791,189.082,0.745372,-1,-1,-1
258,5,1238.387,428.639,201.761,386.100,0.865137,-1,-1,-1
258,12,801.287,434.053,139.470,468.515,0.628400,-1,-1,-1
258,13,1808.561,397.810,111.306,382.844,0.738129,-1,-1,-1
259,3,937.882,397.543,183.209,645.788,0.760606,-1,-1,-1
259,10,661.205,450.798,73.136,188.573,0.730652,-1,-1,-1
259,5,1248.841,428.310,191.701,386.017,0.800351,-1,-1,-1
259,12,808.762,433.356,131.675,473.041,0.652772,-1,-1,-1
259,13,1789.263,401.088,130.365,376.931,0.797615,-1,-1,-1
260,3,939.803,396.748,178.377,645.463,0.771334,-1,-1,-1
260,10,663.422,452.358,71.640,186.409,0.702791,-1,-1,-1
260,5,1260.008,427.318,181.629,386.945,0.787233,-1,-1,-1
260,12,813.316,433.441,128.921,477.225,0.579108,-1,-1,-1
260,13,1760.732,403.238,159.267,374.365,0.775615,-1,-1,-1
261,3,941.720,399.199,176.376,643.219,0.781458,-1,-1,-1
261,10,664.651,452.001,71.007,188.295,0.724856,-1,-1,-1
261,5,1274.738,427.166,166.795,387.246,0.739354,-1,-1,-1
261,13,1725.315,401.131,194.956,377.720,0.786850,-1,-1,-1
262,3,942.262,397.494,175.185,645.317,0.799637,-1,-1,-1
262,10,665.397,451.674,70.656,189.402,0.688009,-1,-1,-1
262,5,1299.247,425.741,144.783,390.426,0.777396,-1,-1,-1
262,13,1693.938,410.965,225.408,368.837,0.811846,-1,-1,-1
262,12,820.815,434.619,126.988,480.834,0.639277,-1,-1,-1
263,3,944.617,396.960,175.083,645.880,0.820342,-1,-1,-1
263,10,665.771,453.124,72.015,187.380,0.649336,-1,-1,-1
263,5,1314.011,425.387,137.959,391.607,0.790710,-1,-1,-1
263,13,1673.264,421.811,246.221,357.594,0.833761,-1,-1,-1
263,12,822.747,435.175,125.921,481.491,0.663354,-1,-1,-1
264,3,946.780,399.001,178.745,643.357,0.821496,-1,-1,-1
264,10,667.227,453.448,73.191,187.047,0.631662,-1,-1,-1
264,5,1329.832,422.605,129.197,395.985,0.813684,-1,-1,-1
264,13,1661.483,426.636,256.593,352.778,0.849967,-1,-1,-1
264,12,825.148,435.129,121.652,481.417,0.632534,-1,-1,-1
265,3,948.252,401.512,181.435,641.429,0.828562,-1,-1,-1
265,10,669.862,453.215,73.307,187.164,0.630841,-1,-1,-1
265,5,1341.333,422.605,121.652,398.129,0.805646,-1,-1,-1
265,13,1655.431,429.251,255.796,349.417,0.836040,-1,-1,-1
265,12,826.577,434.797,120.656,482.681,0.596272,-1,-1,-1
266,3,950.252,403.081,178.052,639.922,0.817569,-1,-1,-1
266,10,674.232,454.484,71.514,185.518,0.592992,-1,-1,-1
266,5,1348.743,422.836,121.255,403.154,0.819254,-1,-1,-1
266,13,1652.294,420.557,247.370,355.956,0.850340,-1,-1,-1
266,12,827.197,433.782,120.286,484.425,0.631318,-1,-1,-1
267,3,951.850,403.355,176.022,639.545,0.810526,-1,-1,-1
267,10,676.092,454.936,71.153,184.009,0.621795,-1,-1,-1
267,5,1354.508,420.664,120.832,411.417,0.820065,-1,-1,-1
267,13,1650.797,420.783,233.268,349.341,0.830035,-1,-1,-1
267,12,827.062,431.008,119.998,488.908,0.704106,-1,-1,-1
268,3,952.560,404.374,172.763,638.840,0.818123,-1,-1,-1
268,10,678.060,455.118,69.415,183.220,0.680971,-1,-1,-1
268,5,1357.567,423.296,133.567,410.200,0.830938,-1,-1,-1
268,13,1651.840,418.872,207.230,342.120,0.820305,-1,-1,-1
268,12,826.345,431.133,123.862,488.533,0.594472,-1,-1,-1
269,3,952.915,404.515,175.889,639.114,0.819708,-1,-1,-1
269,10,679.879,454.618,67.845,183.052,0.668299,-1,-1,-1
269,5,1361.742,424.414,152.433,412.936,0.857627,-1,-1,-1
269,13,1652.227,419.240,182.762,338.385,0.810081,-1,-1,-1
269,12,824.812,430.301,125.647,490.912,0.565381,-1,-1,-1
270,3,954.121,405.251,173.481,638.812,0.808042,-1,-1,-1
270,10,682.396,453.666,66.403,185.462,0.699827,-1,-1,-1
270,5,1364.904,424.885,169.353,414.783,0.849682,-1,-1,-1
270,13,1653.335,414.409,152.013,340.599,0.801459,-1,-1,-1
270,12,826.730,428.647,131.969,493.271,0.599549,-1,-1,-1
271,3,956.545,405.964,168.124,638.598,0.771736,-1,-1,-1
271,10,685.864,450.405,65.365,190.759,0.616049,-1,-1,-1
271,5,1365.493,424.640,187.454,415.297,0.831573,-1,-1,-1
271,13,1654.185,416.208,121.074,337.963,0.766855,-1,-1,-1
271,12,827.577,427.776,135.701,494.795,0.607565,-1,-1,-1
272,3,960.362,405.357,161.265,639.006,0.807782,-1,-1,-1
272,10,688.469,447.785,66.414,195.833,0.651275,-1,-1,-1
272,5,1365.590,426.188,196.782,415.854,0.864855,-1,-1,-1
272,13,1644.447,417.369,101.054,335.310,0.702566,-1,-1,-1
272,12,829.942,427.795,134.545,494.478,0.661390,-1,-1,-1
273,3,963.851,404.559,158.723,639.745,0.812328,-1,-1,-1
273,10,689.600,445.373,67.208,200.048,0.653105,-1,-1,-1
273,5,1366.193,427.861,201.216,418.955,0.880489,-1,-1,-1
273,13,1638.040,427.277,86.914,325.895,0.710286,-1,-1,-1
273,12,831.613,426.020,133.711,495.580,0.660056,-1,-1,-1
274,3,965.766,404.347,155.767,640.113,0.815774,-1,-1,-1
274,10,690.104,448.942,67.441,194.256,0.583761,-1,-1,-1
274,5,1367.774,427.012,204.976,425.673,0.875360,-1,-1,-1
274,13,1625.256,436.477,92.563,315.016,0.795670,-1,-1,-1
274,12,833.037,425.776,134.009,495.169,0.680042,-1,-1,-1
275,3,967.308,405.283,153.574,639.508,0.798336,-1,-1,-1
275,10,692.802,449.705,71.632,194.077,0.568466,-1,-1,-1
275,5,1371.354,425.794,204.964,429.528,0.877986,-1,-1,-1
275,13,1597.056,439.639,118.635,312.286,0.784592,-1,-1,-1
275,12,833.597,424.199,134.436,495.935,0.700239,-1,-1,-1
276,3,968.749,403.241,154.201,641.367,0.814209,-1,-1,-1
276,10,697.777,450.032,68.494,192.960,0.544896,-1,-1,-1
276,5,1376.377,426.127,199.982,430.105,0.833262,-1,-1,-1
276,13,1574.107,439.963,138.650,313.704,0.803545,-1,-1,-1
276,12,832.292,424.442,132.591,495.459,0.702053,-1,-1,-1
277,3,971.692,404.183,155.171,640.880,0.828107,-1,-1,-1
277,10,697.093,452.792,66.288,192.228,0.453194,-1,-1,-1
277,5,1380.516,426.397,196.242,430.371,0.814729,-1,-1,-1
277,13,1555.141,426.572,156.610,327.510,0.851334,-1,-1,-1
277,12,829.821,424.514,131.760,495.662,0.684503,-1,-1,-1
278,3,972.083,403.006,158.151,642.634,0.823860,-1,-1,-1
278,10,704.139,452.708,68.201,193.236,0.496145,-1,-1,-1
278,5,1388.069,426.658,205.098,428.059,0.807264,-1,-1,-1
278,13,1538.670,449.285,172.840,302.581,0.850726,-1,-1,-1
278,12,831.112,424.222,130.637,495.779,0.709914,-1,-1,-1
279,3,974.769,402.277,158.359,644.202,0.824421,-1,-1,-1
279,10,708.516,453.175,73.752,192.869,0.430741,-1,-1,-1
279,13,1531.443,431.328,178.558,319.097,0.837556,-1,-1,-1
279,12,830.079,422.434,132.083,497.872,0.735648,-1,-1,-1
280,3,976.537,402.145,162.325,643.748,0.812812,-1,-1,-1
280,10,712.964,453.181,75.286,193.292,0.538113,-1,-1,-1
280,13,1543.042,445.250,162.090,301.527,0.779801,-1,-1,-1
280,12,827.712,420.979,135.305,499.347,0.723057,-1,-1,-1
280,5,1440.830,429.005,153.911,423.831,0.780906,-1,-1,-1
281,3,978.620,400.168,165.293,645.149,0.815657,-1,-1,-1
281,10,715.845,455.996,76.493,191.552,0.609489,-1,-1,-1
281,13,1546.871,425.620,148.744,323.317,0.638342,-1,-1,-1
281,12,827.866,420.963,141.645,499.334,0.725468,-1,-1,-1
281,5,1457.454,429.555,129.312,421.805,0.788271,-1,-1,-1
282,3,980.129,400.874,168.318,644.175,0.795407,-1,-1,-1
282,10,715.826,459.294,80.217,187.110,0.508682,-1,-1,-1
282,13,1543.827,421.905,135.714,322.269,0.545515,-1,-1,-1
282,12,827.431,420.484,149.937,498.208,0.745617,-1,-1,-1
282,5,1467.867,434.206,121.979,417.849,0.736446,-1,-1,-1
283,3,983.618,400.487,168.682,644.454,0.781345,-1,-1,-1
283,10,717.581,459.750,80.354,185.837,0.608345,-1,-1,-1
283,12,826.744,421.348,162.872,497.520,0.756746,-1,-1,-1
283,5,1473.533,433.456,135.621,420.345,0.770412,-1,-1,-1
284,3,990.337,401.690,160.785,642.425,0.763914,-1,-1,-1
284,10,718.828,458.961,80.574,186.856,0.689702,-1,-1,-1
284,12,826.258,421.686,174.771,498.354,0.764487,-1,-1,-1
284,5,1480.745,430.832,142.519,422.108,0.798119,-1,-1,-1
285,3,993.579,404.279,156.719,639.755,0.792281,-1,-1,-1
285,10,718.094,457.342,82.872,188.375,0.734243,-1,-1,-1
285,12,826.687,426.694,182.948,496.678,0.777354,-1,-1,-1
285,5,1488.886,435.180,141.581,417.979,0.775789,-1,-1,-1
286,3,996.236,406.576,154.650,637.751,0.790642,-1,-1,-1
286,10,717.967,455.759,86.126,189.972,0.774301,-1,-1,-1
286,12,826.817,426.428,189.287,498.349,0.784318,-1,-1,-1
286,5,1496.844,435.704,151.987,417.279,0.816817,-1,-1,-1
287,3,996.565,407.399,155.573,637.094,0.784071,-1,-1,-1
287,10,719.493,455.907,85.601,189.241,0.762656,-1,-1,-1
287,12,829.233,423.454,192.170,499.930,0.805330,-1,-1,-1
287,5,1500.469,432.670,174.619,420.626,0.829892,-1,-1,-1
288,3,998.228,407.602,154.385,637.470,0.784455,-1,-1,-1
288,10,722.363,450.427,83.228,193.713,0.739570,-1,-1,-1
288,12,831.016,422.483,193.289,500.496,0.813953,-1,-1,-1
288,5,1504.415,431.158,199.670,425.644,0.856676,-1,-1,-1
289,3,1000.238,408.817,152.947,635.893,0.784596,-1,-1,-1
289,10,726.434,448.240,81.299,196.418,0.659712,-1,-1,-1
289,12,835.286,423.947,190.130,497.857,0.808864,-1,-1,-1
289,5,1506.856,436.522,219.134,422.915,0.881749,-1,-1,-1
290,3,1003.214,406.911,151.427,637.845,0.812232,-1,-1,-1
290,10,730.771,449.146,80.199,195.589,0.634523,-1,-1,-1
290,12,840.014,420.149,185.277,501.734,0.808667,-1,-1,-1
290,5,1506.761,437.335,235.487,427.517,0.874578,-1,-1,-1
291,3,1004.679,405.029,153.246,639.045,0.785588,-1,-1,-1
291,10,734.333,453.595,78.755,192.510,0.625303,-1,-1,-1
291,12,836.097,421.519,189.720,501.001,0.818868,-1,-1,-1
291,5,1505.065,435.899,249.656,432.966,0.835871,-1,-1,-1
291,13,1416.789,425.664,153.393,293.616,0.632948,-1,-1,-1
292,3,1004.372,404.743,154.992,638.734,0.755908,-1,-1,-1
292,10,742.266,453.406,70.884,193.188,0.602140,-1,-1,-1
292,12,836.007,423.023,190.306,498.379,0.812053,-1,-1,-1
292,5,1503.449,436.526,255.828,436.609,0.856030,-1,-1,-1
292,13,1402.968,429.050,157.110,308.241,0.336560,-1,-1,-1
293,3,1007.201,405.354,155.059,637.944,0.801950,-1,-1,-1
293,10,745.724,451.261,68.885,196.367,0.666214,-1,-1,-1
293,12,840.012,419.694,185.709,502.240,0.821976,-1,-1,-1
293,5,1503.053,437.680,261.390,440.871,0.868571,-1,-1,-1
293,13,1398.155,430.385,140.117,288.568,0.702803,-1,-1,-1
294,3,1008.973,404.087,154.792,640.230,0.814742,-1,-1,-1
294,10,748.457,452.508,64.744,195.037,0.655182,-1,-1,-1
294,12,843.109,416.594,183.009,505.524,0.831785,-1,-1,-1
294,5,1503.551,436.962,266.251,444.631,0.865966,-1,-1,-1
294,13,1395.793,430.663,138.540,282.386,0.757559,-1,-1,-1
295,3,1010.573,403.979,152.222,640.433,0.810723,-1,-1,-1
295,10,748.957,452.684,69.012,196.174,0.637576,-1,-1,-1
295,12,846.080,414.460,180.464,507.220,0.826310,-1,-1,-1
295,5,1503.386,433.267,268.296,447.665,0.854941,-1,-1,-1
295,13,1391.605,430.289,147.517,280.870,0.758712,-1,-1,-1
296,3,1010.333,404.593,154.612,639.258,0.818099,-1,-1,-1
296,10,751.613,450.960,73.897,196.733,0.658297,-1,-1,-1
296,12,849.533,413.750,177.347,508.305,0.836951,-1,-1,-1
296,5,1512.169,431.183,258.368,449.996,0.834067,-1,-1,-1
296,13,1392.746,429.031,144.047,281.399,0.769394,-1,-1,-1
297,3,1012.013,405.598,154.855,637.626,0.814913,-1,-1,-1
297,10,758.122,449.445,71.443,199.178,0.729052,-1,-1,-1
297,12,853.678,410.891,173.182,511.371,0.835057,-1,-1,-1
297,5,1528.032,431.020,240.188,449.764,0.789453,-1,-1,-1
297,13,1396.448,433.220,137.033,277.425,0.783283,-1,-1,-1
298,3,1011.681,406.584,157.263,636.193,0.808530,-1,-1,-1
298,10,758.656,448.580,71.865,199.947,0.715645,-1,-1,-1
298,12,856.167,411.076,170.795,512.489,0.806023,-1,-1,-1
298,5,1541.638,431.814,227.024,447.246,0.748179,-1,-1,-1
298,13,1396.458,439.367,126.305,269.605,0.783127,-1,-1,-1
299,3,1011.710,406.208,160.408,635.409,0.810999,-1,-1,-1
299,10,763.071,451.487,70.995,199.087,0.705275,-1,-1,-1
299,12,866.522,414.533,160.621,512.685,0.773134,-1,-1,-1
299,5,1555.749,426.854,219.802,454.057,0.770381,-1,-1,-1
299,13,1395.433,448.190,112.214,259.926,0.739227,-1,-1,-1
300,3,1013.014,406.297,162.027,632.262,0.821722,-1,-1,-1
300,10,766.160,451.848,70.659,198.981,0.713880,-1,-1,-1
300,12,876.516,418.494,149.002,513.480,0.772633,-1,-1,-1
300,5,1575.557,424.312,196.115,456.955,0.695887,-1,-1,-1
300,13,1387.076,431.255,102.299,276.296,0.787746,-1,-1,-1
301,3,1012.066,405.974,161.439,629.785,0.816884,-1,-1,-1
301,10,770.429,450.990,68.287,199.820,0.747603,-1,-1,-1
301,12,885.215,419.755,139.092,520.507,0.764979,-1,-1,-1
301,5,1605.940,423.066,181.305,457.360,0.729438,-1,-1,-1
301,13,1382.410,443.575,88.400,263.550,0.812374,-1,-1,-1
302,3,1009.634,406.863,164.416,625.486,0.814619,-1,-1,-1
302,10,771.960,455.145,71.224,196.733,0.788478,-1,-1,-1
302,12,890.188,420.154,134.271,527.207,0.753387,-1,-1,-1
302,5,1629.225,418.066,164.198,463.277,0.763196,-1,-1,-1
302,13,1373.229,451.899,85.367,255.913,0.832225,-1,-1,-1
303,3,1012.081,406.108,163.261,622.365,0.810040,-1,-1,-1
303,10,772.971,455.161,71.912,197.711,0.776979,-1,-1,-1
303,12,880.315,421.510,144.648,528.565,0.756665,-1,-1,-1
303,5,1647.631,412.134,152.105,475.590,0.771569,-1,-1,-1
303,13,1361.015,431.576,87.973,275.289,0.791879,-1,-1,-1
304,3,1013.411,405.275,168.627,622.518,0.810036,-1,-1,-1
304,10,774.925,454.996,74.589,198.680,0.769243,-1,-1,-1
304,12,872.504,421.234,153.538,530.860,0.795335,-1,-1,-1
304,5,1661.512,411.090,153.219,486.098,0.776191,-1,-1,-1
304,13,1347.135,424.763,95.063,281.856,0.774690,-1,-1,-1
304,14,1.100,572.498,118.743,286.692,0.720114,-1,-1,-1
305,3,1013.609,405.252,179.554,620.590,0.797399,-1,-1,-1
305,10,775.967,452.440,76.020,203.063,0.774501,-1,-1,-1
305,12,874.332,421.754,151.796,531.102,0.779036,-1,-1,-1
305,5,1671.165,413.703,150.596,491.609,0.742212,-1,-1,-1
305,13,1337.667,425.382,100.264,281.065,0.766199,-1,-1,-1
305,14,1.333,517.285,117.709,342.157,0.623453,-1,-1,-1
306,3,1015.272,405.800,191.734,616.908,0.819461,-1,-1,-1
306,10,777.593,449.511,76.223,206.680,0.765755,-1,-1,-1
306,12,875.770,421.372,151.148,531.992,0.798792,-1,-1,-1
306,5,1675.119,416.697,167.082,495.078,0.863478,-1,-1,-1
306,13,1323.029,435.430,113.584,268.964,0.803099,-1,-1,-1
306,14,1.166,480.010,121.767,380.929,0.737395,-1,-1,-1
307,3,1017.104,403.877,200.878,617.025,0.829677,-1,-1,-1
307,10,780.378,451.801,74.148,203.689,0.721887,-1,-1,-1
307,12,874.397,420.942,153.069,532.333,0.814738,-1,-1,-1
307,5,1679.909,415.069,199.259,501.258,0.852324,-1,-1,-1
307,13,1312.172,446.445,124.151,255.728,0.803864,-1,-1,-1
307,14,1.382,428.568,122.792,433.526,0.749312,-1,-1,-1
308,3,1017.526,402.803,210.996,615.972,0.843327,-1,-1,-1
308,10,783.082,450.821,72.376,203.904,0.751171,-1,-1,-1
308,12,875.241,421.302,152.747,532.025,0.819636,-1,-1,-1
308,5,1681.322,417.796,224.345,500.322,0.835110,-1,-1,-1
308,13,1302.317,437.754,132.499,263.422,0.811402,-1,-1,-1
308,14,1.500,403.891,123.551,458.219,0.787181,-1,-1,-1
309,3,1017.830,401.009,220.485,616.071,0.848169,-1,-1,-1
309,10,789.637,448.674,68.609,206.882,0.721275,-1,-1,-1
309,12,874.274,422.090,153.457,530.621,0.831264,-1,-1,-1
309,5,1680.951,418.513,235.813,503.071,0.858584,-1,-1,-1
309,13,1294.846,434.275,137.654,267.271,0.801772,-1,-1,-1
309,14,1.470,391.136,123.891,471.119,0.811084,-1,-1,-1
310,3,1018.323,400.858,227.961,615.054,0.857186,-1,-1,-1
310,10,794.793,446.521,65.290,209.455,0.722218,-1,-1,-1
310,12,875.175,422.635,151.962,530.004,0.807775,-1,-1,-1
310,5,1678.309,418.794,245.458,509.407,0.881021,-1,-1,-1
310,13,1289.089,431.323,139.024,269.469,0.762858,-1,-1,-1
310,14,1.429,386.406,124.030,475.677,0.805010,-1,-1,-1
311,3,1017.625,402.588,232.065,613.025,0.858525,-1,-1,-1
311,10,799.006,445.712,64.093,210.963,0.732025,-1,-1,-1
311,12,874.583,422.049,152.678,530.530,0.818461,-1,-1,-1
311,5,1675.715,419.949,250.859,514.223,0.874973,-1,-1,-1
311,13,1286.509,432.442,131.678,264.947,0.759088,-1,-1,-1
311,14,1.180,383.556,121.598,476.142,0.818341,-1,-1,-1
312,3,1020.026,404.107,230.598,611.419,0.861260,-1,-1,-1
312,10,800.926,447.833,66.025,209.416,0.732101,-1,-1,-1
312,12,872.928,421.557,154.927,531.434,0.832763,-1,-1,-1
312,5,1676.037,420.778,251.354,515.865,0.861885,-1,-1,-1
312,13,1279.727,431.411,122.633,261.371,0.764687,-1,-1,-1
312,14,1.153,381.975,125.520,478.556,0.830356,-1,-1,-1
313,3,1020.981,403.817,230.485,611.792,0.861364,-1,-1,-1
313,10,801.853,446.712,72.953,211.208,0.727822,-1,-1,-1
313,12,871.724,420.908,156.594,532.403,0.813261,-1,-1,-1
313,5,1680.308,422.374,246.651,516.267,0.869342,-1,-1,-1
313,13,1274.188,432.747,113.123,257.707,0.786133,-1,-1,-1
313,14,2.013,382.633,136.229,478.668,0.857424,-1,-1,-1
314,3,1022.823,403.501,228.120,611.464,0.865118,-1,-1,-1
314,10,803.414,446.490,75.313,211.684,0.723040,-1,-1,-1
314,12,870.646,420.297,158.552,533.228,0.820012,-1,-1,-1
314,5,1688.619,420.872,237.491,518.629,0.870173,-1,-1,-1
314,13,1274.469,429.511,97.537,259.861,0.806608,-1,-1,-1
314,14,6.668,384.709,148.941,474.841,0.853970,-1,-1,-1
315,3,1028.011,401.427,222.826,614.268,0.860040,-1,-1,-1
315,10,806.128,444.921,77.103,213.784,0.722322,-1,-1,-1
315,12,869.488,418.779,161.064,534.645,0.814879,-1,-1,-1
315,5,1749.668,422.410,175.907,517.949,0.712738,-1,-1,-1
315,13,1273.119,428.207,86.072,259.975,0.780466,-1,-1,-1
315,14,14.182,388.756,173.237,472.739,0.867029,-1,-1,-1
316,3,1033.482,402.162,215.855,612.524,0.860437,-1,-1,-1
316,10,807.000,445.066,79.024,214.843,0.691996,-1,-1,-1
316,12,868.355,417.319,161.305,536.029,0.804396,-1,-1,-1
316,5,1782.381,419.245,141.544,519.382,0.791967,-1,-1,-1
316,13,1271.960,428.745,75.807,260.931,0.753741,-1,-1,-1
316,14,18.119,396.018,205.160,466.961,0.880317,-1,-1,-1
317,3,1036.893,401.240,212.163,613.741,0.856771,-1,-1,-1
317,10,808.560,444.712,72.357,216.558,0.683339,-1,-1,-1
317,12,867.002,418.113,164.836,534.758,0.818767,-1,-1,-1
317,5,1800.012,417.547,123.419,519.030,0.708025,-1,-1,-1
317,13,1266.409,424.580,74.612,263.311,0.773285,-1,-1,-1
317,14,19.296,397.418,235.332,465.908,0.881919,-1,-1,-1
318,3,1039.994,401.035,209.540,613.278,0.852673,-1,-1,-1
318,10,809.597,444.641,70.311,216.761,0.669518,-1,-1,-1
318,12,868.253,418.038,165.131,534.968,0.815986,-1,-1,-1
318,5,1792.061,420.943,129.859,524.328,0.634781,-1,-1,-1
318,13,1259.136,428.253,77.725,259.081,0.797363,-1,-1,-1
318,14,19.139,398.095,262.376,466.090,0.900976,-1,-1,-1
319,3,1042.323,401.295,207.364,612.128,0.853784,-1,-1,-1
319,10,814.313,445.329,70.466,215.171,0.671624,-1,-1,-1
319,12,867.623,417.408,166.455,535.644,0.818235,-1,-1,-1
319,5,1811.000,417.985,110.932,525.730,0.673888,-1,-1,-1
319,13,1247.596,428.503,87.746,259.179,0.773310,-1,-1,-1
319,14,19.350,397.702,278.645,467.024,0.897515,-1,-1,-1
320,3,1045.859,402.165,203.312,610.949,0.857837,-1,-1,-1
320,10,817.090,445.975,72.127,214.525,0.627119,-1,-1,-1
320,12,866.898,417.468,168.759,535.035,0.825886,-1,-1,-1
320,5,1829.539,418.597,92.117,524.094,0.730920,-1,-1,-1
320,13,1235.027,434.587,100.350,254.215,0.742458,-1,-1,-1
320,14,21.148,399.772,288.396,463.891,0.893339,-1,-1,-1
321,3,1048.517,401.822,200.390,611.253,0.862161,-1,-1,-1
321,10,819.704,448.245,69.912,211.891,0.643958,-1,-1,-1
321,12,868.345,418.035,166.498,534.461,0.820906,-1,-1,-1
321,5,1845.263,426.357,76.014,516.493,0.734869,-1,-1,-1
321,13,1232.696,435.889,103.042,252.229,0.771042,-1,-1,-1
321,14,22.869,400.673,293.160,462.049,0.887353,-1,-1,-1
322,3,1050.077,404.120,198.253,609.579,0.858688,-1,-1,-1
322,10,821.180,449.434,70.915,210.963,0.670096,-1,-1,-1
322,12,869.117,417.761,164.426,534.743,0.824775,-1,-1,-1
322,5,1857.380,428.393,63.536,513.742,0.697054,-1,-1,-1
322,13,1230.279,441.790,105.558,245.176,0.758721,-1,-1,-1
322,14,25.314,402.273,298.378,454.402,0.886387,-1,-1,-1
323,3,1052.133,403.536,195.565,609.684,0.864631,-1,-1,-1
323,10,822.079,452.714,73.197,207.526,0.640899,-1,-1,-1
323,12,870.746,416.880,165.069,535.630,0.817273,-1,-1,-1
323,5,1862.698,455.063,58.000,488.289,0.617636,-1,-1,-1
323,13,1229.491,442.247,103.148,243.547,0.766836,-1,-1,-1
323,14,26.656,404.775,302.493,448.905,0.889563,-1,-1,-1
324,3,1055.470,401.520,192.260,611.772,0.856232,-1,-1,-1
324,10,822.646,456.643,74.226,203.141,0.623788,-1,-1,-1
324,12,872.669,416.959,164.681,535.631,0.808056,-1,-1,-1
324,13,1223.664,440.154,103.895,245.731,0.748949,-1,-1,-1
324,14,31.777,406.188,300.034,443.416,0.897070,-1,-1,-1
325,3,1057.605,399.842,190.902,613.489,0.853489,-1,-1,-1
325,10,826.551,448.285,76.037,213.872,0.444642,-1,-1,-1
325,12,874.735,416.528,163.328,536.016,0.805714,-1,-1,-1
325,13,1218.929,443.893,102.913,241.534,0.680299,-1,-1,-1
325,14,40.349,405.775,292.752,442.674,0.901394,-1,-1,-1
326,3,1058.795,399.529,190.581,614.124,0.858585,-1,-1,-1
326,10,829.324,443.392,79.935,220.559,0.374926,-1,-1,-1
326,12,876.339,416.677,162.321,536.055,0.793320,-1,-1,-1
326,13,1213.522,452.908,98.926,229.579,0.542847,-1,-1,-1
326,14,54.829,405.884,278.281,439.575,0.890184,-1,-1,-1
327,3,1059.389,397.518,190.276,616.691,0.863669,-1,-1,-1
327,10,835.012,442.722,78.297,225.210,0.193707,-1,-1,-1
327,12,879.669,417.641,158.932,534.977,0.784655,-1,-1,-1
327,14,77.640,404.167,254.741,437.396,0.874021,-1,-1,-1
328,3,1059.362,397.009,191.491,617.581,0.860124,-1,-1,-1
328,10,841.874,441.754,75.689,224.265,0.170451,-1,-1,-1
328,12,880.808,416.961,157.787,535.886,0.755090,-1,-1,-1
328,14,99.055,396.096,233.155,438.351,0.882578,-1,-1,-1
328,17,1769.605,389.779,150.875,548.779,0.789216,-1,-1,-1
329,3,1059.396,399.136,191.829,615.999,0.860215,-1,-1,-1
329,12,877.131,418.439,162.039,535.875,0.776306,-1,-1,-1
329,14,121.708,393.908,209.065,434.300,0.831171,-1,-1,-1
329,17,1767.377,395.560,153.166,543.180,0.819673,-1,-1,-1
330,3,1059.404,397.851,191.705,617.535,0.864096,-1,-1,-1
330,12,871.929,419.999,168.815,534.163,0.804367,-1,-1,-1
330,14,146.254,398.651,182.493,426.558,0.806886,-1,-1,-1
330,17,1767.082,398.362,153.469,534.139,0.741602,-1,-1,-1
331,3,1059.543,396.757,193.069,618.556,0.864951,-1,-1,-1
331,12,870.509,420.943,171.456,532.916,0.802331,-1,-1,-1
331,14,173.298,395.831,156.119,428.305,0.799251,-1,-1,-1
331,17,1767.526,394.345,152.919,475.677,0.739829,-1,-1,-1
332,3,1060.181,397.348,193.633,618.773,0.863806,-1,-1,-1
332,12,871.927,421.228,173.918,532.466,0.823449,-1,-1,-1
332,14,200.887,394.244,137.074,429.881,0.774371,-1,-1,-1
332,17,1768.667,395.477,152.007,457.325,0.784409,-1,-1,-1
333,3,1061.010,397.986,194.739,618.118,0.871724,-1,-1,-1
333,12,872.753,420.776,175.738,532.970,0.829285,-1,-1,-1
333,14,218.895,392.100,132.734,432.046,0.750213,-1,-1,-1
333,17,1769.141,395.540,151.700,454.598,0.782740,-1,-1,-1
334,3,1062.084,397.692,193.609,618.500,0.875973,-1,-1,-1
334,12,873.466,421.142,176.805,532.542,0.830631,-1,-1,-1
334,14,227.163,400.478,141.200,423.066,0.715602,-1,-1,-1
334,17,1774.765,393.938,145.983,455.512,0.660890,-1,-1,-1
335,3,1062.479,397.741,192.028,617.592,0.878497,-1,-1,-1
335,12,873.673,420.566,177.570,532.950,0.836517,-1,-1,-1
335,14,207.998,416.169,177.796,406.827,0.726285,-1,-1,-1
335,17,1780.446,404.919,140.192,447.237,0.619331,-1,-1,-1
335,18,1.309,459.106,140.711,327.171,0.693828,-1,-1,-1
336,3,1061.705,397.667,192.403,617.512,0.879213,-1,-1,-1
336,12,874.139,421.463,175.637,532.087,0.842329,-1,-1,-1
336,14,210.504,416.265,189.195,404.272,0.627243,-1,-1,-1
336,17,1789.133,432.092,131.426,422.979,0.510062,-1,-1,-1
336,18,1.254,447.453,145.048,341.357,0.805373,-1,-1,-1
337,3,1061.767,398.073,194.212,617.562,0.880427,-1,-1,-1
337,12,874.930,420.717,174.501,532.903,0.833921,-1,-1,-1
337,14,223.441,425.943,194.729,397.640,0.715500,-1,-1,-1
337,17,1803.720,438.845,116.587,417.071,0.392690,-1,-1,-1
337,18,1.295,443.306,149.163,344.684,0.823125,-1,-1,-1
338,3,1062.169,398.230,195.622,617.197,0.873616,-1,-1,-1
338,12,875.841,419.727,175.765,534.290,0.820466,-1,-1,-1
338,14,230.367,436.887,209.719,387.078,0.795651,-1,-1,-1
338,17,1821.158,458.560,99.209,394.711,0.183487,-1,-1,-1
338,18,1.514,447.412,149.573,339.556,0.832214,-1,-1,-1
339,3,1063.332,397.685,193.638,617.511,0.882620,-1,-1,-1
339,12,876.483,419.419,173.700,534.851,0.822425,-1,-1,-1
339,14,237.853,416.818,215.125,406.807,0.818871,-1,-1,-1
339,18,1.558,446.436,150.550,339.878,0.834393,-1,-1,-1
340,3,1063.798,399.143,194.367,615.745,0.884161,-1,-1,-1
340,12,877.924,419.249,170.837,534.935,0.820667,-1,-1,-1
340,14,238.221,410.237,224.339,413.749,0.848596,-1,-1,-1
340,18,1.537,443.812,149.568,343.302,0.838760,-1,-1,-1
341,3,1064.844,402.492,194.207,612.437,0.885300,-1,-1,-1
341,12,879.136,419.019,169.291,534.808,0.821075,-1,-1,-1
341,14,242.484,424.415,223.061,398.861,0.817767,-1,-1,-1
341,18,1.295,438.660,150.579,347.654,0.845795,-1,-1,-1
342,3,1066.404,401.785,196.025,612.798,0.877727,-1,-1,-1
342,12,882.456,422.565,171.331,531.066,0.817724,-1,-1,-1
342,14,244.263,431.612,224.310,390.539,0.815858,-1,-1,-1
342,18,1.762,440.504,151.510,345.294,0.834227,-1,-1,-1
343,3,1066.691,401.959,194.487,612.579,0.881899,-1,-1,-1
343,12,885.161,423.849,169.529,529.762,0.816405,-1,-1,-1
343,14,246.301,432.651,221.951,388.449,0.816280,-1,-1,-1
343,18,1.618,435.812,151.595,353.424,0.792077,-1,-1,-1
344,3,1067.175,401.124,194.834,613.584,0.878380,-1,-1,-1
344,12,887.383,425.037,168.200,528.407,0.818599,-1,-1,-1
344,14,248.687,420.424,218.582,398.941,0.810748,-1,-1,-1
344,18,7.780,436.115,145.062,351.982,0.777643,-1,-1,-1
345,3,1067.471,401.832,197.529,612.370,0.880684,-1,-1,-1
345,12,889.886,425.276,165.533,527.759,0.805982,-1,-1,-1
345,14,251.751,412.386,214.134,405.887,0.854299,-1,-1,-1
345,18,12.421,434.643,141.732,354.177,0.813573,-1,-1,-1
346,3,1067.907,401.555,196.968,613.050,0.877766,-1,-1,-1
346,12,891.125,425.311,167.254,527.278,0.813054,-1,-1,-1
346,14,261.087,405.824,203.843,410.946,0.838078,-1,-1,-1
346,18,31.397,436.577,127.906,350.649,0.801881,-1,-1,-1
347,3,1068.592,403.256,198.204,611.687,0.874072,-1,-1,-1
347,12,892.552,425.394,168.246,526.891,0.808178,-1,-1,-1
347,14,272.193,403.916,193.132,413.552,0.813270,-1,-1,-1
347,18,48.959,438.954,122.079,345.430,0.804996,-1,-1,-1
348,3,1068.535,401.384,199.973,613.370,0.873252,-1,-1,-1
348,12,896.197,424.681,162.002,527.248,0.800857,-1,-1,-1
348,14,288.588,406.791,178.620,409.174,0.789778,-1,-1,-1
348,18,54.960,436.609,127.502,347.415,0.684086,-1,-1,-1
349,3,1068.527,402.698,201.120,612.251,0.872732,-1,-1,-1
349,12,899.316,423.626,159.525,528.464,0.806299,-1,-1,-1
349,14,299.328,402.934,163.532,405.400,0.805909,-1,-1,-1
349,18,48.887,435.120,143.050,349.034,0.519221,-1,-1,-1
350,3,1068.081,401.369,201.415,613.314,0.874108,-1,-1,-1
350,12,900.256,422.832,161.962,529.312,0.808728,-1,-1,-1
350,14,314.928,399.582,147.393,406.077,0.800569,-1,-1,-1
350,18,68.170,436.661,140.943,347.736,0.780985,-1,-1,-1
351,3,1067.987,400.906,199.871,613.843,0.875386,-1,-1,-1
351,12,900.584,422.754,163.148,528.923,0.800497,-1,-1,-1
351,14,338.936,393.342,124.597,407.586,0.779442,-1,-1,-1
351,18,71.485,438.168,165.491,346.132,0.809967,-1,-1,-1
352,3,1067.407,401.438,201.232,613.490,0.878838,-1,-1,-1
352,12,901.365,423.322,163.255,527.769,0.798406,-1,-1,-1
352,14,357.786,395.596,112.276,403.355,0.725631,-1,-1,-1
352,18,74.330,437.309,184.199,345.899,0.839431,-1,-1,-1
353,3,1066.737,401.261,201.132,613.941,0.877171,-1,-1,-1
353,12,901.831,422.603,162.010,527.615,0.801464,-1,-1,-1
353,14,370.690,409.586,109.230,390.131,0.581842,-1,-1,-1
353,18,79.919,436.172,198.057,347.319,0.850519,-1,-1,-1
354,3,1066.626,400.461,201.516,614.870,0.873618,-1,-1,-1
354,12,902.559,422.828,163.863,527.579,0.794603,-1,-1,-1
354,14,371.043,403.131,119.223,397.720,0.587195,-1,-1,-1
354,18,85.051,436.490,206.343,346.927,0.823608,-1,-1,-1
354,19,1.560,501.470,79.929,353.501,0.686368,-1,-1,-1
355,3,1067.089,401.219,199.810,613.938,0.875570,-1,-1,-1
355,12,902.956,422.889,164.811,526.562,0.772175,-1,-1,-1
355,18,88.273,439.027,210.041,340.488,0.858227,-1,-1,-1
355,19,1.484,475.670,103.309,378.469,0.715897,-1,-1,-1
356,3,1067.136,402.131,198.970,613.627,0.868087,-1,-1,-1
356,12,904.490,422.941,161.589,524.794,0.756306,-1,-1,-1
356,18,98.564,439.649,203.015,335.000,0.834060,-1,-1,-1
356,19,1.466,454.537,139.617,399.283,0.801262,-1,-1,-1
357,3,1067.255,401.022,202.645,614.877,0.853414,-1,-1,-1
357,12,905.612,422.782,158.707,523.207,0.765072,-1,-1,-1
357,18,111.291,438.710,191.765,331.515,0.812089,-1,-1,-1
357,19,1.506,448.555,171.703,409.106,0.844575,-1,-1,-1
357,14,365.431,405.514,179.275,395.560,0.680557,-1,-1,-1
358,3,1067.757,401.293,203.772,614.592,0.852185,-1,-1,-1
358,12,905.681,420.887,158.202,524.108,0.785736,-1,-1,-1
358,18,125.208,438.528,177.547,330.040,0.811013,-1,-1,-1
358,19,1.384,448.523,200.274,408.861,0.856190,-1,-1,-1
358,14,383.730,402.693,179.594,395.862,0.652238,-1,-1,-1
359,3,1068.152,400.557,204.926,615.149,0.852139,-1,-1,-1
359,12,907.969,420.606,155.800,523.899,0.789955,-1,-1,-1
359,18,134.600,436.860,167.885,331.347,0.821052,-1,-1,-1
359,19,1.166,444.274,213.887,411.940,0.845104,-1,-1,-1
359,14,393.294,406.194,186.052,393.502,0.812376,-1,-1,-1
360,3,1068.028,401.577,206.909,614.292,0.850308,-1,-1,-1
360,12,909.541,420.920,157.554,522.997,0.789892,-1,-1,-1
360,18,145.034,437.072,158.315,327.990,0.777373,-1,-1,-1
360,19,1.115,443.899,223.312,411.517,0.874693,-1,-1,-1
360,14,399.036,410.112,192.095,389.208,0.806750,-1,-1,-1
361,3,1067.911,402.785,208.756,612.975,0.853841,-1,-1,-1
361,12,910.114,420.368,158.154,520.586,0.799343,-1,-1,-1
361,18,165.727,436.555,138.078,327.881,0.751579,-1,-1,-1
361,19,0.914,442.205,229.774,412.201,0.876444,-1,-1,-1
361,14,399.304,407.577,201.867,391.620,0.843252,-1,-1,-1
362,3,1068.832,403.173,209.241,612.710,0.860191,-1,-1,-1
362,12,910.505,418.462,160.084,519.948,0.805993,-1,-1,-1
362,18,175.248,439.610,126.525,325.504,0.671766,-1,-1,-1
362,19,0.873,442.998,238.689,412.531,0.854186,-1,-1,-1
362,14,398.858,407.508,206.279,392.219,0.847604,-1,-1,-1
363,3,1069.019,402.830,209.403,612.874,0.853608,-1,-1,-1
363,12,913.472,419.863,161.143,517.586,0.801896,-1,-1,-1
363,18,183.995,439.262,116.685,326.795,0.753287,-1,-1,-1
363,19,0.828,444.414,240.493,410.142,0.844240,-1,-1,-1
363,14,395.836,410.755,211.076,388.587,0.839405,-1,-1,-1
364,3,1069.261,402.616,210.719,613.164,0.854069,-1,-1,-1
364,12,915.605,415.621,160.615,520.168,0.826863,-1,-1,-1
364,18,196.702,442.267,104.154,323.127,0.732461,-1,-1,-1
364,19,0.957,440.680,239.958,411.129,0.853269,-1,-1,-1
364,14,396.839,414.777,209.751,384.704,0.850300,-1,-1,-1
365,3,1069.312,403.515,210.490,611.833,0.852175,-1,-1,-1
365,12,917.596,414.142,160.209,521.149,0.818964,-1,-1,-1
365,18,204.239,439.767,101.735,325.848,0.741081,-1,-1,-1
365,19,2.279,440.686,241.446,411.998,0.860450,-1,-1,-1
365,14,396.575,414.054,209.227,384.969,0.857408,-1,-1,-1
366,3,1069.308,401.580,209.795,614.170,0.847212,-1,-1,-1
366,12,919.990,413.150,159.983,522.611,0.829057,-1,-1,-1
366,18,210.064,437.440,102.066,327.832,0.774736,-1,-1,-1
366,19,3.976,441.412,240.704,409.358,0.859025,-1,-1,-1
366,14,398.447,412.837,206.947,382.607,0.821959,-1,-1,-1
367,3,1069.483,402.003,211.732,613.963,0.821768,-1,-1,-1
367,12,922.968,411.739,157.982,524.462,0.825327,-1,-1,-1
367,18,219.331,437.448,104.951,327.521,0.756638,-1,-1,-1
367,19,21.864,441.233,222.150,400.181,0.786079,-1,-1,-1
367,14,400.628,407.899,201.049,385.187,0.841796,-1,-1,-1
368,3,1069.310,400.489,217.574,615.530,0.787726,-1,-1,-1
368,12,925.477,410.721,156.293,525.290,0.819794,-1,-1,-1
368,18,228.392,438.674,116.078,326.776,0.735854,-1,-1,-1
368,19,45.594,437.386,194.509,394.418,0.782974,-1,-1,-1
368,14,402.980,399.672,195.563,390.584,0.846277,-1,-1,-1
369,3,1069.972,401.143,221.699,614.969,0.746186,-1,-1,-1
369,12,927.090,414.469,155.515,519.958,0.822027,-1,-1,-1
369,18,235.601,436.274,131.163,329.046,0.810445,-1,-1,-1
369,19,76.711,434.045,162.600,393.113,0.769628,-1,-1,-1
369,14,408.317,397.466,188.035,392.231,0.853571,-1,-1,-1
370,3,1069.980,399.095,221.154,616.886,0.795202,-1,-1,-1
370,12,929.916,416.531,156.668,519.811,0.801594,-1,-1,-1
370,18,242.049,433.808,146.560,330.703,0.830126,-1,-1,-1
370,19,106.866,435.047,133.436,388.482,0.810497,-1,-1,-1
370,14,415.030,405.185,180.201,385.506,0.835140,-1,-1,-1
371,3,1070.573,398.944,215.122,616.674,0.717757,-1,-1,-1
371,12,933.494,416.589,155.736,520.558,0.796503,-1,-1,-1
371,18,245.260,433.236,159.538,330.633,0.839176,-1,-1,-1
371,19,129.262,439.226,122.413,382.080,0.798097,-1,-1,-1
371,14,427.241,403.125,169.559,386.847,0.831996,-1,-1,-1
372,3,1071.381,398.429,215.904,616.719,0.818988,-1,-1,-1
372,12,936.402,416.578,154.925,520.652,0.796002,-1,-1,-1
372,18,246.093,435.302,167.880,327.454,0.817942,-1,-1,-1
372,19,138.527,438.519,121.159,382.199,0.760080,-1,-1,-1
372,14,439.811,419.069,156.323,363.935,0.797534,-1,-1,-1
373,3,1071.902,398.199,218.333,617.209,0.838707,-1,-1,-1
373,12,939.082,417.197,154.545,521.009,0.794977,-1,-1,-1
373,18,254.164,436.332,164.533,321.530,0.803388,-1,-1,-1
373,19,148.294,435.975,138.772,383.480,0.808935,-1,-1,-1
373,14,457.885,407.025,145.908,370.739,0.800002,-1,-1,-1
374,3,1072.642,398.791,218.358,616.520,0.809815,-1,-1,-1
374,12,943.831,417.761,152.015,519.860,0.788403,-1,-1,-1
374,18,265.818,441.456,157.813,307.231,0.778915,-1,-1,-1
374,19,157.626,432.799,144.966,385.404,0.726367,-1,-1,-1
374,14,471.810,403.295,140.021,370.362,0.772413,-1,-1,-1
375,3,1072.573,400.314,219.166,614.472,0.795376,-1,-1,-1
375,12,943.864,415.170,152.673,521.187,0.775606,-1,-1,-1
375,18,278.175,450.320,147.114,297.675,0.742502,-1,-1,-1
375,19,162.091,433.908,167.343,383.478,0.816760,-1,-1,-1
375,14,482.595,407.666,140.800,364.380,0.712816,-1,-1,-1
375,20,1.426,488.206,58.211,324.666,0.659207,-1,-1,-1
376,3,1072.383,400.631,221.083,613.554,0.808719,-1,-1,-1
376,12,945.501,417.729,149.978,521.165,0.773933,-1,-1,-1
376,18,279.406,440.810,147.299,307.520,0.742319,-1,-1,-1
376,19,161.322,437.039,186.636,379.928,0.768116,-1,-1,-1
376,14,489.416,405.499,141.072,364.053,0.693862,-1,-1,-1
376,20,1.306,482.800,69.348,330.229,0.780319,-1,-1,-1
377,3,1072.069,401.441,224.394,613.775,0.812321,-1,-1,-1
377,12,947.176,418.295,151.897,521.151,0.796987,-1,-1,-1
377,18,284.855,442.504,144.812,306.041,0.705733,-1,-1,-1
377,19,159.745,440.031,204.288,377.239,0.797396,-1,-1,-1
377,14,491.426,401.657,143.857,367.374,0.735791,-1,-1,-1
377,20,1.183,450.726,96.330,359.898,0.778919,-1,-1,-1
378,3,1072.537,400.302,223.409,615.495,0.775195,-1,-1,-1
378,12,947.421,414.312,155.516,522.765,0.780194,-1,-1,-1
378,18,293.538,441.739,136.469,309.121,0.675743,-1,-1,-1
378,19,160.336,441.032,212.078,376.315,0.819762,-1,-1,-1
378,14,495.778,397.427,147.392,373.141,0.788029,-1,-1,-1
378,20,1.166,435.426,127.975,374.913,0.828866,-1,-1,-1
379,3,1072.183,398.286,222.188,617.046,0.830738,-1,-1,-1
379,12,947.279,412.301,156.641,523.812,0.814410,-1,-1,-1
379,18,310.639,440.537,118.970,309.347,0.684139,-1,-1,-1
379,19,160.109,442.320,216.572,374.860,0.824674,-1,-1,-1
379,14,501.540,397.696,157.844,373.741,0.793334,-1,-1,-1
379,20,1.146,430.364,141.130,378.409,0.821031,-1,-1,-1
380,3,1072.564,396.595,221.139,618.506,0.825482,-1,-1,-1
380,12,947.783,408.640,159.091,526.425,0.811277,-1,-1,-1
380,18,322.969,445.546,102.954,306.457,0.635131,-1,-1,-1
380,19,161.680,444.042,221.716,371.666,0.837603,-1,-1,-1
380,14,506.684,399.633,163.519,372.004,0.639388,-1,-1,-1
380,20,1.334,428.450,160.147,379.263,0.775320,-1,-1,-1
381,3,1073.173,394.929,217.396,620.396,0.799163,-1,-1,-1
381,12,953.928,412.238,155.259,526.198,0.769943,-1,-1,-1
381,18,325.914,443.321,98.514,309.674,0.705721,-1,-1,-1
381,19,159.615,445.164,226.811,367.258,0.860954,-1,-1,-1
381,14,517.064,406.614,150.026,365.435,0.586412,-1,-1,-1
381,20,1.552,434.815,173.787,372.484,0.752336,-1,-1,-1
382,3,1074.405,397.858,219.941,617.851,0.814380,-1,-1,-1
382,12,953.794,415.497,158.094,521.202,0.751824,-1,-1,-1
382,18,335.604,443.196,95.476,307.419,0.687834,-1,-1,-1
382,19,165.249,443.905,221.182,367.354,0.829526,-1,-1,-1
382,14,533.990,406.681,140.251,364.279,0.605698,-1,-1,-1
382,20,1.523,436.802,182.202,369.722,0.804494,-1,-1,-1
383,3,1074.568,398.305,220.346,617.595,0.828820,-1,-1,-1
383,12,955.302,417.379,156.915,521.738,0.696183,-1,-1,-1
383,18,346.178,444.906,96.949,301.849,0.555693,-1,-1,-1
383,19,182.693,443.338,203.735,367.063,0.793509,-1,-1,-1
383,14,531.113,412.443,150.509,358.525,0.691594,-1,-1,-1
383,20,1.329,437.178,193.252,368.715,0.858192,-1,-1,-1
384,3,1074.824,398.114,220.246,617.855,0.832798,-1,-1,-1
384,12,956.789,417.546,153.654,522.767,0.710607,-1,-1,-1
384,18,362.488,454.144,92.182,290.961,0.604463,-1,-1,-1
384,19,195.826,438.308,189.928,371.785,0.793785,-1,-1,-1
384,14,532.504,409.626,154.666,361.229,0.750590,-1,-1,-1
384,20,1.417,434.173,202.266,372.653,0.875585,-1,-1,-1
385,3,1075.060,398.154,219.280,617.901,0.787743,-1,-1,-1
385,12,958.901,417.564,150.609,523.732,0.720078,-1,-1,-1
385,18,366.422,444.625,95.870,299.786,0.705641,-1,-1,-1
385,19,211.648,435.178,174.113,369.819,0.805951,-1,-1,-1
385,14,536.500,409.280,154.535,361.756,0.787389,-1,-1,-1
385,20,1.314,435.535,212.567,371.599,0.862914,-1,-1,-1
386,3,1074.857,398.391,220.185,617.290,0.706001,-1,-1,-1
386,12,961.332,416.042,149.449,526.366,0.741584,-1,-1,-1
386,18,370.127,440.812,110.439,304.723,0.707066,-1,-1,-1
386,19,231.102,436.092,152.906,365.968,0.792076,-1,-1,-1
386,14,541.172,407.456,154.303,363.055,0.832891,-1,-1,-1
386,20,1.175,434.063,215.524,374.288,0.835910,-1,-1,-1
387,3,1074.605,398.605,220.448,616.803,0.775662,-1,-1,-1
387,12,961.370,417.365,148.416,524.493,0.722542,-1,-1,-1
387,18,370.965,439.667,134.464,307.543,0.805629,-1,-1,-1
387,19,254.675,432.525,128.483,367.357,0.575770,-1,-1,-1
387,14,543.916,408.117,151.733,360.741,0.845476,-1,-1,-1
387,20,2.569,433.824,213.838,373.227,0.836684,-1,-1,-1
388,3,1062.708,398.189,243.510,617.893,0.737238,-1,-1,-1
388,12,961.913,418.459,145.337,523.149,0.721560,-1,-1,-1
388,18,371.863,440.806,150.674,307.981,0.789166,-1,-1,-1
388,19,276.472,434.112,105.981,363.739,0.675330,-1,-1,-1
388,14,547.379,406.896,148.309,358.779,0.825249,-1,-1,-1
388,20,10.834,433.009,204.474,372.123,0.807087,-1,-1,-1
389,3,1057.665,398.384,288.114,617.596,0.726195,-1,-1,-1
389,12,963.857,419.031,140.117,522.355,0.701697,-1,-1,-1
389,18,369.216,442.140,165.332,304.449,0.801597,-1,-1,-1
389,19,286.974,430.506,100.654,368.533,0.678630,-1,-1,-1
389,14,550.281,408.913,145.978,355.543,0.806380,-1,-1,-1
389,20,21.339,426.230,193.944,374.746,0.787381,-1,-1,-1
390,3,1058.203,398.195,303.225,618.423,0.774178,-1,-1,-1
390,12,966.555,419.080,135.805,523.282,0.675072,-1,-1,-1
390,18,371.511,442.013,171.266,303.228,0.813915,-1,-1,-1
390,19,286.244,434.530,108.923,364.543,0.526027,-1,-1,-1
390,14,555.880,410.423,141.134,352.418,0.800668,-1,-1,-1
390,20,33.142,427.838,184.177,371.076,0.794842,-1,-1,-1
391,3,1055.050,398.088,313.656,618.493,0.777830,-1,-1,-1
391,12,973.148,417.903,128.180,527.627,0.659043,-1,-1,-1
391,18,378.210,442.148,168.293,300.197,0.784743,-1,-1,-1
391,19,300.572,438.009,103.290,361.777,0.532996,-1,-1,-1
391,14,561.669,412.540,135.507,351.812,0.801800,-1,-1,-1
391,20,41.431,429.034,176.463,369.604,0.760496,-1,-1,-1
392,3,1053.466,398.811,314.527,618.188,0.784477,-1,-1,-1
392,12,979.625,413.932,123.252,527.956,0.650027,-1,-1,-1
392,18,390.065,440.712,157.957,299.079,0.724537,-1,-1,-1
392,19,309.519,438.503,117.285,361.794,0.656745,-1,-1,-1
392,14,569.426,410.013,128.742,356.224,0.786903,-1,-1,-1
392,20,53.076,432.678,166.356,364.108,0.763699,-1,-1,-1
393,3,1050.795,399.225,316.615,618.246,0.813444,-1,-1,-1
393,12,972.082,417.856,130.345,525.413,0.650130,-1,-1,-1
393,18,400.132,440.676,148.085,296.939,0.727383,-1,-1,-1
393,19,313.565,441.152,138.770,359.450,0.790823,-1,-1,-1
393,14,577.234,414.166,121.436,344.177,0.791363,-1,-1,-1
393,20,78.634,430.538,144.545,365.580,0.633031,-1,-1,-1
394,3,1054.364,399.179,286.868,617.454,0.677113,-1,-1,-1
394,12,980.991,414.686,120.465,525.658,0.629790,-1,-1,-1
394,18,411.831,443.713,137.951,292.734,0.729160,-1,-1,-1
394,19,315.527,444.160,148.643,357.254,0.724073,-1,-1,-1
394,14,583.760,413.493,114.925,340.995,0.760613,-1,-1,-1
394,20,72.221,429.815,159.362,366.732,0.757026,-1,-1,-1
394,21,923.255,439.399,55.995,164.988,0.638866,-1,-1,-1
395,3,1056.104,398.157,272.298,618.332,0.700023,-1,-1,-1
395,12,986.389,414.128,113.828,524.577,0.657858,-1,-1,-1
395,18,422.496,442.240,127.051,293.900,0.739579,-1,-1,-1
395,19,315.647,444.956,156.736,357.023,0.747532,-1,-1,-1
395,14,588.984,414.546,111.552,336.426,0.766836,-1,-1,-1
395,20,73.487,431.224,163.799,365.824,0.778880,-1,-1,-1
395,21,921.165,440.440,55.013,163.220,0.596200,-1,-1,-1
396,3,1058.070,399.426,292.758,618.010,0.761227,-1,-1,-1
396,12,985.981,414.545,113.642,523.718,0.621836,-1,-1,-1
396,18,435.064,444.306,114.312,289.143,0.656342,-1,-1,-1
396,19,314.187,443.924,170.415,356.405,0.760109,-1,-1,-1
396,14,592.957,424.105,112.383,322.208,0.756083,-1,-1,-1
396,20,101.037,442.380,141.451,353.770,0.585370,-1,-1,-1
396,21,918.972,443.013,54.565,167.064,0.676764,-1,-1,-1
397,3,1061.636,399.524,262.138,618.607,0.790587,-1,-1,-1
397,12,986.457,414.637,112.955,524.150,0.677367,-1,-1,-1
397,18,448.791,467.023,98.851,264.152,0.572966,-1,-1,-1
397,19,314.015,435.471,174.502,364.078,0.763322,-1,-1,-1
397,14,597.133,420.558,112.907,324.903,0.748805,-1,-1,-1
397,20,128.282,437.464,123.873,359.751,0.621893,-1,-1,-1
397,21,916.341,443.854,55.569,167.010,0.640004,-1,-1,-1
398,3,1064.804,400.041,246.935,619.034,0.837996,-1,-1,-1
398,12,976.223,416.235,123.602,524.583,0.635409,-1,-1,-1
398,18,449.282,444.891,98.903,287.147,0.732841,-1,-1,-1
398,19,315.086,437.518,179.456,360.187,0.820397,-1,-1,-1
398,14,600.591,424.209,117.119,319.552,0.755898,-1,-1,-1
398,20,137.935,437.300,125.445,359.918,0.749634,-1,-1,-1
398,21,916.472,445.265,55.655,162.989,0.485398,-1,-1,-1
399,3,1066.560,401.257,241.245,617.885,0.837484,-1,-1,-1
399,12,971.508,416.386,129.397,525.052,0.661373,-1,-1,-1
399,18,464.674,443.176,85.430,289.298,0.627476,-1,-1,-1
399,19,318.004,438.747,176.878,358.946,0.830903,-1,-1,-1
399,14,605.859,428.637,122.910,312.644,0.788191,-1,-1,-1
399,20,138.551,434.549,151.448,361.497,0.764061,-1,-1,-1
399,21,914.797,439.851,57.055,171.242,0.582666,-1,-1,-1
400,3,1068.659,401.356,237.270,618.386,0.852849,-1,-1,-1
400,12,969.712,415.177,130.780,526.610,0.656467,-1,-1,-1
400,18,472.275,440.789,81.845,290.122,0.730717,-1,-1,-1
400,19,317.692,436.757,177.648,360.079,0.842757,-1,-1,-1
400,14,608.238,424.855,131.562,316.244,0.779394,-1,-1,-1
400,20,141.523,434.099,169.816,360.889,0.780257,-1,-1,-1
400,21,912.135,439.437,56.538,170.624,0.565945,-1,-1,-1
401,3,1070.178,400.828,235.068,619.277,0.846369,-1,-1,-1
401,12,980.411,412.529,118.321,527.082,0.636871,-1,-1,-1
401,18,481.222,444.532,80.451,287.602,0.720933,-1,-1,-1
401,19,323.774,437.609,172.087,356.693,0.814937,-1,-1,-1
401,14,610.581,424.959,144.278,315.740,0.772104,-1,-1,-1
401,20,142.952,434.149,174.676,360.926,0.813958,-1,-1,-1
401,21,909.736,439.063,59.519,167.554,0.576775,-1,-1,-1
402,3,1072.342,400.480,231.307,619.929,0.837043,-1,-1,-1
402,12,984.964,411.830,113.135,527.228,0.626145,-1,-1,-1
402,18,485.300,450.231,86.441,280.011,0.722620,-1,-1,-1
402,19,336.241,443.499,159.481,348.658,0.826397,-1,-1,-1
402,14,616.381,418.149,151.425,322.681,0.802136,-1,-1,-1
402,20,145.317,436.424,174.896,357.547,0.809747,-1,-1,-1
402,21,905.566,439.194,66.646,169.996,0.529687,-1,-1,-1
403,3,1075.609,400.720,227.163,619.573,0.837369,-1,-1,-1
403,12,971.959,416.207,127.914,524.882,0.618165,-1,-1,-1
403,18,489.869,446.924,95.796,283.182,0.604377,-1,-1,-1
403,19,348.010,449.749,148.532,335.701,0.746486,-1,-1,-1
403,14,620.159,412.136,158.177,330.220,0.836176,-1,-1,-1
403,20,145.139,439.750,184.161,354.186,0.803859,-1,-1,-1
403,21,902.697,441.999,73.279,169.023,0.359635,-1,-1,-1
404,3,1077.518,400.863,225.545,620.319,0.829278,-1,-1,-1
404,12,966.945,417.893,132.923,524.750,0.668741,-1,-1,-1
404,18,492.030,442.088,115.474,286.522,0.640367,-1,-1,-1
404,19,358.483,444.802,140.404,339.647,0.721319,-1,-1,-1
404,14,624.724,408.959,163.653,334.653,0.802211,-1,-1,-1
404,20,151.291,439.575,183.974,351.553,0.827285,-1,-1,-1
405,3,1079.251,401.387,213.982,619.157,0.832758,-1,-1,-1
405,12,965.079,417.604,134.882,525.288,0.685573,-1,-1,-1
405,18,496.739,445.194,123.299,283.473,0.678952,-1,-1,-1
405,19,378.701,439.043,119.482,340.071,0.701223,-1,-1,-1
405,14,628.648,415.277,166.467,329.364,0.787492,-1,-1,-1
405,20,156.023,438.019,179.025,351.107,0.818161,-1,-1,-1
406,3,1078.149,400.338,209.426,620.586,0.832542,-1,-1,-1
406,12,962.625,417.054,137.015,525.752,0.697122,-1,-1,-1
406,18,500.935,448.704,123.865,279.551,0.674395,-1,-1,-1
406,19,396.830,435.804,103.280,337.889,0.705736,-1,-1,-1
406,14,633.136,421.740,166.656,322.567,0.792992,-1,-1,-1
406,20,160.766,437.038,173.185,352.345,0.807639,-1,-1,-1
407,3,1077.484,398.121,203.889,622.135,0.834595,-1,-1,-1
407,12,959.533,418.639,139.111,523.784,0.725201,-1,-1,-1
407,18,497.969,447.343,135.030,283.949,0.708446,-1,-1,-1
407,19,411.499,435.536,93.422,335.810,0.673039,-1,-1,-1
407,14,637.044,417.569,163.430,327.070,0.854150,-1,-1,-1
407,20,172.763,434.613,164.245,355.102,0.802555,-1,-1,-1
408,3,1074.903,398.651,202.002,622.381,0.838477,-1,-1,-1
408,12,960.138,418.359,138.783,523.804,0.709967,-1,-1,-1
408,18,501.937,441.699,139.249,289.252,0.752431,-1,-1,-1
408,19,409.503,434.680,100.932,336.175,0.617978,-1,-1,-1
408,14,642.185,419.675,159.297,325.766,0.846625,-1,-1,-1
408,20,186.549,434.363,152.864,352.048,0.795499,-1,-1,-1
409,3,1074.787,399.899,198.728,620.513,0.839635,-1,-1,-1
409,12,960.120,418.044,140.246,523.561,0.704295,-1,-1,-1
409,18,501.389,437.814,143.432,293.323,0.753086,-1,-1,-1
409,19,401.834,438.126,116.299,331.870,0.615829,-1,-1,-1
409,14,644.858,419.055,157.274,326.366,0.831356,-1,-1,-1
409,20,202.885,436.758,138.238,339.072,0.723180,-1,-1,-1
410,3,1074.381,399.213,192.229,620.964,0.845909,-1,-1,-1
410,12,960.437,419.892,139.126,521.139,0.709496,-1,-1,-1
410,18,512.095,439.878,133.828,285.134,0.730816,-1,-1,-1
410,19,417.568,439.559,115.478,331.119,0.581031,-1,-1,-1
410,14,646.689,413.773,156.498,331.773,0.819656,-1,-1,-1
410,20,223.430,436.422,123.401,336.619,0.660474,-1,-1,-1
411,3,1073.188,399.247,186.153,620.763,0.846687,-1,-1,-1
411,12,959.390,421.857,140.216,518.592,0.718132,-1,-1,-1
411,18,522.096,441.510,123.053,282.799,0.693092,-1,-1,-1
411,19,424.757,437.582,131.975,330.916,0.669315,-1,-1,-1
411,14,647.024,417.615,155.826,325.979,0.826523,-1,-1,-1
411,20,248.668,429.354,105.695,341.309,0.546360,-1,-1,-1
412,3,1072.017,400.735,185.458,618.702,0.843324,-1,-1,-1
412,12,962.141,422.674,137.478,518.229,0.686076,-1,-1,-1
412,18,529.849,438.896,116.490,283.413,0.738634,-1,-1,-1
412,19,421.829,437.165,147.734,331.164,0.661699,-1,-1,-1
412,14,647.004,407.988,155.929,335.931,0.826954,-1,-1,-1
412,20,265.084,427.896,99.442,342.502,0.713957,-1,-1,-1
413,3,1071.886,402.353,185.151,617.225,0.851763,-1,-1,-1
413,12,960.200,422.676,140.379,518.231,0.735624,-1,-1,-1
413,18,548.595,437.572,101.896,283.120,0.616844,-1,-1,-1
413,19,432.932,436.087,154.309,331.223,0.711808,-1,-1,-1
413,14,648.951,409.373,153.990,333.103,0.803992,-1,-1,-1
413,20,270.773,427.154,104.690,344.288,0.725543,-1,-1,-1
414,3,1067.616,405.050,188.668,614.907,0.860906,-1,-1,-1
414,12,962.150,422.563,137.926,516.853,0.694363,-1,-1,-1
414,18,559.446,438.459,95.241,282.304,0.654316,-1,-1,-1
414,19,437.595,437.929,158.898,329.003,0.742395,-1,-1,-1
414,14,654.120,420.912,148.025,320.839,0.802211,-1,-1,-1
414,20,274.258,425.624,109.830,346.894,0.697254,-1,-1,-1
415,3,1065.100,408.551,191.263,611.688,0.857823,-1,-1,-1
415,12,964.432,420.940,133.639,518.519,0.713391,-1,-1,-1
415,18,563.468,435.358,92.020,286.571,0.603090,-1,-1,-1
415,19,437.213,439.565,162.878,327.481,0.765052,-1,-1,-1
415,14,658.645,425.565,143.619,316.401,0.806489,-1,-1,-1
415,20,279.938,431.989,116.750,340.562,0.667009,-1,-1,-1
415,21,873.664,442.578,50.411,166.547,0.708742,-1,-1,-1
416,3,1062.399,411.916,195.290,608.701,0.863574,-1,-1,-1
416,12,965.167,420.308,131.717,519.213,0.705279,-1,-1,-1
416,18,571.645,434.842,87.174,286.472,0.732859,-1,-1,-1
416,19,436.718,441.931,163.611,325.428,0.811289,-1,-1,-1
416,14,667.780,431.579,134.725,308.088,0.794788,-1,-1,-1
416,20,288.377,436.583,115.646,334.771,0.730798,-1,-1,-1
416,21,870.896,441.781,51.085,165.985,0.614661,-1,-1,-1
417,3,1062.565,410.534,197.023,610.823,0.853196,-1,-1,-1
417,12,969.135,418.392,128.180,518.384,0.668975,-1,-1,-1
417,18,570.646,436.592,96.710,283.856,0.675316,-1,-1,-1
417,19,437.146,450.750,164.236,316.957,0.791407,-1,-1,-1
417,14,676.879,425.717,125.958,310.375,0.803342,-1,-1,-1
417,20,290.175,439.032,128.754,330.678,0.596532,-1,-1,-1
417,21,869.234,440.378,50.553,166.746,0.631408,-1,-1,-1
418,3,1060.589,406.872,199.860,614.621,0.857119,-1,-1,-1
418,12,969.393,419.042,126.841,519.519,0.672970,-1,-1,-1
418,18,582.531,437.131,94.400,282.418,0.715218,-1,-1,-1
418,19,439.201,447.432,158.850,319.430,0.807932,-1,-1,-1
418,14,683.070,414.768,121.806,318.377,0.785040,-1,-1,-1
418,20,290.980,437.044,142.782,332.553,0.684457,-1,-1,-1
418,21,868.453,440.845,48.581,164.986,0.520716,-1,-1,-1
419,3,1057.857,408.619,204.701,612.865,0.848968,-1,-1,-1
419,12,970.995,420.521,125.697,517.134,0.683964,-1,-1,-1
419,18,589.524,438.000,91.238,280.376,0.716383,-1,-1,-1
419,19,442.100,440.441,159.535,324.599,0.802080,-1,-1,-1
419,14,689.255,408.183,120.297,324.014,0.800546,-1,-1,-1
419,20,292.183,439.214,155.810,330.686,0.758220,-1,-1,-1
419,21,866.608,441.838,45.849,163.882,0.545970,-1,-1,-1
420,3,1055.074,410.180,212.647,611.615,0.839288,-1,-1,-1
420,12,971.699,416.494,123.927,521.781,0.591249,-1,-1,-1
420,18,587.960,437.941,97.241,278.214,0.714297,-1,-1,-1
420,19,449.046,436.801,152.960,327.366,0.769173,-1,-1,-1
420,14,695.919,408.310,116.692,323.105,0.780106,-1,-1,-1
420,20,294.507,443.131,161.307,326.845,0.781758,-1,-1,-1
420,21,862.709,444.600,45.735,161.899,0.257706,-1,-1,-1
421,3,1052.127,410.197,215.689,611.641,0.823765,-1,-1,-1
421,12,970.340,413.242,123.938,525.458,0.595960,-1,-1,-1
421,18,590.305,440.002,108.555,277.220,0.729718,-1,-1,-1
421,19,449.306,435.375,150.982,326.903,0.742111,-1,-1,-1
421,14,698.758,419.575,111.210,311.924,0.709939,-1,-1,-1
421,20,293.638,440.646,167.143,328.882,0.778143,-1,-1,-1
421,21,859.434,438.362,47.549,168.106,0.498923,-1,-1,-1
422,3,1048.356,408.083,216.042,614.384,0.818089,-1,-1,-1
422,12,969.779,413.585,124.306,525.157,0.519394,-1,-1,-1
422,18,596.391,441.509,114.096,276.302,0.714651,-1,-1,-1
422,19,460.571,436.138,135.778,325.676,0.697340,-1,-1,-1
422,14,702.890,432.630,108.314,296.178,0.647465,-1,-1,-1
422,20,293.882,440.619,182.934,327.684,0.823209,-1,-1,-1
422,21,860.211,440.844,46.908,160.635,0.472618,-1,-1,-1
423,3,1047.184,405.030,218.343,618.249,0.815839,-1,-1,-1
423,12,970.067,417.425,123.291,520.602,0.422448,-1,-1,-1
423,18,602.778,444.096,121.874,272.965,0.724865,-1,-1,-1
423,19,471.536,438.234,123.164,320.305,0.714971,-1,-1,-1
423,14,708.165,437.028,105.688,291.904,0.621339,-1,-1,-1
423,20,293.578,437.956,187.150,329.495,0.781996,-1,-1,-1
423,21,857.465,440.117,50.125,161.210,0.598646,-1,-1,-1
424,3,1048.533,400.911,217.517,624.394,0.784032,-1,-1,-1
424,12,970.059,463.493,121.400,472.869,0.415790,-1,-1,-1
424,18,608.690,444.251,130.302,272.271,0.774067,-1,-1,-1
424,19,478.036,438.236,120.723,320.535,0.718958,-1,-1,-1
424,14,712.343,432.260,104.441,298.059,0.634386,-1,-1,-1
424,20,301.404,437.885,179.575,327.797,0.775218,-1,-1,-1
424,21,852.631,439.892,52.285,162.988,0.530644,-1,-1,-1
425,3,1049.514,398.798,208.750,633.017,0.719335,-1,-1,-1
425,12,971.740,483.475,119.538,451.125,0.523196,-1,-1,-1
425,18,611.826,449.862,130.555,266.719,0.735566,-1,-1,-1
425,19,488.986,439.755,112.819,318.924,0.639024,-1,-1,-1
425,14,715.209,422.800,112.994,305.066,0.729732,-1,-1,-1
425,20,311.274,438.960,170.232,325.671,0.778895,-1,-1,-1
425,21,851.182,440.913,49.379,159.299,0.542985,-1,-1,-1
426,3,1051.116,398.439,201.895,638.300,0.713623,-1,-1,-1
426,12,971.984,490.806,118.864,441.956,0.529583,-1,-1,-1
426,18,612.817,450.014,133.120,267.891,0.720598,-1,-1,-1
426,19,515.498,439.379,96.908,315.914,0.645481,-1,-1,-1
426,14,716.608,414.464,115.477,312.400,0.754998,-1,-1,-1
426,20,322.473,435.445,157.984,329.473,0.790862,-1,-1,-1
426,21,849.138,440.124,47.714,159.005,0.596443,-1,-1,-1
427,3,1054.764,400.944,187.750,638.374,0.681464,-1,-1,-1
427,12,972.713,453.636,119.727,478.794,0.441040,-1,-1,-1
427,18,612.489,451.039,132.655,267.599,0.714987,-1,-1,-1
427,19,521.410,439.628,94.100,315.002,0.631557,-1,-1,-1
427,14,721.528,412.082,111.377,315.238,0.745227,-1,-1,-1
427,20,331.752,434.844,151.130,326.171,0.785686,-1,-1,-1
427,21,845.342,438.342,48.928,161.766,0.492734,-1,-1,-1
428,3,1059.186,406.554,169.594,622.557,0.665125,-1,-1,-1
428,12,973.645,441.289,120.793,486.630,0.575103,-1,-1,-1
428,18,610.381,448.676,133.543,268.281,0.694305,-1,-1,-1
428,19,509.231,438.785,109.331,317.251,0.664888,-1,-1,-1
428,14,724.918,418.551,114.601,309.899,0.723427,-1,-1,-1
428,20,347.841,437.475,136.122,317.967,0.738059,-1,-1,-1
428,21,842.355,442.117,49.813,157.740,0.517064,-1,-1,-1
429,3,1060.785,403.847,164.564,619.412,0.659860,-1,-1,-1
429,12,975.017,453.165,119.131,478.190,0.511948,-1,-1,-1
429,18,619.223,443.569,123.348,271.613,0.709293,-1,-1,-1
429,19,504.099,439.502,123.784,316.368,0.604487,-1,-1,-1
429,14,728.401,431.961,116.283,296.363,0.713648,-1,-1,-1
429,20,367.319,439.034,119.401,314.238,0.716677,-1,-1,-1
429,21,838.045,452.994,50.580,146.241,0.155753,-1,-1,-1
430,3,1063.602,404.198,163.210,623.809,0.689387,-1,-1,-1
430,12,976.100,447.071,119.157,482.472,0.574382,-1,-1,-1
430,18,634.574,442.913,109.118,271.164,0.600195,-1,-1,-1
430,19,511.771,439.107,136.023,317.288,0.580933,-1,-1,-1
430,14,730.531,432.762,119.762,295.426,0.678869,-1,-1,-1
430,20,378.466,438.856,109.792,310.238,0.739074,-1,-1,-1
430,21,839.417,444.042,47.010,151.728,0.381494,-1,-1,-1
431,3,1066.844,405.324,162.149,629.744,0.678467,-1,-1,-1
431,12,977.163,441.177,120.341,486.924,0.567378,-1,-1,-1
431,18,643.103,442.918,99.942,266.328,0.539024,-1,-1,-1
431,19,532.636,442.185,132.316,313.737,0.632487,-1,-1,-1
431,14,729.402,431.343,122.974,297.207,0.686197,-1,-1,-1
431,20,385.809,439.080,106.359,306.961,0.731528,-1,-1,-1
431,21,840.016,442.660,43.811,152.519,0.589354,-1,-1,-1
432,3,1070.491,408.023,168.072,630.605,0.729833,-1,-1,-1
432,12,978.117,444.513,120.972,484.934,0.561752,-1,-1,-1
432,18,656.770,447.605,84.459,257.687,0.465591,-1,-1,-1
432,19,544.293,442.397,135.226,313.936,0.660326,-1,-1,-1
432,14,729.629,425.691,124.371,301.834,0.650007,-1,-1,-1
432,20,389.935,440.702,107.085,308.063,0.703911,-1,-1,-1
432,21,837.766,443.512,45.141,150.891,0.630852,-1,-1,-1
432,23,1502.151,303.077,418.699,716.897,0.826162,-1,-1,-1
433,3,1074.797,409.977,165.947,616.770,0.719013,-1,-1,-1
433,12,979.900,430.681,125.823,498.558,0.564811,-1,-1,-1
433,18,666.605,447.490,82.362,256.887,0.425412,-1,-1,-1
433,19,545.562,443.595,143.091,313.848,0.680365,-1,-1,-1
433,14,733.701,428.205,121.954,297.995,0.688967,-1,-1,-1
433,20,396.826,441.946,108.014,306.232,0.674876,-1,-1,-1
433,21,835.741,440.618,46.662,154.404,0.602459,-1,-1,-1
433,23,1459.159,306.252,461.709,712.802,0.781170,-1,-1,-1
434,3,1077.298,404.659,158.559,558.031,0.475698,-1,-1,-1
434,12,982.512,425.461,132.886,512.752,0.645394,-1,-1,-1
434,18,670.715,449.762,84.667,254.080,0.411778,-1,-1,-1
434,19,549.007,446.220,142.667,311.279,0.780790,-1,-1,-1
434,14,738.884,421.047,118.071,305.556,0.697429,-1,-1,-1
434,20,404.281,441.917,107.222,305.884,0.678050,-1,-1,-1
434,21,834.242,439.656,46.173,151.716,0.268092,-1,-1,-1
434,23,1411.686,306.050,490.547,707.692,0.740232,-1,-1,-1
435,12,985.119,420.441,136.425,495.916,0.703448,-1,-1,-1
435,18,684.883,438.792,78.398,266.039,0.528125,-1,-1,-1
435,19,549.853,446.044,145.450,311.469,0.797299,-1,-1,-1
435,14,744.626,423.406,112.511,302.063,0.692085,-1,-1,-1
435,20,414.434,438.989,106.069,309.849,0.763173,-1,-1,-1
435,21,832.986,443.487,46.383,149.324,0.197177,-1,-1,-1
435,23,1368.985,309.512,469.836,698.612,0.419573,-1,-1,-1
436,12,995.165,420.027,133.661,421.249,0.630776,-1,-1,-1
436,18,697.118,438.085,75.933,270.558,0.470555,-1,-1,-1
436,19,548.474,443.295,148.518,314.012,0.781930,-1,-1,-1
436,14,752.147,425.415,105.564,297.178,0.658680,-1,-1,-1
436,20,418.035,438.256,109.458,310.818,0.757655,-1,-1,-1
436,21,830.853,439.769,45.942,151.801,0.243054,-1,-1,-1
436,23,1313.569,313.413,457.022,695.854,0.839130,-1,-1,-1
436,3,1087.646,410.627,162.998,441.707,0.652659,-1,-1,-1
437,12,998.964,420.932,135.174,403.348,0.679410,-1,-1,-1
437,18,707.711,433.513,74.940,276.467,0.495821,-1,-1,-1
437,19,549.247,441.567,148.943,316.634,0.781715,-1,-1,-1
437,14,758.274,417.853,99.926,302.720,0.565555,-1,-1,-1
437,20,419.091,439.549,115.726,311.780,0.778545,-1,-1,-1
437,23,1222.353,320.948,477.587,695.377,0.807435,-1,-1,-1
437,3,1094.196,403.983,159.696,438.108,0.693364,-1,-1,-1
438,12,1001.965,423.353,135.533,405.451,0.685082,-1,-1,-1
438,18,711.315,431.309,81.784,279.472,0.546397,-1,-1,-1
438,19,550.145,442.752,149.492,312.516,0.783263,-1,-1,-1
438,14,769.265,416.069,90.891,303.758,0.539856,-1,-1,-1
438,20,422.166,435.435,119.317,316.034,0.806267,-1,-1,-1
438,23,1192.050,329.774,435.139,694.475,0.726075,-1,-1,-1
438,3,1099.397,396.293,158.490,449.611,0.813385,-1,-1,-1
439,12,1001.227,422.760,139.816,419.709,0.703123,-1,-1,-1
439,18,712.907,435.921,85.916,276.235,0.463086,-1,-1,-1
439,19,552.297,440.910,148.543,314.143,0.789732,-1,-1,-1
439,14,773.326,431.088,89.029,287.816,0.539885,-1,-1,-1
439,20,425.286,439.374,123.816,309.550,0.759746,-1,-1,-1
439,23,1154.469,336.541,404.297,696.022,0.773782,-1,-1,-1
439,3,1102.258,419.710,155.219,432.048,0.520025,-1,-1,-1
440,12,1000.246,424.402,146.128,435.158,0.779382,-1,-1,-1
440,18,713.715,438.587,85.784,273.569,0.518473,-1,-1,-1
440,19,553.143,441.816,148.166,313.439,0.778746,-1,-1,-1
440,14,774.802,440.127,88.179,277.679,0.587580,-1,-1,-1
440,20,429.662,439.378,124.415,306.323,0.701220,-1,-1,-1
440,23,1102.804,352.324,387.558,680.708,0.738537,-1,-1,-1
441,12,1000.785,432.634,140.082,407.873,0.446314,-1,-1,-1
441,18,714.345,445.878,95.688,266.575,0.560819,-1,-1,-1
441,19,553.962,442.054,147.091,312.704,0.749547,-1,-1,-1
441,14,777.643,437.157,86.430,276.566,0.572179,-1,-1,-1
441,20,437.091,439.802,118.476,302.784,0.694458,-1,-1,-1
441,23,1049.714,360.293,370.261,670.779,0.750167,-1,-1,-1
442,18,714.638,448.787,109.958,264.250,0.550885,-1,-1,-1
442,19,561.298,440.784,140.367,310.527,0.767125,-1,-1,-1
442,14,779.541,431.844,87.630,279.322,0.548574,-1,-1,-1
442,20,444.034,438.513,110.807,307.549,0.698533,-1,-1,-1
442,23,1003.673,367.184,354.936,656.555,0.793422,-1,-1,-1
442,25,1307.518,432.444,151.124,324.984,0.732260,-1,-1,-1
443,18,713.968,445.495,114.790,267.048,0.548676,-1,-1,-1
443,19,568.007,439.428,134.576,310.934,0.796508,-1,-1,-1
443,14,785.057,429.473,82.561,281.911,0.636308,-1,-1,-1
443,20,451.273,441.007,106.130,303.014,0.719805,-1,-1,-1
443,23,959.964,366.857,344.593,650.942,0.808973,-1,-1,-1
443,25,1311.590,432.822,149.058,326.399,0.696218,-1,-1,-1
444,18,713.262,444.675,127.448,267.469,0.596885,-1,-1,-1
444,19,579.662,438.234,123.122,308.556,0.745667,-1,-1,-1
444,14,788.281,431.827,84.395,279.706,0.513662,-1,-1,-1
444,20,462.205,437.569,99.691,304.241,0.762717,-1,-1,-1
444,23,917.518,365.582,332.816,648.590,0.814444,-1,-1,-1
444,25,1315.158,433.608,145.168,329.490,0.664937,-1,-1,-1
445,19,588.336,438.840,114.568,306.789,0.754530,-1,-1,-1
445,14,786.654,437.474,89.772,275.852,0.502726,-1,-1,-1
445,20,469.862,435.628,99.675,301.068,0.761996,-1,-1,-1
445,23,876.303,356.185,334.116,654.934,0.780778,-1,-1,-1
445,25,1325.560,433.920,134.752,328.584,0.732926,-1,-1,-1
446,19,604.290,439.829,99.388,303.681,0.687766,-1,-1,-1
446,14,791.533,430.922,88.275,281.707,0.566474,-1,-1,-1
446,20,472.291,435.724,103.731,294.600,0.721545,-1,-1,-1
446,23,842.874,347.586,325.572,652.754,0.781820,-1,-1,-1
446,25,1334.988,433.405,124.870,329.038,0.705026,-1,-1,-1
446,3,1135.009,428.281,194.851,628.135,0.760796,-1,-1,-1
447,19,611.748,434.787,95.884,308.119,0.674835,-1,-1,-1
447,14,793.579,432.565,82.492,273.241,0.287408,-1,-1,-1
447,20,475.723,432.297,105.810,295.525,0.684211,-1,-1,-1
447,23,801.649,338.224,329.856,652.233,0.779084,-1,-1,-1
447,25,1342.325,432.257,118.861,329.544,0.670984,-1,-1,-1
447,3,1136.262,419.936,195.026,651.486,0.787611,-1,-1,-1
448,19,607.758,435.567,104.201,308.739,0.611031,-1,-1,-1
448,20,483.942,435.158,103.089,285.139,0.583694,-1,-1,-1
448,23,766.746,334.862,331.348,644.501,0.776383,-1,-1,-1
448,25,1347.852,424.368,116.497,339.154,0.780312,-1,-1,-1
448,3,1139.551,420.961,197.124,656.407,0.774066,-1,-1,-1
449,19,626.898,435.782,93.799,307.990,0.593271,-1,-1,-1
449,20,486.273,437.841,105.662,282.893,0.702663,-1,-1,-1
449,23,730.614,333.676,331.303,644.763,0.732499,-1,-1,-1
449,25,1351.795,422.266,113.665,340.738,0.749895,-1,-1,-1
449,3,1143.418,425.249,192.584,651.768,0.730789,-1,-1,-1
449,12,1031.078,421.467,156.314,529.798,0.801367,-1,-1,-1
450,19,636.476,435.849,87.575,303.408,0.659030,-1,-1,-1
450,20,487.755,436.868,106.705,285.197,0.699420,-1,-1,-1
450,23,696.578,336.961,328.908,633.983,0.755351,-1,-1,-1
450,25,1354.375,421.454,116.678,340.908,0.753937,-1,-1,-1
450,3,1144.936,421.798,210.669,652.377,0.814254,-1,-1,-1
450,12,1034.602,416.530,158.891,545.529,0.771959,-1,-1,-1
451,19,645.935,439.042,81.048,300.400,0.665954,-1,-1,-1
451,20,490.723,435.388,118.598,289.258,0.637937,-1,-1,-1
451,23,661.340,340.965,331.509,637.319,0.716693,-1,-1,-1
451,25,1354.630,418.977,122.751,345.516,0.726331,-1,-1,-1
451,3,1137.707,419.698,248.491,655.328,0.821766,-1,-1,-1
451,12,1037.474,413.491,159.669,552.676,0.784801,-1,-1,-1
452,20,491.157,434.705,127.343,290.015,0.721204,-1,-1,-1
452,23,635.060,348.346,322.189,634.621,0.713956,-1,-1,-1
452,25,1359.940,418.179,125.537,347.083,0.783859,-1,-1,-1
452,3,1108.100,417.195,293.753,657.657,0.716089,-1,-1,-1
452,12,1041.577,414.199,159.916,552.580,0.799634,-1,-1,-1
453,20,496.991,437.262,125.607,286.657,0.716609,-1,-1,-1
453,23,587.420,359.546,345.718,667.603,0.539071,-1,-1,-1
453,25,1366.728,418.296,123.861,346.725,0.818621,-1,-1,-1
453,3,1136.636,416.807,294.507,652.952,0.806412,-1,-1,-1
453,12,1047.902,414.942,153.311,549.558,0.794037,-1,-1,-1
454,20,505.305,438.618,111.747,284.555,0.776759,-1,-1,-1
454,23,542.529,369.660,361.209,656.935,0.676137,-1,-1,-1
454,25,1370.917,418.320,125.203,349.364,0.818466,-1,-1,-1
454,3,1145.396,411.376,303.393,662.885,0.795764,-1,-1,-1
454,12,1050.008,415.953,155.285,545.001,0.773214,-1,-1,-1
455,20,514.824,450.311,94.427,268.437,0.661657,-1,-1,-1
455,23,499.835,385.733,368.888,631.012,0.635530,-1,-1,-1
455,25,1373.916,419.094,127.916,349.627,0.823459,-1,-1,-1
455,3,1149.831,418.113,304.301,661.408,0.710265,-1,-1,-1
455,12,1053.717,418.280,167.624,545.748,0.769358,-1,-1,-1
456,23,461.143,392.995,375.344,646.217,0.710151,-1,-1,-1
456,25,1377.416,420.174,130.434,353.263,0.820603,-1,-1,-1
456,3,1151.825,422.785,309.767,659.093,0.752601,-1,-1,-1
456,12,1057.648,420.431,169.260,544.188,0.776978,-1,-1,-1
457,23,412.585,396.702,381.585,645.179,0.678157,-1,-1,-1
457,25,1380.114,421.008,134.182,357.277,0.846065,-1,-1,-1
457,3,1153.289,415.843,298.103,665.069,0.821513,-1,-1,-1
457,12,1062.574,421.239,166.733,544.274,0.805673,-1,-1,-1
457,14,806.314,412.500,99.582,297.271,0.682217,-1,-1,-1
458,23,376.111,395.299,389.975,665.931,0.757721,-1,-1,-1
458,25,1387.117,422.303,134.007,359.260,0.828563,-1,-1,-1
458,3,1154.192,415.877,303.114,664.174,0.840292,-1,-1,-1
458,12,1069.635,420.311,161.084,541.964,0.805194,-1,-1,-1
458,14,808.745,415.590,99.049,293.604,0.673341,-1,-1,-1
459,23,340.890,391.530,394.699,679.839,0.842860,-1,-1,-1
459,25,1392.598,424.147,143.727,361.400,0.836106,-1,-1,-1
459,3,1155.845,415.768,313.927,664.220,0.834697,-1,-1,-1
459,12,1077.005,419.523,157.206,545.469,0.769524,-1,-1,-1
459,14,817.606,419.819,88.408,286.181,0.596407,-1,-1,-1
460,23,303.369,389.541,404.643,677.821,0.681296,-1,-1,-1
460,25,1398.421,424.728,156.092,363.500,0.844759,-1,-1,-1
460,3,1159.213,413.745,311.512,664.427,0.842367,-1,-1,-1
460,12,1086.852,419.651,152.259,547.468,0.715982,-1,-1,-1
460,14,822.030,422.982,88.100,280.256,0.538701,-1,-1,-1
460,19,669.795,441.358,131.538,295.165,0.688253,-1,-1,-1
461,23,275.390,376.584,404.185,698.176,0.802030,-1,-1,-1
461,25,1402.464,426.062,163.332,364.940,0.855323,-1,-1,-1
461,3,1161.507,412.032,310.422,667.492,0.861912,-1,-1,-1
461,12,1098.905,422.528,151.105,552.625,0.714446,-1,-1,-1
461,14,819.996,417.679,96.790,284.777,0.582178,-1,-1,-1
461,19,660.470,440.737,145.311,297.353,0.744485,-1,-1,-1
462,23,250.757,371.664,396.477,704.307,0.766870,-1,-1,-1
462,25,1404.889,426.762,166.900,366.275,0.815175,-1,-1,-1
462,3,1159.891,406.662,313.726,672.049,0.866484,-1,-1,-1
462,12,1100.487,421.035,157.357,555.821,0.731896,-1,-1,-1
462,14,814.879,414.294,102.710,289.262,0.609264,-1,-1,-1
462,19,665.390,440.960,139.411,297.251,0.692997,-1,-1,-1
463,23,245.010,365.296,382.149,710.341,0.779515,-1,-1,-1
463,25,1406.812,430.736,170.948,367.011,0.829882,-1,-1,-1
463,3,1162.390,404.254,310.947,674.305,0.802839,-1,-1,-1
463,12,1104.184,418.003,157.433,557.523,0.772812,-1,-1,-1
463,14,811.976,412.589,109.522,290.859,0.596564,-1,-1,-1
463,19,673.288,440.477,126.575,296.130,0.676812,-1,-1,-1
463,20,566.754,434.392,93.532,276.353,0.702261,-1,-1,-1
464,23,222.726,360.733,385.032,713.676,0.812724,-1,-1,-1
464,25,1414.601,428.006,165.844,372.487,0.849783,-1,-1,-1
464,3,1168.491,402.720,303.711,674.538,0.797035,-1,-1,-1
464,12,1106.508,414.157,162.242,563.643,0.778793,-1,-1,-1
464,14,811.187,412.771,114.710,291.798,0.631889,-1,-1,-1
464,19,682.366,439.913,117.283,292.709,0.680830,-1,-1,-1
464,20,573.339,433.490,92.282,275.193,0.695526,-1,-1,-1
465,23,197.803,362.302,393.209,709.137,0.781567,-1,-1,-1
465,25,1422.857,425.017,158.258,377.860,0.842511,-1,-1,-1
465,3,1184.631,402.724,286.591,676.053,0.834206,-1,-1,-1
465,12,1109.856,416.791,159.655,560.702,0.769863,-1,-1,-1
465,14,819.103,413.310,108.369,291.369,0.626339,-1,-1,-1
465,19,687.596,440.058,113.849,291.744,0.624133,-1,-1,-1
465,20,569.674,431.947,100.106,276.337,0.680873,-1,-1,-1
466,23,160.216,366.817,399.171,706.136,0.748872,-1,-1,-1
466,25,1433.936,422.077,146.901,382.343,0.844985,-1,-1,-1
466,3,1197.044,403.281,274.659,675.072,0.816786,-1,-1,-1
466,12,1109.306,420.737,165.260,554.570,0.776373,-1,-1,-1
466,14,824.432,410.598,106.270,295.011,0.671840,-1,-1,-1
466,19,706.122,439.655,108.189,291.289,0.640542,-1,-1,-1
466,20,566.485,431.071,106.235,277.811,0.687884,-1,-1,-1
467,23,132.452,370.833,401.895,702.360,0.854193,-1,-1,-1
467,25,1448.845,421.239,135.293,384.664,0.801805,-1,-1,-1
467,3,1217.539,405.100,259.670,666.433,0.736217,-1,-1,-1
467,12,1110.380,426.374,171.419,549.022,0.726844,-1,-1,-1
467,14,829.537,408.773,100.383,297.142,0.676834,-1,-1,-1
467,19,720.630,440.988,97.751,290.560,0.669202,-1,-1,-1
467,20,570.807,429.502,103.523,279.432,0.687249,-1,-1,-1
468,23,116.185,373.641,390.686,700.932,0.818742,-1,-1,-1
468,25,1460.568,416.592,131.407,388.330,0.816554,-1,-1,-1
468,3,1240.081,406.262,244.197,653.841,0.643534,-1,-1,-1
468,12,1114.111,424.398,176.292,560.904,0.778914,-1,-1,-1
468,14,832.470,407.811,97.133,297.831,0.669663,-1,-1,-1
468,19,715.429,440.319,101.264,291.724,0.604912,-1,-1,-1
468,20,574.524,433.278,99.090,272.394,0.703497,-1,-1,-1
469,23,81.429,381.285,388.016,688.663,0.729604,-1,-1,-1
469,25,1472.319,414.624,123.203,390.421,0.787176,-1,-1,-1
469,3,1254.445,404.076,242.834,664.711,0.793376,-1,-1,-1
469,12,1117.939,423.205,173.715,572.983,0.774297,-1,-1,-1
469,14,835.380,407.927,93.503,298.177,0.687005,-1,-1,-1
469,19,713.422,438.339,105.950,293.857,0.625009,-1,-1,-1
469,20,577.902,436.533,97.263,268.553,0.711493,-1,-1,-1
470,23,51.743,390.557,392.245,678.370,0.783846,-1,-1,-1
470,25,1482.096,412.776,119.633,390.814,0.823432,-1,-1,-1
470,3,1271.581,406.680,236.303,666.552,0.642316,-1,-1,-1
470,12,1124.377,422.846,178.132,582.516,0.759764,-1,-1,-1
470,14,834.932,408.835,92.915,298.626,0.718958,-1,-1,-1
470,19,714.627,438.204,118.415,292.293,0.606378,-1,-1,-1
470,20,581.543,439.711,94.951,267.137,0.709296,-1,-1,-1
471,23,21.360,396.936,408.511,672.792,0.830206,-1,-1,-1
471,25,1490.351,411.035,116.665,392.458,0.815194,-1,-1,-1
471,3,1290.197,402.600,213.647,672.285,0.558162,-1,-1,-1
471,12,1130.896,422.723,173.324,586.950,0.771626,-1,-1,-1
471,14,838.464,413.809,90.503,292.662,0.752983,-1,-1,-1
471,20,583.402,446.875,94.676,262.340,0.699288,-1,-1,-1
472,23,-0.170,403.043,398.595,664.261,0.782443,-1,-1,-1
472,25,1495.610,410.030,117.876,395.114,0.831569,-1,-1,-1
472,3,1291.151,399.873,208.132,673.753,0.653765,-1,-1,-1
472,12,1134.838,419.374,178.899,592.527,0.803401,-1,-1,-1
472,14,839.573,413.795,89.550,292.090,0.732814,-1,-1,-1
472,20,585.940,447.096,96.111,262.086,0.733020,-1,-1,-1
472,19,737.092,434.370,119.717,297.341,0.644555,-1,-1,-1
473,23,-9.802,404.539,394.599,663.258,0.633057,-1,-1,-1
473,25,1501.112,411.069,118.786,392.877,0.803105,-1,-1,-1
473,3,1310.952,400.212,202.327,669.457,0.661505,-1,-1,-1
473,12,1139.190,422.633,172.028,589.755,0.792582,-1,-1,-1
473,14,841.122,417.046,89.835,289.251,0.698519,-1,-1,-1
473,20,588.204,442.921,97.673,266.389,0.731604,-1,-1,-1
473,19,742.367,436.370,118.700,294.977,0.669112,-1,-1,-1
474,23,-12.035,403.055,365.129,669.434,0.595068,-1,-1,-1
474,25,1504.729,411.700,123.856,391.784,0.779728,-1,-1,-1
474,3,1324.552,400.601,202.432,666.401,0.721197,-1,-1,-1
474,12,1144.633,423.027,167.206,589.251,0.800719,-1,-1,-1
474,14,840.403,415.541,86.476,290.054,0.622164,-1,-1,-1
474,20,590.920,441.314,98.441,267.761,0.739256,-1,-1,-1
474,19,742.972,438.907,118.941,291.662,0.652732,-1,-1,-1
475,23,-11.690,400.424,347.101,673.834,0.748166,-1,-1,-1
475,25,1509.264,411.361,130.714,393.120,0.777720,-1,-1,-1
475,3,1326.641,401.932,206.292,666.453,0.750667,-1,-1,-1
475,12,1147.945,423.178,167.768,589.706,0.816352,-1,-1,-1
475,14,846.379,416.613,91.007,288.018,0.510877,-1,-1,-1
475,20,593.307,442.812,98.913,265.748,0.741639,-1,-1,-1
475,19,744.465,437.758,117.891,293.430,0.651348,-1,-1,-1
476,23,-10.118,397.433,258.858,677.967,0.677875,-1,-1,-1
476,25,1514.268,412.423,145.655,393.441,0.760180,-1,-1,-1
476,3,1329.243,398.701,213.324,673.653,0.673699,-1,-1,-1
476,12,1150.329,422.628,167.706,590.133,0.813661,-1,-1,-1
476,14,847.573,417.717,83.636,287.483,0.558664,-1,-1,-1
476,20,596.188,445.469,100.975,261.862,0.792318,-1,-1,-1
476,19,744.968,437.659,117.514,294.078,0.701503,-1,-1,-1
477,23,-5.919,392.692,283.462,680.954,0.783840,-1,-1,-1
477,25,1517.875,411.945,165.665,399.228,0.832419,-1,-1,-1
477,3,1335.958,397.829,199.285,665.519,0.396570,-1,-1,-1
477,12,1152.388,422.273,170.963,590.697,0.825038,-1,-1,-1
477,14,848.078,418.024,77.144,285.427,0.553166,-1,-1,-1
477,20,600.862,445.767,100.420,260.989,0.770406,-1,-1,-1
477,19,746.569,438.523,115.751,293.503,0.702896,-1,-1,-1
478,25,1524.419,409.191,180.396,401.959,0.825656,-1,-1,-1
478,3,1339.185,399.084,202.135,660.659,0.657175,-1,-1,-1
478,12,1158.371,422.124,169.158,590.684,0.818731,-1,-1,-1
478,14,849.612,416.754,75.338,286.180,0.489150,-1,-1,-1
478,20,611.720,446.549,94.011,258.638,0.685999,-1,-1,-1
478,19,748.489,438.473,112.882,294.701,0.631334,-1,-1,-1
479,25,1530.500,410.643,193.743,405.013,0.849183,-1,-1,-1
479,3,1345.474,399.245,212.373,669.953,0.760556,-1,-1,-1
479,12,1162.778,421.381,168.681,591.217,0.801455,-1,-1,-1
479,14,851.777,415.306,70.436,286.020,0.519335,-1,-1,-1
479,20,609.874,445.329,101.085,258.996,0.657469,-1,-1,-1
479,19,756.186,439.471,106.281,293.843,0.614882,-1,-1,-1
479,23,-6.978,385.317,261.333,686.434,0.724586,-1,-1,-1
480,25,1537.194,413.808,199.428,408.811,0.857577,-1,-1,-1
480,3,1348.820,402.540,226.440,671.004,0.813036,-1,-1,-1
480,12,1168.794,421.587,166.042,590.052,0.805791,-1,-1,-1
480,14,852.807,413.951,69.569,286.904,0.570107,-1,-1,-1
480,20,619.130,440.220,92.856,262.062,0.605550,-1,-1,-1
480,19,764.451,438.381,99.919,292.159,0.654068,-1,-1,-1
481,25,1542.747,419.027,203.793,407.652,0.847613,-1,-1,-1
481,3,1349.842,400.203,243.978,678.115,0.831563,-1,-1,-1
481,12,1173.449,420.716,165.218,590.765,0.808094,-1,-1,-1
481,14,853.766,414.225,67.732,286.313,0.548008,-1,-1,-1
481,20,626.171,437.033,92.595,263.738,0.602514,-1,-1,-1
481,19,773.642,440.402,95.877,286.275,0.612629,-1,-1,-1
481,18,902.863,441.278,104.151,243.359,0.632029,-1,-1,-1
481,23,-6.063,409.133,227.131,664.240,0.764394,-1,-1,-1
482,25,1548.224,420.009,205.962,410.002,0.833312,-1,-1,-1
482,3,1354.722,397.976,254.435,681.541,0.851052,-1,-1,-1
482,12,1177.565,420.384,164.171,593.211,0.792474,-1,-1,-1
482,14,854.910,414.321,66.627,284.377,0.530185,-1,-1,-1
482,20,632.185,435.562,88.961,265.531,0.577132,-1,-1,-1
482,19,781.392,439.666,91.901,284.157,0.579894,-1,-1,-1
482,18,906.104,443.739,102.844,240.379,0.676371,-1,-1,-1
482,23,-4.082,455.451,206.845,617.733,0.768268,-1,-1,-1
483,25,1555.733,419.596,199.277,413.193,0.825527,-1,-1,-1
483,3,1359.319,395.660,262.852,682.652,0.827998,-1,-1,-1
483,12,1184.012,419.678,161.925,593.337,0.792749,-1,-1,-1
483,14,856.445,416.138,66.812,284.027,0.526539,-1,-1,-1
483,20,631.681,434.522,94.877,264.445,0.616438,-1,-1,-1
483,19,793.531,438.038,81.922,287.738,0.633112,-1,-1,-1
483,18,909.735,445.748,98.905,238.073,0.663249,-1,-1,-1
483,23,-2.656,502.383,187.995,569.703,0.744517,-1,-1,-1
484,25,1563.753,417.348,193.265,418.827,0.821460,-1,-1,-1
484,3,1361.321,394.728,271.721,684.141,0.871617,-1,-1,-1
484,12,1189.688,418.640,161.159,594.724,0.787923,-1,-1,-1
484,14,860.080,429.296,65.047,271.005,0.516397,-1,-1,-1
484,20,633.886,435.881,100.024,262.034,0.655499,-1,-1,-1
484,19,798.643,438.729,77.680,289.549,0.659884,-1,-1,-1
484,18,912.832,446.101,95.706,238.448,0.651463,-1,-1,-1
485,25,1574.394,412.718,184.584,425.971,0.833946,-1,-1,-1
485,3,1362.057,396.190,277.979,682.059,0.856546,-1,-1,-1
485,12,1194.789,420.563,162.674,593.512,0.782194,-1,-1,-1
485,14,862.673,426.274,60.855,271.087,0.466001,-1,-1,-1
485,20,633.349,435.655,110.015,262.065,0.687707,-1,-1,-1
485,19,802.086,439.559,82.830,286.679,0.657976,-1,-1,-1
485,18,914.012,442.867,95.209,240.623,0.678027,-1,-1,-1
486,25,1583.196,413.225,178.260,427.506,0.835593,-1,-1,-1
486,3,1361.534,397.465,283.363,680.280,0.840834,-1,-1,-1
486,12,1199.720,420.946,163.356,592.858,0.776221,-1,-1,-1
486,14,865.547,430.967,59.372,251.564,0.356550,-1,-1,-1
486,20,633.932,435.362,117.956,262.527,0.714388,-1,-1,-1
486,19,803.030,439.490,94.837,286.116,0.576157,-1,-1,-1
486,18,913.181,442.156,94.982,240.609,0.693929,-1,-1,-1
487,25,1590.734,416.643,170.026,425.202,0.789155,-1,-1,-1
487,3,1362.499,397.557,283.600,680.181,0.843761,-1,-1,-1
487,12,1202.261,420.206,175.753,594.219,0.776370,-1,-1,-1
487,14,864.686,430.380,61.353,260.595,0.419887,-1,-1,-1
487,20,634.242,436.139,125.251,261.665,0.670171,-1,-1,-1
487,19,804.738,438.840,93.280,285.621,0.491733,-1,-1,-1
487,18,917.663,442.426,91.761,240.858,0.662328,-1,-1,-1
488,25,1599.354,419.093,164.630,422.210,0.765936,-1,-1,-1
488,3,1362.621,400.535,288.078,677.061,0.819158,-1,-1,-1
488,12,1204.078,420.524,181.351,593.237,0.784312,-1,-1,-1
488,20,636.550,436.290,126.414,261.279,0.672619,-1,-1,-1
488,18,921.247,448.262,89.076,234.739,0.553506,-1,-1,-1
489,25,1608.577,415.631,156.868,428.182,0.745073,-1,-1,-1
489,3,1363.237,396.104,290.597,678.925,0.787947,-1,-1,-1
489,12,1206.567,416.138,185.446,595.585,0.826042,-1,-1,-1
489,20,641.168,436.931,125.255,260.273,0.695779,-1,-1,-1
489,18,923.921,442.095,88.363,240.494,0.609786,-1,-1,-1
490,25,1616.791,413.625,149.592,431.799,0.731957,-1,-1,-1
490,3,1367.826,397.722,273.846,676.141,0.745483,-1,-1,-1
490,12,1206.825,417.726,187.719,595.010,0.800788,-1,-1,-1
490,20,643.873,436.376,124.456,262.155,0.790281,-1,-1,-1
490,18,933.657,440.685,79.904,240.744,0.616315,-1,-1,-1
491,25,1621.902,411.099,133.490,432.521,0.735047,-1,-1,-1
491,3,1370.249,400.335,260.511,671.050,0.671217,-1,-1,-1
491,12,1207.513,418.499,188.117,594.876,0.807599,-1,-1,-1
491,20,647.732,436.043,122.419,263.942,0.789017,-1,-1,-1
491,18,945.338,438.124,71.559,241.645,0.593388,-1,-1,-1
492,25,1632.686,411.193,120.160,436.785,0.709608,-1,-1,-1
492,3,1374.198,395.942,298.185,668.715,0.426422,-1,-1,-1
492,12,1207.395,415.390,193.938,596.503,0.815546,-1,-1,-1
492,20,649.144,434.459,123.587,267.020,0.764072,-1,-1,-1
492,18,953.350,437.795,72.440,241.783,0.623732,-1,-1,-1
492,19,809.351,444.990,137.110,281.291,0.668848,-1,-1,-1
493,25,1637.717,411.285,120.745,435.007,0.639483,-1,-1,-1
493,3,1375.725,391.664,260.400,670.682,0.474079,-1,-1,-1
493,12,1207.845,417.494,197.852,594.148,0.829161,-1,-1,-1
493,20,652.343,440.344,120.836,262.544,0.772972,-1,-1,-1
493,18,958.418,440.055,73.677,240.259,0.706020,-1,-1,-1
493,19,810.792,446.737,141.157,278.846,0.687574,-1,-1,-1
494,25,1638.346,411.327,129.184,410.610,0.671639,-1,-1,-1
494,3,1379.129,389.689,284.314,663.543,0.498759,-1,-1,-1
494,12,1208.014,420.720,204.799,590.870,0.828034,-1,-1,-1
494,20,655.117,442.461,119.568,260.688,0.782573,-1,-1,-1
494,18,959.044,441.849,77.266,239.185,0.656077,-1,-1,-1
494,19,811.491,446.815,143.880,279.641,0.710907,-1,-1,-1
495,25,1639.255,407.922,154.257,442.210,0.693221,-1,-1,-1
495,3,1380.134,385.741,284.900,664.681,0.445606,-1,-1,-1
495,12,1208.568,422.066,211.977,590.333,0.814338,-1,-1,-1
495,20,655.794,439.586,118.442,263.376,0.762738,-1,-1,-1
495,18,961.845,442.484,86.239,239.600,0.662829,-1,-1,-1
495,19,817.602,444.729,139.023,281.366,0.682418,-1,-1,-1
496,25,1642.875,405.657,168.783,417.725,0.488069,-1,-1,-1
496,3,1383.416,404.508,184.152,597.281,0.647746,-1,-1,-1
496,12,1209.040,421.366,218.816,591.459,0.832472,-1,-1,-1
496,20,657.909,439.032,116.064,263.915,0.786481,-1,-1,-1
496,18,961.761,443.511,99.291,239.271,0.729144,-1,-1,-1
496,19,822.070,442.724,135.795,284.637,0.701603,-1,-1,-1
497,25,1647.010,406.576,160.588,454.469,0.799999,-1,-1,-1
497,3,1395.848,387.184,266.491,663.240,0.653185,-1,-1,-1
497,12,1210.058,421.515,223.327,590.860,0.852758,-1,-1,-1
497,20,663.750,436.060,109.493,267.151,0.776020,-1,-1,-1
497,18,964.191,443.209,108.445,239.920,0.728262,-1,-1,-1
497,19,829.248,443.455,128.925,285.521,0.734237,-1,-1,-1
498,25,1652.465,409.473,160.029,463.039,0.741865,-1,-1,-1
498,3,1409.896,380.946,272.920,682.996,0.649960,-1,-1,-1
498,12,1213.969,419.242,222.939,592.942,0.847300,-1,-1,-1
498,20,670.263,433.961,102.047,269.240,0.772235,-1,-1,-1
498,18,968.451,441.422,112.962,241.701,0.737961,-1,-1,-1
498,19,838.583,444.500,119.883,283.530,0.680819,-1,-1,-1
498,27,1392.304,414.579,135.818,516.581,0.651438,-1,-1,-1
499,25,1655.351,407.686,190.783,469.217,0.851943,-1,-1,-1
499,3,1423.073,379.695,271.459,690.305,0.666781,-1,-1,-1
499,12,1221.049,416.690,215.819,596.115,0.836085,-1,-1,-1
499,20,674.275,436.315,98.002,265.902,0.766849,-1,-1,-1
499,18,971.153,441.512,118.703,242.302,0.697462,-1,-1,-1
499,19,852.087,444.153,106.846,284.817,0.699780,-1,-1,-1
499,27,1392.812,408.556,143.372,532.035,0.655571,-1,-1,-1
500,25,1661.921,411.556,205.775,473.310,0.842510,-1,-1,-1
500,3,1444.528,379.119,264.405,692.500,0.581219,-1,-1,-1
500,12,1229.339,417.524,209.616,595.950,0.788739,-1,-1,-1
500,20,677.135,434.914,95.884,267.012,0.747077,-1,-1,-1
500,18,971.951,443.768,120.228,240.330,0.680584,-1,-1,-1
500,19,857.016,440.943,103.360,286.843,0.659152,-1,-1,-1
500,27,1389.261,409.835,155.685,547.485,0.676294,-1,-1,-1
501,25,1672.509,416.266,218.453,472.600,0.853310,-1,-1,-1
501,12,1240.633,415.993,202.319,598.319,0.791844,-1,-1,-1
501,20,683.114,434.748,91.122,266.359,0.685234,-1,-1,-1
501,18,971.214,451.952,120.319,232.052,0.706754,-1,-1,-1
501,19,860.064,439.255,102.972,287.725,0.699221,-1,-1,-1
501,27,1393.201,412.946,154.604,545.774,0.684180,-1,-1,-1
502,25,1683.994,416.208,217.530,474.903,0.844309,-1,-1,-1
502,12,1253.972,416.007,195.687,599.491,0.796774,-1,-1,-1
502,20,692.458,436.413,83.498,263.622,0.677433,-1,-1,-1
502,18,973.636,452.128,117.169,231.757,0.733498,-1,-1,-1
502,19,862.761,440.615,103.970,286.623,0.655698,-1,-1,-1
502,27,1389.438,408.321,163.009,557.104,0.713087,-1,-1,-1
503,25,1692.673,414.210,215.869,481.553,0.855336,-1,-1,-1
503,12,1277.469,412.565,178.431,605.185,0.767067,-1,-1,-1
503,20,692.794,435.689,86.333,265.057,0.695993,-1,-1,-1
503,18,980.481,449.236,110.541,234.568,0.719463,-1,-1,-1
503,19,867.982,441.079,104.983,285.805,0.673153,-1,-1,-1
503,27,1385.285,411.109,170.783,557.565,0.620799,-1,-1,-1
503,3,1504.229,375.127,224.549,692.963,0.725780,-1,-1,-1
504,25,1699.405,412.091,218.519,493.054,0.865668,-1,-1,-1
504,12,1293.774,412.969,168.290,606.953,0.804232,-1,-1,-1
504,20,694.749,436.341,86.684,265.076,0.686718,-1,-1,-1
504,18,989.994,448.989,99.452,234.805,0.659564,-1,-1,-1
504,19,874.133,441.392,106.038,284.811,0.569622,-1,-1,-1
504,27,1389.504,411.623,170.843,557.553,0.697113,-1,-1,-1
504,3,1518.075,373.973,218.653,694.039,0.700452,-1,-1,-1
505,25,1709.470,409.308,212.398,501.000,0.885018,-1,-1,-1
505,12,1303.492,411.695,165.065,613.265,0.828246,-1,-1,-1
505,20,695.239,437.708,89.634,264.463,0.782461,-1,-1,-1
505,18,1001.043,454.876,87.312,229.216,0.644199,-1,-1,-1
505,19,883.074,443.765,113.919,281.255,0.583145,-1,-1,-1
505,27,1400.997,422.359,164.228,548.566,0.662106,-1,-1,-1
505,3,1526.136,374.208,220.400,698.666,0.768242,-1,-1,-1
506,25,1719.195,404.697,204.684,507.422,0.885305,-1,-1,-1
506,12,1310.298,412.355,163.818,622.950,0.793690,-1,-1,-1
506,20,700.017,436.422,90.124,266.397,0.743332,-1,-1,-1
506,18,1011.693,460.150,78.620,223.435,0.626398,-1,-1,-1
506,19,894.732,449.993,117.950,273.739,0.652862,-1,-1,-1
506,27,1431.610,424.414,137.187,534.714,0.706206,-1,-1,-1
506,3,1531.099,373.441,218.444,700.790,0.757125,-1,-1,-1
507,25,1733.868,401.184,190.325,513.010,0.876391,-1,-1,-1
507,12,1315.920,413.145,161.885,632.056,0.811847,-1,-1,-1
507,20,703.256,436.472,95.200,266.189,0.723571,-1,-1,-1
507,18,1018.319,453.808,79.282,228.879,0.533757,-1,-1,-1
507,19,900.789,451.752,120.805,270.985,0.670079,-1,-1,-1
507,27,1445.635,420.320,125.941,541.934,0.695529,-1,-1,-1
507,3,1533.946,375.703,220.213,700.299,0.741280,-1,-1,-1
507,29,154.522,483.025,116.161,243.117,0.677817,-1,-1,-1
508,25,1744.368,399.034,178.926,514.922,0.845823,-1,-1,-1
508,12,1320.392,415.862,178.616,637.884,0.775590,-1,-1,-1
508,20,713.197,436.757,91.970,264.527,0.684680,-1,-1,-1
508,18,1027.060,451.147,73.362,230.180,0.532878,-1,-1,-1
508,19,902.224,453.311,133.289,269.289,0.709952,-1,-1,-1
508,27,1455.061,415.010,120.635,537.933,0.674259,-1,-1,-1
508,3,1533.590,375.218,227.210,698.539,0.746789,-1,-1,-1
508,29,142.111,484.258,120.614,244.228,0.670765,-1,-1,-1
509,25,1752.849,397.324,170.081,514.446,0.791036,-1,-1,-1
509,12,1325.846,414.611,199.000,644.055,0.827936,-1,-1,-1
509,20,716.616,439.024,96.180,262.220,0.671798,-1,-1,-1
509,18,1033.192,461.990,67.972,218.092,0.492773,-1,-1,-1
509,19,903.316,449.953,138.813,274.400,0.737090,-1,-1,-1
509,27,1462.876,408.934,120.150,558.845,0.587931,-1,-1,-1
509,3,1534.374,375.195,225.685,694.302,0.700867,-1,-1,-1
509,29,129.876,479.585,120.707,244.676,0.670982,-1,-1,-1
510,25,1768.895,394.666,153.781,503.910,0.824336,-1,-1,-1
510,12,1327.859,414.288,217.451,645.243,0.840662,-1,-1,-1
510,20,716.378,437.291,109.115,263.866,0.704347,-1,-1,-1
510,18,1037.647,466.440,69.830,210.430,0.496576,-1,-1,-1
510,19,903.228,447.792,139.918,278.017,0.751034,-1,-1,-1
510,27,1469.699,406.439,120.667,570.735,0.708519,-1,-1,-1
510,3,1546.635,377.019,238.027,697.199,0.613418,-1,-1,-1
510,29,111.078,477.663,126.306,247.202,0.663349,-1,-1,-1
511,25,1780.079,394.901,142.553,497.455,0.807529,-1,-1,-1
511,12,1327.226,415.646,233.327,645.768,0.838595,-1,-1,-1
511,20,716.799,439.326,114.201,261.638,0.725019,-1,-1,-1
511,18,1038.333,462.903,75.737,213.344,0.546035,-1,-1,-1
511,19,902.246,447.552,150.426,278.963,0.762641,-1,-1,-1
511,27,1476.166,406.375,119.543,559.570,0.667802,-1,-1,-1
511,3,1546.684,372.385,262.458,703.373,0.717555,-1,-1,-1
511,29,99.006,477.499,127.587,251.121,0.558387,-1,-1,-1
512,25,1787.482,394.787,134.703,497.973,0.806697,-1,-1,-1
512,12,1325.568,418.681,241.520,644.830,0.845145,-1,-1,-1
512,20,719.332,438.239,113.714,261.996,0.738990,-1,-1,-1
512,18,1040.736,457.311,83.222,220.449,0.604854,-1,-1,-1
512,19,902.271,445.448,153.331,281.349,0.757811,-1,-1,-1
512,27,1478.209,408.742,119.419,542.309,0.639322,-1,-1,-1
512,3,1550.221,374.894,242.538,694.060,0.576663,-1,-1,-1
512,29,82.881,496.028,137.256,236.622,0.212797,-1,-1,-1
513,25,1803.207,391.830,118.771,507.868,0.798220,-1,-1,-1
513,12,1324.733,419.536,248.241,647.470,0.847150,-1,-1,-1
513,20,720.861,437.505,117.150,262.940,0.742359,-1,-1,-1
513,18,1043.484,449.053,89.802,229.187,0.605020,-1,-1,-1
513,19,902.326,444.976,155.488,281.873,0.750538,-1,-1,-1
513,27,1481.511,413.091,119.802,551.151,0.653584,-1,-1,-1
513,3,1553.306,373.789,234.154,621.645,0.481866,-1,-1,-1
513,29,66.738,483.654,141.514,251.190,0.603570,-1,-1,-1
514,25,1810.413,391.370,111.439,512.198,0.803550,-1,-1,-1
514,12,1324.442,419.692,251.735,648.577,0.843456,-1,-1,-1
514,20,723.287,440.054,115.125,259.012,0.747746,-1,-1,-1
514,18,1044.544,446.679,98.945,231.351,0.622323,-1,-1,-1
514,19,903.136,445.334,156.045,280.835,0.701363,-1,-1,-1
514,27,1486.244,416.475,119.669,538.712,0.593968,-1,-1,-1
514,3,1559.029,372.814,226.564,591.545,0.567200,-1,-1,-1
514,29,51.159,479.428,144.395,256.447,0.656754,-1,-1,-1
515,25,1820.723,389.803,101.012,517.438,0.792938,-1,-1,-1
515,12,1325.291,419.039,253.467,650.188,0.844026,-1,-1,-1
515,20,726.775,440.190,112.826,257.358,0.725326,-1,-1,-1
515,18,1047.030,450.132,103.721,228.111,0.677981,-1,-1,-1
515,19,904.471,444.469,156.802,280.891,0.743132,-1,-1,-1
515,27,1490.550,416.414,124.675,525.051,0.520060,-1,-1,-1
515,3,1565.058,373.061,243.023,660.801,0.528294,-1,-1,-1
515,29,38.082,478.717,146.556,259.117,0.699750,-1,-1,-1
516,25,1825.238,388.605,95.682,525.134,0.757792,-1,-1,-1
516,12,1325.081,422.423,257.056,648.435,0.830706,-1,-1,-1
516,20,731.842,437.323,109.298,259.206,0.748272,-1,-1,-1
516,18,1050.328,450.745,100.417,226.040,0.577519,-1,-1,-1
516,19,907.596,440.357,154.325,282.692,0.759769,-1,-1,-1
516,27,1496.396,416.021,127.792,516.017,0.416471,-1,-1,-1
516,3,1565.264,375.033,269.099,675.658,0.606434,-1,-1,-1
516,29,23.303,479.214,149.577,260.100,0.705376,-1,-1,-1
517,25,1834.866,391.613,86.026,517.199,0.698122,-1,-1,-1
517,12,1325.157,424.714,261.212,646.716,0.820537,-1,-1,-1
517,20,735.895,439.867,106.887,255.758,0.729004,-1,-1,-1
517,18,1051.355,450.921,101.350,226.193,0.553442,-1,-1,-1
517,19,911.141,438.848,149.722,284.181,0.768903,-1,-1,-1
517,27,1502.335,412.100,130.262,508.397,0.398951,-1,-1,-1
517,3,1573.356,377.941,274.774,686.268,0.432924,-1,-1,-1
517,29,14.507,490.348,149.215,249.073,0.579963,-1,-1,-1
518,25,1843.333,394.242,77.437,513.996,0.662861,-1,-1,-1
518,12,1328.453,420.785,263.552,649.690,0.820527,-1,-1,-1
518,20,741.103,434.836,102.259,259.647,0.779865,-1,-1,-1
518,18,1051.219,458.287,103.644,219.732,0.570751,-1,-1,-1
518,19,914.807,436.596,145.919,286.918,0.786573,-1,-1,-1
518,27,1509.911,412.289,131.006,597.695,0.361610,-1,-1,-1
518,3,1578.026,378.882,275.908,690.447,0.423474,-1,-1,-1
518,29,3.392,484.197,150.977,256.288,0.683422,-1,-1,-1
519,25,1853.261,394.648,67.423,497.324,0.524656,-1,-1,-1
519,12,1331.065,421.481,263.274,648.220,0.795095,-1,-1,-1
519,20,744.766,433.667,100.599,260.005,0.772093,-1,-1,-1
519,18,1052.040,452.443,102.911,226.089,0.533574,-1,-1,-1
519,19,918.230,440.173,142.467,281.490,0.655567,-1,-1,-1
519,27,1517.215,413.548,126.089,630.066,0.469211,-1,-1,-1
519,3,1578.557,381.396,301.986,690.004,0.656797,-1,-1,-1
519,29,-2.143,489.309,148.708,251.645,0.614191,-1,-1,-1
520,25,1867.564,396.659,53.117,483.307,0.543356,-1,-1,-1
520,12,1335.456,419.723,258.089,649.709,0.782735,-1,-1,-1
520,20,750.493,431.805,95.103,260.269,0.727911,-1,-1,-1
520,18,1052.291,455.568,102.135,222.738,0.567076,-1,-1,-1
520,19,928.776,444.913,135.863,276.062,0.657590,-1,-1,-1
520,27,1523.037,418.060,129.781,561.511,0.447007,-1,-1,-1
520,3,1581.742,381.392,269.516,691.450,0.551765,-1,-1,-1
520,29,-3.932,483.449,150.519,260.741,0.535069,-1,-1,-1
520,14,882.412,436.386,78.166,263.543,0.639211,-1,-1,-1
521,25,1869.454,392.413,51.155,458.487,0.368737,-1,-1,-1
521,12,1340.342,416.998,250.478,651.648,0.827314,-1,-1,-1
521,20,757.318,431.898,89.339,259.601,0.742371,-1,-1,-1
521,18,1053.798,444.445,99.717,234.158,0.620783,-1,-1,-1
521,19,937.283,445.731,130.430,275.015,0.632474,-1,-1,-1
521,27,1528.002,420.030,135.554,534.129,0.498776,-1,-1,-1
521,3,1581.396,381.948,313.695,686.711,0.612447,-1,-1,-1
521,29,-3.971,481.831,135.868,266.928,0.494751,-1,-1,-1
521,14,882.851,433.811,79.995,267.203,0.633454,-1,-1,-1
522,12,1345.983,414.234,249.541,653.679,0.802219,-1,-1,-1
522,20,766.680,433.532,80.651,256.055,0.715278,-1,-1,-1
522,18,1055.478,444.211,98.028,234.514,0.623436,-1,-1,-1
522,19,948.945,443.167,121.954,277.216,0.670091,-1,-1,-1
522,27,1532.641,418.003,142.703,537.158,0.488143,-1,-1,-1
522,3,1603.074,379.502,305.708,606.349,0.627242,-1,-1,-1
522,29,-3.477,479.105,114.851,268.790,0.496556,-1,-1,-1
522,14,881.512,432.604,84.148,269.551,0.642195,-1,-1,-1
523,12,1352.987,413.326,246.638,655.121,0.730921,-1,-1,-1
523,20,766.966,433.892,85.436,256.443,0.716824,-1,-1,-1
523,18,1056.474,453.686,98.247,225.165,0.643991,-1,-1,-1
523,19,953.706,443.309,115.658,278.287,0.681126,-1,-1,-1
523,27,1539.307,414.360,151.451,543.354,0.517766,-1,-1,-1
523,3,1590.107,380.252,330.525,664.022,0.603087,-1,-1,-1
523,14,881.907,423.346,89.474,280.618,0.647941,-1,-1,-1
524,12,1364.025,412.426,238.300,655.367,0.712629,-1,-1,-1
524,20,769.204,432.340,87.776,258.437,0.739074,-1,-1,-1
524,18,1060.033,456.863,95.797,221.565,0.607840,-1,-1,-1
524,19,965.751,444.057,104.852,276.577,0.623678,-1,-1,-1
524,27,1547.438,413.215,150.748,556.588,0.478522,-1,-1,-1
524,3,1590.019,376.603,335.079,684.195,0.797331,-1,-1,-1
524,14,881.192,419.853,94.221,284.227,0.663502,-1,-1,-1
525,12,1380.956,412.261,224.796,656.736,0.721930,-1,-1,-1
525,20,768.818,431.446,91.293,259.447,0.748393,-1,-1,-1
525,18,1061.972,460.604,97.274,218.563,0.628286,-1,-1,-1
525,19,972.679,445.045,97.306,275.688,0.657495,-1,-1,-1
525,27,1547.348,410.466,157.117,580.338,0.592030,-1,-1,-1
525,3,1595.345,372.176,330.782,697.562,0.682195,-1,-1,-1
525,14,886.158,413.752,93.715,292.026,0.653139,-1,-1,-1
526,12,1402.659,411.648,207.737,654.235,0.674923,-1,-1,-1
526,20,768.754,435.286,95.656,255.175,0.717404,-1,-1,-1
526,18,1065.199,462.963,97.674,215.293,0.634185,-1,-1,-1
526,19,986.537,445.933,81.750,277.101,0.658067,-1,-1,-1
526,27,1550.121,410.090,160.594,587.492,0.576547,-1,-1,-1
526,3,1599.886,364.720,325.736,707.720,0.816154,-1,-1,-1
526,14,894.275,412.065,88.514,295.204,0.675339,-1,-1,-1
527,12,1422.996,414.078,197.288,653.955,0.750684,-1,-1,-1
527,20,771.384,436.786,104.283,253.681,0.689546,-1,-1,-1
527,18,1070.010,461.130,97.719,215.807,0.621451,-1,-1,-1
527,19,995.203,449.081,77.413,274.623,0.705160,-1,-1,-1
527,27,1562.040,409.954,156.549,590.470,0.679923,-1,-1,-1
527,3,1602.000,367.221,322.682,706.490,0.696490,-1,-1,-1
527,14,898.823,408.948,86.068,298.446,0.736166,-1,-1,-1
528,12,1437.656,413.143,184.090,653.747,0.691603,-1,-1,-1
528,20,784.844,438.083,96.914,250.778,0.598093,-1,-1,-1
528,18,1076.760,455.719,89.948,220.396,0.641129,-1,-1,-1
528,19,998.237,447.145,82.169,278.271,0.712142,-1,-1,-1
528,27,1570.428,411.100,162.325,591.036,0.715094,-1,-1,-1
528,3,1604.500,384.161,320.643,689.909,0.734203,-1,-1,-1
528,14,904.122,411.372,81.417,296.255,0.727917,-1,-1,-1
529,12,1445.944,413.676,181.505,654.681,0.781345,-1,-1,-1
529,20,783.270,437.205,118.417,251.880,0.629425,-1,-1,-1
529,18,1085.436,452.700,78.005,222.282,0.532637,-1,-1,-1
529,19,1001.619,444.543,89.991,279.066,0.706653,-1,-1,-1
529,27,1578.339,412.753,164.343,592.311,0.730794,-1,-1,-1
529,14,913.032,407.591,74.879,299.823,0.733060,-1,-1,-1
530,12,1451.451,414.836,180.282,654.569,0.793021,-1,-1,-1
530,20,790.562,436.232,115.069,251.994,0.685231,-1,-1,-1
530,18,1093.023,449.808,71.061,225.503,0.564870,-1,-1,-1
530,19,1004.869,441.633,94.889,279.238,0.716387,-1,-1,-1
530,27,1582.018,412.814,164.626,596.202,0.677970,-1,-1,-1
530,14,917.823,405.204,72.336,302.287,0.755043,-1,-1,-1
531,12,1453.727,414.343,188.083,653.924,0.809768,-1,-1,-1
531,20,788.435,435.452,116.789,252.839,0.753414,-1,-1,-1
531,18,1094.400,451.504,71.610,225.411,0.584636,-1,-1,-1
531,19,1008.390,443.581,99.559,276.029,0.775265,-1,-1,-1
531,27,1588.008,414.245,162.253,599.161,0.719869,-1,-1,-1
531,14,920.496,403.532,72.413,304.369,0.763747,-1,-1,-1
532,12,1456.033,413.350,199.358,654.600,0.796791,-1,-1,-1
532,20,789.798,436.187,117.914,252.263,0.753909,-1,-1,-1
532,18,1097.703,452.847,63.587,224.355,0.516708,-1,-1,-1
532,19,1010.235,444.412,106.411,275.232,0.803021,-1,-1,-1
532,27,1591.237,411.436,166.862,612.367,0.754005,-1,-1,-1
532,14,923.492,402.431,74.242,304.017,0.730066,-1,-1,-1
532,3,1640.925,369.839,283.071,706.244,0.780090,-1,-1,-1
533,12,1457.695,412.434,208.561,654.689,0.824384,-1,-1,-1
533,20,794.259,436.428,114.635,251.764,0.740862,-1,-1,-1
533,18,1100.028,448.137,65.644,230.727,0.558748,-1,-1,-1
533,19,1007.863,445.880,113.972,272.912,0.760120,-1,-1,-1
533,27,1597.156,408.853,175.200,622.859,0.771216,-1,-1,-1
533,14,923.563,403.707,79.715,302.354,0.707554,-1,-1,-1
533,3,1659.539,368.552,262.707,709.702,0.825152,-1,-1,-1
534,12,1458.464,411.912,212.453,655.303,0.833498,-1,-1,-1
534,20,800.603,436.925,115.131,251.316,0.764124,-1,-1,-1
534,18,1097.302,448.480,67.945,230.359,0.567271,-1,-1,-1
534,19,1008.773,449.692,124.814,269.992,0.715484,-1,-1,-1
534,27,1599.427,411.848,187.937,617.989,0.750571,-1,-1,-1
534,14,922.256,406.850,85.458,300.502,0.723534,-1,-1,-1
534,3,1706.958,369.960,215.197,653.833,0.666349,-1,-1,-1
535,12,1458.631,412.825,213.058,654.670,0.832243,-1,-1,-1
535,20,800.434,438.773,119.471,249.378,0.765639,-1,-1,-1
535,18,1100.752,445.816,72.311,231.778,0.456552,-1,-1,-1
535,19,1009.440,445.857,131.583,276.747,0.686133,-1,-1,-1
535,27,1606.985,410.530,184.107,615.525,0.767551,-1,-1,-1
535,14,921.414,422.241,92.798,285.697,0.737838,-1,-1,-1
535,3,1717.435,373.228,204.451,684.647,0.624918,-1,-1,-1
536,12,1458.799,413.960,216.528,654.056,0.818601,-1,-1,-1
536,20,802.639,437.927,117.910,249.261,0.733466,-1,-1,-1
536,18,1104.569,446.108,70.392,229.150,0.384810,-1,-1,-1
536,19,1008.420,449.361,137.750,272.627,0.713786,-1,-1,-1
536,27,1610.911,409.434,182.601,620.121,0.737653,-1,-1,-1
536,14,917.340,427.567,100.054,280.565,0.740653,-1,-1,-1
536,3,1741.935,370.271,179.492,699.113,0.805552,-1,-1,-1
537,12,1459.872,415.137,227.094,652.211,0.785445,-1,-1,-1
537,20,805.152,437.498,116.094,249.863,0.734752,-1,-1,-1
537,18,1109.782,454.753,65.796,220.301,0.464525,-1,-1,-1
537,19,1008.045,453.989,141.645,267.925,0.661013,-1,-1,-1
537,27,1615.687,408.361,184.040,626.378,0.562226,-1,-1,-1
537,14,917.382,434.436,102.725,272.316,0.710555,-1,-1,-1
537,3,1760.624,371.038,160.443,703.493,0.807844,-1,-1,-1
538,12,1460.903,414.716,229.790,652.815,0.796979,-1,-1,-1
538,20,806.029,436.235,117.502,250.913,0.753578,-1,-1,-1
538,18,1108.267,451.436,66.966,225.603,0.476641,-1,-1,-1
538,19,1010.877,451.961,138.665,270.115,0.703717,-1,-1,-1
538,27,1619.843,409.513,189.680,623.833,0.629090,-1,-1,-1
538,14,918.605,429.042,104.316,279.292,0.737785,-1,-1,-1
538,3,1770.141,371.412,150.768,705.635,0.815598,-1,-1,-1
539,12,1462.433,414.187,232.931,653.737,0.797977,-1,-1,-1
539,20,808.846,435.326,116.340,253.230,0.749476,-1,-1,-1
539,18,1113.898,448.139,64.886,229.572,0.429095,-1,-1,-1
539,19,1012.153,444.589,137.156,277.604,0.710236,-1,-1,-1
539,27,1624.466,409.552,195.615,618.111,0.696070,-1,-1,-1
539,14,920.961,426.046,103.592,282.848,0.746017,-1,-1,-1
539,3,1779.715,380.063,141.231,698.431,0.790671,-1,-1,-1
540,12,1465.566,415.030,232.967,653.819,0.792311,-1,-1,-1
540,20,813.876,434.585,112.232,252.909,0.727934,-1,-1,-1
540,18,1113.350,448.707,64.795,229.931,0.388605,-1,-1,-1
540,19,1013.239,441.437,135.989,281.427,0.679846,-1,-1,-1
540,27,1632.898,409.376,192.587,612.271,0.727544,-1,-1,-1
540,14,921.352,425.638,107.039,283.602,0.769815,-1,-1,-1
540,3,1785.823,405.451,134.945,671.549,0.792990,-1,-1,-1
541,12,1469.063,413.455,239.038,658.202,0.771322,-1,-1,-1
541,20,816.473,433.585,111.726,254.036,0.738496,-1,-1,-1
541,18,1116.888,448.675,62.095,230.114,0.459473,-1,-1,-1
541,19,1021.394,438.433,127.150,285.096,0.658546,-1,-1,-1
541,27,1640.533,408.107,191.264,613.466,0.770836,-1,-1,-1
541,14,922.556,421.864,118.028,287.438,0.720833,-1,-1,-1
541,3,1790.909,394.371,130.107,684.630,0.772833,-1,-1,-1
542,12,1473.167,412.391,258.417,659.511,0.762791,-1,-1,-1
542,20,820.852,434.733,108.865,253.078,0.724780,-1,-1,-1
542,18,1119.780,452.684,60.380,224.465,0.502205,-1,-1,-1
542,19,1029.469,435.145,117.705,287.980,0.643935,-1,-1,-1
542,27,1645.519,406.840,191.802,615.594,0.629575,-1,-1,-1
542,14,923.019,416.894,122.407,293.167,0.728119,-1,-1,-1
542,3,1799.316,389.460,121.826,690.476,0.739219,-1,-1,-1
543,12,1481.359,412.045,256.385,658.136,0.602077,-1,-1,-1
543,20,826.333,433.638,103.927,253.532,0.663667,-1,-1,-1
543,18,1122.910,450.275,57.889,226.042,0.382230,-1,-1,-1
543,19,1043.655,437.046,104.553,285.037,0.575004,-1,-1,-1
543,27,1649.208,405.410,194.333,614.654,0.537917,-1,-1,-1
543,14,922.906,422.646,121.297,285.853,0.743282,-1,-1,-1
543,3,1807.464,389.544,113.669,691.418,0.677571,-1,-1,-1
544,20,835.233,434.344,96.486,252.102,0.682896,-1,-1,-1
544,18,1124.281,451.188,59.336,226.551,0.341573,-1,-1,-1
544,19,1051.293,437.237,99.310,283.805,0.585813,-1,-1,-1
544,27,1651.673,406.972,193.736,598.958,0.453132,-1,-1,-1
544,14,922.781,432.178,124.157,275.473,0.707568,-1,-1,-1
544,3,1823.585,386.407,97.098,608.524,0.672058,-1,-1,-1
545,20,845.700,436.183,89.422,247.476,0.667755,-1,-1,-1
545,18,1121.509,457.201,67.215,223.076,0.294198,-1,-1,-1
545,19,1065.456,435.922,93.393,285.966,0.462605,-1,-1,-1
545,27,1654.483,407.700,193.628,614.465,0.573259,-1,-1,-1
545,14,925.328,433.530,126.654,274.414,0.699652,-1,-1,-1
545,3,1838.278,449.711,82.196,517.743,0.511521,-1,-1,-1
546,20,861.058,434.957,78.273,246.675,0.701411,-1,-1,-1
546,18,1124.353,456.335,66.941,225.754,0.377372,-1,-1,-1
546,19,1076.266,436.618,83.665,282.166,0.518183,-1,-1,-1
546,27,1659.288,407.138,191.678,623.411,0.545296,-1,-1,-1
546,14,930.085,434.173,123.582,272.481,0.709819,-1,-1,-1
547,20,868.930,436.475,72.013,244.431,0.661527,-1,-1,-1
547,18,1127.518,453.338,64.830,227.238,0.272858,-1,-1,-1
547,27,1665.364,411.646,189.216,607.483,0.654527,-1,-1,-1
547,14,935.798,430.289,118.874,276.905,0.684367,-1,-1,-1
547,12,1540.355,408.988,208.373,655.321,0.639780,-1,-1,-1
547,3,1826.479,488.503,94.689,568.875,0.646932,-1,-1,-1
548,20,872.558,436.116,70.323,242.779,0.632332,-1,-1,-1
548,18,1128.126,453.018,65.496,231.515,0.169915,-1,-1,-1
548,27,1669.701,412.534,190.998,602.526,0.736953,-1,-1,-1
548,14,938.285,428.692,117.971,277.857,0.660931,-1,-1,-1
548,12,1549.105,409.379,196.023,659.966,0.721018,-1,-1,-1
548,3,1829.341,461.218,93.132,616.242,0.521435,-1,-1,-1
549,20,875.896,437.840,71.453,243.310,0.621902,-1,-1,-1
549,18,1120.654,444.584,73.409,243.761,0.286900,-1,-1,-1
549,27,1677.026,414.005,188.481,601.010,0.719294,-1,-1,-1
549,14,944.962,426.977,111.526,278.240,0.654341,-1,-1,-1
549,12,1552.652,409.479,195.534,656.451,0.754000,-1,-1,-1
549,3,1832.607,433.626,89.872,650.448,0.313686,-1,-1,-1
549,32,653.482,455.505,38.533,110.360,0.668732,-1,-1,-1
550,20,877.712,438.644,76.213,243.629,0.621939,-1,-1,-1
550,27,1684.954,408.891,191.654,610.095,0.734167,-1,-1,-1
550,14,954.706,420.952,106.389,282.713,0.622943,-1,-1,-1
550,12,1554.860,410.131,194.417,655.702,0.773141,-1,-1,-1
550,32,653.900,456.062,37.536,109.100,0.671076,-1,-1,-1
551,20,880.131,436.752,76.341,246.591,0.644633,-1,-1,-1
551,27,1691.609,405.988,192.553,610.702,0.708515,-1,-1,-1
551,14,962.620,415.868,99.994,286.269,0.614957,-1,-1,-1
551,12,1557.499,410.779,198.390,658.610,0.770301,-1,-1,-1
551,32,653.234,456.731,38.021,107.979,0.645931,-1,-1,-1
552,20,885.578,434.378,75.434,250.025,0.679776,-1,-1,-1
552,27,1697.759,405.339,190.873,609.763,0.735899,-1,-1,-1
552,14,971.869,417.191,88.900,282.459,0.609173,-1,-1,-1
552,12,1559.542,410.924,207.011,665.124,0.801978,-1,-1,-1
552,32,651.836,456.520,41.075,109.236,0.613540,-1,-1,-1
553,20,888.068,434.107,81.254,249.944,0.723368,-1,-1,-1
553,27,1703.038,404.517,196.515,614.880,0.678936,-1,-1,-1
553,14,985.210,419.762,78.473,276.848,0.698840,-1,-1,-1
553,12,1562.279,410.432,211.707,666.503,0.790561,-1,-1,-1
553,32,650.607,456.229,42.621,110.120,0.577795,-1,-1,-1
554,20,888.939,432.945,86.559,251.276,0.736538,-1,-1,-1
554,27,1704.590,403.801,201.391,633.220,0.282481,-1,-1,-1
554,14,989.734,416.009,78.760,284.721,0.659627,-1,-1,-1
554,32,648.402,456.258,41.849,109.741,0.486981,-1,-1,-1
555,20,889.042,432.941,88.443,251.438,0.732708,-1,-1,-1
555,27,1712.262,403.010,201.440,637.917,0.412032,-1,-1,-1
555,14,994.673,413.060,78.240,287.630,0.679419,-1,-1,-1
555,32,646.816,457.354,41.584,107.870,0.491133,-1,-1,-1
556,20,890.148,433.920,87.856,251.143,0.768239,-1,-1,-1
556,27,1717.653,402.025,202.591,628.678,0.202328,-1,-1,-1
556,14,1000.869,412.255,80.186,288.165,0.724395,-1,-1,-1
556,32,645.092,458.053,42.365,107.278,0.515697,-1,-1,-1
556,19,1090.040,437.141,118.359,284.046,0.718181,-1,-1,-1
557,20,891.978,435.736,89.261,249.461,0.757158,-1,-1,-1
557,27,1717.919,400.603,202.087,646.696,0.328464,-1,-1,-1
557,14,997.993,421.683,88.003,275.877,0.669734,-1,-1,-1
557,32,644.545,458.690,41.818,106.671,0.542583,-1,-1,-1
557,19,1090.882,438.453,118.623,282.715,0.747664,-1,-1,-1
557,12,1562.026,408.795,251.117,662.824,0.684219,-1,-1,-1
558,20,893.101,436.787,88.387,248.272,0.747932,-1,-1,-1
558,14,992.433,431.730,98.780,265.563,0.706359,-1,-1,-1
558,32,643.980,460.452,41.054,105.135,0.547024,-1,-1,-1
558,19,1093.126,438.375,117.681,281.868,0.801863,-1,-1,-1
558,12,1561.714,406.493,283.799,668.170,0.804188,-1,-1,-1
559,20,892.550,437.821,90.476,247.303,0.744652,-1,-1,-1
559,14,993.859,431.957,102.346,265.914,0.641655,-1,-1,-1
559,32,644.379,462.490,40.009,102.013,0.536599,-1,-1,-1
559,19,1093.731,436.025,120.241,283.192,0.802477,-1,-1,-1
559,12,1562.622,406.501,293.150,665.729,0.800627,-1,-1,-1
559,33,713.381,445.938,36.225,101.893,0.646321,-1,-1,-1
560,20,892.022,436.807,92.434,247.138,0.759275,-1,-1,-1
560,14,998.387,425.913,104.435,271.705,0.679120,-1,-1,-1
560,32,644.233,461.998,37.775,101.155,0.557589,-1,-1,-1
560,19,1097.848,436.587,116.996,281.953,0.714014,-1,-1,-1
560,12,1563.085,405.406,304.558,670.187,0.859800,-1,-1,-1
560,33,713.980,446.139,35.826,101.571,0.633245,-1,-1,-1
561,20,900.992,436.551,88.667,246.586,0.655231,-1,-1,-1
561,14,1001.303,424.586,110.183,273.020,0.697829,-1,-1,-1
561,32,643.455,459.797,36.349,102.901,0.543995,-1,-1,-1
561,19,1102.312,437.813,112.128,278.570,0.659519,-1,-1,-1
561,12,1566.660,404.224,289.531,669.468,0.723511,-1,-1,-1
561,33,713.200,447.081,37.114,101.419,0.625467,-1,-1,-1
562,20,909.370,436.048,84.341,245.993,0.697860,-1,-1,-1
562,14,1001.926,420.618,112.557,276.649,0.664375,-1,-1,-1
562,32,643.755,459.555,35.465,102.675,0.504093,-1,-1,-1
562,19,1106.267,439.263,113.841,277.681,0.700753,-1,-1,-1
562,12,1570.149,405.978,301.542,669.257,0.811643,-1,-1,-1
562,33,714.990,449.858,35.699,98.444,0.575382,-1,-1,-1
563,20,912.713,435.197,83.580,248.643,0.701015,-1,-1,-1
563,14,1001.074,420.262,117.572,277.073,0.661766,-1,-1,-1
563,32,643.126,458.993,34.474,102.830,0.525652,-1,-1,-1
563,19,1110.797,440.570,111.931,275.083,0.691866,-1,-1,-1
563,12,1574.480,406.225,316.415,669.511,0.804626,-1,-1,-1
563,33,715.605,450.488,36.774,98.177,0.530033,-1,-1,-1
564,20,916.085,432.643,82.723,250.215,0.633102,-1,-1,-1
564,14,1003.495,426.404,117.690,269.898,0.640671,-1,-1,-1
564,32,642.985,458.382,34.735,103.616,0.494755,-1,-1,-1
564,19,1113.931,436.662,112.892,277.369,0.700035,-1,-1,-1
564,12,1581.757,403.768,325.548,669.212,0.868139,-1,-1,-1
564,33,716.728,450.341,35.867,97.998,0.520099,-1,-1,-1
565,20,921.068,434.144,79.907,245.855,0.634665,-1,-1,-1
565,14,1001.967,430.685,122.117,265.094,0.636533,-1,-1,-1
565,32,642.848,457.498,35.344,104.501,0.547208,-1,-1,-1
565,19,1118.294,434.208,111.452,279.024,0.643336,-1,-1,-1
565,12,1588.250,401.511,314.178,668.151,0.704273,-1,-1,-1
565,33,717.455,450.421,35.517,97.071,0.555987,-1,-1,-1
566,20,928.295,433.085,84.360,242.687,0.538915,-1,-1,-1
566,14,1005.013,436.129,122.337,261.219,0.664514,-1,-1,-1
566,32,642.477,455.799,35.610,106.530,0.522330,-1,-1,-1
566,19,1124.797,434.086,108.077,281.288,0.541174,-1,-1,-1
566,12,1602.238,400.341,306.741,670.395,0.735204,-1,-1,-1
566,33,718.170,450.779,35.338,96.745,0.543353,-1,-1,-1
566,27,1791.060,393.260,131.219,661.688,0.638327,-1,-1,-1
567,20,933.105,431.347,84.220,242.461,0.511269,-1,-1,-1
567,14,1006.507,441.528,126.363,257.124,0.687937,-1,-1,-1
567,32,642.193,455.622,34.593,106.497,0.486586,-1,-1,-1
567,19,1125.332,432.522,109.633,283.433,0.635634,-1,-1,-1
567,12,1621.853,400.862,289.526,669.064,0.835953,-1,-1,-1
567,33,718.931,450.446,35.298,97.480,0.540885,-1,-1,-1
567,27,1798.355,398.055,122.969,643.995,0.630607,-1,-1,-1
568,20,941.819,432.552,78.505,241.377,0.535909,-1,-1,-1
568,14,1006.004,433.356,136.131,267.039,0.690537,-1,-1,-1
568,32,642.177,456.643,32.811,105.017,0.481399,-1,-1,-1
568,19,1130.195,431.660,108.778,282.410,0.610157,-1,-1,-1
568,12,1643.750,401.455,268.339,668.743,0.822700,-1,-1,-1
568,33,719.346,449.773,36.874,98.951,0.514815,-1,-1,-1
568,27,1802.557,402.774,118.560,652.121,0.609751,-1,-1,-1
569,20,944.109,435.732,79.301,234.267,0.668879,-1,-1,-1
569,14,1007.317,433.844,139.037,267.349,0.715787,-1,-1,-1
569,32,642.255,456.481,33.265,104.567,0.525063,-1,-1,-1
569,19,1133.037,432.349,110.074,281.243,0.529621,-1,-1,-1
569,12,1656.582,401.639,243.668,671.611,0.811782,-1,-1,-1
569,33,719.531,449.594,37.104,99.698,0.525400,-1,-1,-1
569,27,1801.715,409.204,119.159,647.566,0.454376,-1,-1,-1
570,20,945.342,435.749,81.587,234.197,0.710894,-1,-1,-1
570,14,1008.033,434.118,138.902,267.352,0.711066,-1,-1,-1
570,32,641.003,456.275,32.431,104.465,0.512152,-1,-1,-1
570,19,1136.104,434.338,116.539,280.171,0.641790,-1,-1,-1
570,12,1663.680,403.062,236.598,670.145,0.778316,-1,-1,-1
570,33,719.224,448.164,37.690,101.972,0.557244,-1,-1,-1
571,20,948.212,436.070,80.361,239.338,0.689885,-1,-1,-1
571,14,1011.386,429.309,134.580,270.879,0.701387,-1,-1,-1
571,32,639.877,457.235,30.840,104.244,0.492550,-1,-1,-1
571,19,1143.770,433.340,126.845,281.442,0.598299,-1,-1,-1
571,12,1668.845,402.626,246.826,671.306,0.866015,-1,-1,-1
571,33,718.674,447.034,39.013,102.685,0.607558,-1,-1,-1
572,20,949.927,436.720,80.450,239.831,0.685305,-1,-1,-1
572,14,1013.287,431.777,131.437,268.071,0.687326,-1,-1,-1
572,32,638.728,457.702,31.941,103.007,0.521117,-1,-1,-1
572,19,1145.944,434.056,133.530,281.763,0.760237,-1,-1,-1
572,12,1672.983,402.982,247.151,670.789,0.870163,-1,-1,-1
572,33,718.622,445.923,39.988,104.394,0.625467,-1,-1,-1
573,20,946.777,435.814,89.537,242.439,0.638774,-1,-1,-1
573,14,1016.951,431.502,126.505,265.995,0.643945,-1,-1,-1
573,32,637.831,457.750,30.816,102.631,0.558004,-1,-1,-1
573,19,1150.770,436.862,137.196,279.237,0.701153,-1,-1,-1
573,12,1677.089,403.453,244.964,668.856,0.886026,-1,-1,-1
573,33,719.202,446.176,40.230,104.742,0.568599,-1,-1,-1
574,20,952.268,435.861,101.574,247.656,0.614064,-1,-1,-1
574,14,1030.147,433.486,112.963,263.559,0.543045,-1,-1,-1
574,32,637.343,458.068,30.362,101.638,0.546790,-1,-1,-1
574,19,1151.916,438.456,141.104,278.021,0.734609,-1,-1,-1
574,12,1677.795,400.735,244.882,673.856,0.900360,-1,-1,-1
574,33,719.116,446.084,40.688,105.174,0.553585,-1,-1,-1
575,20,956.057,435.536,106.206,248.297,0.575125,-1,-1,-1
575,14,1038.003,428.744,104.442,268.529,0.501522,-1,-1,-1
575,32,636.623,457.301,30.546,102.226,0.566142,-1,-1,-1
575,19,1155.506,439.788,139.981,276.865,0.700303,-1,-1,-1
575,12,1678.084,399.261,244.701,676.143,0.904582,-1,-1,-1
575,33,719.116,446.365,40.569,104.737,0.579611,-1,-1,-1
576,20,957.464,435.168,111.176,248.306,0.623927,-1,-1,-1
576,14,1042.519,427.905,99.546,269.153,0.615960,-1,-1,-1
576,32,635.378,457.093,32.671,102.034,0.520674,-1,-1,-1
576,19,1158.670,439.105,138.310,277.494,0.731293,-1,-1,-1
576,12,1677.242,398.413,245.248,677.058,0.898974,-1,-1,-1
576,33,720.247,446.977,39.491,104.662,0.606060,-1,-1,-1
577,20,958.887,435.056,112.027,247.223,0.665380,-1,-1,-1
577,14,1049.274,425.459,92.456,270.689,0.626579,-1,-1,-1
577,32,634.404,454.577,33.271,105.252,0.525575,-1,-1,-1
577,19,1158.687,437.890,138.513,278.657,0.744422,-1,-1,-1
577,12,1676.443,399.418,245.701,676.640,0.908973,-1,-1,-1
577,33,720.727,447.919,38.904,104.281,0.585191,-1,-1,-1
578,20,959.811,439.610,104.167,237.493,0.722525,-1,-1,-1
578,14,1052.526,427.672,88.903,266.894,0.618424,-1,-1,-1
578,32,633.915,451.110,33.203,108.350,0.622128,-1,-1,-1
578,19,1160.137,435.499,134.263,280.384,0.729038,-1,-1,-1
578,12,1674.894,400.082,246.868,676.580,0.906242,-1,-1,-1
578,33,720.782,446.912,38.809,104.178,0.629717,-1,-1,-1
579,20,960.079,440.457,102.354,234.402,0.753023,-1,-1,-1
579,14,1056.656,432.639,86.066,262.867,0.658934,-1,-1,-1
579,32,633.412,449.479,33.055,110.022,0.578197,-1,-1,-1
579,19,1160.840,435.910,132.556,279.183,0.691435,-1,-1,-1
579,12,1674.361,401.363,247.312,676.028,0.899099,-1,-1,-1
579,33,721.396,447.816,38.565,104.175,0.593175,-1,-1,-1
580,20,960.679,438.459,102.096,236.746,0.757394,-1,-1,-1
580,14,1055.380,437.827,88.538,257.762,0.667863,-1,-1,-1
580,32,632.067,450.342,35.585,109.144,0.558252,-1,-1,-1
580,19,1159.870,441.128,133.758,275.062,0.750095,-1,-1,-1
580,12,1674.178,402.926,247.241,674.948,0.908433,-1,-1,-1
580,33,721.823,447.981,38.295,104.723,0.571907,-1,-1,-1
581,20,960.660,436.663,102.873,237.521,0.761153,-1,-1,-1
581,14,1056.792,439.781,92.537,256.171,0.686428,-1,-1,-1
581,32,631.690,453.662,36.391,105.574,0.550781,-1,-1,-1
581,19,1160.749,441.447,134.832,275.944,0.698844,-1,-1,-1
581,12,1674.095,403.462,247.165,674.793,0.908172,-1,-1,-1
581,33,722.046,448.205,38.330,104.214,0.502764,-1,-1,-1
582,20,958.933,436.754,109.861,236.835,0.748704,-1,-1,-1
582,14,1066.515,439.163,86.900,260.540,0.622804,-1,-1,-1
582,32,632.219,454.034,34.665,105.086,0.511159,-1,-1,-1
582,19,1181.553,440.648,117.113,275.464,0.691128,-1,-1,-1
582,12,1674.245,403.116,246.846,676.011,0.908743,-1,-1,-1
582,33,722.532,448.860,37.851,103.410,0.497238,-1,-1,-1
583,20,963.443,437.057,108.748,235.823,0.728372,-1,-1,-1
583,14,1077.692,435.549,78.700,263.597,0.630585,-1,-1,-1
583,32,632.088,454.660,34.188,104.447,0.454259,-1,-1,-1
583,19,1193.856,440.784,107.264,274.295,0.722372,-1,-1,-1
583,12,1675.248,400.503,245.647,678.982,0.909748,-1,-1,-1
583,33,722.271,447.678,38.743,103.613,0.528060,-1,-1,-1
584,20,967.153,437.761,107.386,235.943,0.742062,-1,-1,-1
584,14,1084.986,436.490,75.518,261.671,0.662231,-1,-1,-1
584,32,631.520,455.944,35.126,103.311,0.431653,-1,-1,-1
584,19,1202.763,441.635,100.036,271.894,0.721910,-1,-1,-1
584,12,1676.997,396.741,243.874,681.954,0.911639,-1,-1,-1
584,33,723.041,448.199,37.965,104.154,0.530056,-1,-1,-1
585,20,970.320,437.571,105.699,235.621,0.761140,-1,-1,-1
585,14,1088.796,439.936,74.836,257.199,0.634716,-1,-1,-1
585,32,629.413,453.082,36.570,105.894,0.395243,-1,-1,-1
585,19,1205.797,442.103,100.368,267.382,0.748733,-1,-1,-1
585,12,1678.739,395.593,242.191,682.788,0.898121,-1,-1,-1
585,33,723.837,448.160,37.725,103.462,0.527764,-1,-1,-1
586,20,977.118,441.501,100.825,233.225,0.768945,-1,-1,-1
586,14,1090.605,437.624,72.974,260.447,0.689962,-1,-1,-1
586,32,627.955,453.396,37.340,105.353,0.427629,-1,-1,-1
586,19,1213.219,439.212,100.526,272.161,0.754280,-1,-1,-1
586,12,1682.211,394.228,238.970,683.055,0.896190,-1,-1,-1
586,33,724.589,446.268,37.760,103.704,0.544356,-1,-1,-1
587,20,982.301,444.495,96.784,227.964,0.738398,-1,-1,-1
587,14,1091.699,430.980,73.380,267.353,0.720744,-1,-1,-1
587,32,626.524,453.296,38.246,105.519,0.483211,-1,-1,-1
587,19,1217.422,435.561,99.637,276.215,0.613270,-1,-1,-1
587,12,1685.901,391.139,235.315,685.501,0.869572,-1,-1,-1
587,33,725.303,445.407,37.496,104.697,0.552115,-1,-1,-1
588,20,988.826,446.501,91.140,223.844,0.700749,-1,-1,-1
588,14,1093.075,424.566,77.967,273.462,0.735704,-1,-1,-1
588,32,626.257,454.034,36.627,104.501,0.508100,-1,-1,-1
588,19,1216.342,435.529,102.594,277.662,0.792316,-1,-1,-1
588,12,1693.319,388.668,227.749,687.804,0.855600,-1,-1,-1
588,33,727.205,443.943,34.892,106.335,0.556508,-1,-1,-1
589,20,996.896,447.121,85.072,222.890,0.704934,-1,-1,-1
589,14,1094.065,421.571,86.141,276.315,0.710216,-1,-1,-1
589,32,625.779,453.028,35.927,105.635,0.581730,-1,-1,-1
589,19,1218.674,435.613,101.296,275.908,0.778204,-1,-1,-1
589,12,1701.690,391.291,219.252,683.612,0.750556,-1,-1,-1
589,33,726.122,444.274,36.396,106.262,0.550343,-1,-1,-1
590,20,1006.270,447.997,79.192,221.386,0.737785,-1,-1,-1
590,14,1093.736,427.679,88.024,270.513,0.656868,-1,-1,-1
590,32,625.208,451.968,35.248,106.395,0.515246,-1,-1,-1
590,19,1221.247,434.880,101.220,277.026,0.784402,-1,-1,-1
590,12,1712.858,411.256,207.951,663.603,0.742176,-1,-1,-1
590,33,727.257,443.770,35.206,106.804,0.567768,-1,-1,-1
591,20,1012.073,445.749,78.293,222.681,0.713337,-1,-1,-1
591,14,1092.616,419.695,92.213,278.040,0.651510,-1,-1,-1
591,32,625.020,450.683,33.992,107.893,0.536716,-1,-1,-1
591,19,1224.137,435.363,103.667,276.749,0.744672,-1,-1,-1
591,12,1732.378,462.564,188.393,612.817,0.560851,-1,-1,-1
591,33,728.408,443.574,33.583,107.158,0.575268,-1,-1,-1
592,20,1014.156,444.932,77.625,222.094,0.736750,-1,-1,-1
592,14,1092.540,417.847,102.154,279.761,0.675649,-1,-1,-1
592,32,625.023,450.051,34.471,108.896,0.515608,-1,-1,-1
592,19,1227.683,437.857,108.105,274.444,0.728927,-1,-1,-1
592,12,1754.374,491.268,166.302,582.630,0.678699,-1,-1,-1
592,33,729.164,444.148,32.299,107.013,0.566753,-1,-1,-1
593,20,1015.644,440.845,79.315,226.269,0.658560,-1,-1,-1
593,14,1093.258,414.464,101.350,282.973,0.691185,-1,-1,-1
593,32,624.244,450.255,35.851,108.582,0.495695,-1,-1,-1
593,19,1232.075,440.261,110.455,273.680,0.752379,-1,-1,-1
593,12,1778.203,501.273,142.444,572.982,0.390862,-1,-1,-1
593,33,729.341,444.411,32.739,107.406,0.541114,-1,-1,-1
594,20,1021.701,437.709,76.880,229.000,0.627562,-1,-1,-1
594,14,1093.340,413.592,101.778,285.321,0.700029,-1,-1,-1
594,32,623.915,449.798,36.194,107.968,0.503882,-1,-1,-1
594,19,1235.434,442.882,112.783,270.833,0.783031,-1,-1,-1
594,12,1810.993,521.548,109.576,557.219,0.316768,-1,-1,-1
594,33,728.026,445.604,35.687,106.744,0.513065,-1,-1,-1
595,20,1024.184,437.234,76.052,228.823,0.671055,-1,-1,-1
595,14,1095.359,414.691,101.148,283.212,0.717919,-1,-1,-1
595,32,623.545,450.211,36.966,106.852,0.552917,-1,-1,-1
595,19,1240.485,440.207,112.217,273.301,0.818624,-1,-1,-1
595,33,729.559,445.107,33.428,106.703,0.540592,-1,-1,-1
596,20,1025.908,441.134,76.583,224.730,0.710401,-1,-1,-1
596,14,1096.878,419.958,100.445,278.948,0.736966,-1,-1,-1
596,32,624.058,451.117,36.925,104.922,0.569628,-1,-1,-1
596,19,1243.605,438.454,112.920,275.360,0.809898,-1,-1,-1
596,33,728.084,446.160,35.883,105.557,0.561841,-1,-1,-1
597,20,1027.376,442.787,76.641,223.899,0.738771,-1,-1,-1
597,14,1098.610,423.091,98.447,275.952,0.758694,-1,-1,-1
597,32,624.724,452.716,35.480,103.257,0.513084,-1,-1,-1
597,19,1245.615,438.638,113.145,275.714,0.803593,-1,-1,-1
597,33,727.260,446.103,37.581,106.475,0.607105,-1,-1,-1
598,20,1027.542,442.736,79.379,224.436,0.738997,-1,-1,-1
598,14,1100.156,428.403,98.040,270.253,0.721008,-1,-1,-1
598,32,625.462,454.150,33.667,101.763,0.481896,-1,-1,-1
598,19,1249.120,438.695,111.239,275.589,0.813733,-1,-1,-1
598,33,726.924,446.405,38.536,107.401,0.587664,-1,-1,-1
599,20,1028.594,443.243,85.055,224.698,0.738819,-1,-1,-1
599,14,1102.729,431.577,97.228,265.610,0.699912,-1,-1,-1
599,32,625.675,455.255,33.470,100.863,0.479532,-1,-1,-1
599,19,1253.403,438.270,107.746,275.823,0.781259,-1,-1,-1
599,33,727.459,446.906,37.751,106.529,0.570114,-1,-1,-1
600,20,1029.521,442.882,88.083,223.946,0.754653,-1,-1,-1
600,14,1107.777,432.071,94.162,263.564,0.702082,-1,-1,-1
600,32,625.895,455.975,33.124,100.844,0.505261,-1,-1,-1
600,19,1257.339,438.207,104.902,275.831,0.817540,-1,-1,-1
600,33,727.516,445.674,37.193,108.088,0.585671,-1,-1,-1
