1,1,372.736,409.302,79.690,239.711,0.790855,-1,-1,-1
1,2,105.369,547.389,73.252,245.351,0.725961,-1,-1,-1
1,3,1096.294,981.855,73.734,99.145,0.692025,-1,-1,-1
1,4,1733.438,453.893,73.776,221.056,0.621963,-1,-1,-1
2,1,373.394,409.152,79.733,239.811,0.797333,-1,-1,-1
2,2,105.133,547.531,73.320,245.605,0.725455,-1,-1,-1
2,3,1100.401,982.162,73.464,98.838,0.689483,-1,-1,-1
2,4,1733.183,455.793,72.194,216.115,0.607304,-1,-1,-1
3,1,373.741,408.857,80.109,241.074,0.781926,-1,-1,-1
3,2,105.433,547.182,73.613,246.610,0.731487,-1,-1,-1
3,3,1104.642,981.937,73.580,99.063,0.696346,-1,-1,-1
3,4,1732.399,454.321,73.201,219.106,0.599959,-1,-1,-1
4,1,373.683,408.360,80.134,241.147,0.795923,-1,-1,-1
4,2,104.997,546.816,73.754,247.160,0.722951,-1,-1,-1
4,3,1107.714,980.250,74.725,100.750,0.694995,-1,-1,-1
4,4,1731.384,453.708,72.671,217.337,0.619941,-1,-1,-1
5,1,374.773,407.857,80.115,241.278,0.797792,-1,-1,-1
5,2,104.662,546.836,73.689,247.131,0.724311,-1,-1,-1
5,3,1111.104,977.610,76.459,103.390,0.696411,-1,-1,-1
5,4,1730.298,453.223,73.020,218.238,0.654167,-1,-1,-1
6,1,375.665,407.102,79.797,240.363,0.785185,-1,-1,-1
6,2,104.833,547.009,73.563,246.865,0.730855,-1,-1,-1
6,3,1113.579,976.722,76.901,104.278,0.691220,-1,-1,-1
6,4,1729.296,455.132,72.558,216.388,0.651358,-1,-1,-1
6,5,1357.352,571.125,82.219,213.479,0.618612,-1,-1,-1
7,1,376.845,405.973,79.763,240.111,0.779998,-1,-1,-1
7,2,104.812,546.977,73.328,246.195,0.731135,-1,-1,-1
7,3,1114.836,975.151,77.632,105.849,0.705571,-1,-1,-1
7,4,1728.880,455.336,71.758,213.413,0.631510,-1,-1,-1
7,5,1357.378,571.309,82.049,213.029,0.633396,-1,-1,-1
8,1,377.871,403.772,79.507,239.210,0.769583,-1,-1,-1
8,2,105.361,547.082,73.396,246.543,0.735812,-1,-1,-1
8,3,1116.708,974.285,77.758,106.715,0.707107,-1,-1,-1
8,4,1727.838,455.701,70.901,209.760,0.645363,-1,-1,-1
8,5,1357.055,571.018,82.552,214.432,0.612508,-1,-1,-1
9,1,378.904,402.803,79.189,237.704,0.767813,-1,-1,-1
9,2,105.643,547.067,73.482,246.778,0.744311,-1,-1,-1
9,3,1120.451,974.242,77.103,106.758,0.669162,-1,-1,-1
9,4,1726.794,455.503,71.224,209.857,0.634903,-1,-1,-1
9,5,1357.046,571.352,82.495,214.412,0.614334,-1,-1,-1
10,1,379.590,401.482,78.968,236.447,0.757875,-1,-1,-1
10,2,105.965,546.922,73.505,246.717,0.740034,-1,-1,-1
10,3,1123.963,974.005,76.542,106.995,0.687991,-1,-1,-1
10,4,1726.499,455.668,71.369,209.624,0.610411,-1,-1,-1
10,5,1356.836,570.650,83.036,215.911,0.614675,-1,-1,-1
11,1,380.667,399.445,78.515,234.485,0.755043,-1,-1,-1
11,2,105.867,547.102,73.566,246.774,0.741674,-1,-1,-1
11,3,1127.360,974.396,75.639,106.604,0.668804,-1,-1,-1
11,4,1726.667,459.077,70.692,206.488,0.606725,-1,-1,-1
11,5,1356.927,570.673,83.093,216.152,0.640601,-1,-1,-1
12,1,380.897,397.868,78.580,233.876,0.753048,-1,-1,-1
12,2,105.890,547.116,73.761,247.042,0.737095,-1,-1,-1
12,3,1130.818,974.207,75.110,106.793,0.672038,-1,-1,-1
12,4,1726.544,460.317,70.690,205.360,0.636211,-1,-1,-1
12,5,1356.921,570.586,82.781,215.703,0.632922,-1,-1,-1
13,1,381.285,396.420,78.416,232.420,0.760956,-1,-1,-1
13,2,105.974,546.969,74.088,247.667,0.741951,-1,-1,-1
13,3,1133.115,973.854,74.620,107.146,0.633909,-1,-1,-1
13,4,1726.316,459.501,71.267,206.499,0.662115,-1,-1,-1
13,5,1357.144,570.958,82.151,214.178,0.635942,-1,-1,-1
14,1,381.736,395.613,78.325,231.361,0.760561,-1,-1,-1
14,2,105.857,546.920,74.406,248.271,0.747472,-1,-1,-1
14,3,1135.625,973.583,73.921,107.417,0.630491,-1,-1,-1
14,4,1726.078,460.444,71.641,206.347,0.657463,-1,-1,-1
14,5,1357.357,570.931,82.121,214.432,0.613510,-1,-1,-1
15,1,382.199,394.537,78.556,231.329,0.761080,-1,-1,-1
15,2,105.957,546.982,74.490,248.164,0.754914,-1,-1,-1
15,3,1137.928,973.916,72.683,106.707,0.599545,-1,-1,-1
15,4,1725.704,457.462,72.854,209.659,0.650681,-1,-1,-1
15,5,1357.339,571.394,81.626,213.327,0.605561,-1,-1,-1
16,1,382.282,393.833,78.899,231.888,0.765862,-1,-1,-1
16,2,106.021,547.210,74.347,247.350,0.750334,-1,-1,-1
16,3,1141.478,973.779,71.626,106.365,0.567202,-1,-1,-1
16,4,1725.829,456.560,72.997,210.127,0.655588,-1,-1,-1
16,5,1357.139,571.261,81.618,213.622,0.619365,-1,-1,-1
17,1,382.508,392.678,79.633,233.646,0.751115,-1,-1,-1
17,2,106.242,547.694,74.308,246.346,0.745309,-1,-1,-1
17,3,1144.360,973.880,70.825,106.800,0.534539,-1,-1,-1
17,4,1725.607,458.616,73.000,209.135,0.639855,-1,-1,-1
17,5,1357.321,571.052,81.973,214.627,0.604100,-1,-1,-1
18,1,382.370,391.083,80.561,236.126,0.752026,-1,-1,-1
18,2,106.235,547.602,74.401,245.994,0.747931,-1,-1,-1
18,3,1147.116,974.039,69.655,106.845,0.530502,-1,-1,-1
18,4,1725.676,458.956,73.112,208.588,0.645730,-1,-1,-1
18,5,1357.216,570.946,81.859,214.575,0.618237,-1,-1,-1
18,8,532.673,157.108,58.292,186.761,0.604174,-1,-1,-1
19,1,382.517,389.658,81.275,237.875,0.755148,-1,-1,-1
19,2,106.181,547.598,74.577,246.095,0.745862,-1,-1,-1
19,3,1149.689,973.752,68.778,107.210,0.519814,-1,-1,-1
19,4,1725.213,457.008,73.812,210.368,0.646726,-1,-1,-1
19,5,1357.194,570.967,81.818,214.875,0.640493,-1,-1,-1
19,8,531.800,159.746,57.379,183.774,0.546583,-1,-1,-1
20,1,382.306,388.218,81.906,239.525,0.747988,-1,-1,-1
20,2,106.020,547.595,74.662,245.973,0.745647,-1,-1,-1
20,3,1152.403,973.781,67.582,107.211,0.510515,-1,-1,-1
20,4,1725.676,458.924,73.315,208.113,0.629509,-1,-1,-1
20,5,1357.345,571.437,81.486,214.326,0.649444,-1,-1,-1
20,8,530.657,159.906,57.288,183.687,0.543934,-1,-1,-1
21,1,382.213,387.227,82.232,240.167,0.758800,-1,-1,-1
21,2,105.867,547.483,74.850,246.263,0.743305,-1,-1,-1
21,3,1154.435,974.208,66.406,106.794,0.502142,-1,-1,-1
21,4,1725.530,459.128,73.563,208.199,0.634063,-1,-1,-1
21,5,1357.372,571.427,81.715,215.627,0.613724,-1,-1,-1
21,8,530.195,160.018,57.127,183.542,0.588845,-1,-1,-1
22,1,382.380,386.935,82.198,239.787,0.757799,-1,-1,-1
22,2,105.827,547.750,74.829,245.715,0.738510,-1,-1,-1
22,3,1155.281,975.203,65.182,105.802,0.559144,-1,-1,-1
22,4,1725.589,459.441,73.456,207.577,0.668223,-1,-1,-1
22,5,1357.503,571.222,81.391,215.224,0.638533,-1,-1,-1
22,8,528.450,157.606,57.826,186.363,0.503676,-1,-1,-1
23,1,382.735,386.277,81.905,238.944,0.756938,-1,-1,-1
23,2,105.790,547.582,74.905,245.621,0.739383,-1,-1,-1
23,3,1157.536,974.940,64.958,106.066,0.550447,-1,-1,-1
23,4,1725.669,458.810,73.524,207.633,0.639160,-1,-1,-1
23,5,1357.504,571.023,81.340,215.245,0.614098,-1,-1,-1
23,8,526.474,158.236,57.671,186.888,0.469664,-1,-1,-1
24,1,382.768,385.859,81.622,238.076,0.757380,-1,-1,-1
24,2,105.857,547.574,75.043,245.660,0.738210,-1,-1,-1
24,3,1159.207,975.603,64.283,105.402,0.549743,-1,-1,-1
24,4,1725.035,457.089,74.308,209.980,0.643410,-1,-1,-1
24,5,1357.171,570.799,81.870,216.972,0.589128,-1,-1,-1
24,8,524.656,158.189,57.737,187.619,0.425040,-1,-1,-1
25,1,382.625,385.084,81.295,237.280,0.757074,-1,-1,-1
25,2,105.687,547.796,75.256,245.880,0.738369,-1,-1,-1
25,3,1160.389,975.744,64.003,105.261,0.563110,-1,-1,-1
25,4,1724.523,458.463,74.249,209.210,0.654401,-1,-1,-1
25,5,1357.478,571.162,80.710,214.172,0.612546,-1,-1,-1
25,8,524.319,159.616,56.937,185.501,0.436470,-1,-1,-1
26,1,382.735,383.986,81.129,237.233,0.768397,-1,-1,-1
26,2,105.296,547.359,75.732,246.919,0.737469,-1,-1,-1
26,3,1161.762,976.015,63.667,104.990,0.596689,-1,-1,-1
26,4,1723.664,455.701,75.263,212.644,0.636532,-1,-1,-1
26,5,1357.730,571.468,80.472,213.482,0.608448,-1,-1,-1
26,8,524.447,161.311,56.220,183.969,0.421427,-1,-1,-1
27,1,382.662,382.481,81.162,237.373,0.779021,-1,-1,-1
27,2,104.982,547.186,75.899,247.147,0.737712,-1,-1,-1
27,3,1163.551,976.060,63.542,104.944,0.607275,-1,-1,-1
27,4,1724.071,458.699,74.090,208.908,0.652107,-1,-1,-1
27,5,1357.449,571.165,80.742,214.340,0.586781,-1,-1,-1
27,8,524.535,161.793,56.155,184.877,0.365528,-1,-1,-1
28,1,383.075,380.672,81.417,237.855,0.772491,-1,-1,-1
28,2,104.797,547.615,75.822,246.379,0.738615,-1,-1,-1
28,3,1165.489,976.612,63.225,104.392,0.616478,-1,-1,-1
28,4,1723.739,457.214,74.588,210.664,0.640024,-1,-1,-1
28,5,1357.443,570.641,81.196,215.712,0.588092,-1,-1,-1
28,8,523.723,161.965,56.505,186.765,0.295024,-1,-1,-1
28,9,2.167,829.088,56.315,233.010,0.634032,-1,-1,-1
29,1,383.744,379.002,81.509,238.017,0.780955,-1,-1,-1
29,2,104.605,547.410,76.014,246.475,0.745480,-1,-1,-1
29,3,1167.187,976.819,63.313,104.184,0.635453,-1,-1,-1
29,4,1724.059,458.058,74.133,209.254,0.650246,-1,-1,-1
29,5,1357.643,570.753,81.121,215.428,0.624618,-1,-1,-1
29,8,522.094,162.589,56.940,188.537,0.279773,-1,-1,-1
29,9,3.115,827.642,55.481,229.193,0.697819,-1,-1,-1
30,1,384.771,377.477,81.486,237.204,0.784700,-1,-1,-1
30,2,104.762,547.962,75.940,245.690,0.738352,-1,-1,-1
30,3,1169.183,977.669,63.022,103.295,0.621110,-1,-1,-1
30,4,1724.392,458.370,74.064,208.714,0.663268,-1,-1,-1
30,5,1357.363,570.831,81.077,215.673,0.617092,-1,-1,-1
30,8,522.372,164.127,56.465,187.813,0.304321,-1,-1,-1
30,9,3.393,824.559,55.349,228.074,0.676704,-1,-1,-1
31,1,386.924,375.915,81.192,234.364,0.751616,-1,-1,-1
31,2,104.494,547.891,76.142,246.154,0.740423,-1,-1,-1
31,3,1170.833,978.203,63.035,102.785,0.615692,-1,-1,-1
31,4,1723.722,456.837,74.730,211.125,0.654497,-1,-1,-1
31,5,1357.546,570.759,80.620,214.455,0.591423,-1,-1,-1
31,8,511.736,160.080,60.730,194.546,0.294196,-1,-1,-1
31,9,2.530,819.340,57.303,235.879,0.649113,-1,-1,-1
32,1,388.742,374.339,81.695,232.845,0.745691,-1,-1,-1
32,2,104.256,547.763,76.224,246.382,0.747211,-1,-1,-1
32,3,1172.197,978.970,62.978,102.027,0.674561,-1,-1,-1
32,4,1724.012,457.888,74.387,209.802,0.653437,-1,-1,-1
32,5,1357.348,570.773,80.534,214.357,0.603899,-1,-1,-1
32,8,506.726,160.572,63.026,195.849,0.268488,-1,-1,-1
32,9,1.947,816.303,58.801,241.932,0.616245,-1,-1,-1
33,1,389.884,372.216,82.712,232.676,0.750091,-1,-1,-1
33,2,104.412,547.756,76.438,246.521,0.748610,-1,-1,-1
33,3,1173.942,979.879,62.868,101.121,0.678121,-1,-1,-1
33,4,1723.705,458.204,74.560,210.145,0.657112,-1,-1,-1
33,5,1357.045,570.486,81.337,216.615,0.602104,-1,-1,-1
33,8,503.526,160.520,65.124,196.640,0.391809,-1,-1,-1
33,9,1.635,814.198,60.177,247.512,0.621651,-1,-1,-1
34,1,390.439,371.264,83.350,231.797,0.751467,-1,-1,-1
34,2,104.323,547.819,76.567,246.544,0.739120,-1,-1,-1
34,3,1176.641,981.582,62.294,99.420,0.676267,-1,-1,-1
34,4,1723.814,458.945,74.058,208.635,0.649919,-1,-1,-1
34,5,1357.475,570.338,81.325,216.685,0.599593,-1,-1,-1
34,8,501.485,161.281,66.437,195.916,0.389298,-1,-1,-1
34,9,1.650,812.258,60.735,249.659,0.613537,-1,-1,-1
35,1,390.324,370.313,84.467,232.435,0.740965,-1,-1,-1
35,2,104.273,547.862,76.854,246.915,0.734639,-1,-1,-1
35,3,1179.582,983.060,61.658,97.941,0.662409,-1,-1,-1
35,4,1723.525,458.675,74.032,208.599,0.660564,-1,-1,-1
35,5,1357.295,570.375,81.157,216.014,0.601094,-1,-1,-1
35,8,500.555,161.671,67.515,195.385,0.398890,-1,-1,-1
35,9,2.000,811.277,61.678,253.083,0.575148,-1,-1,-1
36,1,389.966,369.697,85.289,232.807,0.700854,-1,-1,-1
36,2,104.190,548.046,76.801,246.548,0.738485,-1,-1,-1
36,3,1182.315,984.799,60.956,96.202,0.641161,-1,-1,-1
36,4,1723.891,459.461,73.847,207.957,0.616094,-1,-1,-1
36,5,1357.281,570.401,81.437,216.553,0.576725,-1,-1,-1
36,8,499.736,161.840,68.147,194.535,0.416534,-1,-1,-1
36,9,2.464,810.553,61.342,250.952,0.542604,-1,-1,-1
37,1,389.244,368.720,85.862,233.546,0.690219,-1,-1,-1
37,2,104.102,548.212,76.612,245.904,0.734367,-1,-1,-1
37,3,1185.095,985.511,60.913,95.491,0.685049,-1,-1,-1
37,4,1723.871,458.776,74.156,208.948,0.640079,-1,-1,-1
37,5,1357.161,570.163,82.091,218.380,0.567700,-1,-1,-1
37,8,499.018,162.913,68.540,193.492,0.422597,-1,-1,-1
37,9,3.290,809.584,61.446,249.920,0.628523,-1,-1,-1
38,1,388.543,367.605,86.166,234.725,0.693652,-1,-1,-1
38,2,103.862,548.013,76.500,245.552,0.732834,-1,-1,-1
38,3,1187.594,985.578,61.428,95.423,0.692225,-1,-1,-1
38,4,1723.978,459.253,73.858,207.835,0.642757,-1,-1,-1
38,5,1357.357,570.326,81.097,215.374,0.604946,-1,-1,-1
38,8,498.168,163.554,69.074,193.032,0.418402,-1,-1,-1
38,9,3.888,809.121,61.283,247.429,0.640370,-1,-1,-1
39,1,387.945,366.386,86.503,236.318,0.689079,-1,-1,-1
39,2,103.873,548.186,76.469,245.054,0.730803,-1,-1,-1
39,3,1190.478,985.089,62.367,95.912,0.678878,-1,-1,-1
39,4,1723.353,458.266,74.242,209.222,0.622662,-1,-1,-1
39,5,1357.566,569.341,81.605,216.968,0.581432,-1,-1,-1
39,8,497.736,164.211,69.286,192.035,0.423707,-1,-1,-1
39,9,3.969,808.161,61.307,245.777,0.652267,-1,-1,-1
40,1,388.852,367.087,86.257,235.494,0.697184,-1,-1,-1
40,2,103.719,548.076,76.523,244.895,0.733535,-1,-1,-1
40,3,1194.076,984.980,63.069,96.021,0.654549,-1,-1,-1
40,4,1723.158,457.554,74.552,210.468,0.627331,-1,-1,-1
40,5,1358.310,570.220,80.421,213.757,0.615134,-1,-1,-1
40,8,496.761,167.225,69.532,191.736,0.440548,-1,-1,-1
40,9,4.080,807.194,61.170,243.452,0.607208,-1,-1,-1
41,1,389.826,366.805,86.143,235.434,0.690936,-1,-1,-1
41,2,103.685,547.815,76.777,245.436,0.731286,-1,-1,-1
41,3,1196.493,985.809,63.012,95.192,0.680153,-1,-1,-1
41,4,1723.080,457.047,74.628,210.928,0.639499,-1,-1,-1
41,5,1357.939,569.818,80.919,215.126,0.607316,-1,-1,-1
41,8,498.119,167.097,69.886,191.158,0.363187,-1,-1,-1
41,9,4.019,806.158,61.599,243.315,0.600087,-1,-1,-1
42,1,390.680,365.669,86.047,235.499,0.710363,-1,-1,-1
42,2,103.812,547.736,76.983,245.630,0.740192,-1,-1,-1
42,3,1199.207,985.956,63.490,95.044,0.692321,-1,-1,-1
42,4,1722.734,456.258,74.713,211.371,0.646076,-1,-1,-1
42,5,1357.863,570.195,80.665,214.525,0.614457,-1,-1,-1
42,8,498.072,168.061,70.588,191.815,0.371837,-1,-1,-1
42,9,3.778,803.960,62.028,243.231,0.631170,-1,-1,-1
43,1,391.869,365.669,85.471,233.947,0.737435,-1,-1,-1
43,2,103.533,547.799,77.166,245.803,0.733821,-1,-1,-1
43,3,1202.363,986.175,64.038,94.818,0.662320,-1,-1,-1
43,4,1722.688,455.787,74.803,212.014,0.616227,-1,-1,-1
43,5,1357.766,570.144,80.635,214.477,0.608983,-1,-1,-1
43,8,497.172,168.843,71.896,194.052,0.384718,-1,-1,-1
43,9,4.383,800.098,60.817,235.737,0.660752,-1,-1,-1
44,1,392.913,365.437,84.976,232.228,0.734334,-1,-1,-1
44,2,103.393,548.066,77.145,245.492,0.733369,-1,-1,-1
44,3,1203.918,986.454,64.596,94.544,0.668828,-1,-1,-1
44,4,1722.620,457.694,74.263,210.072,0.647354,-1,-1,-1
44,5,1357.678,569.966,81.199,216.077,0.623555,-1,-1,-1
44,8,496.704,169.905,72.722,195.343,0.377138,-1,-1,-1
44,9,4.723,796.505,60.370,231.139,0.672640,-1,-1,-1
45,1,393.951,363.403,84.972,232.204,0.737143,-1,-1,-1
45,2,103.012,547.850,77.235,245.704,0.742499,-1,-1,-1
45,3,1205.328,986.765,65.156,94.228,0.670913,-1,-1,-1
45,4,1722.877,459.114,73.759,208.389,0.632080,-1,-1,-1
45,5,1357.384,569.851,81.236,216.244,0.634535,-1,-1,-1
45,8,496.974,172.885,72.502,194.257,0.311538,-1,-1,-1
45,9,4.745,793.876,60.607,229.414,0.668459,-1,-1,-1
46,1,395.034,361.922,84.642,231.887,0.742227,-1,-1,-1
46,2,102.898,547.512,77.397,246.085,0.744701,-1,-1,-1
46,3,1205.661,987.202,65.516,93.795,0.685393,-1,-1,-1
46,4,1722.669,459.918,73.473,207.055,0.615485,-1,-1,-1
46,5,1357.488,570.213,81.519,216.757,0.603926,-1,-1,-1
46,8,495.829,174.665,72.950,193.895,0.331400,-1,-1,-1
46,9,4.836,791.558,61.256,229.275,0.671844,-1,-1,-1
47,1,395.880,359.869,84.558,231.994,0.746105,-1,-1,-1
47,2,102.730,547.363,77.487,246.196,0.729187,-1,-1,-1
47,3,1206.446,987.328,66.150,93.671,0.666992,-1,-1,-1
47,4,1722.682,459.963,73.800,207.737,0.630639,-1,-1,-1
47,5,1357.659,570.439,81.284,216.062,0.593315,-1,-1,-1
47,8,501.013,180.037,69.350,187.702,0.316120,-1,-1,-1
47,9,4.826,789.993,62.367,231.087,0.618314,-1,-1,-1
48,1,397.071,358.219,83.952,230.352,0.764681,-1,-1,-1
48,2,102.675,547.146,77.667,246.743,0.735252,-1,-1,-1
48,3,1208.310,986.185,67.809,94.775,0.632646,-1,-1,-1
48,4,1722.872,460.490,73.454,206.466,0.635666,-1,-1,-1
48,5,1357.916,570.152,81.665,216.739,0.613248,-1,-1,-1
48,8,502.893,183.569,66.900,183.793,0.332607,-1,-1,-1
48,9,5.052,789.208,63.625,233.343,0.585726,-1,-1,-1
49,1,398.019,357.315,83.148,227.624,0.760830,-1,-1,-1
49,2,102.597,547.078,77.733,246.917,0.739281,-1,-1,-1
49,3,1208.911,985.057,69.444,95.928,0.651782,-1,-1,-1
49,4,1722.476,460.016,73.763,207.079,0.657489,-1,-1,-1
49,5,1357.754,570.390,82.062,217.706,0.601764,-1,-1,-1
49,8,498.238,181.799,69.016,187.731,0.370325,-1,-1,-1
49,9,4.459,786.434,66.645,242.710,0.618788,-1,-1,-1
50,1,398.439,356.070,82.976,226.299,0.754561,-1,-1,-1
50,2,102.681,547.094,77.680,246.664,0.748196,-1,-1,-1
50,3,1209.015,984.183,70.845,96.812,0.628097,-1,-1,-1
50,4,1722.382,460.147,73.702,206.729,0.639139,-1,-1,-1
50,5,1358.091,570.742,81.495,216.141,0.612214,-1,-1,-1
50,8,496.474,180.957,70.674,190.574,0.377467,-1,-1,-1
50,9,4.585,785.579,68.406,247.218,0.605498,-1,-1,-1
51,1,399.064,355.227,82.566,223.926,0.753786,-1,-1,-1
51,2,102.673,546.668,77.809,247.173,0.750495,-1,-1,-1
51,3,1209.159,983.059,72.318,97.939,0.611065,-1,-1,-1
51,4,1722.269,460.926,73.426,205.544,0.622675,-1,-1,-1
51,5,1358.216,570.409,81.163,215.176,0.619831,-1,-1,-1
51,8,496.353,181.400,71.415,191.285,0.367937,-1,-1,-1
51,9,4.655,784.114,68.997,247.521,0.642229,-1,-1,-1
52,1,399.698,354.109,82.899,223.808,0.767728,-1,-1,-1
52,2,102.736,546.479,77.698,247.095,0.751853,-1,-1,-1
52,3,1208.792,982.777,73.157,98.223,0.630356,-1,-1,-1
52,4,1722.235,458.195,74.471,209.030,0.626601,-1,-1,-1
52,5,1358.021,570.219,81.241,215.375,0.623275,-1,-1,-1
52,8,494.996,181.361,72.305,191.216,0.381945,-1,-1,-1
52,9,5.668,783.031,69.149,245.861,0.611322,-1,-1,-1
53,1,400.240,352.585,83.514,225.124,0.769723,-1,-1,-1
53,2,102.640,546.228,77.587,247.409,0.745334,-1,-1,-1
53,3,1208.026,981.499,74.550,99.502,0.652542,-1,-1,-1
53,4,1722.508,457.388,74.431,209.235,0.626065,-1,-1,-1
53,5,1358.453,570.473,80.859,214.074,0.640064,-1,-1,-1
53,8,494.356,181.627,73.215,190.885,0.403421,-1,-1,-1
53,9,6.357,781.846,68.849,243.262,0.650953,-1,-1,-1
54,1,400.425,351.761,83.975,225.982,0.771112,-1,-1,-1
54,2,102.595,545.946,77.557,247.960,0.747947,-1,-1,-1
54,3,1207.287,980.932,75.490,100.068,0.657148,-1,-1,-1
54,4,1722.491,457.093,74.505,209.761,0.623993,-1,-1,-1
54,5,1358.508,570.232,80.968,214.036,0.641069,-1,-1,-1
54,8,493.998,181.618,74.221,190.730,0.386847,-1,-1,-1
54,9,8.243,779.658,67.967,239.069,0.645474,-1,-1,-1
54,12,384.774,950.170,101.106,129.276,0.718044,-1,-1,-1
55,1,400.674,350.655,84.568,227.640,0.778510,-1,-1,-1
55,2,102.615,546.044,77.520,248.440,0.736345,-1,-1,-1
55,3,1206.907,980.196,76.470,100.805,0.665097,-1,-1,-1
55,4,1722.763,457.566,74.705,210.506,0.637591,-1,-1,-1
55,5,1358.427,570.043,81.289,215.043,0.608248,-1,-1,-1
55,8,493.581,181.314,75.340,191.277,0.423516,-1,-1,-1
55,9,9.724,776.115,67.844,237.975,0.680523,-1,-1,-1
55,12,385.591,948.665,102.586,131.080,0.692861,-1,-1,-1
56,1,400.828,350.075,84.982,229.046,0.787848,-1,-1,-1
56,2,102.678,545.563,77.553,249.099,0.737562,-1,-1,-1
56,3,1206.095,978.799,77.815,102.201,0.674430,-1,-1,-1
56,4,1722.519,457.024,74.634,210.644,0.644482,-1,-1,-1
56,5,1357.901,570.129,81.530,215.952,0.610234,-1,-1,-1
56,8,492.683,181.281,75.995,191.400,0.478173,-1,-1,-1
56,9,10.491,773.400,67.568,235.934,0.694254,-1,-1,-1
56,12,385.983,947.821,103.879,132.658,0.698540,-1,-1,-1
57,1,400.610,349.086,85.252,230.259,0.793806,-1,-1,-1
57,2,102.645,545.748,77.507,249.443,0.732889,-1,-1,-1
57,3,1205.142,977.552,79.018,103.448,0.685027,-1,-1,-1
57,4,1722.715,458.846,73.770,208.192,0.650878,-1,-1,-1
57,5,1358.208,570.191,80.932,214.103,0.617361,-1,-1,-1
57,8,491.716,181.929,76.361,190.975,0.458981,-1,-1,-1
57,9,9.865,771.871,67.051,232.144,0.719655,-1,-1,-1
57,12,387.035,947.019,104.524,133.430,0.717636,-1,-1,-1
58,1,400.549,348.146,85.472,231.146,0.787279,-1,-1,-1
58,2,102.792,546.087,77.265,249.270,0.728782,-1,-1,-1
58,3,1204.574,977.185,79.673,103.815,0.668850,-1,-1,-1
58,4,1722.582,457.264,74.043,209.366,0.639997,-1,-1,-1
58,5,1358.131,570.336,81.139,214.680,0.624719,-1,-1,-1
58,8,491.096,182.476,76.750,191.068,0.448441,-1,-1,-1
58,9,11.215,768.855,67.139,229.813,0.711753,-1,-1,-1
58,12,387.620,945.979,105.586,134.890,0.672304,-1,-1,-1
59,1,401.078,346.763,85.766,232.647,0.785093,-1,-1,-1
59,2,102.793,546.085,77.134,249.473,0.732704,-1,-1,-1
59,3,1203.422,976.700,80.539,104.300,0.671869,-1,-1,-1
59,4,1723.032,457.012,74.277,210.469,0.637742,-1,-1,-1
59,5,1358.314,569.921,80.792,213.535,0.641304,-1,-1,-1
59,8,491.144,182.949,77.344,191.440,0.437778,-1,-1,-1
59,9,11.841,766.476,67.039,226.154,0.721700,-1,-1,-1
59,12,387.838,944.766,106.288,136.012,0.714207,-1,-1,-1
60,1,401.640,346.581,85.222,231.995,0.792524,-1,-1,-1
60,2,102.557,546.123,77.230,250.277,0.725898,-1,-1,-1
60,3,1202.393,975.865,81.555,105.135,0.669992,-1,-1,-1
60,4,1723.158,458.904,73.552,208.300,0.627504,-1,-1,-1
60,5,1357.923,569.919,81.251,214.801,0.626191,-1,-1,-1
60,8,491.049,183.994,77.534,191.206,0.453133,-1,-1,-1
60,9,12.076,762.258,67.086,225.210,0.734466,-1,-1,-1
60,12,387.658,942.123,107.825,138.197,0.710137,-1,-1,-1
61,1,401.818,345.442,84.764,231.359,0.797657,-1,-1,-1
61,2,102.869,546.968,76.472,248.534,0.727940,-1,-1,-1
61,3,1199.888,973.783,83.402,107.217,0.630585,-1,-1,-1
61,4,1723.179,458.771,73.259,207.807,0.611178,-1,-1,-1
61,5,1358.159,570.190,81.033,214.255,0.629917,-1,-1,-1
61,8,492.329,189.074,75.873,187.946,0.480302,-1,-1,-1
61,9,12.044,759.323,67.258,225.260,0.730697,-1,-1,-1
61,12,387.388,940.267,109.275,140.210,0.614114,-1,-1,-1
62,1,402.005,344.179,84.396,231.104,0.790714,-1,-1,-1
62,2,103.094,547.566,76.071,247.823,0.728734,-1,-1,-1
62,3,1198.661,973.307,84.036,107.693,0.621968,-1,-1,-1
62,4,1723.236,457.863,73.577,208.842,0.599983,-1,-1,-1
62,5,1358.295,570.217,81.080,214.576,0.617447,-1,-1,-1
62,8,492.330,190.801,75.864,188.715,0.496743,-1,-1,-1
62,9,12.696,757.210,67.423,225.365,0.730192,-1,-1,-1
62,12,386.308,938.093,110.380,141.817,0.569422,-1,-1,-1
63,1,402.091,342.392,84.432,231.863,0.796524,-1,-1,-1
63,2,103.241,547.689,75.782,247.523,0.729809,-1,-1,-1
63,3,1197.221,972.826,84.714,108.174,0.657326,-1,-1,-1
63,4,1723.132,459.092,73.336,207.824,0.590623,-1,-1,-1
63,5,1358.213,570.026,80.839,213.814,0.601963,-1,-1,-1
63,8,490.946,190.007,77.552,193.886,0.532611,-1,-1,-1
63,9,12.803,755.839,68.482,228.072,0.718871,-1,-1,-1
63,12,385.085,935.972,111.654,143.961,0.660377,-1,-1,-1
64,1,402.390,340.059,84.324,232.123,0.790683,-1,-1,-1
64,2,102.959,547.523,75.898,248.322,0.719521,-1,-1,-1
64,3,1195.903,973.667,84.381,107.333,0.685582,-1,-1,-1
64,4,1722.936,457.904,73.768,209.106,0.605912,-1,-1,-1
64,5,1357.435,570.278,81.408,215.324,0.597676,-1,-1,-1
64,8,491.617,192.179,77.137,194.086,0.490705,-1,-1,-1
64,9,13.022,754.316,68.956,229.062,0.720359,-1,-1,-1
64,12,383.741,932.489,114.109,147.760,0.671563,-1,-1,-1
65,1,402.453,338.147,84.211,232.225,0.793331,-1,-1,-1
65,2,103.235,547.957,75.507,247.312,0.728009,-1,-1,-1
65,3,1194.388,973.997,84.244,107.003,0.684624,-1,-1,-1
65,4,1722.707,459.847,73.374,207.312,0.613277,-1,-1,-1
65,5,1357.731,570.231,81.302,214.542,0.628323,-1,-1,-1
65,8,492.280,192.897,76.894,194.765,0.508076,-1,-1,-1
65,9,12.527,753.167,69.835,231.715,0.713640,-1,-1,-1
65,12,381.482,926.377,118.081,154.241,0.563425,-1,-1,-1
66,1,402.809,336.225,84.079,232.091,0.792889,-1,-1,-1
66,2,103.574,547.555,75.637,247.752,0.720810,-1,-1,-1
66,3,1191.873,972.966,85.015,108.034,0.706343,-1,-1,-1
66,4,1722.043,460.195,73.708,207.635,0.626040,-1,-1,-1
66,5,1357.494,569.728,81.923,215.832,0.604576,-1,-1,-1
66,8,493.091,192.383,76.502,195.835,0.528099,-1,-1,-1
66,9,12.250,751.905,70.435,233.481,0.713438,-1,-1,-1
66,12,379.790,920.174,121.392,160.723,0.560475,-1,-1,-1
67,1,403.593,334.943,83.496,230.014,0.794428,-1,-1,-1
67,2,103.785,547.743,75.604,247.565,0.724952,-1,-1,-1
67,3,1190.495,972.691,85.356,108.309,0.694194,-1,-1,-1
67,4,1722.157,460.117,73.619,206.994,0.596505,-1,-1,-1
67,5,1357.846,570.026,81.502,214.668,0.598237,-1,-1,-1
67,8,492.869,192.308,76.875,198.755,0.565717,-1,-1,-1
67,9,11.582,750.052,71.250,236.142,0.702779,-1,-1,-1
67,12,378.605,915.543,122.561,164.378,0.655284,-1,-1,-1
68,1,404.512,334.267,82.863,227.774,0.790192,-1,-1,-1
68,2,103.771,547.682,75.683,247.745,0.729418,-1,-1,-1
68,3,1187.144,971.254,86.419,109.747,0.695724,-1,-1,-1
68,4,1722.526,460.404,73.648,206.947,0.608073,-1,-1,-1
68,5,1357.673,569.362,81.935,215.764,0.595340,-1,-1,-1
68,8,493.060,193.406,75.834,197.819,0.574953,-1,-1,-1
68,9,11.139,747.785,72.255,239.721,0.707667,-1,-1,-1
68,12,378.183,912.888,122.570,166.393,0.705098,-1,-1,-1
69,1,405.023,333.193,82.646,226.273,0.783441,-1,-1,-1
69,2,103.615,547.653,75.726,248.085,0.730879,-1,-1,-1
69,3,1185.006,970.670,86.777,110.297,0.679682,-1,-1,-1
69,4,1722.912,458.737,74.936,210.860,0.594737,-1,-1,-1
69,5,1357.538,569.551,82.280,216.851,0.596237,-1,-1,-1
69,8,493.220,194.377,75.277,196.346,0.586856,-1,-1,-1
69,9,11.100,745.807,72.681,241.429,0.710172,-1,-1,-1
69,12,377.909,911.019,122.656,168.536,0.685282,-1,-1,-1
70,1,405.488,332.298,82.429,224.561,0.790336,-1,-1,-1
70,2,103.659,547.418,75.691,248.330,0.731877,-1,-1,-1
70,3,1183.117,970.169,87.050,110.818,0.664863,-1,-1,-1
70,4,1723.266,457.122,75.238,212.039,0.615735,-1,-1,-1
70,5,1357.502,569.423,82.578,217.487,0.608737,-1,-1,-1
70,8,493.114,196.080,74.934,194.452,0.591868,-1,-1,-1
70,9,11.770,744.157,71.996,239.061,0.715209,-1,-1,-1
70,12,377.167,908.326,123.501,171.912,0.679329,-1,-1,-1
71,1,405.648,330.988,82.468,223.805,0.790884,-1,-1,-1
71,2,103.278,546.524,76.119,249.818,0.729192,-1,-1,-1
71,3,1181.632,969.342,87.535,111.653,0.667588,-1,-1,-1
71,4,1723.324,457.416,75.018,211.423,0.622490,-1,-1,-1
71,5,1357.562,569.678,82.832,218.403,0.562666,-1,-1,-1
71,8,493.796,195.049,75.573,195.587,0.613458,-1,-1,-1
71,9,13.141,742.487,70.624,233.607,0.721234,-1,-1,-1
71,12,375.604,905.972,124.253,174.772,0.709258,-1,-1,-1
72,1,405.637,329.479,83.100,224.900,0.788535,-1,-1,-1
72,2,103.060,545.809,76.294,250.506,0.725863,-1,-1,-1
72,3,1179.645,967.433,88.623,113.565,0.593290,-1,-1,-1
72,4,1723.364,457.831,74.753,210.723,0.619190,-1,-1,-1
72,5,1357.855,569.991,82.742,218.297,0.606240,-1,-1,-1
72,8,492.526,194.783,76.590,196.170,0.597046,-1,-1,-1
72,9,13.599,739.308,69.985,230.031,0.727433,-1,-1,-1
72,12,374.726,904.249,124.331,176.691,0.721320,-1,-1,-1
73,1,405.916,328.615,83.714,226.345,0.787179,-1,-1,-1
73,2,102.953,546.021,76.229,250.237,0.732148,-1,-1,-1
73,3,1178.601,966.319,89.166,114.680,0.609403,-1,-1,-1
73,4,1723.365,457.288,75.291,212.541,0.613317,-1,-1,-1
73,5,1358.219,570.347,82.271,216.729,0.615962,-1,-1,-1
73,8,491.341,194.491,77.846,196.688,0.592732,-1,-1,-1
73,9,13.698,735.934,70.201,229.326,0.747777,-1,-1,-1
73,12,374.064,903.112,124.057,177.900,0.715133,-1,-1,-1
74,1,406.400,328.316,83.717,226.264,0.784236,-1,-1,-1
74,2,103.073,546.380,75.880,249.219,0.722010,-1,-1,-1
74,3,1177.944,965.885,89.315,115.115,0.623719,-1,-1,-1
74,4,1723.407,459.909,74.017,208.651,0.595793,-1,-1,-1
74,5,1358.124,570.532,81.940,215.529,0.619454,-1,-1,-1
74,8,490.904,195.704,78.481,195.465,0.559865,-1,-1,-1
74,9,14.226,733.367,69.896,226.507,0.751424,-1,-1,-1
74,12,373.789,901.378,124.067,179.659,0.688532,-1,-1,-1
75,1,406.450,327.689,83.903,226.673,0.778468,-1,-1,-1
75,2,102.713,546.160,75.905,249.476,0.728359,-1,-1,-1
75,3,1177.227,965.424,89.577,115.576,0.636282,-1,-1,-1
75,4,1723.023,458.634,74.790,211.069,0.618729,-1,-1,-1
75,5,1358.500,570.904,81.142,212.949,0.654845,-1,-1,-1
75,8,489.545,197.194,79.092,194.191,0.570795,-1,-1,-1
75,9,13.848,731.856,70.467,226.993,0.748556,-1,-1,-1
75,12,373.686,899.201,124.213,181.842,0.677752,-1,-1,-1
76,1,407.043,327.292,84.007,227.281,0.772379,-1,-1,-1
76,2,102.476,545.443,75.997,250.217,0.722046,-1,-1,-1
76,3,1176.818,964.875,89.880,116.125,0.688624,-1,-1,-1
76,4,1722.874,460.043,73.819,207.904,0.630280,-1,-1,-1
76,5,1358.263,571.389,81.202,212.545,0.647687,-1,-1,-1
76,8,490.577,200.236,79.035,191.996,0.554031,-1,-1,-1
76,9,13.279,730.153,71.487,229.554,0.746999,-1,-1,-1
76,12,373.715,896.389,124.452,184.654,0.690408,-1,-1,-1
77,1,407.423,326.244,84.429,228.793,0.766792,-1,-1,-1
77,2,102.280,545.285,75.828,250.349,0.722385,-1,-1,-1
77,3,1176.567,964.692,89.869,116.309,0.697212,-1,-1,-1
77,4,1722.826,459.922,73.536,206.712,0.622590,-1,-1,-1
77,5,1358.078,571.019,82.081,214.178,0.632147,-1,-1,-1
77,8,493.754,202.287,77.997,189.488,0.568650,-1,-1,-1
77,9,13.113,728.704,72.009,230.596,0.751462,-1,-1,-1
77,12,374.371,894.139,124.112,186.901,0.746626,-1,-1,-1
78,1,407.465,325.607,84.497,229.278,0.769351,-1,-1,-1
78,2,102.019,545.206,75.563,250.085,0.723313,-1,-1,-1
78,3,1176.155,964.078,90.152,116.922,0.720655,-1,-1,-1
78,4,1722.820,460.610,73.457,205.900,0.637177,-1,-1,-1
78,5,1357.863,572.075,82.440,214.351,0.637967,-1,-1,-1
78,8,492.954,205.336,77.176,187.105,0.600656,-1,-1,-1
78,9,13.087,727.513,72.991,232.875,0.745826,-1,-1,-1
78,12,374.496,891.786,123.727,189.249,0.753995,-1,-1,-1
79,1,407.888,325.277,84.552,230.125,0.779825,-1,-1,-1
79,2,102.213,545.929,75.051,248.898,0.725832,-1,-1,-1
79,3,1175.979,963.941,90.065,117.059,0.723957,-1,-1,-1
79,4,1722.480,459.919,73.743,206.451,0.646803,-1,-1,-1
79,5,1357.688,573.101,82.490,213.700,0.607100,-1,-1,-1
79,8,491.847,204.392,78.823,190.748,0.584064,-1,-1,-1
79,9,13.803,726.992,73.288,232.971,0.747216,-1,-1,-1
79,12,375.465,888.559,123.542,192.473,0.767989,-1,-1,-1
80,1,408.853,325.073,84.059,229.684,0.777971,-1,-1,-1
80,2,102.326,546.393,74.729,248.421,0.727345,-1,-1,-1
80,3,1175.292,963.398,90.279,117.603,0.737077,-1,-1,-1
80,4,1722.634,460.676,73.756,206.084,0.634382,-1,-1,-1
80,5,1358.074,573.224,83.541,215.936,0.575400,-1,-1,-1
80,8,492.086,204.757,79.775,193.273,0.572575,-1,-1,-1
80,9,14.705,726.034,73.836,233.733,0.727695,-1,-1,-1
80,12,375.927,884.048,123.923,196.981,0.788507,-1,-1,-1
81,1,409.667,324.612,83.231,228.158,0.761516,-1,-1,-1
81,2,102.440,546.001,74.492,248.482,0.727769,-1,-1,-1
81,3,1175.384,962.878,90.266,118.122,0.744180,-1,-1,-1
81,4,1722.858,460.393,73.913,206.290,0.620088,-1,-1,-1
81,5,1357.610,572.933,84.191,217.193,0.550685,-1,-1,-1
81,8,492.067,205.340,80.510,195.668,0.546750,-1,-1,-1
81,9,14.871,725.385,73.980,233.744,0.720739,-1,-1,-1
81,12,376.654,880.423,123.676,200.603,0.785451,-1,-1,-1
81,14,991.197,192.102,58.095,183.085,0.610014,-1,-1,-1
82,1,411.553,324.359,82.512,226.941,0.752778,-1,-1,-1
82,2,102.547,546.636,73.964,247.263,0.727883,-1,-1,-1
82,3,1174.847,962.381,90.152,118.619,0.731685,-1,-1,-1
82,4,1722.727,460.407,74.035,206.525,0.620107,-1,-1,-1
82,5,1357.523,573.003,84.453,217.528,0.545135,-1,-1,-1
82,8,493.518,207.644,79.935,195.113,0.554541,-1,-1,-1
82,9,15.524,723.133,74.834,235.725,0.726570,-1,-1,-1
82,12,376.906,876.845,123.589,204.178,0.783303,-1,-1,-1
82,14,989.812,191.982,58.123,183.208,0.609506,-1,-1,-1
83,1,412.444,323.099,82.238,226.369,0.764096,-1,-1,-1
83,2,102.227,546.775,73.840,247.349,0.727763,-1,-1,-1
83,3,1174.239,962.540,89.544,118.460,0.705722,-1,-1,-1
83,4,1723.082,460.626,73.620,205.311,0.615897,-1,-1,-1
83,5,1357.511,572.528,84.951,218.653,0.549958,-1,-1,-1
83,8,494.424,208.319,79.801,195.048,0.579254,-1,-1,-1
83,9,16.049,721.477,75.335,237.268,0.717700,-1,-1,-1
83,12,378.053,874.270,122.925,206.751,0.779603,-1,-1,-1
83,14,988.219,192.417,57.907,182.541,0.599376,-1,-1,-1
84,1,413.481,321.446,81.903,226.024,0.762678,-1,-1,-1
84,2,102.441,546.910,73.712,247.365,0.718255,-1,-1,-1
84,3,1173.569,962.376,89.186,118.624,0.722393,-1,-1,-1
84,4,1722.961,460.574,73.819,205.687,0.594047,-1,-1,-1
84,5,1357.738,572.951,84.521,217.252,0.543738,-1,-1,-1
84,8,495.304,209.359,79.964,196.222,0.598301,-1,-1,-1
84,9,15.552,719.700,75.858,239.141,0.719913,-1,-1,-1
84,12,379.098,871.900,122.279,209.119,0.769969,-1,-1,-1
84,14,986.893,192.783,57.789,182.208,0.608500,-1,-1,-1
85,1,414.513,319.819,81.548,224.882,0.757509,-1,-1,-1
85,2,102.287,546.266,73.984,248.655,0.718737,-1,-1,-1
85,3,1173.176,962.345,88.717,118.655,0.715436,-1,-1,-1
85,4,1722.731,461.283,73.938,205.667,0.599401,-1,-1,-1
85,5,1357.627,573.626,85.780,220.562,0.490404,-1,-1,-1
85,8,496.021,210.310,79.448,195.415,0.591401,-1,-1,-1
85,9,16.914,718.576,76.208,240.136,0.721188,-1,-1,-1
85,12,380.149,869.877,121.517,211.140,0.778942,-1,-1,-1
85,14,984.803,191.818,58.510,184.354,0.548552,-1,-1,-1
86,1,415.802,318.546,80.765,222.376,0.763048,-1,-1,-1
86,2,102.723,546.832,73.686,247.711,0.720899,-1,-1,-1
86,3,1172.186,962.086,88.588,118.914,0.708082,-1,-1,-1
86,4,1722.803,459.324,74.938,208.570,0.608062,-1,-1,-1
86,5,1358.731,574.622,84.141,215.869,0.533607,-1,-1,-1
86,8,496.328,210.369,79.988,197.220,0.610157,-1,-1,-1
86,9,18.490,717.023,75.276,236.838,0.746087,-1,-1,-1
86,12,381.144,867.418,121.028,213.597,0.788352,-1,-1,-1
86,14,982.790,192.216,58.795,184.918,0.482513,-1,-1,-1
87,1,416.688,317.650,80.592,220.807,0.775306,-1,-1,-1
87,2,102.917,546.732,73.579,247.326,0.733880,-1,-1,-1
87,3,1171.789,961.690,88.353,119.310,0.705559,-1,-1,-1
87,4,1722.492,460.691,74.466,207.179,0.633666,-1,-1,-1
87,5,1358.387,574.746,83.967,215.375,0.516647,-1,-1,-1
87,8,497.037,211.046,79.717,196.282,0.620375,-1,-1,-1
87,9,20.513,714.977,73.013,228.931,0.760524,-1,-1,-1
87,12,382.244,865.409,120.451,215.604,0.788438,-1,-1,-1
87,14,981.748,192.696,58.177,182.071,0.457776,-1,-1,-1
88,1,416.990,316.501,80.789,220.106,0.785536,-1,-1,-1
88,2,103.045,547.133,73.389,246.579,0.717694,-1,-1,-1
88,3,1170.303,961.283,88.234,119.718,0.742198,-1,-1,-1
88,4,1722.161,461.059,74.320,206.567,0.646765,-1,-1,-1
88,5,1358.302,574.141,84.148,215.872,0.549535,-1,-1,-1
88,8,498.208,210.846,80.308,197.500,0.616638,-1,-1,-1
88,9,20.793,711.840,72.611,226.770,0.728700,-1,-1,-1
88,12,383.499,863.122,120.210,217.890,0.805387,-1,-1,-1
88,14,979.610,192.209,59.499,185.450,0.420923,-1,-1,-1
89,1,417.014,315.021,81.087,219.909,0.776565,-1,-1,-1
89,2,103.110,547.307,73.206,245.811,0.723267,-1,-1,-1
89,3,1169.267,960.829,87.841,120.113,0.752154,-1,-1,-1
89,4,1721.516,460.339,74.572,207.190,0.636111,-1,-1,-1
89,5,1358.065,574.631,84.691,217.385,0.539224,-1,-1,-1
89,8,499.104,209.892,81.117,199.014,0.614658,-1,-1,-1
89,9,20.857,707.579,73.136,227.228,0.735761,-1,-1,-1
89,12,384.716,861.976,119.253,219.034,0.813108,-1,-1,-1
89,14,978.502,193.864,59.730,185.152,0.493093,-1,-1,-1
90,1,417.391,313.612,81.439,220.116,0.746325,-1,-1,-1
90,2,103.085,547.591,73.132,245.305,0.713372,-1,-1,-1
90,3,1168.246,959.828,87.845,121.151,0.763988,-1,-1,-1
90,4,1721.430,460.415,74.447,206.837,0.622695,-1,-1,-1
90,5,1357.526,574.319,84.307,216.737,0.537102,-1,-1,-1
90,8,500.821,209.004,81.437,199.070,0.599051,-1,-1,-1
90,9,21.729,705.106,73.307,227.511,0.733877,-1,-1,-1
90,12,385.745,860.650,118.364,220.359,0.817282,-1,-1,-1
90,14,977.483,195.729,60.024,184.835,0.412352,-1,-1,-1
91,1,417.459,312.180,82.090,222.003,0.744150,-1,-1,-1
91,2,103.333,547.863,73.043,244.802,0.704164,-1,-1,-1
91,3,1166.967,958.640,87.941,122.352,0.773691,-1,-1,-1
91,4,1721.310,461.028,74.408,206.656,0.628921,-1,-1,-1
91,5,1357.169,573.416,85.043,219.065,0.525667,-1,-1,-1
91,8,501.685,209.507,81.252,199.265,0.563731,-1,-1,-1
91,9,22.551,702.173,73.187,226.929,0.722858,-1,-1,-1
91,12,386.203,858.648,118.010,222.360,0.802325,-1,-1,-1
91,14,976.439,194.910,60.069,184.201,0.369234,-1,-1,-1
92,1,417.752,311.631,82.518,223.239,0.739377,-1,-1,-1
92,2,103.327,547.772,73.097,244.907,0.701079,-1,-1,-1
92,3,1165.994,957.984,87.516,123.014,0.760787,-1,-1,-1
92,4,1721.619,461.019,74.453,206.778,0.630987,-1,-1,-1
92,5,1357.642,573.364,84.148,216.974,0.532781,-1,-1,-1
92,8,501.559,212.259,80.177,196.621,0.591064,-1,-1,-1
92,9,22.774,698.411,73.543,228.617,0.717595,-1,-1,-1
92,12,386.253,855.598,117.987,225.410,0.795307,-1,-1,-1
92,14,974.997,196.353,60.053,183.322,0.398448,-1,-1,-1
93,1,417.982,310.707,82.879,224.411,0.730634,-1,-1,-1
93,2,103.215,547.989,73.027,244.731,0.692042,-1,-1,-1
93,3,1165.039,957.621,86.884,123.378,0.779178,-1,-1,-1
93,4,1721.785,461.031,74.392,206.497,0.620786,-1,-1,-1
93,5,1357.466,573.060,83.907,216.643,0.518203,-1,-1,-1
93,8,501.835,210.986,80.557,198.055,0.553202,-1,-1,-1
93,9,23.806,698.225,72.677,226.314,0.709340,-1,-1,-1
93,12,386.989,852.363,118.051,228.644,0.802391,-1,-1,-1
93,14,974.133,196.434,60.853,185.582,0.352654,-1,-1,-1
94,1,418.054,310.022,82.968,224.823,0.730952,-1,-1,-1
94,2,103.374,548.126,73.040,244.560,0.688285,-1,-1,-1
94,3,1163.719,956.699,86.497,124.301,0.791325,-1,-1,-1
94,4,1722.266,461.162,74.507,206.880,0.623319,-1,-1,-1
94,5,1357.564,573.302,84.023,217.089,0.474123,-1,-1,-1
94,8,501.387,211.862,80.563,198.865,0.525552,-1,-1,-1
94,9,24.163,697.609,72.144,225.051,0.714277,-1,-1,-1
94,12,387.718,849.977,117.706,231.029,0.791598,-1,-1,-1
94,14,973.233,197.746,61.069,186.008,0.333352,-1,-1,-1
95,1,417.553,308.968,83.417,226.256,0.742666,-1,-1,-1
95,2,103.306,548.158,73.047,244.329,0.685289,-1,-1,-1
95,3,1162.270,955.150,86.605,125.850,0.787388,-1,-1,-1
95,4,1722.259,461.093,74.404,206.925,0.611721,-1,-1,-1
95,5,1357.648,574.295,83.766,216.491,0.445575,-1,-1,-1
95,8,502.315,213.673,80.271,199.230,0.496917,-1,-1,-1
95,9,24.879,696.786,72.019,225.730,0.715063,-1,-1,-1
95,12,387.799,845.628,118.079,235.377,0.797438,-1,-1,-1
95,14,971.962,198.310,61.643,187.835,0.320290,-1,-1,-1
96,1,418.547,308.184,83.676,226.879,0.759982,-1,-1,-1
96,2,103.151,548.012,73.006,243.977,0.677845,-1,-1,-1
96,3,1160.993,954.275,86.125,126.725,0.795485,-1,-1,-1
96,4,1722.243,460.361,74.372,207.039,0.621879,-1,-1,-1
96,5,1357.487,574.367,84.984,219.895,0.497780,-1,-1,-1
96,8,505.704,213.245,81.350,202.784,0.550443,-1,-1,-1
96,9,25.170,695.005,72.324,228.136,0.719281,-1,-1,-1
96,12,387.891,842.591,117.783,238.413,0.807604,-1,-1,-1
96,14,969.529,200.091,62.105,189.596,0.408003,-1,-1,-1
97,1,418.492,307.591,83.778,227.317,0.758234,-1,-1,-1
97,2,103.068,548.016,73.196,244.577,0.683292,-1,-1,-1
97,3,1159.207,952.854,85.912,128.146,0.783027,-1,-1,-1
97,4,1722.463,460.423,74.506,207.555,0.638589,-1,-1,-1
97,5,1356.986,573.755,85.263,221.066,0.521468,-1,-1,-1
97,8,507.401,214.262,81.194,204.111,0.528813,-1,-1,-1
97,9,25.209,693.872,72.131,228.538,0.718484,-1,-1,-1
97,12,387.904,841.479,116.450,239.525,0.801989,-1,-1,-1
97,14,967.287,200.485,62.339,190.688,0.378693,-1,-1,-1
98,1,418.658,306.290,84.111,228.696,0.762679,-1,-1,-1
98,2,102.926,547.862,73.242,244.650,0.673053,-1,-1,-1
98,3,1157.326,950.870,86.163,130.131,0.776612,-1,-1,-1
98,4,1722.212,457.867,75.328,210.402,0.637159,-1,-1,-1
98,5,1357.089,574.069,84.290,219.129,0.518305,-1,-1,-1
98,8,508.484,215.178,80.627,204.648,0.561295,-1,-1,-1
98,9,25.494,693.247,71.968,229.030,0.719703,-1,-1,-1
98,12,387.559,839.696,115.411,241.308,0.802478,-1,-1,-1
98,14,965.633,200.856,62.296,190.552,0.479190,-1,-1,-1
99,1,419.193,305.838,84.098,228.862,0.762307,-1,-1,-1
99,2,102.798,547.578,73.362,245.008,0.674026,-1,-1,-1
99,3,1155.658,948.238,86.799,132.762,0.766085,-1,-1,-1
99,4,1722.602,459.487,74.731,208.983,0.624845,-1,-1,-1
99,5,1357.738,574.450,82.712,215.019,0.543868,-1,-1,-1
99,8,509.488,215.606,79.727,204.728,0.524666,-1,-1,-1
99,9,26.228,692.610,71.690,228.989,0.722039,-1,-1,-1
99,12,386.996,835.736,115.350,245.267,0.804031,-1,-1,-1
99,14,963.765,201.425,62.117,190.108,0.427785,-1,-1,-1
100,1,420.004,304.436,84.143,229.322,0.751817,-1,-1,-1
100,2,102.470,546.574,73.947,247.437,0.663472,-1,-1,-1
100,3,1154.300,947.142,86.301,133.858,0.754940,-1,-1,-1
100,4,1722.614,460.142,74.431,208.295,0.609223,-1,-1,-1
100,5,1357.772,574.982,82.490,214.478,0.521916,-1,-1,-1
100,8,508.734,215.204,79.463,206.503,0.441819,-1,-1,-1
100,9,26.836,691.056,71.746,229.661,0.732064,-1,-1,-1
100,12,386.306,832.945,114.805,248.058,0.795092,-1,-1,-1
100,14,962.126,202.401,61.639,188.930,0.451071,-1,-1,-1
101,1,420.541,303.313,84.171,229.577,0.766039,-1,-1,-1
101,2,102.561,546.175,74.092,248.286,0.669050,-1,-1,-1
101,3,1153.023,946.375,85.396,134.164,0.760206,-1,-1,-1
101,4,1722.665,460.547,74.332,208.036,0.619347,-1,-1,-1
101,5,1357.795,575.377,82.491,214.506,0.513051,-1,-1,-1
101,8,509.358,217.217,79.044,207.390,0.511291,-1,-1,-1
101,9,28.371,688.997,70.926,227.326,0.736012,-1,-1,-1
101,12,385.374,831.026,114.023,249.977,0.790392,-1,-1,-1
101,14,961.173,203.051,60.479,185.265,0.439440,-1,-1,-1
102,1,420.986,301.388,84.091,229.809,0.764357,-1,-1,-1
102,2,102.843,545.786,74.116,248.659,0.674468,-1,-1,-1
102,3,1151.608,945.131,84.585,134.796,0.740915,-1,-1,-1
102,4,1722.711,460.931,74.036,207.370,0.622354,-1,-1,-1
102,5,1357.574,575.360,83.125,216.405,0.502139,-1,-1,-1
102,8,510.178,218.252,78.487,207.600,0.514773,-1,-1,-1
102,9,29.239,686.514,70.175,224.791,0.753263,-1,-1,-1
102,12,384.491,828.251,113.769,252.752,0.798094,-1,-1,-1
102,14,959.004,204.221,60.139,183.967,0.493022,-1,-1,-1
103,1,421.211,300.151,83.562,228.540,0.747815,-1,-1,-1
103,2,102.860,545.694,74.146,249.154,0.671820,-1,-1,-1
103,3,1149.603,942.722,84.610,136.986,0.740976,-1,-1,-1
103,4,1722.502,460.932,73.907,206.795,0.611039,-1,-1,-1
103,5,1357.837,575.018,83.564,217.781,0.488116,-1,-1,-1
103,8,510.214,217.995,78.775,209.641,0.513004,-1,-1,-1
103,9,31.373,685.160,69.017,220.923,0.764123,-1,-1,-1
103,12,383.677,826.363,113.349,254.640,0.794355,-1,-1,-1
103,14,956.148,202.540,60.443,184.728,0.496504,-1,-1,-1
104,1,421.764,299.917,82.447,225.660,0.741031,-1,-1,-1
104,2,103.009,545.147,74.247,249.975,0.656724,-1,-1,-1
104,3,1147.370,942.283,83.566,137.414,0.727274,-1,-1,-1
104,4,1722.358,460.406,73.824,206.800,0.616189,-1,-1,-1
104,5,1357.878,575.268,83.836,218.708,0.448584,-1,-1,-1
104,8,512.046,217.862,78.721,209.979,0.527775,-1,-1,-1
104,9,33.000,683.179,68.678,220.018,0.764282,-1,-1,-1
104,12,382.685,823.784,113.323,257.217,0.805200,-1,-1,-1
104,14,954.049,202.650,60.509,184.822,0.464824,-1,-1,-1
105,1,422.486,299.139,80.992,220.986,0.736550,-1,-1,-1
105,2,103.241,545.283,74.121,249.848,0.682867,-1,-1,-1
105,3,1145.759,941.484,82.440,137.776,0.722219,-1,-1,-1
105,4,1722.418,459.972,73.953,206.945,0.614750,-1,-1,-1
105,5,1357.591,575.262,85.746,224.006,0.462718,-1,-1,-1
105,8,513.670,221.254,77.073,206.380,0.506065,-1,-1,-1
105,9,35.139,681.914,68.925,221.264,0.776253,-1,-1,-1
105,12,382.333,822.030,112.975,258.972,0.810303,-1,-1,-1
105,14,951.630,202.244,60.997,186.550,0.498160,-1,-1,-1
106,1,423.328,298.022,79.798,217.042,0.738478,-1,-1,-1
106,2,103.615,546.360,73.803,248.924,0.661679,-1,-1,-1
106,3,1144.433,940.705,81.701,138.820,0.709765,-1,-1,-1
106,4,1722.349,460.551,73.887,206.769,0.622024,-1,-1,-1
106,5,1357.534,575.409,84.294,220.577,0.496355,-1,-1,-1
106,8,513.815,221.142,76.593,205.915,0.499241,-1,-1,-1
106,9,37.077,680.677,69.363,222.166,0.782678,-1,-1,-1
106,12,381.578,820.044,112.773,260.957,0.804279,-1,-1,-1
106,14,949.648,202.435,60.820,186.356,0.515997,-1,-1,-1
107,1,423.189,296.767,79.567,215.787,0.748887,-1,-1,-1
107,2,103.876,546.952,73.778,249.014,0.663139,-1,-1,-1
107,3,1143.072,939.392,81.428,140.293,0.724673,-1,-1,-1
107,4,1722.221,460.597,73.942,206.778,0.630797,-1,-1,-1
107,5,1357.588,575.388,85.092,222.775,0.466483,-1,-1,-1
107,8,514.128,223.996,75.244,202.964,0.512035,-1,-1,-1
107,9,39.504,679.812,70.085,222.232,0.787139,-1,-1,-1
107,12,381.150,818.602,112.233,262.399,0.807591,-1,-1,-1
107,14,948.842,204.754,60.637,186.523,0.524695,-1,-1,-1
108,1,422.996,295.423,79.862,216.044,0.738281,-1,-1,-1
108,2,103.866,546.923,74.094,250.199,0.641628,-1,-1,-1
108,3,1141.815,938.828,80.617,140.589,0.729782,-1,-1,-1
108,4,1722.034,460.257,74.058,207.037,0.640139,-1,-1,-1
108,5,1357.983,575.994,84.875,221.993,0.499111,-1,-1,-1
108,8,513.816,224.885,74.311,202.337,0.452354,-1,-1,-1
108,9,41.823,678.018,71.640,224.099,0.808179,-1,-1,-1
108,12,381.069,817.019,111.731,263.982,0.806468,-1,-1,-1
108,14,946.760,206.152,61.221,188.642,0.548113,-1,-1,-1
109,1,422.494,294.790,80.239,216.054,0.741308,-1,-1,-1
109,2,103.623,546.628,74.321,251.345,0.654848,-1,-1,-1
109,3,1140.125,938.000,80.424,141.943,0.753306,-1,-1,-1
109,4,1722.318,459.842,73.778,206.524,0.615051,-1,-1,-1
109,5,1357.740,576.475,83.421,218.142,0.524492,-1,-1,-1
109,8,514.076,226.174,73.266,201.151,0.446719,-1,-1,-1
109,9,42.395,677.014,72.568,225.076,0.814545,-1,-1,-1
109,12,380.482,812.951,112.105,268.050,0.813068,-1,-1,-1
109,14,945.487,205.972,60.961,188.404,0.607089,-1,-1,-1
110,1,422.097,292.816,81.220,217.832,0.746660,-1,-1,-1
110,2,103.373,546.118,74.896,253.855,0.655245,-1,-1,-1
110,3,1138.104,937.592,80.169,142.872,0.756584,-1,-1,-1
110,4,1722.233,460.245,74.065,207.476,0.622400,-1,-1,-1
110,5,1357.999,577.066,83.500,218.100,0.502385,-1,-1,-1
110,8,512.561,228.163,71.687,198.877,0.435362,-1,-1,-1
110,9,45.809,674.831,74.381,225.977,0.799364,-1,-1,-1
110,12,380.017,807.869,112.649,273.132,0.816853,-1,-1,-1
110,14,944.308,206.849,60.307,187.245,0.618111,-1,-1,-1
111,1,421.986,290.434,82.520,220.834,0.734061,-1,-1,-1
111,2,103.033,545.834,75.067,255.064,0.658281,-1,-1,-1
111,3,1136.094,936.900,80.043,143.926,0.760618,-1,-1,-1
111,4,1722.203,458.130,74.680,209.670,0.593635,-1,-1,-1
111,5,1357.949,576.985,82.121,214.462,0.508137,-1,-1,-1
111,8,516.329,228.805,71.932,199.068,0.517335,-1,-1,-1
111,9,48.741,672.723,75.989,226.157,0.770246,-1,-1,-1
111,12,380.551,803.335,112.840,277.666,0.820692,-1,-1,-1
111,14,943.043,207.837,60.176,187.111,0.648406,-1,-1,-1
112,1,421.314,288.952,83.224,222.322,0.734817,-1,-1,-1
112,2,103.074,545.744,74.863,255.146,0.641442,-1,-1,-1
112,3,1135.035,935.806,79.922,145.156,0.756070,-1,-1,-1
112,4,1722.353,457.619,74.838,210.453,0.612704,-1,-1,-1
112,5,1358.241,576.375,81.358,212.452,0.560525,-1,-1,-1
112,8,518.658,231.465,71.846,198.213,0.555285,-1,-1,-1
112,9,50.771,671.292,77.281,226.053,0.717411,-1,-1,-1
112,12,381.727,800.736,111.234,277.515,0.814783,-1,-1,-1
112,14,941.603,209.919,59.736,185.753,0.636674,-1,-1,-1
113,1,421.640,288.005,83.802,223.559,0.743651,-1,-1,-1
113,2,103.632,546.319,74.049,252.984,0.669554,-1,-1,-1
113,3,1133.223,935.240,79.663,145.772,0.756052,-1,-1,-1
113,4,1722.800,460.026,73.736,207.131,0.632146,-1,-1,-1
113,5,1358.036,576.411,82.488,215.243,0.535489,-1,-1,-1
113,8,519.612,233.885,71.956,198.115,0.547972,-1,-1,-1
113,9,49.813,670.816,77.309,225.362,0.661532,-1,-1,-1
113,12,382.922,798.408,108.751,274.424,0.805868,-1,-1,-1
113,14,940.446,210.985,59.460,185.374,0.651828,-1,-1,-1
114,1,422.038,287.055,84.077,223.380,0.735100,-1,-1,-1
114,2,103.902,546.419,73.596,251.905,0.659642,-1,-1,-1
114,3,1131.238,934.426,79.468,146.602,0.754728,-1,-1,-1
114,4,1722.393,458.194,74.482,209.589,0.619696,-1,-1,-1
114,5,1357.845,576.363,82.413,215.178,0.536255,-1,-1,-1
114,8,520.887,235.917,72.815,200.171,0.568090,-1,-1,-1
114,9,51.409,669.104,77.932,225.947,0.656578,-1,-1,-1
114,12,384.273,795.280,106.906,272.522,0.807949,-1,-1,-1
114,14,938.069,210.910,59.428,185.541,0.602771,-1,-1,-1
115,1,422.428,287.189,84.159,222.780,0.758668,-1,-1,-1
115,2,103.843,546.364,73.618,252.838,0.631320,-1,-1,-1
115,3,1128.761,934.472,79.123,146.560,0.763329,-1,-1,-1
115,4,1722.377,457.868,74.761,210.483,0.651702,-1,-1,-1
115,5,1358.224,576.054,82.170,214.304,0.549026,-1,-1,-1
115,8,522.773,237.390,73.286,201.030,0.607710,-1,-1,-1
115,9,54.953,667.095,78.561,226.936,0.684077,-1,-1,-1
115,12,385.929,791.934,105.617,271.099,0.804884,-1,-1,-1
115,14,937.160,211.555,58.867,184.327,0.612369,-1,-1,-1
116,1,421.922,286.475,84.660,223.432,0.755387,-1,-1,-1
116,2,103.847,547.103,72.424,249.113,0.593166,-1,-1,-1
116,3,1126.354,934.795,78.596,146.187,0.766037,-1,-1,-1
116,4,1722.714,460.332,73.852,207.783,0.629722,-1,-1,-1
116,5,1357.785,575.973,83.179,216.870,0.544238,-1,-1,-1
116,8,522.052,237.103,73.850,202.462,0.590418,-1,-1,-1
116,9,59.225,665.721,77.126,222.877,0.692485,-1,-1,-1
116,12,387.548,789.220,105.449,272.482,0.810850,-1,-1,-1
116,14,935.925,212.112,58.451,182.917,0.561589,-1,-1,-1
117,1,421.807,286.007,84.989,223.802,0.754622,-1,-1,-1
117,2,104.023,546.982,71.533,246.166,0.554936,-1,-1,-1
117,3,1124.352,934.907,78.131,145.678,0.759286,-1,-1,-1
117,4,1722.644,460.555,73.654,207.010,0.643143,-1,-1,-1
117,5,1357.237,576.664,84.399,220.078,0.556674,-1,-1,-1
117,8,521.759,237.499,74.133,203.288,0.552321,-1,-1,-1
117,9,65.998,665.324,75.427,218.347,0.718227,-1,-1,-1
117,12,388.452,787.554,105.018,272.661,0.808697,-1,-1,-1
117,14,934.658,212.137,57.755,181.176,0.532854,-1,-1,-1
118,1,422.018,285.641,85.046,223.833,0.744585,-1,-1,-1
118,2,102.240,546.364,71.956,246.432,0.533489,-1,-1,-1
118,3,1122.032,934.888,78.186,145.825,0.777629,-1,-1,-1
118,4,1722.684,460.809,73.551,206.618,0.652326,-1,-1,-1
118,5,1357.924,576.974,82.998,216.023,0.514040,-1,-1,-1
118,8,521.095,236.968,75.075,206.182,0.583733,-1,-1,-1
118,9,71.098,666.486,73.462,213.284,0.610724,-1,-1,-1
118,12,388.914,785.818,105.586,275.311,0.799777,-1,-1,-1
118,14,931.925,212.431,58.335,182.767,0.560935,-1,-1,-1
119,1,421.942,285.346,85.055,223.781,0.746602,-1,-1,-1
119,2,100.911,547.027,73.868,252.781,0.513762,-1,-1,-1
119,3,1119.172,934.939,78.276,145.967,0.794897,-1,-1,-1
119,4,1722.422,460.679,73.746,206.760,0.654044,-1,-1,-1
119,5,1357.774,576.833,83.412,217.204,0.482790,-1,-1,-1
119,8,520.441,238.135,75.112,207.066,0.603097,-1,-1,-1
119,9,76.914,668.825,72.231,209.578,0.539962,-1,-1,-1
119,12,390.533,784.483,105.079,275.220,0.801157,-1,-1,-1
119,14,930.338,211.951,58.709,184.973,0.535728,-1,-1,-1
120,1,421.872,284.838,85.224,224.344,0.746812,-1,-1,-1
120,2,100.307,546.636,74.761,255.868,0.508214,-1,-1,-1
120,3,1115.820,934.517,78.568,146.462,0.797808,-1,-1,-1
120,4,1722.410,460.852,73.905,206.859,0.627609,-1,-1,-1
120,5,1358.041,577.991,82.171,213.510,0.481165,-1,-1,-1
120,8,521.003,240.889,73.775,203.963,0.578601,-1,-1,-1
120,9,81.223,667.539,71.359,207.761,0.592383,-1,-1,-1
120,12,391.435,783.274,104.711,275.348,0.803322,-1,-1,-1
120,14,929.018,212.216,58.837,186.106,0.536335,-1,-1,-1
121,1,421.622,283.241,85.324,225.016,0.751217,-1,-1,-1
121,2,101.595,545.935,72.992,248.946,0.492265,-1,-1,-1
121,3,1112.298,933.849,79.038,147.156,0.776150,-1,-1,-1
121,4,1722.192,458.077,74.837,209.921,0.635304,-1,-1,-1
121,5,1357.891,577.321,82.043,212.996,0.552193,-1,-1,-1
121,8,521.131,243.344,72.199,200.834,0.576986,-1,-1,-1
121,9,82.803,665.454,72.176,210.101,0.692704,-1,-1,-1
121,12,391.909,781.188,104.799,276.628,0.802184,-1,-1,-1
121,14,927.248,212.408,58.895,186.711,0.490890,-1,-1,-1
122,1,421.946,282.246,84.861,223.939,0.752117,-1,-1,-1
122,2,105.529,547.040,65.941,221.535,0.459118,-1,-1,-1
122,3,1108.564,933.383,79.416,147.631,0.783679,-1,-1,-1
122,4,1722.116,459.802,74.338,207.997,0.647875,-1,-1,-1
122,5,1357.943,577.186,83.088,215.553,0.477984,-1,-1,-1
122,8,520.274,243.766,71.363,199.919,0.599645,-1,-1,-1
122,9,86.070,662.828,73.299,212.529,0.664084,-1,-1,-1
122,12,392.189,780.257,104.708,277.097,0.799468,-1,-1,-1
122,14,925.706,212.434,58.689,187.030,0.425629,-1,-1,-1
123,1,422.662,281.302,83.939,221.700,0.732992,-1,-1,-1
123,2,107.025,547.212,63.519,210.548,0.480372,-1,-1,-1
123,3,1105.694,932.633,79.635,148.076,0.782458,-1,-1,-1
123,4,1722.327,459.895,74.426,207.906,0.646946,-1,-1,-1
123,5,1358.272,577.423,82.484,213.453,0.553968,-1,-1,-1
123,8,520.802,245.457,70.133,197.480,0.573449,-1,-1,-1
123,9,87.485,660.497,74.067,213.969,0.660973,-1,-1,-1
123,12,392.253,779.005,104.526,277.243,0.793292,-1,-1,-1
123,14,924.831,211.324,58.830,188.486,0.460829,-1,-1,-1
124,1,423.181,280.130,82.831,218.720,0.728370,-1,-1,-1
124,2,106.334,546.374,64.632,212.257,0.354300,-1,-1,-1
124,3,1102.137,931.288,80.166,149.219,0.783233,-1,-1,-1
124,4,1722.320,460.381,74.272,207.121,0.613698,-1,-1,-1
124,5,1358.149,577.380,82.831,214.223,0.514329,-1,-1,-1
124,8,522.483,246.019,70.061,197.527,0.524236,-1,-1,-1
124,9,90.961,658.200,74.392,216.146,0.509561,-1,-1,-1
124,12,393.603,778.406,103.689,275.115,0.793432,-1,-1,-1
124,14,923.006,211.160,58.713,188.640,0.463893,-1,-1,-1
125,1,423.922,279.292,81.491,214.957,0.707851,-1,-1,-1
125,2,106.386,546.238,64.533,209.889,0.338686,-1,-1,-1
125,3,1098.513,930.725,80.544,150.005,0.788529,-1,-1,-1
125,4,1722.001,459.453,74.670,208.292,0.632916,-1,-1,-1
125,5,1358.093,577.007,83.007,214.710,0.486880,-1,-1,-1
125,8,523.373,248.104,68.314,192.681,0.525127,-1,-1,-1
125,9,93.685,655.048,74.439,219.358,0.409936,-1,-1,-1
125,12,393.486,776.176,103.840,276.111,0.789473,-1,-1,-1
125,14,921.039,211.453,58.520,188.824,0.471811,-1,-1,-1
126,1,423.611,278.398,81.190,213.792,0.705798,-1,-1,-1
126,2,110.326,545.045,56.603,177.404,0.304400,-1,-1,-1
126,3,1095.128,930.109,80.822,150.491,0.803966,-1,-1,-1
126,4,1721.609,459.490,74.824,208.696,0.634564,-1,-1,-1
126,5,1358.413,576.974,82.391,213.135,0.525899,-1,-1,-1
126,8,523.941,249.574,68.039,191.986,0.549231,-1,-1,-1
126,9,96.613,654.521,73.424,218.942,0.281122,-1,-1,-1
126,12,392.465,772.111,104.092,278.329,0.800666,-1,-1,-1
126,14,918.931,211.934,58.127,189.132,0.482912,-1,-1,-1
127,1,423.623,277.821,80.960,213.330,0.687726,-1,-1,-1
127,2,112.411,544.752,53.080,160.024,0.261828,-1,-1,-1
127,3,1092.215,929.891,81.220,150.968,0.807637,-1,-1,-1
127,4,1721.962,459.865,74.572,207.884,0.657530,-1,-1,-1
127,5,1358.551,577.466,82.505,213.413,0.520211,-1,-1,-1
127,8,524.824,252.317,67.132,189.357,0.562592,-1,-1,-1
127,9,92.612,581.996,93.111,286.453,0.301445,-1,-1,-1
127,12,392.294,767.646,103.051,277.386,0.793697,-1,-1,-1
127,14,917.492,211.929,57.716,189.217,0.422578,-1,-1,-1
128,1,423.343,277.276,80.736,212.954,0.668786,-1,-1,-1
128,2,112.435,544.594,52.981,154.288,0.395249,-1,-1,-1
128,3,1088.882,929.185,81.496,151.524,0.792243,-1,-1,-1
128,4,1722.268,460.120,74.469,207.299,0.628215,-1,-1,-1
128,5,1358.316,577.656,82.873,214.387,0.505546,-1,-1,-1
128,8,525.254,254.919,66.680,188.447,0.536704,-1,-1,-1
128,12,392.403,763.016,102.366,276.756,0.791754,-1,-1,-1
128,14,914.802,212.977,57.595,189.617,0.435273,-1,-1,-1
129,1,420.858,276.611,81.503,215.243,0.689894,-1,-1,-1
129,3,1086.322,928.645,81.612,151.871,0.788712,-1,-1,-1
129,4,1722.161,459.587,74.329,206.706,0.635355,-1,-1,-1
129,5,1361.288,577.057,83.964,219.056,0.477668,-1,-1,-1
129,8,525.063,256.267,67.114,190.744,0.592292,-1,-1,-1
129,12,393.813,758.326,100.440,272.917,0.793693,-1,-1,-1
129,14,912.604,213.905,57.108,188.105,0.473072,-1,-1,-1
130,1,419.689,275.198,82.154,217.362,0.704247,-1,-1,-1
130,3,1083.223,927.948,81.861,152.297,0.780349,-1,-1,-1
130,4,1722.240,459.431,74.567,207.452,0.612484,-1,-1,-1
130,5,1360.380,576.696,83.641,218.265,0.489023,-1,-1,-1
130,8,525.477,258.353,66.999,192.219,0.554987,-1,-1,-1
130,12,395.535,755.364,97.997,267.365,0.750432,-1,-1,-1
130,14,908.990,215.063,57.428,187.067,0.483229,-1,-1,-1
131,1,419.828,274.016,82.289,218.501,0.662616,-1,-1,-1
131,3,1081.113,927.721,81.479,151.737,0.758663,-1,-1,-1
131,4,1722.243,459.871,74.442,207.156,0.617632,-1,-1,-1
131,5,1361.076,577.445,82.570,215.667,0.504068,-1,-1,-1
131,8,525.449,258.810,68.013,197.541,0.505010,-1,-1,-1
131,12,395.665,753.093,96.596,264.407,0.742214,-1,-1,-1
131,14,905.611,215.274,57.983,186.626,0.499498,-1,-1,-1
131,9,101.215,546.132,80.717,251.244,0.645131,-1,-1,-1
132,1,419.570,273.757,82.367,219.100,0.649456,-1,-1,-1
132,3,1079.940,928.133,81.168,151.187,0.771131,-1,-1,-1
132,4,1722.284,460.162,74.390,207.044,0.617405,-1,-1,-1
132,5,1360.463,577.273,82.371,215.335,0.514101,-1,-1,-1
132,8,526.581,255.683,69.134,203.068,0.500870,-1,-1,-1
132,12,394.170,750.839,96.597,265.142,0.752907,-1,-1,-1
132,14,904.423,214.512,59.073,187.432,0.483462,-1,-1,-1
132,9,102.083,543.971,78.601,246.617,0.584212,-1,-1,-1
133,1,419.137,272.962,82.446,219.611,0.642046,-1,-1,-1
133,3,1078.464,928.338,81.099,151.101,0.779344,-1,-1,-1
133,4,1722.129,459.894,74.327,206.754,0.603572,-1,-1,-1
133,5,1359.908,577.633,82.184,214.332,0.492092,-1,-1,-1
133,8,527.318,254.773,69.204,206.123,0.516145,-1,-1,-1
133,12,392.471,749.385,96.745,265.169,0.754238,-1,-1,-1
133,14,903.552,212.583,60.712,190.538,0.476776,-1,-1,-1
133,9,102.741,543.307,77.636,244.877,0.537513,-1,-1,-1
134,1,418.844,273.378,82.127,218.923,0.642563,-1,-1,-1
134,3,1076.210,928.087,80.800,150.921,0.784996,-1,-1,-1
134,4,1722.026,460.405,74.338,206.870,0.593671,-1,-1,-1
134,5,1359.822,576.991,82.904,216.112,0.481881,-1,-1,-1
134,8,527.776,256.171,67.603,204.487,0.515741,-1,-1,-1
134,12,391.169,748.349,97.050,265.523,0.769756,-1,-1,-1
134,14,902.237,212.812,61.201,190.334,0.461497,-1,-1,-1
134,9,104.462,543.612,75.204,236.525,0.514915,-1,-1,-1
135,1,417.720,272.329,82.368,219.224,0.641661,-1,-1,-1
135,3,1074.534,927.498,80.932,151.551,0.781653,-1,-1,-1
135,4,1721.607,459.745,74.607,207.481,0.599370,-1,-1,-1
135,5,1359.633,576.937,83.321,216.949,0.509151,-1,-1,-1
135,8,527.636,259.067,66.439,203.604,0.555630,-1,-1,-1
135,12,390.331,746.445,97.763,267.442,0.778825,-1,-1,-1
135,14,901.402,212.155,61.936,191.268,0.434998,-1,-1,-1
135,9,104.072,542.137,76.081,238.974,0.618962,-1,-1,-1
136,1,417.805,271.726,82.129,218.760,0.672421,-1,-1,-1
136,3,1072.632,927.614,80.290,150.977,0.788793,-1,-1,-1
136,4,1721.864,459.781,74.739,207.978,0.612124,-1,-1,-1
136,5,1361.427,577.638,84.237,219.782,0.484342,-1,-1,-1
136,8,527.480,259.845,65.440,203.128,0.558879,-1,-1,-1
136,12,388.683,745.564,98.347,267.999,0.791779,-1,-1,-1
136,14,899.678,212.852,61.687,189.941,0.413412,-1,-1,-1
136,9,103.624,542.686,75.609,237.762,0.622295,-1,-1,-1
137,1,417.142,270.206,82.264,219.086,0.663580,-1,-1,-1
137,3,1071.014,927.990,79.666,150.260,0.795055,-1,-1,-1
137,4,1721.973,458.821,74.977,208.715,0.607930,-1,-1,-1
137,5,1363.645,578.392,83.537,219.220,0.457145,-1,-1,-1
137,8,528.189,257.954,64.992,204.734,0.587843,-1,-1,-1
137,12,387.284,745.065,98.813,268.194,0.789674,-1,-1,-1
137,14,897.401,212.235,61.970,191.111,0.415859,-1,-1,-1
137,9,102.162,543.780,74.631,235.988,0.572400,-1,-1,-1
138,1,416.866,268.898,82.321,219.373,0.692207,-1,-1,-1
138,3,1069.483,928.346,79.179,149.871,0.789802,-1,-1,-1
138,4,1721.931,458.749,75.071,209.030,0.605128,-1,-1,-1
138,5,1363.937,578.210,83.861,221.291,0.447523,-1,-1,-1
138,8,529.043,257.469,63.688,203.605,0.591754,-1,-1,-1
138,12,386.296,744.897,99.120,267.867,0.789289,-1,-1,-1
138,14,894.639,212.948,58.958,183.112,0.460230,-1,-1,-1
138,9,100.883,544.522,73.707,235.473,0.597419,-1,-1,-1
139,1,416.165,267.335,82.570,220.458,0.640626,-1,-1,-1
139,3,1068.082,928.290,78.656,149.425,0.787636,-1,-1,-1
139,4,1721.808,458.715,75.143,209.167,0.623254,-1,-1,-1
139,5,1363.034,577.595,84.613,223.467,0.468287,-1,-1,-1
139,8,529.746,259.441,62.267,201.441,0.574730,-1,-1,-1
139,12,385.517,744.720,99.243,267.233,0.795921,-1,-1,-1
139,14,893.259,211.609,60.491,188.312,0.523938,-1,-1,-1
139,9,100.305,544.938,73.308,236.568,0.616594,-1,-1,-1
140,1,417.070,267.864,81.511,218.114,0.614002,-1,-1,-1
140,3,1066.526,927.599,78.516,149.612,0.791723,-1,-1,-1
140,4,1721.879,459.138,75.057,208.872,0.635237,-1,-1,-1
140,5,1361.841,577.895,82.426,216.777,0.549346,-1,-1,-1
140,8,530.030,259.405,61.974,202.500,0.602398,-1,-1,-1
140,12,385.676,742.741,99.481,267.243,0.796285,-1,-1,-1
140,14,889.048,211.257,58.618,184.243,0.470551,-1,-1,-1
140,9,99.993,545.060,72.842,237.794,0.618472,-1,-1,-1
141,1,417.024,266.399,81.069,217.250,0.631811,-1,-1,-1
141,3,1064.333,926.427,78.878,150.973,0.787074,-1,-1,-1
141,4,1722.078,459.248,74.865,208.267,0.621884,-1,-1,-1
141,5,1360.784,576.993,82.764,216.690,0.498510,-1,-1,-1
141,8,530.221,259.314,61.318,202.185,0.603215,-1,-1,-1
141,12,385.745,740.637,99.538,267.303,0.796259,-1,-1,-1
141,14,885.733,210.736,58.880,186.466,0.544084,-1,-1,-1
141,9,100.450,545.616,72.506,239.082,0.644475,-1,-1,-1
142,1,416.970,265.336,80.659,216.743,0.632736,-1,-1,-1
142,3,1062.726,925.790,78.896,152.271,0.777431,-1,-1,-1
142,4,1722.481,459.860,74.591,207.360,0.623540,-1,-1,-1
142,5,1360.133,576.871,83.476,217.634,0.481899,-1,-1,-1
142,8,530.312,258.651,60.997,202.921,0.599391,-1,-1,-1
142,12,386.293,738.425,99.450,267.931,0.791658,-1,-1,-1
142,14,882.575,209.754,58.632,187.041,0.515862,-1,-1,-1
142,9,101.446,545.928,72.254,240.428,0.658032,-1,-1,-1
143,1,415.133,261.401,81.576,220.174,0.632801,-1,-1,-1
143,3,1061.099,924.790,78.561,152.937,0.762219,-1,-1,-1
143,4,1722.479,460.078,74.529,207.078,0.633293,-1,-1,-1
143,5,1359.946,576.812,83.750,217.744,0.481582,-1,-1,-1
143,8,529.962,258.653,60.576,203.022,0.594639,-1,-1,-1
143,12,387.255,735.771,98.487,266.333,0.802533,-1,-1,-1
143,14,880.058,208.293,58.552,188.508,0.478476,-1,-1,-1
143,9,102.280,545.730,71.759,240.511,0.674575,-1,-1,-1
144,1,415.187,260.357,80.864,218.347,0.632350,-1,-1,-1
144,3,1059.438,924.162,78.032,153.477,0.757243,-1,-1,-1
144,4,1722.611,460.551,74.511,207.015,0.621423,-1,-1,-1
144,5,1360.213,576.915,83.787,217.313,0.498112,-1,-1,-1
144,8,530.108,260.197,60.273,202.907,0.604232,-1,-1,-1
144,12,388.396,732.621,97.013,263.214,0.794844,-1,-1,-1
144,14,877.905,207.856,58.484,188.674,0.473248,-1,-1,-1
144,9,102.797,545.989,71.394,240.502,0.686608,-1,-1,-1
144,16,151.912,631.572,85.778,207.419,0.681299,-1,-1,-1
145,1,416.549,260.271,78.916,213.164,0.620404,-1,-1,-1
145,3,1057.465,923.789,77.228,153.817,0.758219,-1,-1,-1
145,4,1722.556,460.390,74.384,206.708,0.609856,-1,-1,-1
145,5,1360.068,576.990,83.108,215.023,0.539572,-1,-1,-1
145,8,529.435,260.413,59.895,202.737,0.595269,-1,-1,-1
145,12,390.976,730.557,94.826,258.212,0.798500,-1,-1,-1
145,14,875.229,208.058,58.308,186.769,0.544170,-1,-1,-1
145,9,103.476,546.100,71.476,241.731,0.708759,-1,-1,-1
145,16,152.916,629.082,87.121,211.195,0.700709,-1,-1,-1
146,1,414.631,255.609,79.923,216.984,0.639348,-1,-1,-1
146,3,1054.638,922.898,77.151,156.000,0.741236,-1,-1,-1
146,4,1722.641,460.527,74.542,207.290,0.613676,-1,-1,-1
146,5,1359.411,576.540,84.041,217.235,0.512626,-1,-1,-1
146,8,529.822,260.431,60.070,204.283,0.593486,-1,-1,-1
146,12,393.064,727.725,92.925,253.383,0.777007,-1,-1,-1
146,14,873.838,207.534,58.196,185.847,0.490062,-1,-1,-1
146,9,103.880,546.369,71.356,241.991,0.715604,-1,-1,-1
146,16,153.922,625.929,87.991,214.146,0.711015,-1,-1,-1
147,1,414.135,254.145,80.195,218.534,0.646455,-1,-1,-1
147,3,1051.949,922.198,76.348,157.239,0.726431,-1,-1,-1
147,4,1722.636,460.094,74.583,207.304,0.626840,-1,-1,-1
147,5,1359.496,575.763,84.153,217.443,0.540711,-1,-1,-1
147,8,529.674,261.072,60.149,205.851,0.609469,-1,-1,-1
147,12,393.967,721.640,93.213,254.854,0.779642,-1,-1,-1
147,14,872.052,206.877,58.423,185.332,0.478332,-1,-1,-1
147,9,104.421,546.641,70.962,241.115,0.713096,-1,-1,-1
147,16,155.111,621.704,88.384,216.323,0.689350,-1,-1,-1
148,1,413.902,253.438,80.176,219.037,0.633938,-1,-1,-1
148,3,1050.070,920.844,75.157,157.469,0.727270,-1,-1,-1
148,4,1722.454,459.592,74.923,208.316,0.646554,-1,-1,-1
148,5,1359.042,576.156,83.804,216.526,0.558801,-1,-1,-1
148,8,530.394,262.222,60.302,206.758,0.594634,-1,-1,-1
148,12,394.857,718.363,93.137,254.933,0.777679,-1,-1,-1
148,14,869.203,205.831,60.301,190.531,0.444613,-1,-1,-1
148,9,104.597,546.277,70.987,241.403,0.713504,-1,-1,-1
148,16,158.142,617.980,87.754,216.155,0.707808,-1,-1,-1
149,1,415.723,256.294,78.631,215.073,0.624765,-1,-1,-1
149,3,1048.881,919.491,74.461,158.694,0.726370,-1,-1,-1
149,4,1722.134,459.845,74.688,207.721,0.621754,-1,-1,-1
149,5,1359.326,576.295,83.609,215.668,0.545221,-1,-1,-1
149,8,531.331,263.846,60.115,206.372,0.630103,-1,-1,-1
149,12,396.049,714.238,94.204,258.323,0.787906,-1,-1,-1
149,14,867.170,205.420,60.910,192.218,0.443164,-1,-1,-1
149,9,104.764,546.366,70.861,241.186,0.715070,-1,-1,-1
149,16,161.682,615.522,86.706,215.465,0.695808,-1,-1,-1
150,1,416.542,257.028,78.046,213.740,0.619751,-1,-1,-1
150,3,1046.815,917.756,74.146,160.968,0.736832,-1,-1,-1
150,4,1722.099,459.600,74.794,208.079,0.638476,-1,-1,-1
150,5,1358.743,575.965,84.187,216.823,0.540186,-1,-1,-1
150,8,531.219,265.756,60.130,207.393,0.615456,-1,-1,-1
150,12,396.225,711.638,95.447,261.468,0.785475,-1,-1,-1
150,14,866.845,206.093,61.235,192.606,0.405615,-1,-1,-1
150,9,104.549,546.299,71.114,242.250,0.713113,-1,-1,-1
150,16,166.229,614.189,85.041,214.341,0.656994,-1,-1,-1
151,1,416.691,256.655,77.914,214.167,0.615703,-1,-1,-1
151,3,1045.549,915.267,73.825,163.291,0.737077,-1,-1,-1
151,4,1722.325,459.419,74.495,207.670,0.624912,-1,-1,-1
151,5,1361.729,575.267,85.189,222.186,0.486350,-1,-1,-1
151,8,530.717,266.992,60.154,208.960,0.611662,-1,-1,-1
151,12,396.982,710.576,95.863,262.691,0.780878,-1,-1,-1
151,14,865.871,206.069,61.096,191.550,0.459177,-1,-1,-1
151,9,104.486,547.110,71.299,242.886,0.721625,-1,-1,-1
151,16,172.560,612.399,84.293,215.125,0.670732,-1,-1,-1
152,1,416.998,256.047,77.897,214.893,0.606089,-1,-1,-1
152,3,1044.111,914.394,73.018,164.464,0.742095,-1,-1,-1
152,4,1722.346,459.144,74.609,208.283,0.615184,-1,-1,-1
152,5,1361.471,577.007,82.895,216.187,0.529914,-1,-1,-1
152,8,530.848,271.494,59.001,206.599,0.592573,-1,-1,-1
152,12,397.924,708.767,96.492,264.120,0.766922,-1,-1,-1
152,14,864.992,206.536,61.004,190.658,0.519139,-1,-1,-1
152,9,104.399,547.554,71.359,242.680,0.717481,-1,-1,-1
152,16,175.640,610.903,83.541,216.269,0.689937,-1,-1,-1
153,1,416.855,255.233,77.722,215.415,0.583067,-1,-1,-1
153,3,1042.479,913.263,72.541,166.305,0.730422,-1,-1,-1
153,4,1722.199,458.637,74.718,208.839,0.609909,-1,-1,-1
153,5,1360.893,576.594,82.561,215.819,0.516302,-1,-1,-1
153,8,531.273,275.246,57.764,203.246,0.586973,-1,-1,-1
153,12,398.657,708.859,96.804,264.195,0.758897,-1,-1,-1
153,14,863.789,205.906,61.453,191.386,0.496369,-1,-1,-1
153,9,104.403,548.398,71.770,244.377,0.726462,-1,-1,-1
153,16,179.226,610.709,82.365,215.817,0.736417,-1,-1,-1
154,1,415.544,254.187,77.830,216.398,0.600337,-1,-1,-1
154,3,1041.374,912.541,71.752,167.499,0.714611,-1,-1,-1
154,4,1722.404,460.133,74.071,207.061,0.586868,-1,-1,-1
154,5,1360.737,577.225,82.395,215.532,0.520655,-1,-1,-1
154,8,532.229,277.724,56.887,200.965,0.563204,-1,-1,-1
154,12,399.492,708.956,96.973,263.568,0.763372,-1,-1,-1
154,14,862.330,206.089,61.736,191.384,0.508531,-1,-1,-1
154,9,104.549,548.119,72.000,245.507,0.719903,-1,-1,-1
154,16,182.749,610.920,80.893,214.516,0.753000,-1,-1,-1
155,1,415.189,252.880,77.962,217.900,0.602931,-1,-1,-1
155,3,1040.170,911.983,70.802,168.003,0.727911,-1,-1,-1
155,4,1722.878,460.141,73.863,206.825,0.596238,-1,-1,-1
155,5,1360.880,577.317,81.822,213.724,0.569106,-1,-1,-1
155,8,533.154,279.688,56.237,198.740,0.514387,-1,-1,-1
155,12,400.461,706.972,97.985,265.278,0.762889,-1,-1,-1
155,14,860.627,206.114,61.765,189.904,0.512044,-1,-1,-1
155,9,103.908,547.046,72.352,247.057,0.696803,-1,-1,-1
155,16,187.161,611.054,79.504,213.666,0.761129,-1,-1,-1
156,1,416.301,252.412,76.954,215.600,0.617941,-1,-1,-1
156,3,1038.773,911.406,70.282,169.286,0.707173,-1,-1,-1
156,4,1723.114,460.518,73.549,206.027,0.585680,-1,-1,-1
156,5,1359.687,579.110,81.386,212.206,0.519891,-1,-1,-1
156,8,533.449,277.192,56.724,200.504,0.465932,-1,-1,-1
156,12,400.625,704.020,98.632,266.512,0.760732,-1,-1,-1
156,14,859.336,205.414,61.879,188.411,0.545562,-1,-1,-1
156,9,103.630,546.532,72.387,247.272,0.697576,-1,-1,-1
156,16,190.344,609.827,78.609,213.966,0.752529,-1,-1,-1
157,1,416.646,252.443,76.130,213.747,0.618172,-1,-1,-1
157,3,1037.722,910.883,69.435,169.699,0.701094,-1,-1,-1
157,4,1723.336,460.928,73.338,205.648,0.592648,-1,-1,-1
157,5,1359.189,579.612,81.128,210.895,0.521460,-1,-1,-1
157,8,533.769,276.080,56.524,199.511,0.436358,-1,-1,-1
157,12,401.478,704.661,98.280,264.963,0.772044,-1,-1,-1
157,14,858.985,204.397,61.598,185.768,0.567056,-1,-1,-1
157,9,103.714,546.575,72.345,247.154,0.695804,-1,-1,-1
157,16,193.041,609.049,77.768,214.517,0.741999,-1,-1,-1
158,1,417.364,250.712,76.502,214.939,0.644553,-1,-1,-1
158,3,1036.534,910.490,69.040,170.418,0.715848,-1,-1,-1
158,4,1723.166,460.941,73.557,206.266,0.610563,-1,-1,-1
158,5,1359.011,578.798,81.222,210.580,0.536644,-1,-1,-1
158,8,533.133,274.326,57.052,200.017,0.453373,-1,-1,-1
158,12,401.042,704.711,97.599,262.789,0.784425,-1,-1,-1
158,14,857.445,202.810,61.966,184.748,0.555767,-1,-1,-1
158,9,103.620,546.990,72.182,246.546,0.698560,-1,-1,-1
158,16,194.678,607.819,76.369,213.424,0.715288,-1,-1,-1
159,1,418.546,250.706,75.804,212.875,0.610550,-1,-1,-1
159,3,1035.118,909.662,68.487,170.801,0.698349,-1,-1,-1
159,4,1723.427,462.108,73.185,205.066,0.600012,-1,-1,-1
159,5,1358.729,579.288,81.958,211.837,0.514488,-1,-1,-1
159,8,532.286,279.452,56.679,195.735,0.432062,-1,-1,-1
159,12,401.320,703.849,96.391,260.953,0.761133,-1,-1,-1
159,14,855.293,201.563,63.609,187.866,0.548152,-1,-1,-1
159,9,103.611,547.116,72.179,246.585,0.694977,-1,-1,-1
159,16,196.505,605.695,75.296,212.969,0.695093,-1,-1,-1
160,1,418.773,249.063,75.950,213.811,0.644033,-1,-1,-1
160,3,1034.299,909.564,67.937,171.288,0.679909,-1,-1,-1
160,4,1722.976,462.283,73.152,204.797,0.570458,-1,-1,-1
160,5,1358.876,580.085,83.758,216.053,0.477603,-1,-1,-1
160,8,531.980,285.127,56.385,191.339,0.470945,-1,-1,-1
160,12,401.765,699.815,95.062,258.031,0.765636,-1,-1,-1
160,14,854.004,200.053,65.029,191.045,0.513427,-1,-1,-1
160,9,103.478,547.563,72.090,246.375,0.698469,-1,-1,-1
160,16,197.942,603.637,74.991,214.816,0.700158,-1,-1,-1
161,1,419.231,247.999,75.539,212.231,0.623204,-1,-1,-1
161,3,1032.426,909.074,67.701,171.921,0.692918,-1,-1,-1
161,4,1722.888,462.061,73.399,205.519,0.577539,-1,-1,-1
161,5,1358.683,580.688,83.947,216.315,0.526469,-1,-1,-1
161,8,532.059,287.887,57.351,190.619,0.418431,-1,-1,-1
161,12,402.495,694.576,93.471,254.244,0.774384,-1,-1,-1
161,14,853.129,197.975,65.523,191.206,0.485048,-1,-1,-1
161,9,103.307,547.588,72.245,247.013,0.686567,-1,-1,-1
161,16,201.402,600.586,73.372,213.790,0.667504,-1,-1,-1
162,1,420.050,247.184,75.110,210.707,0.623265,-1,-1,-1
162,3,1031.142,908.340,67.412,172.704,0.711476,-1,-1,-1
162,4,1722.932,462.580,73.396,205.530,0.577466,-1,-1,-1
162,5,1360.969,579.144,85.485,221.818,0.489687,-1,-1,-1
162,8,532.337,294.825,56.635,185.601,0.153625,-1,-1,-1
162,12,403.261,689.827,93.049,253.585,0.765212,-1,-1,-1
162,14,852.196,196.918,65.833,191.065,0.487610,-1,-1,-1
162,9,102.916,547.350,72.358,247.647,0.672553,-1,-1,-1
162,16,206.625,599.162,70.927,209.225,0.674146,-1,-1,-1
163,1,420.711,245.954,75.072,209.785,0.617779,-1,-1,-1
163,3,1029.879,907.445,67.268,173.613,0.683941,-1,-1,-1
163,4,1722.721,462.010,73.700,206.411,0.579084,-1,-1,-1
163,5,1359.600,580.309,86.626,224.276,0.505480,-1,-1,-1
163,8,528.018,292.793,59.554,191.547,0.376740,-1,-1,-1
163,12,403.197,685.637,93.177,254.821,0.770957,-1,-1,-1
163,14,852.312,195.597,65.451,188.889,0.467678,-1,-1,-1
163,9,103.109,547.349,72.373,247.752,0.663078,-1,-1,-1
163,16,209.941,596.849,69.783,207.986,0.671487,-1,-1,-1
164,1,420.841,245.273,75.038,208.577,0.626302,-1,-1,-1
164,3,1028.532,907.864,66.387,172.802,0.730658,-1,-1,-1
164,4,1722.693,461.754,73.797,206.644,0.598992,-1,-1,-1
164,5,1359.227,580.836,86.462,223.321,0.478985,-1,-1,-1
164,8,526.309,292.804,61.328,193.492,0.310715,-1,-1,-1
164,12,403.073,683.160,92.957,254.569,0.773810,-1,-1,-1
164,14,853.266,193.507,67.038,193.159,0.460466,-1,-1,-1
164,9,102.992,547.479,72.176,247.174,0.680528,-1,-1,-1
164,16,212.821,594.996,69.428,208.864,0.706470,-1,-1,-1
165,1,421.011,243.647,75.726,209.584,0.617032,-1,-1,-1
165,3,1027.217,908.417,65.664,172.152,0.726540,-1,-1,-1
165,4,1722.878,461.447,73.814,206.531,0.594529,-1,-1,-1
165,5,1359.316,581.743,85.315,219.957,0.501284,-1,-1,-1
165,12,402.219,681.200,93.470,255.896,0.791701,-1,-1,-1
165,14,854.099,192.523,67.493,194.263,0.485901,-1,-1,-1
165,9,103.004,547.365,72.033,246.822,0.676575,-1,-1,-1
165,16,213.090,593.150,69.190,209.304,0.732673,-1,-1,-1
166,1,420.408,242.605,75.935,210.164,0.591399,-1,-1,-1
166,3,1025.759,908.332,65.306,172.164,0.685515,-1,-1,-1
166,4,1722.840,461.668,73.881,206.950,0.624716,-1,-1,-1
166,5,1358.933,581.367,84.039,216.391,0.503093,-1,-1,-1
166,12,401.061,679.550,94.295,258.217,0.791364,-1,-1,-1
166,14,854.636,191.938,67.073,192.263,0.491057,-1,-1,-1
166,9,102.851,547.200,71.976,246.813,0.684947,-1,-1,-1
166,16,216.062,591.463,69.857,211.025,0.702454,-1,-1,-1
167,1,419.754,241.522,76.435,211.721,0.575288,-1,-1,-1
167,3,1023.977,907.709,65.488,172.941,0.684922,-1,-1,-1
167,4,1722.836,461.502,73.799,207.054,0.608178,-1,-1,-1
167,5,1358.128,580.779,84.497,217.538,0.490994,-1,-1,-1
167,12,400.400,676.672,94.836,260.231,0.796665,-1,-1,-1
167,14,855.380,191.620,66.467,189.451,0.484916,-1,-1,-1
167,9,102.773,547.281,72.069,247.146,0.687243,-1,-1,-1
167,16,217.725,590.325,71.012,213.388,0.707110,-1,-1,-1
168,1,419.004,240.493,76.890,213.008,0.593885,-1,-1,-1
168,3,1022.056,907.909,65.298,172.441,0.704159,-1,-1,-1
168,4,1722.434,460.268,74.316,208.762,0.611494,-1,-1,-1
168,5,1357.777,580.062,84.239,217.382,0.497215,-1,-1,-1
168,12,399.632,675.943,95.017,260.874,0.783997,-1,-1,-1
168,14,855.553,191.683,67.014,190.142,0.511652,-1,-1,-1
168,9,102.873,547.489,72.045,246.962,0.686110,-1,-1,-1
168,16,221.617,590.022,71.556,212.592,0.715697,-1,-1,-1
169,1,419.434,239.630,77.274,213.809,0.611245,-1,-1,-1
169,3,1021.196,908.863,64.889,171.273,0.707750,-1,-1,-1
169,4,1722.463,460.770,74.117,208.230,0.610427,-1,-1,-1
169,5,1358.337,579.923,84.540,217.878,0.462192,-1,-1,-1
169,12,399.867,675.085,94.982,260.863,0.776995,-1,-1,-1
169,14,855.536,191.482,67.116,189.172,0.530418,-1,-1,-1
169,9,102.763,546.860,72.478,248.231,0.651645,-1,-1,-1
169,16,224.164,589.600,72.330,213.244,0.690168,-1,-1,-1
170,1,419.329,238.827,77.759,214.983,0.615445,-1,-1,-1
170,3,1018.994,909.406,64.636,171.173,0.722007,-1,-1,-1
170,4,1722.336,461.460,73.981,207.656,0.620084,-1,-1,-1
170,5,1362.585,578.861,84.433,220.400,0.445843,-1,-1,-1
170,12,400.065,674.109,94.779,260.924,0.774766,-1,-1,-1
170,14,856.926,190.786,66.956,188.496,0.509609,-1,-1,-1
170,9,103.076,547.353,72.302,247.029,0.653913,-1,-1,-1
170,16,224.182,589.301,72.712,213.690,0.662678,-1,-1,-1
171,1,419.102,238.747,77.904,215.149,0.622108,-1,-1,-1
171,3,1017.481,909.930,64.240,170.938,0.722843,-1,-1,-1
171,4,1722.490,460.995,74.133,208.123,0.603057,-1,-1,-1
171,5,1363.097,578.264,84.180,221.915,0.455102,-1,-1,-1
171,12,400.195,673.239,94.347,260.258,0.774583,-1,-1,-1
171,14,859.000,192.531,65.224,184.466,0.411099,-1,-1,-1
171,9,103.220,547.400,72.620,247.305,0.660160,-1,-1,-1
171,16,223.539,589.123,72.896,213.155,0.691373,-1,-1,-1
172,1,418.749,238.529,78.353,216.439,0.627619,-1,-1,-1
172,3,1015.912,910.668,63.648,169.955,0.743555,-1,-1,-1
172,4,1722.738,461.286,73.939,207.588,0.598535,-1,-1,-1
172,5,1360.716,579.153,82.779,217.618,0.474433,-1,-1,-1
172,12,400.415,671.584,93.985,259.922,0.781163,-1,-1,-1
172,14,860.605,191.360,65.450,185.103,0.502951,-1,-1,-1
172,9,102.635,547.606,72.546,246.384,0.662338,-1,-1,-1
172,16,222.856,587.925,73.492,213.664,0.643073,-1,-1,-1
173,1,418.698,238.109,78.397,216.620,0.614623,-1,-1,-1
173,3,1013.557,911.038,63.443,169.604,0.734119,-1,-1,-1
173,4,1722.570,461.768,73.731,206.718,0.592845,-1,-1,-1
173,5,1359.654,579.587,82.025,215.206,0.503391,-1,-1,-1
173,12,401.434,669.661,93.247,259.322,0.774195,-1,-1,-1
173,14,861.446,190.051,65.926,186.451,0.448899,-1,-1,-1
173,9,102.496,547.303,72.797,246.888,0.657372,-1,-1,-1
173,16,222.226,585.183,74.208,215.154,0.658727,-1,-1,-1
174,1,418.220,237.537,78.486,217.217,0.620469,-1,-1,-1
174,3,1011.408,912.283,63.128,168.605,0.739918,-1,-1,-1
174,4,1722.344,460.880,74.084,207.688,0.596624,-1,-1,-1
174,5,1359.411,579.990,81.181,212.404,0.498298,-1,-1,-1
174,12,402.872,667.671,92.620,259.673,0.781795,-1,-1,-1
174,14,862.220,187.774,65.889,186.557,0.438341,-1,-1,-1
174,9,102.121,547.685,72.862,246.638,0.651809,-1,-1,-1
174,16,224.157,584.046,73.974,214.046,0.675237,-1,-1,-1
175,1,417.637,236.727,78.228,216.788,0.651686,-1,-1,-1
175,3,1008.763,913.741,62.770,167.238,0.726321,-1,-1,-1
175,4,1722.429,460.904,74.089,207.900,0.593072,-1,-1,-1
175,5,1359.822,579.881,80.462,209.597,0.518359,-1,-1,-1
175,12,403.730,664.891,92.300,260.855,0.804272,-1,-1,-1
175,14,864.111,186.893,64.993,183.628,0.460972,-1,-1,-1
175,9,101.704,547.640,72.887,246.357,0.657178,-1,-1,-1
175,16,225.244,580.783,73.710,214.367,0.687422,-1,-1,-1
176,1,417.064,234.411,78.294,217.789,0.633330,-1,-1,-1
176,3,1006.938,914.163,62.592,166.849,0.728966,-1,-1,-1
176,4,1722.175,460.670,74.122,208.220,0.588467,-1,-1,-1
176,5,1359.732,579.922,79.964,207.582,0.514540,-1,-1,-1
176,12,404.499,660.575,91.087,259.615,0.791344,-1,-1,-1
176,14,864.452,185.405,65.539,185.026,0.503653,-1,-1,-1
176,9,101.434,547.791,72.914,246.403,0.657593,-1,-1,-1
176,16,226.272,578.197,72.928,213.566,0.668491,-1,-1,-1
177,1,416.550,233.777,78.025,217.930,0.637459,-1,-1,-1
177,3,1005.996,914.193,62.142,165.306,0.730819,-1,-1,-1
177,4,1722.113,460.707,74.099,208.128,0.582302,-1,-1,-1
177,5,1359.290,579.963,80.791,209.204,0.484284,-1,-1,-1
177,12,405.959,655.780,88.911,255.138,0.785810,-1,-1,-1
177,14,865.457,183.300,65.675,185.075,0.522306,-1,-1,-1
177,9,101.337,547.884,72.843,246.060,0.656483,-1,-1,-1
177,16,226.872,576.264,71.971,211.898,0.676638,-1,-1,-1
178,1,416.306,232.099,77.076,215.910,0.617200,-1,-1,-1
178,3,1004.981,914.339,61.932,164.707,0.720644,-1,-1,-1
178,4,1722.250,461.102,73.953,207.749,0.563107,-1,-1,-1
178,5,1358.658,579.056,81.756,211.410,0.480385,-1,-1,-1
178,12,406.451,651.850,87.529,251.812,0.785731,-1,-1,-1
178,14,866.398,181.976,65.691,184.758,0.497787,-1,-1,-1
178,9,101.022,548.033,72.481,245.059,0.653863,-1,-1,-1
178,16,227.762,574.448,70.459,208.191,0.606921,-1,-1,-1
179,1,415.389,229.574,76.724,215.928,0.593042,-1,-1,-1
179,3,1003.180,914.558,61.712,164.657,0.716110,-1,-1,-1
179,4,1722.203,461.487,73.731,207.243,0.546909,-1,-1,-1
179,5,1358.020,578.618,83.787,216.918,0.504973,-1,-1,-1
179,12,407.541,649.575,86.753,249.982,0.785986,-1,-1,-1
179,14,867.591,181.335,65.598,184.033,0.483886,-1,-1,-1
179,9,100.943,547.172,72.624,246.385,0.650725,-1,-1,-1
179,16,227.957,572.459,70.077,207.502,0.618327,-1,-1,-1
180,1,415.178,228.509,75.744,213.284,0.623580,-1,-1,-1
180,3,1001.112,914.340,61.680,165.168,0.720875,-1,-1,-1
180,4,1722.393,461.216,73.889,207.944,0.527400,-1,-1,-1
180,5,1358.490,578.189,82.211,212.771,0.512507,-1,-1,-1
180,12,409.477,648.634,86.319,248.778,0.790517,-1,-1,-1
180,14,868.812,181.781,65.876,184.288,0.504238,-1,-1,-1
180,9,100.785,546.976,72.333,246.276,0.655739,-1,-1,-1
180,16,229.149,570.979,69.755,207.075,0.586426,-1,-1,-1
181,1,415.339,228.061,74.789,210.704,0.596298,-1,-1,-1
181,3,998.934,915.278,61.325,164.674,0.720772,-1,-1,-1
181,4,1722.442,460.193,74.338,209.369,0.512865,-1,-1,-1
181,5,1358.542,578.362,83.078,214.887,0.499386,-1,-1,-1
181,12,410.943,647.247,86.520,248.904,0.788593,-1,-1,-1
181,14,870.200,180.141,65.927,184.093,0.501745,-1,-1,-1
181,9,100.556,546.437,72.471,247.775,0.654559,-1,-1,-1
181,16,230.402,569.959,69.303,205.850,0.573733,-1,-1,-1
182,1,415.909,227.601,74.073,208.575,0.580791,-1,-1,-1
182,3,996.953,916.707,60.486,163.052,0.735635,-1,-1,-1
182,4,1722.578,460.233,74.133,209.223,0.528400,-1,-1,-1
182,5,1357.550,577.678,85.695,222.411,0.478490,-1,-1,-1
182,12,411.215,646.091,87.234,249.987,0.784435,-1,-1,-1
182,14,870.815,178.724,67.103,185.727,0.538764,-1,-1,-1
182,9,100.767,546.684,72.070,247.300,0.671192,-1,-1,-1
182,16,231.013,568.590,68.259,203.937,0.586909,-1,-1,-1
183,1,416.973,228.962,73.275,206.522,0.579350,-1,-1,-1
183,3,995.713,917.161,59.984,162.205,0.728337,-1,-1,-1
183,4,1722.746,460.373,73.848,208.771,0.523691,-1,-1,-1
183,5,1357.684,577.854,85.901,223.253,0.489711,-1,-1,-1
183,12,411.516,644.522,88.221,251.382,0.797941,-1,-1,-1
183,14,871.233,177.742,67.996,186.899,0.556384,-1,-1,-1
183,9,100.844,546.786,71.916,247.747,0.681854,-1,-1,-1
183,16,231.010,567.117,68.346,204.863,0.551389,-1,-1,-1
183,17,3.694,622.542,104.453,238.195,0.655465,-1,-1,-1
184,1,417.616,228.585,73.350,206.768,0.579057,-1,-1,-1
184,3,994.758,918.664,59.536,161.482,0.723341,-1,-1,-1
184,4,1722.210,460.252,73.858,208.971,0.533448,-1,-1,-1
184,5,1357.768,577.552,86.254,224.590,0.465314,-1,-1,-1
184,12,412.061,643.178,89.056,252.479,0.773457,-1,-1,-1
184,14,871.212,177.563,68.545,187.251,0.543018,-1,-1,-1
184,9,100.457,546.814,71.700,248.039,0.670388,-1,-1,-1
184,16,231.208,566.280,68.961,208.054,0.535106,-1,-1,-1
184,17,5.381,623.272,102.710,234.491,0.621527,-1,-1,-1
185,1,417.183,228.191,73.513,207.079,0.587788,-1,-1,-1
185,3,993.840,919.318,58.985,160.037,0.717522,-1,-1,-1
185,4,1722.277,460.379,73.640,208.586,0.502676,-1,-1,-1
185,5,1358.375,576.965,84.865,221.042,0.479958,-1,-1,-1
185,12,412.228,643.268,89.628,252.412,0.785920,-1,-1,-1
185,14,871.384,178.351,69.513,188.367,0.587904,-1,-1,-1
185,9,100.045,547.079,71.234,247.322,0.646368,-1,-1,-1
185,16,231.623,565.947,69.099,209.413,0.568002,-1,-1,-1
185,17,9.535,622.809,101.838,233.164,0.622111,-1,-1,-1
186,1,416.967,227.669,73.634,207.233,0.596332,-1,-1,-1
186,3,992.493,919.488,58.908,160.187,0.734093,-1,-1,-1
186,4,1722.366,460.148,73.589,208.746,0.503291,-1,-1,-1
186,5,1357.594,575.826,85.815,224.096,0.493851,-1,-1,-1
186,12,411.836,641.893,90.635,254.251,0.794345,-1,-1,-1
186,14,870.766,177.153,70.614,190.424,0.561226,-1,-1,-1
186,9,99.817,547.450,70.857,246.540,0.645245,-1,-1,-1
186,16,230.900,565.730,68.644,208.474,0.583305,-1,-1,-1
186,17,12.779,620.615,102.305,235.021,0.657483,-1,-1,-1
187,1,416.897,226.323,74.244,209.046,0.601400,-1,-1,-1
187,3,991.092,919.927,58.837,159.544,0.734676,-1,-1,-1
187,4,1722.422,460.527,73.312,208.169,0.495224,-1,-1,-1
187,5,1357.632,574.711,85.892,224.820,0.504352,-1,-1,-1
187,12,411.396,640.135,91.434,255.663,0.781151,-1,-1,-1
187,14,870.411,177.163,71.312,191.298,0.561718,-1,-1,-1
187,9,99.375,547.513,70.305,244.182,0.637733,-1,-1,-1
187,16,229.984,564.919,68.768,209.289,0.634958,-1,-1,-1
187,17,18.997,620.631,103.535,238.601,0.687235,-1,-1,-1
188,1,417.246,226.683,73.875,207.721,0.594576,-1,-1,-1
188,3,990.285,920.285,58.883,159.228,0.721810,-1,-1,-1
188,4,1722.463,461.076,73.131,207.504,0.507474,-1,-1,-1
188,5,1357.669,573.737,86.074,225.909,0.459352,-1,-1,-1
188,12,411.826,638.449,91.663,256.182,0.768524,-1,-1,-1
188,14,871.413,177.996,70.294,187.124,0.432163,-1,-1,-1
188,9,98.799,547.303,69.985,242.329,0.592271,-1,-1,-1
188,16,229.136,563.034,69.218,210.914,0.618300,-1,-1,-1
188,17,23.643,619.703,104.238,240.178,0.714316,-1,-1,-1
189,1,417.196,225.653,73.885,207.653,0.581917,-1,-1,-1
189,3,988.945,920.814,58.825,158.858,0.712219,-1,-1,-1
189,4,1722.255,461.543,73.151,207.372,0.481643,-1,-1,-1
189,5,1358.126,573.637,84.010,220.824,0.458155,-1,-1,-1
189,12,411.081,635.391,92.313,258.117,0.798532,-1,-1,-1
189,14,871.811,178.049,70.924,186.455,0.462148,-1,-1,-1
189,9,97.342,547.517,69.232,239.069,0.535405,-1,-1,-1
189,16,228.988,559.475,68.478,209.782,0.555286,-1,-1,-1
189,17,27.169,620.279,105.193,241.683,0.690161,-1,-1,-1
190,1,417.704,225.300,73.793,207.463,0.568680,-1,-1,-1
190,3,987.866,921.710,58.478,157.651,0.726358,-1,-1,-1
190,4,1722.278,460.268,73.538,208.593,0.464266,-1,-1,-1
190,5,1358.146,573.270,83.186,218.997,0.449392,-1,-1,-1
190,12,411.407,634.503,91.443,256.709,0.785316,-1,-1,-1
190,14,873.068,179.322,71.536,185.033,0.512193,-1,-1,-1
190,9,96.751,547.501,67.946,233.027,0.493507,-1,-1,-1
190,16,229.202,556.539,67.564,207.930,0.573067,-1,-1,-1
190,17,30.956,621.971,106.921,244.778,0.673736,-1,-1,-1
191,1,418.299,224.155,73.815,207.566,0.565630,-1,-1,-1
191,3,986.946,922.754,57.960,155.838,0.742555,-1,-1,-1
191,4,1721.944,460.518,73.607,208.458,0.492423,-1,-1,-1
191,5,1358.325,572.611,86.415,227.769,0.481539,-1,-1,-1
191,12,411.199,631.795,90.649,255.746,0.783303,-1,-1,-1
191,14,873.934,176.654,72.303,185.444,0.482869,-1,-1,-1
191,9,100.961,546.864,59.717,199.698,0.573415,-1,-1,-1
191,16,229.025,553.207,66.704,206.345,0.591837,-1,-1,-1
191,17,35.424,623.090,109.508,248.844,0.608709,-1,-1,-1
192,1,419.162,223.838,73.829,207.669,0.543735,-1,-1,-1
192,3,985.967,923.579,57.620,154.727,0.744671,-1,-1,-1
192,4,1721.909,460.813,73.491,207.835,0.538197,-1,-1,-1
192,5,1358.554,572.014,85.515,225.177,0.498096,-1,-1,-1
192,12,411.473,627.250,89.285,253.077,0.771670,-1,-1,-1
192,14,875.011,174.385,72.832,185.720,0.507093,-1,-1,-1
192,9,102.315,546.222,57.084,186.319,0.597854,-1,-1,-1
192,16,228.890,551.365,66.210,204.959,0.632365,-1,-1,-1
192,17,38.791,625.756,111.277,251.164,0.594321,-1,-1,-1
193,1,419.104,222.317,74.123,208.351,0.523600,-1,-1,-1
193,3,984.887,923.390,57.731,155.232,0.716373,-1,-1,-1
193,4,1721.937,460.542,73.458,207.611,0.520144,-1,-1,-1
193,5,1358.097,571.695,86.552,228.304,0.493257,-1,-1,-1
193,12,411.775,623.599,87.681,249.581,0.789585,-1,-1,-1
193,14,876.639,173.864,72.671,184.910,0.429641,-1,-1,-1
193,9,101.970,546.090,56.467,180.098,0.586658,-1,-1,-1
193,16,228.672,548.330,66.456,206.327,0.639517,-1,-1,-1
193,17,41.240,629.319,110.108,247.801,0.509783,-1,-1,-1
194,1,419.681,222.548,73.867,207.034,0.510049,-1,-1,-1
194,3,983.573,923.046,58.207,156.024,0.738571,-1,-1,-1
194,4,1721.974,460.836,73.493,207.585,0.501725,-1,-1,-1
194,5,1357.257,571.480,87.112,230.323,0.471252,-1,-1,-1
194,12,411.543,620.214,86.500,248.249,0.774276,-1,-1,-1
194,14,877.812,173.805,72.070,182.667,0.392300,-1,-1,-1
194,9,101.217,545.827,56.508,175.604,0.622152,-1,-1,-1
194,16,228.579,546.692,66.131,205.745,0.642887,-1,-1,-1
194,17,44.243,632.182,108.559,243.579,0.588530,-1,-1,-1
195,1,419.756,220.561,74.756,209.583,0.558457,-1,-1,-1
195,3,983.147,923.261,58.150,155.776,0.729852,-1,-1,-1
195,4,1722.020,460.544,73.673,208.126,0.521499,-1,-1,-1
195,5,1358.057,571.176,84.310,222.511,0.559026,-1,-1,-1
195,12,411.551,618.306,85.640,247.287,0.784586,-1,-1,-1
195,14,879.663,171.556,70.982,179.473,0.366622,-1,-1,-1
195,9,100.425,545.540,57.380,174.445,0.601490,-1,-1,-1
195,16,228.111,545.305,66.264,207.240,0.647056,-1,-1,-1
195,17,46.718,634.341,106.179,237.148,0.665583,-1,-1,-1
195,8,520.000,309.488,67.522,207.300,0.670777,-1,-1,-1
196,1,420.186,218.970,74.658,209.751,0.538551,-1,-1,-1
196,3,982.230,922.896,58.682,156.479,0.731141,-1,-1,-1
196,4,1721.479,459.710,74.047,209.494,0.503707,-1,-1,-1
196,5,1358.004,572.252,83.594,220.306,0.521298,-1,-1,-1
196,12,409.765,615.239,85.821,248.143,0.751496,-1,-1,-1
196,14,881.432,170.386,69.787,176.941,0.426241,-1,-1,-1
196,9,99.551,545.261,58.485,174.805,0.541409,-1,-1,-1
196,16,227.166,544.814,66.024,207.217,0.647456,-1,-1,-1
196,17,47.701,636.793,108.022,241.693,0.666813,-1,-1,-1
196,8,520.111,311.224,68.433,207.351,0.601243,-1,-1,-1
197,1,420.842,217.557,74.735,209.426,0.573911,-1,-1,-1
197,3,980.705,923.015,59.157,156.484,0.737427,-1,-1,-1
197,4,1721.910,459.767,73.984,209.496,0.500636,-1,-1,-1
197,5,1358.047,572.389,83.104,218.680,0.540138,-1,-1,-1
197,12,407.201,612.194,86.365,249.322,0.741252,-1,-1,-1
197,14,882.190,169.354,69.216,176.305,0.454612,-1,-1,-1
197,9,99.628,545.048,58.128,171.055,0.528010,-1,-1,-1
197,16,226.384,544.232,66.282,208.785,0.685970,-1,-1,-1
197,17,51.054,639.904,109.950,246.601,0.673563,-1,-1,-1
197,8,518.345,309.140,70.480,211.048,0.674468,-1,-1,-1
198,1,421.883,216.419,74.615,208.727,0.565556,-1,-1,-1
198,3,978.753,922.497,59.658,157.257,0.701759,-1,-1,-1
198,4,1721.897,459.945,73.751,208.847,0.496361,-1,-1,-1
198,5,1358.173,572.696,83.367,218.958,0.558580,-1,-1,-1
198,12,404.295,611.529,87.195,250.731,0.749229,-1,-1,-1
198,14,882.841,162.491,70.836,182.698,0.429637,-1,-1,-1
198,9,99.937,544.930,58.255,169.712,0.519762,-1,-1,-1
198,16,226.182,543.414,66.388,209.643,0.693884,-1,-1,-1
198,17,54.607,642.707,110.037,247.400,0.695283,-1,-1,-1
198,8,517.808,312.369,70.859,210.801,0.626056,-1,-1,-1
199,1,421.855,215.258,74.167,206.434,0.566258,-1,-1,-1
199,3,976.849,922.355,60.183,157.453,0.728881,-1,-1,-1
199,4,1721.598,459.750,73.765,209.082,0.528609,-1,-1,-1
199,5,1357.034,572.071,84.473,221.557,0.520468,-1,-1,-1
199,12,402.077,610.860,88.286,252.508,0.742179,-1,-1,-1
199,14,883.698,158.989,71.531,186.046,0.395764,-1,-1,-1
199,9,99.538,545.222,58.785,169.723,0.518230,-1,-1,-1
199,16,226.407,543.472,66.083,209.187,0.702794,-1,-1,-1
199,17,57.047,644.984,109.969,247.900,0.722637,-1,-1,-1
199,8,517.779,315.194,70.894,210.373,0.601825,-1,-1,-1
200,1,421.783,213.518,74.266,205.693,0.573904,-1,-1,-1
200,3,975.139,921.563,60.576,157.675,0.714683,-1,-1,-1
200,4,1721.565,459.706,73.569,208.790,0.533966,-1,-1,-1
200,5,1356.853,572.246,83.173,218.310,0.539980,-1,-1,-1
200,12,400.651,610.322,88.595,252.288,0.747078,-1,-1,-1
200,14,884.353,159.692,71.542,186.815,0.400362,-1,-1,-1
200,9,99.661,544.810,58.302,166.497,0.537198,-1,-1,-1
200,16,226.004,542.895,65.685,208.694,0.716675,-1,-1,-1
200,17,59.323,648.999,108.147,244.926,0.712184,-1,-1,-1
200,8,518.035,318.621,70.290,209.652,0.584163,-1,-1,-1
201,1,422.235,212.376,74.824,206.021,0.566889,-1,-1,-1
201,3,973.836,921.057,60.890,158.013,0.721757,-1,-1,-1
201,4,1721.510,459.296,73.562,209.052,0.553922,-1,-1,-1
201,5,1356.145,572.041,83.343,219.269,0.545066,-1,-1,-1
201,12,398.991,609.882,89.043,252.226,0.742831,-1,-1,-1
201,14,886.099,159.282,71.568,187.178,0.422583,-1,-1,-1
201,9,98.784,544.875,58.609,165.668,0.498669,-1,-1,-1
201,16,225.819,542.135,65.502,209.043,0.704064,-1,-1,-1
201,17,62.429,654.141,105.452,240.488,0.734245,-1,-1,-1
201,8,517.151,319.746,71.034,212.205,0.594140,-1,-1,-1
202,1,422.756,211.211,75.154,205.538,0.560953,-1,-1,-1
202,3,972.505,920.491,61.209,158.717,0.727884,-1,-1,-1
202,4,1721.817,459.328,73.609,209.497,0.581876,-1,-1,-1
202,5,1355.891,572.036,82.283,216.653,0.517194,-1,-1,-1
202,12,398.830,609.282,88.915,250.855,0.735363,-1,-1,-1
202,14,888.464,158.668,71.119,185.984,0.432297,-1,-1,-1
202,9,100.750,544.052,56.239,156.840,0.444588,-1,-1,-1
202,16,225.394,540.926,65.695,210.295,0.705736,-1,-1,-1
202,17,64.544,656.985,103.421,237.636,0.742721,-1,-1,-1
202,8,517.126,319.337,71.941,214.900,0.612200,-1,-1,-1
203,1,423.378,209.880,75.720,206.457,0.490971,-1,-1,-1
203,3,971.927,919.955,61.489,159.034,0.735705,-1,-1,-1
203,4,1721.687,459.325,73.602,209.606,0.591040,-1,-1,-1
203,5,1357.304,572.935,80.800,212.431,0.545805,-1,-1,-1
203,12,397.743,607.889,88.681,249.208,0.733905,-1,-1,-1
203,14,888.547,157.544,71.222,186.325,0.472567,-1,-1,-1
203,9,101.138,543.873,55.192,152.204,0.330067,-1,-1,-1
203,16,224.197,538.701,66.046,211.631,0.699633,-1,-1,-1
203,17,66.899,658.596,101.771,235.327,0.696430,-1,-1,-1
203,8,516.885,319.321,72.326,216.093,0.567648,-1,-1,-1
204,1,424.724,209.390,75.885,206.690,0.448025,-1,-1,-1
204,3,969.797,917.787,62.310,161.063,0.730739,-1,-1,-1
204,4,1721.841,459.811,73.456,209.236,0.578053,-1,-1,-1
204,5,1358.062,572.592,81.340,213.483,0.560277,-1,-1,-1
204,12,397.781,604.202,88.914,249.929,0.721583,-1,-1,-1
204,14,888.825,157.506,71.252,186.202,0.503690,-1,-1,-1
204,9,101.280,544.099,54.694,149.183,0.351255,-1,-1,-1
204,16,223.510,536.466,65.821,211.289,0.672717,-1,-1,-1
204,17,68.980,659.699,100.487,233.440,0.685558,-1,-1,-1
204,8,514.899,319.161,73.144,218.097,0.586862,-1,-1,-1
205,1,425.649,209.127,76.107,206.954,0.466266,-1,-1,-1
205,3,968.071,916.685,62.735,162.379,0.731047,-1,-1,-1
205,4,1721.529,459.759,73.699,209.805,0.566515,-1,-1,-1
205,5,1357.742,572.613,81.731,214.314,0.531709,-1,-1,-1
205,12,396.287,601.190,89.497,251.186,0.719346,-1,-1,-1
205,14,888.992,156.319,71.364,187.227,0.466935,-1,-1,-1
205,9,101.259,543.708,54.234,146.228,0.339760,-1,-1,-1
205,16,221.999,532.848,65.650,210.418,0.665238,-1,-1,-1
205,17,70.972,658.784,100.656,234.298,0.737458,-1,-1,-1
205,8,515.385,319.278,73.327,218.468,0.504899,-1,-1,-1
206,1,425.401,206.852,76.745,208.017,0.512568,-1,-1,-1
206,3,966.433,915.980,62.953,162.954,0.745820,-1,-1,-1
206,4,1721.662,459.964,73.743,209.655,0.567950,-1,-1,-1
206,5,1356.764,572.421,82.047,215.201,0.538007,-1,-1,-1
206,12,395.998,598.899,89.608,251.977,0.733402,-1,-1,-1
206,14,890.545,156.593,70.384,185.098,0.518438,-1,-1,-1
206,9,101.419,543.832,54.649,145.548,0.388864,-1,-1,-1
206,16,222.111,530.270,64.001,205.011,0.669228,-1,-1,-1
206,17,74.732,658.425,100.468,234.427,0.762733,-1,-1,-1
206,8,514.752,320.449,73.461,218.218,0.508018,-1,-1,-1
207,1,425.573,206.071,76.846,207.436,0.488806,-1,-1,-1
207,3,964.790,914.614,63.389,164.446,0.747580,-1,-1,-1
207,4,1721.788,459.915,73.544,209.027,0.573495,-1,-1,-1
207,5,1357.506,571.907,81.402,213.852,0.497801,-1,-1,-1
207,12,396.518,597.311,88.269,248.422,0.745609,-1,-1,-1
207,14,891.448,155.450,71.684,188.688,0.510764,-1,-1,-1
207,9,101.615,544.200,55.406,146.194,0.442142,-1,-1,-1
207,16,222.396,527.910,63.187,202.528,0.649359,-1,-1,-1
207,17,81.217,660.049,101.200,235.430,0.723409,-1,-1,-1
207,8,513.488,320.796,73.506,217.538,0.533959,-1,-1,-1
208,1,425.897,206.613,77.018,207.700,0.476952,-1,-1,-1
208,3,962.710,913.766,63.810,165.593,0.740810,-1,-1,-1
208,4,1722.049,459.828,73.672,209.594,0.580724,-1,-1,-1
208,5,1357.678,571.541,81.304,213.994,0.515090,-1,-1,-1
208,12,397.602,594.622,87.012,245.544,0.748205,-1,-1,-1
208,14,892.153,153.915,72.045,190.770,0.473655,-1,-1,-1
208,9,101.736,544.427,56.078,146.634,0.391209,-1,-1,-1
208,16,221.744,525.845,63.278,202.397,0.612887,-1,-1,-1
208,17,86.702,661.323,103.360,239.365,0.734521,-1,-1,-1
208,8,511.842,323.626,72.773,213.985,0.513836,-1,-1,-1
209,1,426.296,206.730,77.321,208.630,0.439795,-1,-1,-1
209,3,961.090,913.402,63.782,166.151,0.730544,-1,-1,-1
209,4,1722.094,458.926,73.809,210.307,0.554772,-1,-1,-1
209,5,1356.844,571.704,81.241,214.955,0.495560,-1,-1,-1
209,12,398.411,592.129,85.372,241.765,0.751861,-1,-1,-1
209,14,893.292,152.644,71.507,190.122,0.453547,-1,-1,-1
209,9,101.856,545.763,57.098,148.288,0.375163,-1,-1,-1
209,16,221.473,524.137,63.258,202.273,0.625626,-1,-1,-1
209,17,91.503,665.259,104.613,239.763,0.761719,-1,-1,-1
209,8,510.788,324.450,72.721,213.166,0.557154,-1,-1,-1
210,1,426.063,206.295,77.578,209.719,0.421873,-1,-1,-1
210,3,958.900,913.043,64.016,166.957,0.729229,-1,-1,-1
210,4,1721.980,459.123,73.792,210.404,0.569754,-1,-1,-1
210,5,1356.758,571.871,80.993,214.996,0.519015,-1,-1,-1
210,12,399.589,590.757,83.945,238.656,0.755128,-1,-1,-1
210,14,893.807,151.941,71.014,189.758,0.476722,-1,-1,-1
210,9,102.111,544.661,58.097,150.293,0.384525,-1,-1,-1
210,16,220.814,523.076,63.687,203.158,0.620515,-1,-1,-1
210,17,93.475,667.676,106.334,240.327,0.754337,-1,-1,-1
210,8,509.875,324.913,72.837,213.327,0.597070,-1,-1,-1
211,1,427.059,205.896,77.433,209.710,0.436725,-1,-1,-1
211,3,957.074,913.109,63.964,166.653,0.737570,-1,-1,-1
211,4,1722.104,459.860,73.245,208.630,0.550024,-1,-1,-1
211,5,1355.740,571.424,81.785,218.214,0.512353,-1,-1,-1
211,12,400.004,588.235,83.378,238.180,0.751455,-1,-1,-1
211,14,895.403,151.294,69.960,186.987,0.497328,-1,-1,-1
211,9,102.679,544.636,59.080,151.922,0.377633,-1,-1,-1
211,16,219.609,521.766,64.207,204.375,0.599357,-1,-1,-1
211,17,96.458,669.780,107.327,241.099,0.752145,-1,-1,-1
211,8,509.489,325.159,72.458,212.072,0.599814,-1,-1,-1
212,1,427.061,204.515,77.546,210.066,0.402352,-1,-1,-1
212,3,955.099,912.112,64.644,168.481,0.732900,-1,-1,-1
212,4,1721.923,460.292,73.565,209.391,0.575261,-1,-1,-1
212,5,1355.598,571.841,81.780,219.248,0.500944,-1,-1,-1
212,12,399.975,586.199,83.327,238.596,0.713333,-1,-1,-1
212,14,898.054,149.093,68.967,184.549,0.489237,-1,-1,-1
212,9,103.123,544.770,60.824,156.025,0.458981,-1,-1,-1
212,16,218.405,520.460,64.673,205.465,0.621114,-1,-1,-1
212,17,99.177,671.151,108.389,243.638,0.742256,-1,-1,-1
212,8,508.786,326.361,72.103,210.909,0.591817,-1,-1,-1
213,1,426.889,203.114,77.572,210.197,0.407604,-1,-1,-1
213,3,952.925,911.123,65.124,169.781,0.746296,-1,-1,-1
213,4,1721.953,460.107,73.782,209.758,0.566606,-1,-1,-1
213,5,1355.272,571.611,81.991,220.782,0.539792,-1,-1,-1
213,12,400.002,583.852,83.936,241.010,0.710401,-1,-1,-1
213,14,899.471,146.545,68.601,183.944,0.501292,-1,-1,-1
213,9,101.903,544.945,64.916,167.427,0.488959,-1,-1,-1
213,16,217.536,519.827,64.553,204.679,0.615010,-1,-1,-1
213,17,100.568,670.989,109.892,248.052,0.747685,-1,-1,-1
213,8,508.169,327.011,72.082,211.267,0.629918,-1,-1,-1
214,1,426.278,202.298,77.482,210.407,0.394577,-1,-1,-1
214,3,951.556,909.958,65.446,171.061,0.735654,-1,-1,-1
214,4,1722.549,460.399,73.221,207.989,0.564511,-1,-1,-1
214,5,1355.212,572.078,81.037,218.753,0.527090,-1,-1,-1
214,12,399.986,581.239,84.838,243.502,0.693496,-1,-1,-1
214,14,900.624,143.538,68.768,185.212,0.466173,-1,-1,-1
214,9,101.953,546.899,66.553,171.941,0.490780,-1,-1,-1
214,16,217.437,519.386,64.392,203.611,0.591463,-1,-1,-1
214,17,102.884,668.726,110.919,252.691,0.755619,-1,-1,-1
214,8,508.929,326.167,72.050,211.295,0.704718,-1,-1,-1
215,1,426.940,201.588,76.991,209.662,0.377350,-1,-1,-1
215,3,949.925,909.859,65.270,171.197,0.745151,-1,-1,-1
215,4,1722.666,460.618,73.166,207.683,0.578177,-1,-1,-1
215,5,1356.247,572.510,79.940,216.078,0.540294,-1,-1,-1
215,12,400.138,579.656,85.518,244.905,0.715234,-1,-1,-1
215,14,901.580,142.811,68.633,185.521,0.444765,-1,-1,-1
215,9,103.269,548.436,66.680,171.681,0.449796,-1,-1,-1
215,16,217.262,518.540,64.483,203.691,0.584259,-1,-1,-1
215,17,105.377,667.016,110.915,256.312,0.766155,-1,-1,-1
215,8,508.962,326.381,72.490,213.226,0.674220,-1,-1,-1
216,1,427.398,202.067,75.360,205.390,0.351958,-1,-1,-1
216,3,949.169,909.901,64.974,171.164,0.737633,-1,-1,-1
216,4,1722.503,460.071,73.413,208.590,0.541734,-1,-1,-1
216,5,1356.326,572.195,80.379,217.480,0.540370,-1,-1,-1
216,12,400.763,578.975,86.019,245.912,0.718708,-1,-1,-1
216,14,901.729,141.791,68.640,186.229,0.511405,-1,-1,-1
216,9,104.196,548.827,67.448,172.911,0.464294,-1,-1,-1
216,16,216.565,517.694,64.082,201.976,0.584239,-1,-1,-1
216,17,107.669,665.149,110.203,259.089,0.780607,-1,-1,-1
216,8,508.126,327.880,72.990,215.600,0.622072,-1,-1,-1
217,1,427.352,200.633,74.581,203.680,0.348385,-1,-1,-1
217,3,948.531,909.690,64.655,171.374,0.737448,-1,-1,-1
217,4,1722.254,460.056,73.514,208.860,0.531529,-1,-1,-1
217,5,1356.366,572.540,80.772,218.205,0.525817,-1,-1,-1
217,12,401.002,577.749,86.530,246.580,0.709881,-1,-1,-1
217,14,902.132,141.539,68.328,185.496,0.460359,-1,-1,-1
217,9,103.829,549.789,67.249,172.121,0.397889,-1,-1,-1
217,16,217.177,516.739,64.119,203.457,0.579952,-1,-1,-1
217,17,108.992,664.437,109.011,259.906,0.790805,-1,-1,-1
217,8,508.083,329.943,73.155,217.288,0.599110,-1,-1,-1
217,18,50.757,614.235,71.106,239.798,0.627987,-1,-1,-1
218,1,427.862,199.708,73.996,201.752,0.375171,-1,-1,-1
218,3,947.081,909.279,64.727,171.780,0.734363,-1,-1,-1
218,4,1722.230,460.251,73.622,209.356,0.522512,-1,-1,-1
218,5,1356.016,572.391,80.939,218.683,0.493824,-1,-1,-1
218,12,400.950,577.166,86.857,246.476,0.718887,-1,-1,-1
218,14,902.554,141.743,67.702,183.896,0.377605,-1,-1,-1
218,9,108.089,549.571,59.712,148.763,0.321623,-1,-1,-1
218,16,217.143,515.202,64.010,205.334,0.548196,-1,-1,-1
218,17,112.396,665.060,107.129,258.969,0.780347,-1,-1,-1
218,8,508.099,331.114,73.262,219.510,0.617274,-1,-1,-1
218,18,58.470,618.059,70.638,237.303,0.496872,-1,-1,-1
219,1,428.768,198.162,73.224,199.534,0.355145,-1,-1,-1
219,3,944.842,908.518,65.173,172.534,0.753793,-1,-1,-1
219,4,1722.078,459.945,73.734,209.854,0.548491,-1,-1,-1
219,5,1356.269,572.794,80.591,217.436,0.503747,-1,-1,-1
219,12,401.254,576.116,86.751,245.753,0.694620,-1,-1,-1
219,14,901.929,141.381,68.738,186.467,0.473660,-1,-1,-1
219,9,109.248,550.111,56.881,137.068,0.371041,-1,-1,-1
219,16,216.060,513.019,63.005,203.518,0.535361,-1,-1,-1
219,17,115.673,664.261,105.460,258.576,0.771766,-1,-1,-1
219,8,508.417,332.652,72.790,220.099,0.627972,-1,-1,-1
219,18,64.337,625.762,67.838,226.305,0.582956,-1,-1,-1
220,1,428.938,197.530,72.795,198.602,0.374225,-1,-1,-1
220,3,943.058,906.990,65.953,174.057,0.748062,-1,-1,-1
220,4,1722.239,460.016,73.581,209.402,0.564244,-1,-1,-1
220,5,1356.356,572.107,81.121,218.302,0.512970,-1,-1,-1
220,12,400.164,573.480,87.254,246.890,0.715580,-1,-1,-1
220,14,901.551,141.806,69.436,187.441,0.514535,-1,-1,-1
220,9,106.557,550.680,57.975,134.541,0.399645,-1,-1,-1
220,16,214.313,509.289,62.301,202.293,0.550575,-1,-1,-1
220,17,120.373,666.302,102.714,253.097,0.742514,-1,-1,-1
220,8,508.468,334.939,71.611,218.456,0.636856,-1,-1,-1
220,18,68.726,631.711,67.015,220.974,0.605246,-1,-1,-1
221,1,429.298,196.279,72.826,199.100,0.379387,-1,-1,-1
221,3,940.509,905.999,66.606,175.043,0.747814,-1,-1,-1
221,4,1721.991,459.624,73.557,209.339,0.586358,-1,-1,-1
221,5,1356.292,572.387,81.229,218.116,0.515586,-1,-1,-1
221,12,399.871,570.643,87.436,248.015,0.692300,-1,-1,-1
221,14,902.177,142.058,69.662,188.015,0.541663,-1,-1,-1
221,9,103.217,551.557,61.018,136.091,0.476693,-1,-1,-1
221,16,213.194,505.916,61.941,201.536,0.599651,-1,-1,-1
221,17,125.027,668.111,101.977,252.219,0.730061,-1,-1,-1
221,8,509.019,337.150,71.244,218.691,0.603365,-1,-1,-1
221,18,73.250,636.068,67.170,218.276,0.630502,-1,-1,-1
222,1,429.670,194.990,72.877,199.718,0.357792,-1,-1,-1
222,3,939.023,905.855,67.200,175.182,0.753261,-1,-1,-1
222,4,1722.411,459.553,73.453,208.958,0.563807,-1,-1,-1
222,5,1356.429,572.562,81.949,219.526,0.485993,-1,-1,-1
222,12,399.065,567.015,87.739,249.923,0.709411,-1,-1,-1
222,14,902.478,141.649,69.282,187.235,0.498026,-1,-1,-1
222,9,100.641,551.981,68.145,149.997,0.379747,-1,-1,-1
222,16,211.569,504.412,62.125,200.849,0.561770,-1,-1,-1
222,17,132.029,669.760,102.472,251.796,0.716015,-1,-1,-1
222,8,509.598,337.827,70.741,218.958,0.586909,-1,-1,-1
222,18,77.935,634.271,69.910,223.093,0.513686,-1,-1,-1
223,1,430.687,194.647,73.040,201.209,0.337651,-1,-1,-1
223,3,937.941,905.589,67.776,175.444,0.745590,-1,-1,-1
223,4,1722.596,459.007,73.398,209.227,0.542399,-1,-1,-1
223,5,1356.564,572.660,82.652,220.886,0.452552,-1,-1,-1
223,12,399.035,565.096,86.423,246.796,0.725720,-1,-1,-1
223,14,901.958,141.537,68.832,185.928,0.448941,-1,-1,-1
223,9,102.046,552.924,66.846,143.577,0.459474,-1,-1,-1
223,16,211.061,503.304,62.285,200.297,0.564309,-1,-1,-1
223,17,136.042,671.388,104.995,255.925,0.690311,-1,-1,-1
223,8,510.144,338.441,70.279,218.677,0.583502,-1,-1,-1
223,18,79.475,635.539,71.318,224.145,0.579102,-1,-1,-1
224,1,431.788,194.320,72.992,202.007,0.357679,-1,-1,-1
224,3,937.248,905.312,68.189,175.717,0.716077,-1,-1,-1
224,4,1722.585,459.715,73.329,208.976,0.548738,-1,-1,-1
224,5,1356.854,572.622,85.055,226.572,0.435284,-1,-1,-1
224,12,398.886,561.961,84.480,241.672,0.717147,-1,-1,-1
224,14,903.679,139.114,69.165,186.333,0.419748,-1,-1,-1
224,9,102.470,553.528,67.676,142.857,0.363161,-1,-1,-1
224,16,211.373,501.780,62.180,201.396,0.553537,-1,-1,-1
224,17,139.910,675.382,107.303,258.670,0.725428,-1,-1,-1
224,8,511.118,339.187,69.983,218.380,0.585912,-1,-1,-1
224,18,80.998,636.724,71.583,222.407,0.542232,-1,-1,-1
225,1,431.091,193.068,73.462,203.797,0.369331,-1,-1,-1
225,3,936.667,904.407,68.770,176.560,0.727685,-1,-1,-1
225,4,1722.420,459.732,73.548,209.437,0.584037,-1,-1,-1
225,5,1356.972,573.081,86.745,230.469,0.410278,-1,-1,-1
225,12,398.036,558.991,83.006,238.029,0.717044,-1,-1,-1
225,14,905.400,138.234,69.210,185.726,0.390211,-1,-1,-1
225,9,101.780,554.119,70.336,147.247,0.370531,-1,-1,-1
225,16,211.537,500.433,61.784,200.965,0.608422,-1,-1,-1
225,17,141.650,678.364,109.815,262.781,0.773214,-1,-1,-1
225,8,512.272,339.778,69.790,217.808,0.586488,-1,-1,-1
225,18,83.419,639.711,72.754,225.248,0.594142,-1,-1,-1
226,1,431.356,191.554,73.684,204.965,0.392454,-1,-1,-1
226,3,935.369,903.324,69.638,177.676,0.722630,-1,-1,-1
226,4,1722.411,459.264,73.882,210.290,0.576912,-1,-1,-1
226,5,1358.194,574.405,86.107,227.017,0.448806,-1,-1,-1
226,12,395.660,556.521,83.244,237.957,0.725019,-1,-1,-1
226,14,906.483,136.633,68.660,184.932,0.365642,-1,-1,-1
226,9,102.012,555.168,72.951,151.812,0.424731,-1,-1,-1
226,16,209.747,500.055,62.442,201.501,0.605983,-1,-1,-1
226,17,143.082,681.128,111.160,264.695,0.753934,-1,-1,-1
226,8,511.850,340.588,69.999,217.320,0.615458,-1,-1,-1
226,18,87.404,641.534,73.473,226.539,0.607875,-1,-1,-1
227,1,431.867,189.790,74.230,207.198,0.414543,-1,-1,-1
227,3,934.637,902.942,70.069,178.070,0.708120,-1,-1,-1
227,4,1722.392,459.242,73.769,210.046,0.595674,-1,-1,-1
227,5,1357.965,574.892,86.212,226.227,0.462699,-1,-1,-1
227,12,393.618,554.142,83.713,238.734,0.734368,-1,-1,-1
227,14,907.487,134.976,68.655,186.616,0.349004,-1,-1,-1
227,9,102.693,555.573,74.950,155.299,0.468738,-1,-1,-1
227,16,209.561,499.030,63.234,203.219,0.604766,-1,-1,-1
227,17,145.272,683.610,112.642,268.134,0.764306,-1,-1,-1
227,8,512.231,343.381,69.401,213.921,0.618087,-1,-1,-1
227,18,93.215,640.831,73.959,227.734,0.592120,-1,-1,-1
228,1,432.700,189.213,74.140,207.607,0.436202,-1,-1,-1
228,3,934.231,902.126,70.562,178.871,0.695442,-1,-1,-1
228,4,1722.699,460.161,73.351,208.655,0.595602,-1,-1,-1
228,5,1358.655,576.248,88.135,229.274,0.447410,-1,-1,-1
228,12,390.938,552.807,84.497,239.408,0.735218,-1,-1,-1
228,14,910.104,133.849,67.078,182.345,0.355895,-1,-1,-1
228,9,105.071,556.019,72.736,148.887,0.459871,-1,-1,-1
228,16,209.862,497.904,63.643,203.701,0.621472,-1,-1,-1
228,17,146.812,687.565,111.393,266.961,0.734472,-1,-1,-1
228,8,511.601,343.058,69.556,213.853,0.638663,-1,-1,-1
228,18,97.975,641.314,75.031,230.381,0.601030,-1,-1,-1
229,1,433.219,188.809,74.081,208.589,0.422442,-1,-1,-1
229,3,933.567,901.352,71.068,179.656,0.715549,-1,-1,-1
229,4,1722.274,460.319,73.512,208.867,0.602811,-1,-1,-1
229,5,1358.592,576.975,86.715,223.772,0.490933,-1,-1,-1
229,12,388.515,550.610,85.923,241.684,0.725533,-1,-1,-1
229,14,913.338,132.993,65.757,178.530,0.388167,-1,-1,-1
229,9,107.480,556.958,71.016,143.030,0.467296,-1,-1,-1
229,16,209.169,496.829,64.286,204.912,0.591238,-1,-1,-1
229,17,147.089,690.742,110.026,265.902,0.729008,-1,-1,-1
229,8,511.768,344.664,69.485,212.488,0.649527,-1,-1,-1
229,18,104.357,643.914,73.856,226.216,0.591307,-1,-1,-1
230,1,434.645,188.415,73.124,206.722,0.456534,-1,-1,-1
230,3,933.468,900.690,71.407,180.321,0.712641,-1,-1,-1
230,4,1722.292,460.551,73.461,208.494,0.584148,-1,-1,-1
230,5,1358.755,576.433,88.922,227.591,0.459807,-1,-1,-1
230,12,386.325,547.679,87.938,245.778,0.732503,-1,-1,-1
230,14,916.799,131.601,64.680,175.251,0.340362,-1,-1,-1
230,9,110.406,557.490,68.029,133.267,0.454290,-1,-1,-1
230,16,208.459,495.590,64.635,204.765,0.588645,-1,-1,-1
230,17,148.278,694.013,109.380,264.746,0.748902,-1,-1,-1
230,8,511.858,345.437,69.957,213.207,0.639021,-1,-1,-1
230,18,110.035,646.195,71.594,218.495,0.559373,-1,-1,-1
231,1,436.043,187.883,72.333,204.839,0.437588,-1,-1,-1
231,3,933.062,900.287,71.708,180.674,0.727870,-1,-1,-1
231,4,1722.337,459.818,73.818,209.509,0.610947,-1,-1,-1
231,5,1359.402,578.292,88.579,224.599,0.470084,-1,-1,-1
231,12,384.295,546.133,89.253,247.754,0.737714,-1,-1,-1
231,14,919.072,130.555,65.548,177.181,0.307195,-1,-1,-1
231,9,110.992,557.802,67.463,128.859,0.482023,-1,-1,-1
231,16,210.821,494.307,64.518,204.499,0.561049,-1,-1,-1
231,17,151.024,696.357,108.101,263.275,0.768732,-1,-1,-1
231,8,511.116,346.424,70.267,213.022,0.658441,-1,-1,-1
231,18,120.639,645.747,57.962,170.050,0.476694,-1,-1,-1
232,1,437.143,187.461,72.261,205.342,0.446098,-1,-1,-1
232,3,933.026,900.247,71.884,180.745,0.721537,-1,-1,-1
232,4,1722.444,459.084,73.969,210.213,0.616975,-1,-1,-1
232,5,1359.658,579.327,90.541,228.181,0.467876,-1,-1,-1
232,12,381.778,545.562,90.260,248.303,0.713185,-1,-1,-1
232,14,920.511,128.195,66.602,179.667,0.307748,-1,-1,-1
232,9,110.672,558.181,68.681,128.715,0.450742,-1,-1,-1
232,16,214.149,493.218,63.782,203.514,0.523071,-1,-1,-1
232,17,156.699,698.678,105.727,260.512,0.763403,-1,-1,-1
232,8,509.891,346.951,70.937,215.078,0.666249,-1,-1,-1
232,18,117.129,648.458,71.557,212.556,0.533532,-1,-1,-1
233,1,438.230,185.759,72.513,207.113,0.411388,-1,-1,-1
233,3,933.285,899.964,71.954,181.038,0.708905,-1,-1,-1
233,4,1722.632,459.345,73.737,209.533,0.595068,-1,-1,-1
233,5,1359.341,578.785,93.160,233.517,0.453407,-1,-1,-1
233,12,379.979,545.193,90.625,247.148,0.691731,-1,-1,-1
233,14,921.805,127.170,66.359,178.818,0.287633,-1,-1,-1
233,9,110.400,558.845,71.194,131.591,0.418666,-1,-1,-1
233,16,214.030,491.662,64.018,203.595,0.589239,-1,-1,-1
233,17,161.277,700.875,103.512,258.009,0.778336,-1,-1,-1
233,8,508.830,347.849,71.877,218.185,0.678123,-1,-1,-1
233,18,117.050,649.590,73.842,221.716,0.544037,-1,-1,-1
234,1,439.578,184.593,72.621,208.302,0.426482,-1,-1,-1
234,3,934.291,900.802,71.307,180.204,0.698494,-1,-1,-1
234,4,1722.958,459.249,73.756,209.693,0.613969,-1,-1,-1
234,5,1358.767,577.314,95.574,238.109,0.510683,-1,-1,-1
234,12,378.678,543.737,90.751,245.230,0.713256,-1,-1,-1
234,14,922.711,125.060,67.100,180.593,0.361754,-1,-1,-1
234,9,95.179,559.765,102.959,198.005,0.385568,-1,-1,-1
234,16,215.781,489.684,63.065,200.367,0.597483,-1,-1,-1
234,17,164.054,702.254,102.103,257.105,0.794149,-1,-1,-1
234,8,507.602,348.778,72.351,220.321,0.687966,-1,-1,-1
234,18,116.943,651.523,74.209,223.781,0.435882,-1,-1,-1
235,1,441.471,183.402,72.064,207.637,0.452966,-1,-1,-1
235,3,934.312,901.361,70.715,179.646,0.679272,-1,-1,-1
235,4,1722.994,459.697,73.550,209.331,0.592493,-1,-1,-1
235,5,1360.181,577.476,96.411,238.376,0.440195,-1,-1,-1
235,12,377.035,542.541,91.296,245.302,0.719959,-1,-1,-1
235,14,923.051,124.090,68.321,184.555,0.372625,-1,-1,-1
235,9,103.774,560.362,87.259,165.485,0.437216,-1,-1,-1
235,16,216.973,487.205,62.394,198.474,0.596682,-1,-1,-1
235,17,167.508,703.636,99.759,254.473,0.776745,-1,-1,-1
235,8,506.760,351.070,72.302,220.860,0.685240,-1,-1,-1
235,18,118.752,654.012,73.157,221.634,0.500643,-1,-1,-1
236,1,443.459,183.350,70.619,204.102,0.448380,-1,-1,-1
236,3,934.664,901.370,70.270,179.637,0.670542,-1,-1,-1
236,4,1722.911,460.109,73.353,209.055,0.604110,-1,-1,-1
236,5,1361.591,577.627,97.192,238.743,0.450180,-1,-1,-1
236,12,376.211,541.787,91.308,244.247,0.720168,-1,-1,-1
236,14,923.913,123.039,68.933,186.430,0.363135,-1,-1,-1
236,9,108.424,561.137,80.526,151.181,0.519150,-1,-1,-1
236,16,217.827,484.974,62.077,197.038,0.581790,-1,-1,-1
236,17,170.801,704.155,98.207,253.902,0.778312,-1,-1,-1
236,8,506.253,353.730,71.467,219.056,0.684448,-1,-1,-1
236,18,122.066,657.681,72.433,220.214,0.567126,-1,-1,-1
237,1,444.373,182.501,69.763,201.480,0.380281,-1,-1,-1
237,3,934.954,901.374,69.743,179.632,0.675626,-1,-1,-1
237,4,1722.639,459.516,73.469,209.522,0.591664,-1,-1,-1
237,5,1363.971,578.435,97.703,238.877,0.426291,-1,-1,-1
237,12,375.830,539.015,91.612,244.863,0.703497,-1,-1,-1
237,14,925.348,123.535,68.736,186.685,0.309990,-1,-1,-1
237,9,110.069,561.322,78.666,146.638,0.515997,-1,-1,-1
237,16,219.004,483.452,61.953,196.404,0.557685,-1,-1,-1
237,17,174.118,704.803,96.293,251.735,0.790645,-1,-1,-1
237,8,505.115,356.391,70.879,217.383,0.677587,-1,-1,-1
237,18,125.776,656.477,72.615,221.933,0.600790,-1,-1,-1
238,1,444.766,181.463,69.578,200.599,0.387921,-1,-1,-1
238,3,934.675,901.374,69.165,179.631,0.680113,-1,-1,-1
238,4,1722.555,460.525,73.076,208.330,0.604348,-1,-1,-1
238,5,1367.169,579.581,98.463,239.700,0.416621,-1,-1,-1
238,12,376.641,536.617,91.140,243.863,0.707479,-1,-1,-1
238,14,926.402,121.573,69.078,187.982,0.360700,-1,-1,-1
238,9,99.057,561.968,105.605,203.417,0.470258,-1,-1,-1
238,16,219.053,481.349,62.217,196.977,0.544143,-1,-1,-1
238,17,177.970,704.965,95.561,252.588,0.775072,-1,-1,-1
238,8,503.911,357.951,71.037,218.116,0.698244,-1,-1,-1
238,18,132.690,659.339,70.421,216.951,0.465314,-1,-1,-1
239,1,445.636,180.141,69.698,200.369,0.400813,-1,-1,-1
239,3,934.531,901.167,68.596,179.838,0.708865,-1,-1,-1
239,4,1722.713,459.864,73.304,209.142,0.624002,-1,-1,-1
239,5,1365.521,578.331,100.055,240.584,0.468488,-1,-1,-1
239,12,378.869,532.610,89.576,240.735,0.762248,-1,-1,-1
239,14,927.232,121.292,67.791,184.391,0.436716,-1,-1,-1
239,9,95.607,562.654,114.347,227.682,0.480024,-1,-1,-1
239,16,219.528,480.539,62.412,197.470,0.583937,-1,-1,-1
239,17,182.022,706.603,94.285,251.403,0.756240,-1,-1,-1
239,8,502.845,358.982,70.632,216.685,0.680922,-1,-1,-1
239,18,137.068,658.860,70.509,218.524,0.532471,-1,-1,-1
240,1,446.062,178.604,70.336,201.157,0.361868,-1,-1,-1
240,3,934.783,901.282,67.751,179.324,0.705393,-1,-1,-1
240,4,1722.658,460.116,73.370,208.962,0.596023,-1,-1,-1
240,5,1364.983,577.644,101.287,240.415,0.457363,-1,-1,-1
240,12,381.869,529.641,87.471,236.845,0.746679,-1,-1,-1
240,14,926.129,119.955,67.881,185.111,0.409505,-1,-1,-1
240,16,219.394,479.258,62.943,199.063,0.594342,-1,-1,-1
240,17,186.639,708.057,95.150,253.857,0.757643,-1,-1,-1
240,8,501.292,359.652,71.274,217.952,0.650917,-1,-1,-1
240,18,142.111,656.907,71.114,220.997,0.560448,-1,-1,-1
241,1,447.148,179.038,70.583,200.717,0.366378,-1,-1,-1
241,3,934.507,901.254,67.209,179.601,0.716172,-1,-1,-1
241,4,1722.671,459.796,73.288,208.898,0.629039,-1,-1,-1
241,5,1365.299,574.616,103.690,241.972,0.507798,-1,-1,-1
241,12,384.347,527.042,85.805,234.383,0.730414,-1,-1,-1
241,14,925.787,119.285,67.327,183.501,0.446519,-1,-1,-1
241,16,219.063,477.680,63.665,201.418,0.621002,-1,-1,-1
241,17,191.021,710.377,96.429,256.258,0.776939,-1,-1,-1
241,8,499.605,360.138,71.766,218.847,0.660332,-1,-1,-1
241,18,154.829,654.419,56.523,167.965,0.403080,-1,-1,-1
242,1,447.733,178.156,71.327,202.644,0.364203,-1,-1,-1
242,3,934.851,901.618,66.629,179.330,0.725893,-1,-1,-1
242,4,1722.487,460.253,73.101,208.497,0.614447,-1,-1,-1
242,5,1365.187,572.061,105.980,243.582,0.535667,-1,-1,-1
242,12,385.330,524.084,85.018,233.808,0.699072,-1,-1,-1
242,14,928.587,121.139,66.002,181.240,0.458100,-1,-1,-1
242,16,219.064,476.155,63.788,201.806,0.596911,-1,-1,-1
242,17,195.497,712.818,96.657,256.453,0.748328,-1,-1,-1
242,8,498.056,361.806,71.744,217.949,0.650445,-1,-1,-1
242,18,159.444,651.894,57.721,168.407,0.430460,-1,-1,-1
243,1,448.500,177.306,71.687,204.101,0.347930,-1,-1,-1
243,3,934.473,901.438,66.192,179.547,0.710447,-1,-1,-1
243,4,1722.575,459.962,72.944,207.767,0.631693,-1,-1,-1
243,5,1363.940,569.795,108.128,245.942,0.537970,-1,-1,-1
243,12,386.195,521.206,84.760,235.232,0.688319,-1,-1,-1
243,14,930.392,120.765,65.006,179.623,0.504017,-1,-1,-1
243,16,218.943,475.339,64.042,202.423,0.604906,-1,-1,-1
243,17,199.714,717.389,96.784,255.891,0.695042,-1,-1,-1
243,8,496.078,362.031,72.018,218.365,0.647590,-1,-1,-1
243,18,164.388,652.070,57.704,163.370,0.476012,-1,-1,-1
244,1,449.333,176.778,72.153,204.373,0.351801,-1,-1,-1
244,3,934.724,902.022,65.665,178.976,0.783522,-1,-1,-1
244,4,1722.288,459.892,72.973,207.738,0.606080,-1,-1,-1
244,5,1363.132,570.596,108.622,244.741,0.507699,-1,-1,-1
244,12,386.861,519.001,84.575,236.618,0.691902,-1,-1,-1
244,14,931.652,119.344,64.377,179.149,0.440459,-1,-1,-1
244,16,218.764,473.682,63.426,200.088,0.575530,-1,-1,-1
244,17,202.776,726.367,95.374,250.929,0.704120,-1,-1,-1
244,8,494.310,362.760,71.511,216.283,0.643576,-1,-1,-1
244,18,171.078,654.082,58.651,158.476,0.556011,-1,-1,-1
245,1,449.722,176.666,72.202,203.897,0.319634,-1,-1,-1
245,3,935.053,903.251,65.086,177.751,0.790544,-1,-1,-1
245,4,1722.034,459.984,73.094,207.935,0.589157,-1,-1,-1
245,5,1363.975,570.840,109.200,244.634,0.432359,-1,-1,-1
245,12,387.366,518.621,84.348,237.418,0.678718,-1,-1,-1
245,14,933.064,117.592,63.762,178.895,0.454140,-1,-1,-1
245,16,218.363,472.323,63.720,200.892,0.567425,-1,-1,-1
245,17,202.277,730.066,95.706,250.641,0.702267,-1,-1,-1
245,8,492.924,363.064,72.218,218.446,0.668156,-1,-1,-1
245,18,175.255,655.881,58.480,152.228,0.593460,-1,-1,-1
245,9,99.665,569.337,117.498,245.061,0.623350,-1,-1,-1
246,1,450.054,177.046,72.525,204.217,0.324572,-1,-1,-1
246,3,935.740,904.231,64.683,176.773,0.780035,-1,-1,-1
246,4,1721.976,459.512,73.620,209.376,0.606766,-1,-1,-1
246,5,1367.886,572.271,108.157,242.915,0.467350,-1,-1,-1
246,12,387.858,518.075,84.459,238.911,0.697086,-1,-1,-1
246,14,934.245,116.765,63.251,179.345,0.411440,-1,-1,-1
246,16,219.494,471.284,64.300,203.490,0.583800,-1,-1,-1
246,17,203.191,732.161,96.929,254.655,0.684939,-1,-1,-1
246,8,491.186,364.388,71.627,215.766,0.692478,-1,-1,-1
246,18,180.184,656.253,59.622,151.150,0.601789,-1,-1,-1
246,9,103.168,567.730,113.657,247.111,0.637321,-1,-1,-1
247,1,450.664,176.571,73.077,204.681,0.337336,-1,-1,-1
247,3,936.253,904.746,64.411,176.258,0.767715,-1,-1,-1
247,4,1721.671,459.444,73.594,208.947,0.620913,-1,-1,-1
247,5,1369.656,569.684,109.605,247.216,0.571878,-1,-1,-1
247,12,388.370,517.794,84.522,240.203,0.703726,-1,-1,-1
247,14,935.385,115.483,62.195,177.696,0.433563,-1,-1,-1
247,16,219.334,469.943,64.622,205.318,0.581474,-1,-1,-1
247,17,204.883,734.281,97.275,256.072,0.671143,-1,-1,-1
247,8,489.732,365.418,71.653,215.097,0.743446,-1,-1,-1
247,18,186.429,657.446,59.751,145.725,0.437634,-1,-1,-1
247,9,106.629,566.651,111.337,250.207,0.622271,-1,-1,-1
247,19,585.310,373.200,61.963,203.771,0.680350,-1,-1,-1
248,1,450.583,174.884,74.729,208.768,0.351265,-1,-1,-1
248,3,937.098,905.857,64.063,175.070,0.752137,-1,-1,-1
248,4,1721.185,460.207,73.650,208.487,0.628243,-1,-1,-1
248,5,1372.607,570.459,108.615,246.330,0.547652,-1,-1,-1
248,12,388.725,517.450,84.304,240.553,0.692819,-1,-1,-1
248,14,937.108,114.597,61.243,176.210,0.460745,-1,-1,-1
248,16,219.909,468.608,63.795,203.914,0.574805,-1,-1,-1
248,17,204.247,736.059,97.428,257.371,0.589669,-1,-1,-1
248,8,488.604,366.846,71.637,214.912,0.741657,-1,-1,-1
248,18,190.431,662.549,61.436,144.953,0.369180,-1,-1,-1
248,9,111.220,566.229,107.612,249.008,0.679589,-1,-1,-1
248,19,584.372,375.214,62.608,206.059,0.646063,-1,-1,-1
249,1,451.066,173.166,75.447,210.344,0.388465,-1,-1,-1
249,3,937.776,906.307,64.079,174.668,0.749724,-1,-1,-1
249,4,1721.399,460.508,73.437,207.829,0.591044,-1,-1,-1
249,5,1375.482,570.923,107.504,247.337,0.526172,-1,-1,-1
249,12,388.938,516.735,84.177,240.370,0.685304,-1,-1,-1
249,14,938.433,112.452,61.596,178.300,0.515095,-1,-1,-1
249,16,220.825,467.782,61.618,197.385,0.555498,-1,-1,-1
249,17,204.982,741.525,95.167,252.948,0.488316,-1,-1,-1
249,8,487.694,368.203,71.887,215.665,0.713182,-1,-1,-1
249,9,114.272,566.471,104.982,250.044,0.667906,-1,-1,-1
249,19,583.590,379.035,62.222,205.009,0.602311,-1,-1,-1
250,1,451.149,171.497,75.843,211.297,0.373457,-1,-1,-1
250,3,938.459,906.733,64.209,174.259,0.730191,-1,-1,-1
250,4,1721.741,459.608,73.714,208.704,0.597282,-1,-1,-1
250,5,1378.464,570.697,105.522,246.840,0.592061,-1,-1,-1
250,12,389.634,516.508,83.893,239.323,0.679269,-1,-1,-1
250,14,938.161,110.869,61.999,179.942,0.496116,-1,-1,-1
250,16,222.067,466.035,60.983,195.857,0.554316,-1,-1,-1
250,17,210.072,746.656,92.546,246.410,0.458616,-1,-1,-1
250,8,487.147,369.904,72.531,217.823,0.685757,-1,-1,-1
250,9,118.560,567.866,101.533,247.585,0.676567,-1,-1,-1
250,19,582.877,382.114,61.559,202.928,0.633053,-1,-1,-1
251,1,450.965,169.611,75.768,211.546,0.377465,-1,-1,-1
251,3,939.816,908.175,63.942,172.824,0.739956,-1,-1,-1
251,4,1721.699,460.069,73.682,208.044,0.604226,-1,-1,-1
251,5,1380.994,569.886,104.124,247.300,0.625920,-1,-1,-1
251,12,389.762,514.047,84.118,239.648,0.665372,-1,-1,-1
251,14,938.021,110.847,62.484,180.586,0.468807,-1,-1,-1
251,16,222.381,462.919,61.058,196.686,0.562015,-1,-1,-1
251,17,211.073,746.532,92.547,247.480,0.557791,-1,-1,-1
251,8,487.625,370.374,73.815,223.702,0.653537,-1,-1,-1
251,9,122.569,567.532,99.844,249.005,0.700047,-1,-1,-1
251,19,582.115,384.269,61.497,202.922,0.652087,-1,-1,-1
252,1,451.153,168.404,74.915,209.210,0.379225,-1,-1,-1
252,3,940.664,908.948,63.970,172.054,0.712740,-1,-1,-1
252,4,1721.810,460.490,73.528,207.434,0.583967,-1,-1,-1
252,5,1382.343,570.556,101.601,244.383,0.567744,-1,-1,-1
252,12,390.201,511.344,84.333,240.633,0.663940,-1,-1,-1
252,14,938.213,108.495,63.135,182.082,0.481947,-1,-1,-1
252,16,221.460,458.243,61.917,200.433,0.573619,-1,-1,-1
252,17,212.584,744.272,93.585,249.218,0.663069,-1,-1,-1
252,8,487.618,372.806,74.070,226.357,0.654730,-1,-1,-1
252,9,126.782,568.027,97.699,247.810,0.702725,-1,-1,-1
252,19,581.365,385.146,61.919,204.426,0.666655,-1,-1,-1
253,1,451.833,167.643,74.288,208.319,0.385371,-1,-1,-1
253,3,941.422,909.259,64.282,171.743,0.733543,-1,-1,-1
253,4,1721.981,459.464,73.920,208.706,0.570530,-1,-1,-1
253,5,1383.324,571.205,100.939,246.104,0.615438,-1,-1,-1
253,12,390.127,508.632,84.072,240.060,0.668929,-1,-1,-1
253,14,937.965,109.303,63.359,181.680,0.496462,-1,-1,-1
253,16,222.222,457.571,61.576,199.086,0.601708,-1,-1,-1
253,17,216.197,741.188,93.907,250.845,0.734757,-1,-1,-1
253,8,487.794,375.056,73.635,226.279,0.662093,-1,-1,-1
253,9,130.786,567.917,95.856,246.332,0.695980,-1,-1,-1
253,19,579.775,385.233,62.646,206.993,0.680983,-1,-1,-1
254,1,452.577,166.964,73.083,205.510,0.366387,-1,-1,-1
254,3,942.427,910.333,64.304,170.670,0.732026,-1,-1,-1
254,4,1721.702,459.685,73.891,208.689,0.581505,-1,-1,-1
254,5,1384.783,571.068,99.608,245.939,0.618649,-1,-1,-1
254,12,390.226,505.982,83.314,238.763,0.636216,-1,-1,-1
254,14,938.260,109.600,63.869,181.742,0.488577,-1,-1,-1
254,16,222.324,456.737,61.566,198.799,0.580100,-1,-1,-1
254,17,219.460,739.342,94.074,253.184,0.776576,-1,-1,-1
254,8,487.233,375.212,74.110,229.480,0.652866,-1,-1,-1
254,9,133.832,567.680,94.201,244.518,0.667730,-1,-1,-1
254,19,578.694,386.907,62.731,207.264,0.692301,-1,-1,-1
255,1,453.596,166.348,71.284,202.223,0.348535,-1,-1,-1
255,3,943.076,910.698,64.575,169.738,0.731677,-1,-1,-1
255,4,1721.826,460.121,73.509,207.814,0.605390,-1,-1,-1
255,5,1385.719,570.585,99.230,248.207,0.654497,-1,-1,-1
255,12,391.674,503.417,81.735,234.381,0.671476,-1,-1,-1
255,14,938.118,109.535,64.186,180.692,0.482849,-1,-1,-1
255,16,222.546,456.217,61.527,198.063,0.618812,-1,-1,-1
255,17,220.579,737.692,95.775,259.083,0.727978,-1,-1,-1
255,8,486.996,375.925,73.994,230.543,0.668218,-1,-1,-1
255,9,136.462,566.166,93.064,243.942,0.690001,-1,-1,-1
255,19,577.553,387.333,62.863,207.799,0.729554,-1,-1,-1
256,1,454.381,165.492,70.110,199.610,0.319936,-1,-1,-1
256,3,943.341,910.963,65.266,169.828,0.742484,-1,-1,-1
256,4,1721.423,460.059,73.769,208.418,0.566005,-1,-1,-1
256,5,1388.077,569.866,97.693,246.845,0.636987,-1,-1,-1
256,12,392.174,500.022,80.723,231.798,0.652716,-1,-1,-1
256,14,938.300,108.781,64.707,180.603,0.485828,-1,-1,-1
256,16,222.760,455.605,61.321,196.832,0.598946,-1,-1,-1
256,17,223.753,737.769,96.930,265.062,0.717406,-1,-1,-1
256,8,487.685,376.627,73.361,230.378,0.665710,-1,-1,-1
256,9,138.588,566.202,92.023,243.054,0.653290,-1,-1,-1
256,19,576.812,388.131,62.757,207.502,0.745389,-1,-1,-1
257,1,455.349,164.347,69.085,197.228,0.306256,-1,-1,-1
257,3,943.857,911.960,65.717,168.775,0.750879,-1,-1,-1
257,4,1721.257,460.710,73.509,207.556,0.578864,-1,-1,-1
257,5,1390.401,568.808,96.138,245.339,0.626208,-1,-1,-1
257,12,392.710,496.074,80.710,231.987,0.681703,-1,-1,-1
257,14,938.146,107.956,65.312,181.177,0.431292,-1,-1,-1
257,16,222.784,454.930,61.840,197.514,0.573353,-1,-1,-1
257,17,228.570,744.235,96.426,266.969,0.733830,-1,-1,-1
257,8,487.684,379.116,72.527,228.433,0.677071,-1,-1,-1
257,9,140.617,566.054,91.748,242.945,0.621005,-1,-1,-1
257,19,576.084,388.532,62.446,206.448,0.758834,-1,-1,-1
258,1,456.380,164.030,68.665,196.192,0.323498,-1,-1,-1
258,3,944.092,913.419,65.790,166.600,0.749822,-1,-1,-1
258,4,1721.490,460.520,73.550,207.601,0.566855,-1,-1,-1
258,5,1392.592,567.867,94.069,242.064,0.621860,-1,-1,-1
258,12,391.653,493.672,81.020,233.036,0.680639,-1,-1,-1
258,14,939.520,106.741,65.247,180.098,0.424577,-1,-1,-1
258,16,223.395,453.956,62.068,197.510,0.533974,-1,-1,-1
258,17,230.195,748.549,96.292,269.436,0.766310,-1,-1,-1
258,8,488.118,378.641,72.242,228.936,0.661090,-1,-1,-1
258,9,142.685,565.936,92.375,245.173,0.590012,-1,-1,-1
258,19,575.924,389.100,61.984,205.016,0.746505,-1,-1,-1
259,1,458.701,163.356,68.792,196.990,0.350699,-1,-1,-1
259,3,944.633,914.846,66.195,164.848,0.730501,-1,-1,-1
259,4,1721.353,460.394,73.891,208.281,0.563088,-1,-1,-1
259,5,1396.197,567.556,91.667,238.461,0.586482,-1,-1,-1
259,12,390.419,492.394,81.330,233.465,0.656685,-1,-1,-1
259,14,940.490,104.791,64.972,179.391,0.418220,-1,-1,-1
259,16,224.011,453.155,61.876,196.726,0.507406,-1,-1,-1
259,17,232.376,753.944,94.392,265.971,0.746378,-1,-1,-1
259,8,487.701,381.783,71.124,225.499,0.666998,-1,-1,-1
259,9,145.429,566.866,92.206,244.370,0.628344,-1,-1,-1
259,19,575.757,390.565,61.505,202.915,0.748713,-1,-1,-1
260,1,459.091,163.183,69.007,197.511,0.375011,-1,-1,-1
260,3,945.974,915.781,66.662,162.829,0.721691,-1,-1,-1
260,4,1721.021,460.368,74.005,208.456,0.587882,-1,-1,-1
260,5,1398.435,566.898,90.728,239.279,0.557341,-1,-1,-1
260,12,387.852,491.181,82.323,234.793,0.663112,-1,-1,-1
260,14,941.419,102.619,63.900,175.780,0.432737,-1,-1,-1
260,16,224.249,452.324,61.562,195.183,0.508318,-1,-1,-1
260,17,234.400,757.850,93.844,266.904,0.729803,-1,-1,-1
260,8,488.840,381.719,70.935,225.999,0.662639,-1,-1,-1
260,9,149.509,566.368,92.041,245.231,0.631817,-1,-1,-1
260,19,575.292,391.859,60.900,200.443,0.752914,-1,-1,-1
261,1,457.001,162.051,70.764,200.726,0.385087,-1,-1,-1
261,3,946.460,916.165,68.054,163.046,0.726025,-1,-1,-1
261,4,1721.333,460.539,74.046,208.725,0.598327,-1,-1,-1
261,5,1402.252,566.677,89.259,239.615,0.552693,-1,-1,-1
261,12,384.262,489.252,83.929,236.927,0.650971,-1,-1,-1
261,14,941.348,100.394,63.531,174.135,0.445305,-1,-1,-1
261,16,224.221,451.148,61.404,194.123,0.481517,-1,-1,-1
261,17,237.229,763.282,90.849,260.359,0.698271,-1,-1,-1
261,8,488.357,384.429,69.860,222.405,0.689830,-1,-1,-1
261,9,153.864,566.342,91.403,246.874,0.650941,-1,-1,-1
261,19,575.217,393.580,60.240,197.778,0.748869,-1,-1,-1
261,18,232.146,685.040,59.857,127.127,0.627467,-1,-1,-1
262,1,458.811,162.588,70.128,199.210,0.384462,-1,-1,-1
262,3,946.125,917.947,68.518,160.407,0.726941,-1,-1,-1
262,4,1721.397,460.886,73.969,208.395,0.594537,-1,-1,-1
262,5,1405.373,565.178,88.302,240.036,0.565749,-1,-1,-1
262,12,382.095,487.962,85.034,237.532,0.631070,-1,-1,-1
262,14,940.867,99.149,63.116,171.915,0.497173,-1,-1,-1
262,16,224.244,449.942,61.348,193.300,0.512624,-1,-1,-1
262,17,239.507,765.507,91.272,263.286,0.692207,-1,-1,-1
262,8,488.551,385.736,69.316,220.842,0.715741,-1,-1,-1
262,9,158.366,566.604,91.369,249.294,0.647342,-1,-1,-1
262,19,574.858,395.902,60.008,196.550,0.737249,-1,-1,-1
262,18,233.268,687.869,62.956,125.951,0.563449,-1,-1,-1
263,1,456.744,161.446,70.806,201.384,0.365355,-1,-1,-1
263,3,945.588,919.170,69.476,158.728,0.739186,-1,-1,-1
263,4,1721.317,461.009,74.008,208.205,0.572742,-1,-1,-1
263,5,1407.078,565.852,86.384,237.492,0.593262,-1,-1,-1
263,12,380.526,486.539,86.121,238.514,0.610049,-1,-1,-1
263,14,940.540,97.338,63.982,174.029,0.481362,-1,-1,-1
263,16,225.261,447.637,60.942,191.578,0.524746,-1,-1,-1
263,17,241.726,768.942,90.694,262.976,0.671277,-1,-1,-1
263,8,488.500,386.237,69.068,220.067,0.699545,-1,-1,-1
263,9,161.661,566.645,90.614,250.597,0.683283,-1,-1,-1
263,19,574.245,397.522,60.604,198.007,0.708350,-1,-1,-1
263,18,234.766,689.632,65.543,124.739,0.459354,-1,-1,-1
264,1,458.211,161.352,70.011,200.199,0.331161,-1,-1,-1
264,3,945.624,920.528,70.133,156.671,0.756707,-1,-1,-1
264,4,1721.642,460.833,74.097,208.487,0.583472,-1,-1,-1
264,5,1409.031,566.118,85.672,237.002,0.615607,-1,-1,-1
264,12,379.070,485.753,86.861,238.452,0.606378,-1,-1,-1
264,14,939.744,95.501,65.030,176.579,0.440822,-1,-1,-1
264,16,226.964,448.147,59.983,188.165,0.559796,-1,-1,-1
264,17,245.090,772.572,89.848,261.330,0.747171,-1,-1,-1
264,8,488.118,386.509,68.807,218.593,0.689169,-1,-1,-1
264,9,164.694,565.944,89.845,252.081,0.690268,-1,-1,-1
264,19,572.766,398.496,61.151,199.407,0.684095,-1,-1,-1
264,18,239.221,692.584,65.243,120.962,0.610521,-1,-1,-1
265,1,458.602,161.988,69.189,199.474,0.372831,-1,-1,-1
265,3,945.967,921.070,71.333,156.242,0.755367,-1,-1,-1
265,4,1721.640,461.025,74.034,208.333,0.600733,-1,-1,-1
265,5,1409.409,566.444,85.708,239.015,0.587135,-1,-1,-1
265,12,377.923,484.993,87.583,238.539,0.655341,-1,-1,-1
265,14,939.628,94.123,65.663,178.855,0.470772,-1,-1,-1
265,16,228.024,445.645,60.108,188.447,0.529437,-1,-1,-1
265,17,246.582,773.453,89.510,261.380,0.768034,-1,-1,-1
265,8,487.540,386.706,68.805,218.348,0.671797,-1,-1,-1
265,9,167.711,566.532,88.953,253.622,0.690678,-1,-1,-1
265,19,572.018,399.962,61.205,198.883,0.724703,-1,-1,-1
265,18,242.527,695.673,65.438,120.107,0.571475,-1,-1,-1
266,1,459.132,161.214,69.157,201.051,0.328419,-1,-1,-1
266,3,945.819,921.576,72.540,155.856,0.762362,-1,-1,-1
266,4,1721.518,461.320,73.987,208.147,0.589933,-1,-1,-1
266,5,1409.571,566.492,86.354,242.920,0.570705,-1,-1,-1
266,12,377.569,484.498,87.927,237.697,0.640749,-1,-1,-1
266,14,940.221,93.402,65.622,178.923,0.458897,-1,-1,-1
266,16,228.152,444.961,59.147,184.307,0.492370,-1,-1,-1
266,17,251.396,775.457,89.249,259.483,0.771519,-1,-1,-1
266,8,485.981,386.451,69.241,219.848,0.628554,-1,-1,-1
266,9,171.386,567.213,88.431,255.355,0.693427,-1,-1,-1
266,19,570.252,401.823,62.185,201.423,0.670849,-1,-1,-1
266,18,247.563,699.107,64.430,118.131,0.529344,-1,-1,-1
267,1,460.185,160.645,68.762,201.221,0.372033,-1,-1,-1
267,3,945.902,921.552,73.828,156.130,0.763638,-1,-1,-1
267,4,1721.641,461.093,74.114,208.178,0.566641,-1,-1,-1
267,5,1409.991,566.290,86.067,244.308,0.565077,-1,-1,-1
267,12,376.680,482.366,88.582,238.239,0.606415,-1,-1,-1
267,14,940.557,92.566,65.851,179.700,0.457073,-1,-1,-1
267,16,227.371,442.575,59.778,184.848,0.486512,-1,-1,-1
267,17,251.987,774.492,90.167,260.996,0.758064,-1,-1,-1
267,8,483.593,387.002,69.776,221.301,0.625720,-1,-1,-1
267,9,174.368,568.165,88.545,259.068,0.687328,-1,-1,-1
267,19,568.934,403.265,63.138,204.057,0.650958,-1,-1,-1
267,18,251.755,702.361,63.285,115.022,0.514203,-1,-1,-1
268,1,460.913,158.647,68.901,202.829,0.373115,-1,-1,-1
268,3,946.431,921.379,74.842,156.499,0.758329,-1,-1,-1
268,4,1721.439,461.047,74.072,208.144,0.579854,-1,-1,-1
268,5,1410.446,565.744,85.552,245.070,0.593762,-1,-1,-1
268,12,375.788,480.555,88.993,238.799,0.634923,-1,-1,-1
268,14,942.362,92.839,65.555,179.051,0.451727,-1,-1,-1
268,16,226.749,440.777,60.543,186.219,0.536909,-1,-1,-1
268,17,252.033,772.129,90.710,263.432,0.742908,-1,-1,-1
268,8,481.620,388.936,70.494,222.848,0.626713,-1,-1,-1
268,9,177.615,569.686,87.311,258.885,0.707279,-1,-1,-1
268,19,567.861,404.314,63.825,205.532,0.622130,-1,-1,-1
268,18,256.130,705.048,62.520,112.877,0.548528,-1,-1,-1
269,1,461.876,159.599,67.735,199.868,0.403486,-1,-1,-1
269,3,947.526,921.525,75.597,156.691,0.753318,-1,-1,-1
269,4,1721.717,461.495,73.764,207.210,0.595111,-1,-1,-1
269,5,1411.921,567.012,84.639,244.145,0.581747,-1,-1,-1
269,12,375.863,478.793,89.212,239.183,0.650998,-1,-1,-1
269,14,943.112,92.823,65.328,178.609,0.496213,-1,-1,-1
269,16,226.820,438.636,61.557,188.720,0.500862,-1,-1,-1
269,17,253.507,774.486,90.002,261.168,0.719312,-1,-1,-1
269,8,479.542,390.469,70.764,222.107,0.633635,-1,-1,-1
269,9,181.627,571.953,85.374,254.588,0.713199,-1,-1,-1
269,19,567.320,402.341,64.901,208.380,0.602117,-1,-1,-1
269,18,259.721,706.843,62.970,112.853,0.575234,-1,-1,-1
270,1,461.214,156.521,67.696,201.671,0.378695,-1,-1,-1
270,3,948.074,921.853,76.335,157.163,0.753850,-1,-1,-1
270,4,1721.793,461.962,73.620,206.686,0.559613,-1,-1,-1
270,5,1415.269,570.043,83.473,241.519,0.569886,-1,-1,-1
270,12,376.453,476.613,88.364,236.704,0.632739,-1,-1,-1
270,14,943.313,92.571,65.526,178.684,0.480909,-1,-1,-1
270,16,226.920,437.482,62.061,190.059,0.479078,-1,-1,-1
270,17,255.798,771.785,90.226,263.162,0.771650,-1,-1,-1
270,8,478.082,392.923,71.050,221.561,0.635281,-1,-1,-1
270,9,185.657,573.247,83.643,249.211,0.687058,-1,-1,-1
270,19,566.397,402.722,66.042,211.376,0.610479,-1,-1,-1
270,18,264.006,707.749,62.065,109.388,0.549227,-1,-1,-1
271,1,462.135,156.833,67.188,201.028,0.358762,-1,-1,-1
271,3,948.863,922.504,76.549,156.657,0.731946,-1,-1,-1
271,4,1721.318,461.446,74.138,207.911,0.571021,-1,-1,-1
271,5,1418.956,573.471,82.448,239.256,0.531982,-1,-1,-1
271,12,378.851,473.558,86.260,231.321,0.625693,-1,-1,-1
271,14,943.772,91.970,65.378,177.893,0.507803,-1,-1,-1
271,16,227.780,436.405,61.164,187.108,0.474933,-1,-1,-1
271,17,258.225,772.965,89.341,261.738,0.742259,-1,-1,-1
271,8,477.015,394.603,71.134,220.130,0.623415,-1,-1,-1
271,9,188.894,575.128,83.001,246.393,0.654677,-1,-1,-1
271,19,566.208,403.474,65.694,209.994,0.605761,-1,-1,-1
271,18,266.567,709.036,64.557,112.490,0.487706,-1,-1,-1
272,1,463.259,155.421,67.123,201.147,0.368539,-1,-1,-1
272,3,949.084,922.784,76.846,156.424,0.719619,-1,-1,-1
272,4,1721.275,461.288,73.969,207.302,0.550976,-1,-1,-1
272,5,1421.427,575.699,82.575,240.465,0.520241,-1,-1,-1
272,12,383.284,470.015,84.443,227.619,0.598637,-1,-1,-1
272,14,943.826,91.385,65.858,178.426,0.484422,-1,-1,-1
272,16,228.531,434.729,60.914,186.756,0.450827,-1,-1,-1
272,17,260.443,779.768,88.428,258.849,0.731414,-1,-1,-1
272,8,475.638,396.137,71.477,219.582,0.595412,-1,-1,-1
272,9,191.600,575.543,83.293,246.011,0.672066,-1,-1,-1
272,19,565.301,403.926,66.353,212.342,0.554266,-1,-1,-1
272,18,270.585,709.443,67.361,116.762,0.523678,-1,-1,-1
273,1,463.678,153.868,66.516,199.980,0.401780,-1,-1,-1
273,3,948.981,923.089,77.219,156.278,0.722966,-1,-1,-1
273,4,1721.055,461.487,73.966,207.326,0.561076,-1,-1,-1
273,5,1423.385,580.110,81.089,237.031,0.493943,-1,-1,-1
273,12,385.684,466.591,83.337,226.303,0.586283,-1,-1,-1
273,14,943.568,90.308,65.973,178.718,0.486838,-1,-1,-1
273,16,229.517,433.668,60.052,184.535,0.470336,-1,-1,-1
273,17,260.618,782.276,89.527,261.074,0.723950,-1,-1,-1
273,8,474.184,397.373,71.572,218.791,0.602644,-1,-1,-1
273,9,194.472,576.376,83.877,245.593,0.683139,-1,-1,-1
273,19,563.964,405.129,66.511,212.537,0.550002,-1,-1,-1
273,18,274.462,709.665,71.522,123.929,0.573280,-1,-1,-1
274,1,463.704,153.087,65.314,196.774,0.400266,-1,-1,-1
274,3,948.856,923.312,77.625,156.372,0.705224,-1,-1,-1
274,4,1721.250,461.363,73.982,207.513,0.594120,-1,-1,-1
274,5,1424.724,580.368,81.472,239.141,0.528079,-1,-1,-1
274,12,386.071,463.242,83.293,227.560,0.622707,-1,-1,-1
274,14,943.315,89.254,66.167,179.540,0.513783,-1,-1,-1
274,16,229.619,432.668,59.576,183.338,0.463859,-1,-1,-1
274,17,264.137,786.339,90.275,262.136,0.713033,-1,-1,-1
274,8,472.910,398.422,71.769,218.677,0.623607,-1,-1,-1
274,9,196.986,577.362,84.920,246.741,0.695441,-1,-1,-1
274,19,561.980,405.975,66.371,211.839,0.533889,-1,-1,-1
274,18,275.866,709.909,77.923,136.104,0.644346,-1,-1,-1
275,1,464.058,152.091,64.630,194.815,0.403239,-1,-1,-1
275,3,948.318,923.375,78.173,156.456,0.723401,-1,-1,-1
275,4,1721.267,461.156,73.957,207.559,0.589470,-1,-1,-1
275,5,1427.080,581.092,81.200,239.594,0.510275,-1,-1,-1
275,12,386.295,462.171,82.652,226.658,0.613935,-1,-1,-1
275,14,942.928,87.278,66.523,180.900,0.499825,-1,-1,-1
275,16,229.027,431.498,60.966,188.052,0.337098,-1,-1,-1
275,17,267.165,784.369,91.849,266.968,0.703667,-1,-1,-1
275,8,471.898,398.773,71.377,216.981,0.662003,-1,-1,-1
275,9,199.346,578.963,86.570,249.151,0.672548,-1,-1,-1
275,19,560.926,406.791,65.727,209.462,0.595177,-1,-1,-1
275,18,278.993,712.320,80.595,140.255,0.418647,-1,-1,-1
276,1,464.180,150.851,64.599,194.241,0.403009,-1,-1,-1
276,3,947.784,923.828,78.567,156.105,0.748354,-1,-1,-1
276,4,1720.999,461.422,73.841,206.976,0.590637,-1,-1,-1
276,5,1429.523,580.503,81.139,241.474,0.530985,-1,-1,-1
276,12,386.715,460.728,82.343,226.918,0.632497,-1,-1,-1
276,14,943.042,85.628,66.109,180.690,0.453618,-1,-1,-1
276,16,228.313,429.644,61.772,191.370,0.335870,-1,-1,-1
276,17,270.664,784.631,92.940,270.880,0.629930,-1,-1,-1
276,8,470.424,399.785,71.485,216.751,0.665041,-1,-1,-1
276,9,200.586,578.990,87.295,249.001,0.674012,-1,-1,-1
276,19,559.887,408.174,65.221,206.964,0.633812,-1,-1,-1
276,18,282.432,715.556,82.014,141.932,0.316788,-1,-1,-1
277,1,464.693,148.681,65.039,195.288,0.374285,-1,-1,-1
277,3,947.594,924.449,78.676,155.102,0.752713,-1,-1,-1
277,4,1720.515,460.909,74.323,208.160,0.590461,-1,-1,-1
277,5,1431.990,581.000,80.741,242.508,0.494994,-1,-1,-1
277,12,387.620,459.890,82.202,227.607,0.608829,-1,-1,-1
277,14,943.095,84.787,64.093,176.371,0.462646,-1,-1,-1
277,16,229.103,427.636,60.113,186.554,0.389532,-1,-1,-1
277,17,271.310,785.085,94.053,276.314,0.651918,-1,-1,-1
277,8,468.431,401.777,71.426,216.346,0.685184,-1,-1,-1
277,9,199.927,578.383,87.696,249.527,0.650699,-1,-1,-1
277,19,559.074,410.391,64.650,204.530,0.659083,-1,-1,-1
277,18,286.208,719.028,83.428,142.991,0.526450,-1,-1,-1
278,1,464.916,147.767,65.155,195.914,0.347774,-1,-1,-1
278,3,947.428,924.709,78.855,154.279,0.764569,-1,-1,-1
278,4,1720.541,460.529,74.670,208.986,0.559266,-1,-1,-1
278,5,1434.201,583.073,80.077,242.270,0.439288,-1,-1,-1
278,12,388.512,459.672,81.742,226.847,0.599160,-1,-1,-1
278,14,942.825,83.016,63.929,176.228,0.451608,-1,-1,-1
278,16,230.049,425.742,58.208,180.015,0.427644,-1,-1,-1
278,17,272.015,789.321,92.447,274.732,0.625181,-1,-1,-1
278,8,466.624,402.433,71.419,216.751,0.667593,-1,-1,-1
278,9,199.041,577.539,87.810,250.777,0.651194,-1,-1,-1
278,19,557.618,412.054,64.874,204.434,0.651984,-1,-1,-1
278,18,290.333,722.120,85.692,144.410,0.642628,-1,-1,-1
279,1,464.801,147.537,65.300,196.508,0.352056,-1,-1,-1
279,3,946.865,924.989,79.335,154.024,0.756968,-1,-1,-1
279,4,1721.011,460.387,74.643,209.335,0.566728,-1,-1,-1
279,5,1435.662,589.222,77.957,237.226,0.292013,-1,-1,-1
279,12,388.495,459.138,82.212,228.334,0.589815,-1,-1,-1
279,14,941.916,80.458,64.042,177.497,0.432441,-1,-1,-1
279,16,230.896,424.122,57.376,176.866,0.441410,-1,-1,-1
279,17,273.409,793.719,92.508,277.882,0.641406,-1,-1,-1
279,8,466.058,404.689,70.248,213.378,0.684837,-1,-1,-1
279,9,199.516,578.226,86.745,250.577,0.589640,-1,-1,-1
279,19,556.544,413.743,64.978,204.239,0.660379,-1,-1,-1
279,18,295.204,726.151,87.098,143.303,0.649045,-1,-1,-1
280,1,464.702,145.897,66.068,198.719,0.323447,-1,-1,-1
280,3,946.413,925.420,79.717,153.347,0.759936,-1,-1,-1
280,4,1721.007,460.108,74.532,209.492,0.572178,-1,-1,-1
280,5,1436.323,589.851,77.592,237.712,0.333685,-1,-1,-1
280,12,388.635,458.324,82.566,229.993,0.608647,-1,-1,-1
280,14,941.653,79.419,63.935,178.008,0.432800,-1,-1,-1
280,16,230.814,422.145,57.841,178.185,0.471804,-1,-1,-1
280,17,274.311,797.365,91.886,278.725,0.642225,-1,-1,-1
280,8,465.392,405.994,69.753,212.856,0.712034,-1,-1,-1
280,9,202.136,582.452,83.096,245.223,0.534436,-1,-1,-1
280,19,555.394,415.836,65.615,206.163,0.650038,-1,-1,-1
280,18,299.132,727.826,89.322,143.642,0.661457,-1,-1,-1
281,1,464.819,144.919,66.457,199.791,0.340733,-1,-1,-1
281,3,945.516,924.987,80.687,154.062,0.763197,-1,-1,-1
281,4,1720.844,460.571,74.400,209.084,0.569101,-1,-1,-1
281,5,1438.208,588.847,77.728,238.903,0.465023,-1,-1,-1
281,12,389.415,457.613,82.110,229.992,0.638544,-1,-1,-1
281,14,941.074,78.395,63.697,178.262,0.434004,-1,-1,-1
281,16,230.205,420.198,59.764,183.948,0.402503,-1,-1,-1
281,17,277.165,799.401,90.990,278.210,0.653169,-1,-1,-1
281,8,464.544,406.621,69.430,212.886,0.651225,-1,-1,-1
281,9,203.914,582.212,82.935,248.680,0.573019,-1,-1,-1
281,19,554.348,418.381,65.657,206.531,0.639976,-1,-1,-1
281,18,302.589,730.740,90.356,142.361,0.648350,-1,-1,-1
282,1,465.123,144.143,66.820,200.653,0.317838,-1,-1,-1
282,3,944.892,925.021,81.192,153.797,0.761189,-1,-1,-1
282,4,1720.571,461.182,74.335,209.097,0.616770,-1,-1,-1
282,5,1439.186,587.281,77.904,240.060,0.494566,-1,-1,-1
282,12,389.352,456.372,81.268,229.076,0.657149,-1,-1,-1
282,14,940.518,78.195,63.397,177.897,0.461151,-1,-1,-1
282,16,229.529,417.666,61.280,188.699,0.455942,-1,-1,-1
282,17,279.670,801.318,90.062,277.191,0.725486,-1,-1,-1
282,8,464.365,407.322,68.530,211.433,0.661967,-1,-1,-1
282,9,208.545,585.252,80.014,244.996,0.607078,-1,-1,-1
282,19,553.312,420.170,65.146,205.031,0.660567,-1,-1,-1
282,18,306.046,734.187,93.166,144.622,0.651034,-1,-1,-1
283,1,465.594,144.709,66.730,199.945,0.309016,-1,-1,-1
283,3,944.613,924.882,81.776,153.772,0.773788,-1,-1,-1
283,4,1720.990,460.692,74.337,209.398,0.604073,-1,-1,-1
283,5,1440.279,585.569,78.246,241.665,0.468503,-1,-1,-1
283,12,388.645,453.155,81.564,230.895,0.652462,-1,-1,-1
283,14,940.539,79.403,61.439,173.071,0.483783,-1,-1,-1
283,16,230.266,415.932,60.375,185.201,0.408808,-1,-1,-1
283,17,281.703,801.283,89.702,277.526,0.705707,-1,-1,-1
283,8,464.493,408.503,68.308,212.066,0.654025,-1,-1,-1
283,9,212.544,585.427,78.549,245.024,0.596272,-1,-1,-1
283,19,552.453,421.943,64.973,205.662,0.649597,-1,-1,-1
283,18,310.811,737.253,92.012,140.286,0.567364,-1,-1,-1
284,1,464.732,144.004,66.857,200.111,0.343050,-1,-1,-1
284,3,943.347,924.227,82.863,154.572,0.767589,-1,-1,-1
284,4,1721.110,461.021,74.209,209.044,0.596855,-1,-1,-1
284,5,1441.077,583.307,78.832,244.063,0.453438,-1,-1,-1
284,12,389.398,450.697,81.258,232.023,0.648324,-1,-1,-1
284,14,940.781,79.548,60.901,172.089,0.461893,-1,-1,-1
284,16,230.763,413.739,58.660,179.199,0.373715,-1,-1,-1
284,17,282.950,802.259,89.340,277.123,0.716703,-1,-1,-1
284,8,464.107,410.097,68.951,214.865,0.621494,-1,-1,-1
284,9,216.013,582.186,79.083,251.976,0.565857,-1,-1,-1
284,19,551.742,424.162,65.590,208.541,0.662900,-1,-1,-1
284,18,314.217,739.630,92.011,138.514,0.564940,-1,-1,-1
285,1,463.880,143.904,66.698,200.101,0.323868,-1,-1,-1
285,3,942.207,923.606,83.669,154.950,0.772330,-1,-1,-1
285,4,1721.478,461.272,74.029,208.443,0.591362,-1,-1,-1
285,5,1444.426,581.252,79.301,245.708,0.564988,-1,-1,-1
285,12,389.848,449.156,80.593,232.110,0.645212,-1,-1,-1
285,14,940.984,79.842,61.313,173.461,0.466520,-1,-1,-1
285,16,229.874,413.493,60.361,183.715,0.383751,-1,-1,-1
285,17,284.447,803.313,88.991,276.272,0.699410,-1,-1,-1
285,8,463.838,411.012,69.396,217.328,0.605116,-1,-1,-1
285,9,220.261,580.973,78.223,254.133,0.549122,-1,-1,-1
285,19,550.206,425.181,65.739,210.645,0.651747,-1,-1,-1
285,18,315.023,741.864,92.985,138.155,0.557358,-1,-1,-1
286,1,463.183,144.857,65.761,198.157,0.300474,-1,-1,-1
286,3,941.924,923.185,84.166,155.492,0.762238,-1,-1,-1
286,4,1721.507,461.070,73.933,208.507,0.618360,-1,-1,-1
286,5,1447.003,580.933,79.714,247.380,0.479539,-1,-1,-1
286,12,390.181,446.960,79.684,231.345,0.634659,-1,-1,-1
286,14,940.944,79.558,61.558,174.413,0.463391,-1,-1,-1
286,16,228.905,412.284,63.980,195.935,0.332855,-1,-1,-1
286,17,286.480,805.183,88.589,273.793,0.723280,-1,-1,-1
286,8,462.998,412.096,70.426,222.014,0.605314,-1,-1,-1
286,9,224.659,579.538,77.363,256.161,0.547000,-1,-1,-1
286,19,548.541,426.355,65.755,211.478,0.624383,-1,-1,-1
286,18,314.967,743.819,93.795,137.789,0.554410,-1,-1,-1
287,1,462.434,144.524,65.649,198.148,0.331484,-1,-1,-1
287,3,941.413,923.171,84.438,155.696,0.780018,-1,-1,-1
287,4,1721.235,460.786,74.001,208.935,0.606761,-1,-1,-1
287,5,1450.181,580.708,79.739,247.407,0.546956,-1,-1,-1
287,12,391.424,445.002,77.553,225.999,0.604213,-1,-1,-1
287,14,940.586,79.031,62.070,176.146,0.450738,-1,-1,-1
287,16,228.084,412.316,67.159,207.650,0.309228,-1,-1,-1
287,17,289.108,808.956,87.761,268.943,0.751699,-1,-1,-1
287,8,462.561,413.248,70.545,224.058,0.596024,-1,-1,-1
287,9,228.028,580.663,75.894,255.268,0.544729,-1,-1,-1
287,19,546.197,427.038,65.728,211.326,0.631856,-1,-1,-1
287,18,315.130,743.763,95.303,139.067,0.558232,-1,-1,-1
288,1,463.589,144.911,65.491,197.267,0.323439,-1,-1,-1
288,3,941.273,922.830,84.487,155.915,0.760012,-1,-1,-1
288,4,1721.245,461.016,73.802,208.590,0.602627,-1,-1,-1
288,5,1453.061,583.399,78.481,242.237,0.527517,-1,-1,-1
288,12,392.384,442.593,76.100,222.795,0.623074,-1,-1,-1
288,14,938.892,76.435,61.772,176.191,0.502321,-1,-1,-1
288,16,229.693,411.559,65.574,203.318,0.324942,-1,-1,-1
288,17,290.711,812.427,87.984,267.350,0.766090,-1,-1,-1
288,8,460.792,410.613,71.094,227.487,0.578177,-1,-1,-1
288,9,230.432,580.467,75.176,255.616,0.579187,-1,-1,-1
288,19,544.306,427.654,65.729,210.779,0.614468,-1,-1,-1
288,18,313.731,744.386,95.308,138.843,0.578180,-1,-1,-1
289,1,463.355,144.591,65.549,197.878,0.310583,-1,-1,-1
289,3,940.720,922.279,84.321,156.297,0.749243,-1,-1,-1
289,4,1720.844,460.303,74.332,210.164,0.591516,-1,-1,-1
289,5,1455.267,583.126,78.469,240.483,0.491946,-1,-1,-1
289,12,392.984,440.386,75.336,221.370,0.623595,-1,-1,-1
289,14,937.839,74.952,61.188,175.568,0.515896,-1,-1,-1
289,16,232.435,410.247,61.748,191.012,0.410520,-1,-1,-1
289,17,293.260,813.680,88.550,266.789,0.754320,-1,-1,-1
289,8,460.184,412.412,70.647,227.870,0.639645,-1,-1,-1
289,9,233.254,581.139,74.260,254.204,0.550862,-1,-1,-1
289,19,542.694,428.404,65.863,210.371,0.619288,-1,-1,-1
289,18,312.200,744.674,97.465,142.075,0.594329,-1,-1,-1
290,1,463.094,142.510,65.107,197.991,0.270249,-1,-1,-1
290,3,940.282,921.467,83.921,156.653,0.753549,-1,-1,-1
290,4,1721.091,460.417,74.129,209.602,0.599211,-1,-1,-1
290,5,1458.061,588.654,76.899,231.946,0.402340,-1,-1,-1
290,12,391.117,438.411,76.149,223.644,0.600874,-1,-1,-1
290,14,937.102,73.526,60.698,175.593,0.521008,-1,-1,-1
290,16,234.480,409.639,59.794,184.824,0.455126,-1,-1,-1
290,17,295.612,816.673,88.760,264.663,0.719909,-1,-1,-1
290,8,459.008,412.838,70.967,230.488,0.679589,-1,-1,-1
290,9,234.994,582.405,73.414,253.339,0.576132,-1,-1,-1
290,19,541.413,428.616,65.997,210.032,0.629951,-1,-1,-1
290,18,311.359,745.508,98.043,144.067,0.631229,-1,-1,-1
291,1,459.956,141.268,64.209,196.599,0.297002,-1,-1,-1
291,3,940.131,920.918,83.426,156.921,0.753494,-1,-1,-1
291,4,1721.916,460.752,73.871,209.058,0.584907,-1,-1,-1
291,5,1460.276,593.721,75.531,223.671,0.374049,-1,-1,-1
291,12,388.678,436.450,77.355,226.061,0.596875,-1,-1,-1
291,14,936.619,72.092,60.870,177.679,0.507312,-1,-1,-1
291,16,234.954,409.083,59.324,182.731,0.434137,-1,-1,-1
291,17,297.765,820.736,88.309,260.863,0.703963,-1,-1,-1
291,8,458.979,413.704,70.709,231.075,0.656946,-1,-1,-1
291,9,237.208,582.114,73.059,254.011,0.558269,-1,-1,-1
291,19,539.349,429.193,66.162,209.567,0.635421,-1,-1,-1
291,18,311.306,747.208,97.325,144.090,0.618085,-1,-1,-1
292,1,458.208,140.658,63.622,195.514,0.308207,-1,-1,-1
292,3,939.812,920.715,82.898,157.367,0.739567,-1,-1,-1
292,4,1721.536,461.386,73.821,208.643,0.578232,-1,-1,-1
292,5,1465.323,599.005,75.540,222.659,0.420675,-1,-1,-1
292,12,386.988,435.822,78.092,227.262,0.570521,-1,-1,-1
292,14,937.003,70.921,59.976,175.982,0.526201,-1,-1,-1
292,16,234.337,408.394,59.653,183.497,0.453942,-1,-1,-1
292,17,301.907,826.974,87.307,253.601,0.638830,-1,-1,-1
292,8,459.259,415.095,70.204,230.693,0.596830,-1,-1,-1
292,9,241.188,582.306,72.926,253.332,0.546523,-1,-1,-1
292,19,539.309,430.689,65.962,208.027,0.652473,-1,-1,-1
292,18,312.990,749.900,95.248,142.264,0.528415,-1,-1,-1
293,1,457.137,139.608,63.147,194.419,0.287622,-1,-1,-1
293,3,938.622,919.794,82.426,158.763,0.735689,-1,-1,-1
293,4,1721.705,461.721,73.584,208.033,0.561201,-1,-1,-1
293,5,1467.697,599.536,77.026,224.794,0.439075,-1,-1,-1
293,12,385.117,434.209,78.915,228.355,0.539858,-1,-1,-1
293,14,937.618,69.728,58.841,173.369,0.457407,-1,-1,-1
293,16,233.827,407.154,59.814,183.650,0.532004,-1,-1,-1
293,17,301.884,832.184,85.959,247.333,0.665520,-1,-1,-1
293,8,459.856,416.088,69.403,228.430,0.578909,-1,-1,-1
293,9,246.125,582.885,73.935,253.635,0.552209,-1,-1,-1
293,19,538.063,433.044,65.924,206.817,0.678822,-1,-1,-1
293,18,314.366,752.587,92.139,138.313,0.406433,-1,-1,-1
294,1,457.683,138.720,62.498,192.673,0.333902,-1,-1,-1
294,3,937.237,919.029,81.548,159.955,0.753317,-1,-1,-1
294,4,1721.376,460.919,74.101,209.445,0.584500,-1,-1,-1
294,5,1465.642,596.717,79.780,228.566,0.525284,-1,-1,-1
294,12,383.025,433.643,79.841,229.648,0.555649,-1,-1,-1
294,14,937.853,68.452,57.845,171.492,0.432709,-1,-1,-1
294,16,234.107,405.818,59.264,181.301,0.510397,-1,-1,-1
294,17,302.956,837.054,85.019,242.527,0.719063,-1,-1,-1
294,8,459.884,416.651,69.111,227.350,0.621742,-1,-1,-1
294,9,249.486,583.559,75.233,253.490,0.608505,-1,-1,-1
294,19,537.329,435.157,66.684,208.508,0.673681,-1,-1,-1
294,18,319.253,755.967,89.602,136.634,0.497427,-1,-1,-1
295,1,458.197,138.642,61.956,191.518,0.308128,-1,-1,-1
295,3,935.802,917.884,80.833,161.599,0.739570,-1,-1,-1
295,4,1721.134,461.187,74.120,209.333,0.588604,-1,-1,-1
295,5,1465.692,596.922,81.000,228.201,0.485258,-1,-1,-1
295,12,380.955,433.784,80.842,230.487,0.536508,-1,-1,-1
295,14,937.132,67.891,57.801,172.467,0.404902,-1,-1,-1
295,16,233.232,403.157,59.878,183.057,0.439253,-1,-1,-1
295,17,304.463,840.809,84.528,239.547,0.700315,-1,-1,-1
295,8,460.161,417.190,68.569,225.525,0.600916,-1,-1,-1
295,9,251.773,583.925,76.664,252.654,0.648430,-1,-1,-1
295,19,535.890,437.089,67.256,209.895,0.669858,-1,-1,-1
295,18,322.359,760.009,88.918,137.807,0.506581,-1,-1,-1
296,1,458.261,136.508,62.240,193.984,0.285475,-1,-1,-1
296,3,934.711,916.935,79.566,162.504,0.756136,-1,-1,-1
296,4,1721.118,461.085,74.045,209.221,0.595455,-1,-1,-1
296,5,1467.647,599.102,82.037,226.952,0.493412,-1,-1,-1
296,12,379.535,432.249,81.799,232.132,0.534201,-1,-1,-1
296,14,936.935,66.950,57.359,172.189,0.451500,-1,-1,-1
296,16,233.802,401.720,59.798,181.917,0.507655,-1,-1,-1
296,17,306.364,843.898,84.198,236.530,0.725457,-1,-1,-1
296,8,460.271,419.453,68.382,223.793,0.624763,-1,-1,-1
296,9,252.151,584.396,77.850,251.893,0.671017,-1,-1,-1
296,19,536.085,439.515,66.458,206.956,0.674037,-1,-1,-1
296,18,324.752,762.693,88.389,138.714,0.492122,-1,-1,-1
297,1,458.416,135.644,62.210,194.566,0.279371,-1,-1,-1
297,3,934.290,916.127,78.514,163.857,0.755950,-1,-1,-1
297,4,1720.751,461.334,73.944,208.977,0.575631,-1,-1,-1
297,5,1469.663,598.149,84.400,228.893,0.543985,-1,-1,-1
297,12,378.839,430.954,82.387,233.188,0.501238,-1,-1,-1
297,14,936.348,65.854,57.439,173.448,0.415477,-1,-1,-1
297,16,234.526,400.844,60.126,182.673,0.571386,-1,-1,-1
297,17,307.716,844.863,84.668,235.937,0.740892,-1,-1,-1
297,8,459.310,420.518,68.053,222.313,0.630119,-1,-1,-1
297,9,252.811,585.819,78.806,250.806,0.661840,-1,-1,-1
297,19,535.452,441.809,66.026,205.883,0.666506,-1,-1,-1
297,18,327.270,765.970,87.773,139.498,0.516766,-1,-1,-1
298,1,458.072,134.894,62.392,195.940,0.290668,-1,-1,-1
298,3,934.305,915.587,77.512,164.959,0.768720,-1,-1,-1
298,4,1721.556,461.796,73.664,208.302,0.599609,-1,-1,-1
298,5,1471.921,599.560,86.330,229.238,0.554041,-1,-1,-1
298,12,378.611,430.418,81.836,230.613,0.524349,-1,-1,-1
298,14,936.689,65.124,56.966,172.355,0.424186,-1,-1,-1
298,16,235.305,399.560,60.627,184.138,0.557181,-1,-1,-1
298,17,309.449,846.340,85.077,234.794,0.752325,-1,-1,-1
298,8,458.511,421.069,67.962,221.702,0.630305,-1,-1,-1
298,9,252.982,585.922,79.697,250.060,0.628008,-1,-1,-1
298,19,535.602,443.807,65.088,202.872,0.647893,-1,-1,-1
298,18,329.572,768.478,88.808,142.926,0.577039,-1,-1,-1
299,1,459.026,134.468,62.215,196.172,0.294220,-1,-1,-1
299,3,933.918,914.761,76.245,165.496,0.774825,-1,-1,-1
299,4,1721.553,462.375,73.459,207.707,0.595175,-1,-1,-1
299,5,1471.413,595.388,89.728,234.520,0.589461,-1,-1,-1
299,12,379.066,429.307,81.346,228.829,0.559213,-1,-1,-1
299,14,937.103,64.675,56.629,171.321,0.430463,-1,-1,-1
299,16,235.269,398.551,60.686,183.967,0.595058,-1,-1,-1
299,17,310.593,847.557,85.494,233.676,0.764051,-1,-1,-1
299,8,457.782,422.076,68.380,223.180,0.646427,-1,-1,-1
299,9,253.980,585.076,80.543,250.368,0.682929,-1,-1,-1
299,19,535.508,445.395,65.041,203.175,0.651562,-1,-1,-1
299,18,333.967,771.467,88.473,144.249,0.627717,-1,-1,-1
300,1,459.212,133.998,62.784,198.136,0.297081,-1,-1,-1
300,3,934.054,914.846,74.657,165.281,0.769578,-1,-1,-1
300,4,1721.981,461.902,73.477,208.219,0.580687,-1,-1,-1
300,5,1471.603,592.283,92.352,238.286,0.596309,-1,-1,-1
300,12,380.558,427.131,80.117,225.229,0.543908,-1,-1,-1
300,14,936.508,64.045,56.986,172.534,0.455114,-1,-1,-1
300,16,235.052,398.326,60.634,183.936,0.575032,-1,-1,-1
300,17,312.193,848.360,86.083,232.888,0.749785,-1,-1,-1
300,8,457.265,424.162,68.550,223.823,0.661716,-1,-1,-1
300,9,255.249,584.675,81.209,249.702,0.689536,-1,-1,-1
300,19,535.149,446.766,65.207,204.057,0.655742,-1,-1,-1
300,18,338.269,773.697,88.213,146.041,0.638347,-1,-1,-1
301,1,458.833,133.633,62.703,198.260,0.280882,-1,-1,-1
301,3,934.699,914.965,73.045,165.317,0.769311,-1,-1,-1
301,4,1721.896,461.930,73.309,207.936,0.591907,-1,-1,-1
301,5,1471.781,589.359,94.930,242.681,0.600536,-1,-1,-1
301,12,381.892,424.136,79.577,224.562,0.551213,-1,-1,-1
301,14,935.837,63.806,57.343,173.671,0.482055,-1,-1,-1
301,16,235.000,397.771,60.608,184.292,0.564461,-1,-1,-1
301,17,313.042,849.067,86.723,232.168,0.748924,-1,-1,-1
301,8,457.280,427.564,68.070,222.214,0.671463,-1,-1,-1
301,9,256.416,583.062,82.186,250.409,0.665998,-1,-1,-1
301,19,534.972,447.439,65.566,205.867,0.667086,-1,-1,-1
301,18,342.831,775.731,86.284,144.268,0.597385,-1,-1,-1
302,1,459.641,131.831,62.064,195.548,0.253886,-1,-1,-1
302,3,934.758,913.655,72.166,167.135,0.751844,-1,-1,-1
302,4,1721.953,461.220,73.583,209.156,0.572205,-1,-1,-1
302,5,1473.230,590.279,95.296,241.937,0.566265,-1,-1,-1
302,12,384.305,422.975,77.530,220.175,0.531818,-1,-1,-1
302,14,935.235,63.149,57.420,174.000,0.479301,-1,-1,-1
302,16,234.291,397.327,60.760,185.115,0.549669,-1,-1,-1
302,17,314.998,849.220,87.701,231.991,0.738126,-1,-1,-1
302,8,457.091,429.844,67.942,221.855,0.619681,-1,-1,-1
302,9,258.047,581.921,83.177,251.654,0.676593,-1,-1,-1
302,19,535.022,448.131,65.170,205.062,0.640119,-1,-1,-1
302,18,346.112,777.038,87.350,147.096,0.633220,-1,-1,-1
303,1,461.033,131.686,62.044,194.495,0.219938,-1,-1,-1
303,3,934.567,913.714,70.746,167.263,0.724109,-1,-1,-1
303,4,1721.851,461.111,73.543,209.356,0.583017,-1,-1,-1
303,5,1474.959,587.545,96.794,244.848,0.484337,-1,-1,-1
303,12,385.559,417.944,76.287,218.430,0.597413,-1,-1,-1
303,14,935.214,63.403,56.507,170.840,0.493003,-1,-1,-1
303,16,233.996,396.332,61.034,186.643,0.551728,-1,-1,-1
303,17,316.950,849.683,88.477,231.505,0.738113,-1,-1,-1
303,8,456.517,431.500,67.627,221.445,0.629486,-1,-1,-1
303,9,260.890,580.753,84.069,253.132,0.638550,-1,-1,-1
303,19,534.821,448.671,65.805,207.590,0.654054,-1,-1,-1
303,18,349.884,778.003,88.586,149.540,0.687324,-1,-1,-1
304,1,464.951,132.853,61.620,192.701,0.224947,-1,-1,-1
304,3,934.441,912.991,69.893,168.053,0.740166,-1,-1,-1
304,4,1721.947,461.012,73.671,210.077,0.590541,-1,-1,-1
304,5,1476.116,583.799,98.560,249.157,0.502531,-1,-1,-1
304,12,386.106,413.854,76.198,220.372,0.572456,-1,-1,-1
304,14,935.168,63.194,56.996,173.057,0.533876,-1,-1,-1
304,16,234.466,395.002,61.231,188.062,0.543256,-1,-1,-1
304,17,318.378,850.873,89.016,230.293,0.747417,-1,-1,-1
304,8,455.696,433.325,67.055,220.141,0.632432,-1,-1,-1
304,9,265.382,580.856,83.729,251.845,0.615954,-1,-1,-1
304,19,534.836,449.364,65.647,207.224,0.642473,-1,-1,-1
304,18,353.970,779.018,89.859,152.052,0.616717,-1,-1,-1
305,1,463.821,132.203,61.779,193.007,0.221555,-1,-1,-1
305,3,933.670,911.329,69.642,169.734,0.740600,-1,-1,-1
305,4,1721.588,461.277,73.422,209.586,0.576221,-1,-1,-1
305,5,1477.819,586.859,97.966,247.221,0.453352,-1,-1,-1
305,12,386.856,410.457,76.082,222.285,0.561965,-1,-1,-1
305,14,935.025,62.930,56.895,173.251,0.492701,-1,-1,-1
305,16,233.438,392.394,61.917,191.239,0.535712,-1,-1,-1
305,17,320.772,852.569,89.201,228.577,0.761282,-1,-1,-1
305,8,454.895,435.763,66.670,219.313,0.662715,-1,-1,-1
305,9,271.834,581.836,82.465,249.536,0.599050,-1,-1,-1
305,19,534.706,449.887,65.819,207.969,0.638508,-1,-1,-1
305,18,356.207,780.131,92.565,156.579,0.613764,-1,-1,-1
306,1,463.762,132.406,61.736,192.024,0.255893,-1,-1,-1
306,3,933.507,910.343,69.504,170.694,0.718226,-1,-1,-1
306,4,1721.698,461.574,73.219,209.134,0.568682,-1,-1,-1
306,5,1480.920,588.853,97.648,246.236,0.516458,-1,-1,-1
306,12,387.206,408.720,75.404,222.432,0.531314,-1,-1,-1
306,14,935.279,60.992,57.411,174.828,0.471603,-1,-1,-1
306,16,232.607,390.596,62.422,193.472,0.564877,-1,-1,-1
306,17,322.937,858.077,87.581,223.051,0.768974,-1,-1,-1
306,8,453.630,437.385,66.417,219.150,0.682104,-1,-1,-1
306,9,280.256,582.587,80.900,248.040,0.543586,-1,-1,-1
306,19,534.473,450.416,65.044,205.134,0.621812,-1,-1,-1
306,18,359.830,781.549,91.664,154.144,0.655279,-1,-1,-1
307,1,462.417,131.617,61.943,191.525,0.241925,-1,-1,-1
307,3,933.212,909.245,69.574,171.703,0.711907,-1,-1,-1
307,4,1721.673,460.910,73.407,209.810,0.559478,-1,-1,-1
307,5,1483.070,589.618,97.356,245.798,0.546989,-1,-1,-1
307,12,388.574,408.156,74.638,222.290,0.557022,-1,-1,-1
307,14,935.388,60.430,57.201,174.299,0.495827,-1,-1,-1
307,16,232.417,388.836,62.164,193.456,0.526572,-1,-1,-1
307,17,324.773,862.131,86.847,218.979,0.775524,-1,-1,-1
307,8,452.190,439.504,65.981,217.825,0.675651,-1,-1,-1
307,9,289.954,582.043,79.255,246.028,0.569483,-1,-1,-1
307,19,533.637,450.798,65.127,205.279,0.641537,-1,-1,-1
307,18,362.830,782.958,92.996,155.125,0.647317,-1,-1,-1
308,1,462.424,131.357,61.912,192.099,0.279316,-1,-1,-1
308,3,932.545,908.888,69.713,172.126,0.720881,-1,-1,-1
308,4,1721.710,460.326,73.463,210.265,0.580770,-1,-1,-1
308,5,1484.949,592.900,96.182,242.913,0.630158,-1,-1,-1
308,12,389.238,407.127,74.570,223.570,0.570492,-1,-1,-1
308,14,936.078,57.849,56.073,170.845,0.506448,-1,-1,-1
308,16,231.679,387.067,61.743,191.793,0.557492,-1,-1,-1
308,17,327.497,867.255,85.864,213.841,0.775335,-1,-1,-1
308,8,450.779,441.519,65.331,215.965,0.678960,-1,-1,-1
308,9,299.201,581.501,77.989,244.559,0.643907,-1,-1,-1
308,19,532.481,452.366,65.167,204.464,0.657050,-1,-1,-1
308,18,365.968,785.547,94.512,155.985,0.693409,-1,-1,-1
309,1,463.483,131.441,61.229,191.136,0.267801,-1,-1,-1
309,3,931.695,908.271,70.084,172.717,0.736806,-1,-1,-1
309,4,1721.372,459.674,73.679,211.214,0.573519,-1,-1,-1
309,5,1486.522,591.182,96.685,244.603,0.592869,-1,-1,-1
309,12,389.913,407.344,73.936,222.467,0.520872,-1,-1,-1
309,14,935.792,54.807,55.747,170.288,0.484238,-1,-1,-1
309,16,231.726,384.948,61.291,190.035,0.528310,-1,-1,-1
309,17,329.672,872.085,84.865,208.998,0.780199,-1,-1,-1
309,8,448.897,442.942,65.299,216.138,0.659569,-1,-1,-1
309,9,306.773,580.923,78.504,246.886,0.648533,-1,-1,-1
309,19,530.984,455.255,66.052,206.709,0.670471,-1,-1,-1
309,18,370.696,790.138,94.378,153.564,0.675997,-1,-1,-1
309,20,1002.789,82.627,62.202,175.392,0.623381,-1,-1,-1
310,1,463.845,130.274,60.565,190.420,0.310006,-1,-1,-1
310,3,930.993,908.493,70.420,172.529,0.748258,-1,-1,-1
310,4,1721.336,459.412,73.463,210.882,0.575006,-1,-1,-1
310,5,1488.165,589.715,96.848,245.187,0.555629,-1,-1,-1
310,12,390.241,406.697,74.218,225.233,0.501673,-1,-1,-1
310,14,935.403,52.218,55.912,170.884,0.542189,-1,-1,-1
310,16,231.769,382.132,60.303,187.307,0.556729,-1,-1,-1
310,17,332.335,874.659,84.718,206.413,0.756582,-1,-1,-1
310,8,447.283,440.979,66.255,220.600,0.651904,-1,-1,-1
310,9,312.511,580.560,79.090,248.719,0.694155,-1,-1,-1
310,19,529.623,456.970,66.954,209.356,0.698441,-1,-1,-1
310,18,373.647,794.587,94.284,151.141,0.677240,-1,-1,-1
310,20,1002.087,81.373,62.478,176.196,0.647798,-1,-1,-1
311,1,464.814,129.912,60.040,189.579,0.296498,-1,-1,-1
311,3,930.384,908.073,70.994,172.959,0.762480,-1,-1,-1
311,4,1721.424,459.272,73.366,210.765,0.578344,-1,-1,-1
311,5,1491.223,590.144,97.189,244.520,0.583160,-1,-1,-1
311,12,390.874,407.685,73.495,224.036,0.472236,-1,-1,-1
311,14,934.842,50.550,56.012,171.252,0.508711,-1,-1,-1
311,16,231.843,380.127,59.848,186.689,0.529927,-1,-1,-1
311,17,335.726,877.391,84.708,203.672,0.733916,-1,-1,-1
311,8,445.797,441.229,66.358,221.696,0.684206,-1,-1,-1
311,9,317.820,580.675,79.205,247.812,0.741700,-1,-1,-1
311,19,528.442,458.436,67.615,211.729,0.675870,-1,-1,-1
311,18,376.303,799.014,93.977,148.051,0.662152,-1,-1,-1
311,20,1001.638,80.925,62.235,175.478,0.626588,-1,-1,-1
312,1,464.467,128.886,59.862,188.748,0.305866,-1,-1,-1
312,3,930.024,907.118,71.699,173.915,0.751696,-1,-1,-1
312,4,1721.936,459.647,73.038,209.977,0.581714,-1,-1,-1
312,5,1493.378,592.937,96.376,240.796,0.626365,-1,-1,-1
312,12,391.625,408.195,72.471,221.950,0.431982,-1,-1,-1
312,14,934.785,49.656,56.254,171.926,0.514314,-1,-1,-1
312,16,231.467,377.472,59.978,187.708,0.537237,-1,-1,-1
312,17,339.522,880.190,84.829,200.864,0.744172,-1,-1,-1
312,8,444.527,442.880,66.168,221.621,0.666831,-1,-1,-1
312,9,323.085,581.974,79.473,244.995,0.753668,-1,-1,-1
312,19,527.502,461.329,68.412,214.840,0.673868,-1,-1,-1
312,18,376.064,802.291,95.442,148.200,0.651273,-1,-1,-1
312,20,1001.848,80.989,62.004,174.669,0.607290,-1,-1,-1
313,1,464.604,125.783,60.302,190.190,0.326158,-1,-1,-1
313,3,929.763,906.484,72.306,174.547,0.754922,-1,-1,-1
313,4,1722.459,458.973,73.027,210.325,0.576747,-1,-1,-1
313,5,1496.314,597.558,95.520,236.249,0.617537,-1,-1,-1
313,12,392.020,407.062,72.539,223.653,0.408496,-1,-1,-1
313,14,934.435,48.855,56.383,172.549,0.520497,-1,-1,-1
313,16,231.161,375.689,60.130,188.851,0.522732,-1,-1,-1
313,17,344.070,883.569,84.958,197.478,0.735902,-1,-1,-1
313,8,442.739,447.109,66.135,221.874,0.685848,-1,-1,-1
313,9,326.536,584.346,80.276,241.911,0.764212,-1,-1,-1
313,19,527.353,464.040,68.245,214.962,0.659234,-1,-1,-1
313,18,376.528,805.790,96.184,147.248,0.692933,-1,-1,-1
313,20,1001.912,81.390,61.562,173.320,0.599288,-1,-1,-1
314,1,463.098,126.362,60.079,187.738,0.301881,-1,-1,-1
314,3,929.995,906.151,72.854,174.877,0.755373,-1,-1,-1
314,4,1722.770,458.864,73.031,210.964,0.573892,-1,-1,-1
314,5,1498.672,600.033,95.359,234.207,0.548422,-1,-1,-1
314,12,391.670,405.402,72.012,224.047,0.383968,-1,-1,-1
314,14,933.827,48.104,56.586,172.879,0.523503,-1,-1,-1
314,16,230.887,374.825,60.149,189.292,0.552755,-1,-1,-1
314,17,347.603,887.392,84.571,193.648,0.724531,-1,-1,-1
314,8,441.395,448.430,66.110,221.881,0.699739,-1,-1,-1
314,9,327.994,585.569,81.756,240.548,0.764199,-1,-1,-1
314,19,526.921,465.719,68.198,215.596,0.657531,-1,-1,-1
314,18,377.283,809.145,97.843,147.779,0.697036,-1,-1,-1
314,20,1000.688,81.096,61.319,172.983,0.551160,-1,-1,-1
315,1,464.618,124.110,60.347,188.171,0.267981,-1,-1,-1
315,3,929.257,905.866,73.407,175.159,0.759189,-1,-1,-1
315,4,1722.640,458.699,73.011,211.405,0.554673,-1,-1,-1
315,5,1500.315,602.579,94.604,231.864,0.557887,-1,-1,-1
315,12,390.934,404.467,70.868,222.931,0.265522,-1,-1,-1
315,14,933.269,47.514,56.775,173.293,0.531128,-1,-1,-1
315,16,231.056,374.437,60.286,189.405,0.563663,-1,-1,-1
315,17,350.276,890.307,84.601,190.728,0.727276,-1,-1,-1
315,8,439.802,449.184,66.275,221.848,0.730400,-1,-1,-1
315,9,330.038,586.262,84.189,240.250,0.769333,-1,-1,-1
315,19,526.161,467.466,67.785,216.064,0.669277,-1,-1,-1
315,18,377.688,810.144,99.213,148.264,0.641401,-1,-1,-1
315,20,999.355,80.700,61.340,173.622,0.535693,-1,-1,-1
316,1,463.084,123.137,61.140,188.993,0.271504,-1,-1,-1
316,3,929.050,906.076,73.695,174.946,0.754158,-1,-1,-1
316,4,1722.459,459.145,73.063,211.754,0.532939,-1,-1,-1
316,5,1502.374,603.204,94.570,232.411,0.616074,-1,-1,-1
316,12,392.265,400.203,70.005,223.748,0.278538,-1,-1,-1
316,14,933.381,47.116,56.687,172.329,0.531732,-1,-1,-1
316,16,231.661,373.700,60.390,189.154,0.583793,-1,-1,-1
316,17,352.032,893.269,84.415,187.762,0.715393,-1,-1,-1
316,8,438.198,450.361,66.640,222.388,0.715047,-1,-1,-1
316,9,331.957,586.410,86.697,239.638,0.769698,-1,-1,-1
316,19,524.942,470.038,67.930,218.586,0.647495,-1,-1,-1
316,18,377.227,810.965,101.823,151.503,0.663771,-1,-1,-1
316,20,998.731,81.237,61.171,173.838,0.594162,-1,-1,-1
317,1,461.763,122.154,61.945,189.975,0.300336,-1,-1,-1
317,3,929.247,906.554,73.928,174.466,0.752378,-1,-1,-1
317,4,1722.446,459.127,73.058,211.933,0.564121,-1,-1,-1
317,5,1505.856,610.168,91.503,226.225,0.558802,-1,-1,-1
317,12,393.766,396.115,68.750,222.047,0.327218,-1,-1,-1
317,14,933.041,46.589,57.024,172.712,0.514752,-1,-1,-1
317,16,231.800,373.060,60.264,188.257,0.571674,-1,-1,-1
317,17,352.187,891.073,86.112,189.953,0.723288,-1,-1,-1
317,8,436.491,450.942,66.224,219.946,0.711998,-1,-1,-1
317,9,332.429,585.959,89.890,241.068,0.769850,-1,-1,-1
317,19,523.081,472.791,67.723,219.250,0.692737,-1,-1,-1
317,18,377.650,813.936,101.765,151.184,0.563459,-1,-1,-1
317,20,997.212,80.689,60.943,173.717,0.570688,-1,-1,-1
318,1,462.573,119.578,62.709,191.931,0.295583,-1,-1,-1
318,3,929.028,906.494,74.335,174.523,0.745621,-1,-1,-1
318,4,1722.618,459.391,72.817,211.335,0.570980,-1,-1,-1
318,5,1508.179,604.908,93.329,233.291,0.566733,-1,-1,-1
318,12,395.843,394.169,66.464,215.695,0.257990,-1,-1,-1
318,14,933.091,46.040,57.544,173.532,0.512856,-1,-1,-1
318,16,232.001,372.519,59.828,186.844,0.560122,-1,-1,-1
318,17,354.663,891.265,86.898,189.758,0.707072,-1,-1,-1
318,8,435.745,452.387,66.223,219.133,0.724060,-1,-1,-1
318,9,332.061,586.218,91.823,240.724,0.756150,-1,-1,-1
318,19,521.670,473.147,67.277,218.580,0.665616,-1,-1,-1
318,18,377.143,814.180,102.891,153.521,0.627247,-1,-1,-1
318,20,995.503,79.579,61.100,174.278,0.595826,-1,-1,-1
319,1,463.261,118.509,62.809,192.110,0.246938,-1,-1,-1
319,3,929.438,906.605,74.477,174.410,0.731869,-1,-1,-1
319,4,1723.053,459.906,72.432,210.820,0.578927,-1,-1,-1
319,5,1510.718,603.638,93.250,236.318,0.514368,-1,-1,-1
319,14,932.408,44.744,57.673,173.265,0.496526,-1,-1,-1
319,16,232.084,371.677,60.177,188.334,0.589837,-1,-1,-1
319,17,356.597,892.406,87.320,188.614,0.700798,-1,-1,-1
319,8,435.189,455.490,66.388,218.787,0.725257,-1,-1,-1
319,9,331.653,585.341,94.063,241.510,0.752879,-1,-1,-1
319,19,519.456,471.436,67.508,218.299,0.675292,-1,-1,-1
319,18,376.990,814.293,103.469,155.513,0.672291,-1,-1,-1
319,20,994.392,78.451,61.157,174.672,0.577994,-1,-1,-1
320,1,462.112,121.680,61.995,188.029,0.231110,-1,-1,-1
320,3,930.774,906.956,74.317,174.055,0.735582,-1,-1,-1
320,4,1723.182,459.658,72.271,210.583,0.601906,-1,-1,-1
320,5,1513.453,604.406,91.263,234.029,0.364024,-1,-1,-1
320,14,931.434,43.047,58.533,175.252,0.503631,-1,-1,-1
320,16,232.653,371.292,60.079,188.544,0.584324,-1,-1,-1
320,17,359.517,895.905,87.043,185.113,0.705118,-1,-1,-1
320,8,435.227,460.399,66.074,216.620,0.718727,-1,-1,-1
320,9,333.416,584.771,95.546,240.794,0.720355,-1,-1,-1
320,19,516.996,471.815,67.936,218.816,0.694691,-1,-1,-1
320,18,378.021,815.160,101.061,152.950,0.642653,-1,-1,-1
320,20,993.339,78.839,60.915,174.165,0.575410,-1,-1,-1
321,1,459.786,120.805,62.975,189.409,0.257423,-1,-1,-1
321,3,931.173,907.883,73.910,172.938,0.730273,-1,-1,-1
321,4,1722.910,459.725,72.276,210.772,0.572250,-1,-1,-1
321,5,1519.791,605.916,90.244,234.019,0.258932,-1,-1,-1
321,14,931.665,40.768,60.040,178.492,0.481732,-1,-1,-1
321,16,233.324,370.954,59.683,188.230,0.560647,-1,-1,-1
321,17,363.129,899.063,87.174,181.952,0.717508,-1,-1,-1
321,8,432.214,460.373,68.501,224.045,0.641663,-1,-1,-1
321,9,333.246,583.754,96.729,241.338,0.680292,-1,-1,-1
321,19,514.816,472.085,68.519,220.173,0.668566,-1,-1,-1
321,18,380.165,817.280,98.272,150.309,0.600461,-1,-1,-1
321,20,992.776,78.446,61.274,174.879,0.597731,-1,-1,-1
322,1,458.472,120.082,63.432,189.656,0.251830,-1,-1,-1
322,3,932.245,907.953,73.658,172.986,0.723733,-1,-1,-1
322,4,1722.718,460.240,71.950,209.684,0.599903,-1,-1,-1
322,5,1524.783,606.359,89.718,234.740,0.229719,-1,-1,-1
322,14,931.079,38.263,61.705,182.013,0.480400,-1,-1,-1
322,16,234.004,369.286,59.570,189.117,0.561981,-1,-1,-1
322,17,365.107,903.825,86.316,177.189,0.708195,-1,-1,-1
322,8,430.950,461.302,69.127,224.974,0.677805,-1,-1,-1
322,9,333.235,581.726,97.530,243.611,0.709499,-1,-1,-1
322,19,513.418,471.913,68.495,219.379,0.713984,-1,-1,-1
322,18,383.042,818.500,96.508,149.904,0.559642,-1,-1,-1
322,20,991.413,77.396,61.179,174.760,0.615032,-1,-1,-1
323,1,457.138,118.617,64.631,192.353,0.293739,-1,-1,-1
323,3,933.413,907.638,73.069,173.193,0.696107,-1,-1,-1
323,4,1722.818,459.938,72.118,210.106,0.601873,-1,-1,-1
323,5,1526.124,607.273,87.294,233.789,0.254203,-1,-1,-1
323,14,931.160,36.706,61.610,179.985,0.468938,-1,-1,-1
323,16,233.782,365.888,60.067,191.515,0.571938,-1,-1,-1
323,17,366.542,907.003,85.747,173.735,0.778705,-1,-1,-1
323,8,430.418,463.305,69.549,225.517,0.687105,-1,-1,-1
323,9,336.961,580.576,96.756,244.182,0.623685,-1,-1,-1
323,19,513.042,472.013,68.809,219.722,0.725219,-1,-1,-1
323,18,385.329,821.267,94.635,149.528,0.561317,-1,-1,-1
323,20,991.202,76.373,60.813,173.466,0.617446,-1,-1,-1
324,1,456.292,118.783,64.674,191.303,0.309726,-1,-1,-1
324,3,933.569,906.751,72.584,174.191,0.703240,-1,-1,-1
324,4,1722.711,460.008,72.002,209.777,0.602724,-1,-1,-1
324,5,1527.060,605.085,86.111,235.438,0.236807,-1,-1,-1
324,14,931.198,34.748,62.249,179.457,0.403298,-1,-1,-1
324,16,233.674,363.336,60.002,191.890,0.517062,-1,-1,-1
324,17,368.017,910.725,84.904,169.502,0.784036,-1,-1,-1
324,8,429.232,464.468,70.453,226.841,0.702858,-1,-1,-1
324,9,342.305,581.350,94.794,242.825,0.627112,-1,-1,-1
324,19,512.002,472.394,69.129,219.614,0.751313,-1,-1,-1
324,18,389.225,825.011,92.216,148.256,0.587480,-1,-1,-1
324,20,990.496,74.745,60.825,173.284,0.573789,-1,-1,-1
325,1,456.627,119.430,64.345,189.005,0.309242,-1,-1,-1
325,3,934.794,908.291,71.182,172.363,0.703171,-1,-1,-1
325,4,1722.939,460.258,71.727,208.708,0.610802,-1,-1,-1
325,14,930.397,35.668,60.813,173.106,0.401256,-1,-1,-1
325,16,233.891,361.268,59.317,189.739,0.447768,-1,-1,-1
325,17,371.529,915.393,83.883,164.705,0.771627,-1,-1,-1
325,8,428.951,464.184,71.349,228.493,0.708068,-1,-1,-1
325,9,347.919,581.321,92.363,241.325,0.658188,-1,-1,-1
325,19,511.288,474.768,68.951,218.008,0.763290,-1,-1,-1
325,18,394.340,830.264,87.144,142.367,0.596287,-1,-1,-1
325,20,990.074,73.358,60.808,172.748,0.553879,-1,-1,-1
326,1,456.905,118.955,64.356,188.058,0.295307,-1,-1,-1
326,3,935.366,908.935,69.983,171.942,0.676511,-1,-1,-1
326,4,1722.990,460.477,71.798,208.509,0.619998,-1,-1,-1
326,14,930.166,35.039,60.672,171.019,0.410989,-1,-1,-1
326,16,234.194,359.543,59.008,189.116,0.502364,-1,-1,-1
326,17,373.133,918.221,83.906,162.428,0.717737,-1,-1,-1
326,8,429.096,467.107,71.110,226.976,0.703529,-1,-1,-1
326,9,358.481,579.821,90.606,242.049,0.643077,-1,-1,-1
326,19,510.890,476.938,69.067,217.323,0.760207,-1,-1,-1
326,18,397.372,833.938,85.588,142.032,0.590376,-1,-1,-1
326,20,988.432,72.324,60.875,172.607,0.574011,-1,-1,-1
327,1,455.410,116.585,65.481,190.495,0.364772,-1,-1,-1
327,3,936.740,910.159,68.280,170.721,0.668907,-1,-1,-1
327,4,1723.114,460.667,71.598,207.672,0.630622,-1,-1,-1
327,14,930.064,33.492,61.552,172.397,0.431116,-1,-1,-1
327,16,234.521,357.983,58.996,189.053,0.518868,-1,-1,-1
327,17,375.407,919.299,84.909,161.587,0.701751,-1,-1,-1
327,8,428.482,468.067,71.215,226.516,0.714510,-1,-1,-1
327,9,365.819,577.766,89.078,243.587,0.586940,-1,-1,-1
327,19,511.170,478.627,69.745,218.852,0.704831,-1,-1,-1
327,18,400.732,837.760,84.125,141.525,0.575909,-1,-1,-1
327,20,988.286,71.276,60.633,171.464,0.528186,-1,-1,-1
328,1,453.643,114.514,66.608,193.392,0.453186,-1,-1,-1
328,3,937.111,910.789,66.823,169.670,0.678442,-1,-1,-1
328,4,1723.319,461.415,71.519,207.233,0.637426,-1,-1,-1
328,14,930.185,32.482,61.533,171.777,0.421016,-1,-1,-1
328,16,233.760,357.026,58.759,187.626,0.547170,-1,-1,-1
328,17,376.277,922.103,84.683,158.869,0.685102,-1,-1,-1
328,8,427.564,468.842,70.840,222.672,0.703950,-1,-1,-1
328,9,373.814,576.068,87.812,246.006,0.585950,-1,-1,-1
328,19,510.433,480.015,70.436,221.070,0.704219,-1,-1,-1
328,18,404.123,840.718,85.417,146.083,0.548160,-1,-1,-1
328,20,986.983,69.362,61.106,172.587,0.495499,-1,-1,-1
329,1,452.751,112.866,67.287,193.775,0.380060,-1,-1,-1
329,3,939.497,912.818,65.108,167.293,0.697796,-1,-1,-1
329,4,1723.204,460.178,71.944,208.551,0.611061,-1,-1,-1
329,14,930.797,31.758,61.700,171.613,0.387754,-1,-1,-1
329,16,233.788,356.531,58.528,186.393,0.548220,-1,-1,-1
329,17,377.776,924.417,84.772,156.586,0.686949,-1,-1,-1
329,8,425.715,470.297,70.962,219.436,0.690927,-1,-1,-1
329,9,379.997,578.236,86.222,246.650,0.579745,-1,-1,-1
329,19,509.763,483.312,70.394,221.168,0.712925,-1,-1,-1
329,18,408.689,844.176,85.287,147.428,0.557066,-1,-1,-1
329,20,986.786,69.282,60.366,170.791,0.462480,-1,-1,-1
330,1,452.694,111.791,67.748,192.903,0.365512,-1,-1,-1
330,3,940.812,914.791,63.859,164.950,0.693254,-1,-1,-1
330,4,1723.368,460.809,71.793,207.950,0.631492,-1,-1,-1
330,14,930.746,31.161,62.017,171.876,0.427454,-1,-1,-1
330,16,233.547,355.702,58.156,185.162,0.565959,-1,-1,-1
330,17,379.022,925.672,84.615,154.368,0.637410,-1,-1,-1
330,8,421.582,470.959,73.617,222.740,0.667610,-1,-1,-1
330,9,386.560,592.738,81.059,234.023,0.399463,-1,-1,-1
330,19,509.590,486.135,69.980,220.210,0.731988,-1,-1,-1
330,18,399.093,846.296,113.058,203.676,0.593167,-1,-1,-1
330,20,985.423,68.526,60.748,172.188,0.471203,-1,-1,-1
331,1,452.389,111.015,67.168,189.008,0.380736,-1,-1,-1
331,3,940.966,914.582,63.780,165.279,0.736860,-1,-1,-1
331,4,1723.326,459.078,72.502,209.967,0.649519,-1,-1,-1
331,14,929.497,31.313,62.375,172.713,0.403702,-1,-1,-1
331,16,232.510,354.972,58.888,187.675,0.521045,-1,-1,-1
331,17,380.709,925.781,83.342,149.909,0.645957,-1,-1,-1
331,19,508.817,488.711,69.652,219.866,0.740774,-1,-1,-1
331,18,400.232,848.663,118.853,222.379,0.661162,-1,-1,-1
331,20,984.146,68.097,61.357,173.964,0.500125,-1,-1,-1
332,1,452.083,110.188,67.006,186.505,0.340790,-1,-1,-1
332,3,942.092,915.706,62.929,163.446,0.720953,-1,-1,-1
332,4,1723.698,459.630,72.607,210.211,0.639479,-1,-1,-1
332,14,928.867,31.058,62.598,172.928,0.411505,-1,-1,-1
332,16,231.673,353.677,59.544,189.396,0.501807,-1,-1,-1
332,17,382.392,926.439,82.102,145.907,0.634980,-1,-1,-1
332,19,508.540,490.873,69.728,220.321,0.741818,-1,-1,-1
332,18,404.569,850.537,118.328,229.033,0.664339,-1,-1,-1
332,20,983.368,68.309,61.705,175.064,0.524307,-1,-1,-1
332,9,388.912,499.895,112.005,328.239,0.604441,-1,-1,-1
333,1,451.931,108.912,68.185,187.146,0.328192,-1,-1,-1
333,3,943.281,916.143,62.410,162.721,0.733193,-1,-1,-1
333,4,1724.135,459.922,72.453,209.946,0.622181,-1,-1,-1
333,14,929.034,31.177,62.184,171.898,0.419917,-1,-1,-1
333,16,230.893,353.107,59.842,190.541,0.516677,-1,-1,-1
333,17,384.895,926.521,83.533,146.384,0.669701,-1,-1,-1
333,19,507.944,492.464,69.936,221.167,0.744767,-1,-1,-1
333,20,983.059,67.495,61.803,176.912,0.505027,-1,-1,-1
333,9,390.417,481.753,117.141,347.207,0.642339,-1,-1,-1
334,1,450.563,109.522,68.239,185.911,0.316751,-1,-1,-1
334,3,944.579,917.304,61.713,161.185,0.718010,-1,-1,-1
334,4,1723.525,460.633,72.345,209.543,0.619703,-1,-1,-1
334,14,928.929,30.484,62.359,172.638,0.380451,-1,-1,-1
334,16,230.865,352.820,59.249,188.541,0.471468,-1,-1,-1
334,17,387.421,928.898,83.478,143.924,0.654680,-1,-1,-1
334,19,507.376,493.257,70.170,222.479,0.731213,-1,-1,-1
334,20,982.563,67.636,61.233,176.548,0.484016,-1,-1,-1
334,9,392.687,474.226,119.157,355.769,0.630112,-1,-1,-1
335,1,448.301,107.003,69.926,188.450,0.273674,-1,-1,-1
335,3,945.778,918.957,61.228,159.950,0.718832,-1,-1,-1
335,4,1723.594,460.776,72.074,208.793,0.621965,-1,-1,-1
335,14,929.431,28.913,62.172,172.241,0.367067,-1,-1,-1
335,16,229.926,351.435,60.160,190.806,0.494474,-1,-1,-1
335,17,390.611,931.894,83.561,141.502,0.663143,-1,-1,-1
335,19,506.387,494.062,70.120,222.717,0.726160,-1,-1,-1
335,20,982.205,67.543,60.626,175.591,0.475555,-1,-1,-1
335,9,393.417,473.245,119.956,357.777,0.671248,-1,-1,-1
336,1,447.492,105.903,70.885,189.143,0.237518,-1,-1,-1
336,3,946.620,919.912,61.137,159.520,0.716477,-1,-1,-1
336,4,1723.161,460.441,72.197,208.861,0.637687,-1,-1,-1
336,14,928.627,28.320,63.062,174.642,0.371044,-1,-1,-1
336,16,229.044,350.113,61.054,193.174,0.509199,-1,-1,-1
336,17,393.846,936.699,81.387,135.266,0.672988,-1,-1,-1
336,19,505.672,494.403,69.925,222.131,0.720052,-1,-1,-1
336,20,981.392,67.152,60.408,176.033,0.461086,-1,-1,-1
336,9,398.928,476.152,118.758,353.724,0.702046,-1,-1,-1
337,1,446.470,104.785,71.736,189.525,0.198399,-1,-1,-1
337,3,948.529,920.575,60.747,158.828,0.683052,-1,-1,-1
337,4,1723.452,460.336,71.991,208.112,0.612542,-1,-1,-1
337,14,929.826,26.174,63.311,175.031,0.379709,-1,-1,-1
337,16,228.389,349.099,60.518,190.369,0.499498,-1,-1,-1
337,17,396.116,941.913,81.267,132.255,0.690539,-1,-1,-1
337,19,505.238,494.582,69.786,221.784,0.700218,-1,-1,-1
337,20,980.663,65.983,60.311,176.708,0.447204,-1,-1,-1
337,9,404.547,480.264,118.138,348.758,0.710408,-1,-1,-1
337,5,1540.531,616.988,86.169,238.659,0.644377,-1,-1,-1
338,1,445.253,104.176,72.682,190.152,0.235308,-1,-1,-1
338,3,949.979,922.265,60.202,157.013,0.704069,-1,-1,-1
338,4,1723.428,459.971,72.124,208.229,0.586173,-1,-1,-1
338,14,929.943,24.045,63.042,174.555,0.362363,-1,-1,-1
338,16,227.936,348.063,60.288,188.519,0.526561,-1,-1,-1
338,17,398.114,945.546,81.508,130.028,0.715039,-1,-1,-1
338,19,504.834,494.615,69.614,221.143,0.697060,-1,-1,-1
338,20,980.197,65.210,60.066,176.882,0.442131,-1,-1,-1
338,9,407.524,482.783,118.043,345.631,0.712442,-1,-1,-1
338,5,1541.302,617.095,85.762,240.924,0.607978,-1,-1,-1
338,18,444.055,864.094,89.475,165.446,0.632805,-1,-1,-1
339,1,443.957,102.484,73.933,192.012,0.240426,-1,-1,-1
339,3,952.128,923.302,59.834,155.207,0.703659,-1,-1,-1
339,4,1723.446,460.615,72.077,207.520,0.606925,-1,-1,-1
339,14,930.530,23.263,61.375,169.596,0.356885,-1,-1,-1
339,16,227.190,347.062,59.747,185.224,0.526532,-1,-1,-1
339,17,400.791,949.445,81.507,127.363,0.727878,-1,-1,-1
339,19,503.919,495.243,69.475,221.119,0.689103,-1,-1,-1
339,20,979.485,63.042,60.324,178.311,0.454351,-1,-1,-1
339,9,408.287,483.964,117.885,343.271,0.739119,-1,-1,-1
339,5,1542.187,617.597,85.436,242.508,0.625258,-1,-1,-1
339,18,449.322,868.191,88.523,158.274,0.615116,-1,-1,-1
340,1,443.738,100.542,74.898,193.827,0.259827,-1,-1,-1
340,3,953.394,924.085,59.759,154.159,0.698927,-1,-1,-1
340,4,1722.972,459.426,72.681,209.209,0.606923,-1,-1,-1
340,14,930.786,21.886,61.073,168.219,0.343268,-1,-1,-1
340,16,225.915,345.305,59.628,183.318,0.518550,-1,-1,-1
340,17,403.098,951.953,82.557,126.865,0.711010,-1,-1,-1
340,19,502.981,497.442,68.857,218.158,0.659526,-1,-1,-1
340,20,978.688,61.974,60.285,179.120,0.491906,-1,-1,-1
340,9,409.293,485.238,118.113,341.861,0.697702,-1,-1,-1
340,5,1543.484,617.109,85.071,243.919,0.600196,-1,-1,-1
340,18,453.397,873.200,88.173,151.358,0.690086,-1,-1,-1
341,1,443.700,99.754,75.106,193.294,0.302912,-1,-1,-1
341,3,954.019,925.042,59.731,153.119,0.703753,-1,-1,-1
341,4,1722.879,459.668,72.681,209.070,0.605505,-1,-1,-1
341,14,930.523,20.662,60.651,166.329,0.354807,-1,-1,-1
341,16,225.242,343.532,60.024,183.033,0.523193,-1,-1,-1
341,17,406.743,955.734,82.145,123.909,0.693925,-1,-1,-1
341,19,501.249,499.395,68.436,216.033,0.681894,-1,-1,-1
341,20,977.917,60.250,60.087,180.015,0.466588,-1,-1,-1
341,9,410.124,486.228,117.978,340.920,0.395834,-1,-1,-1
341,5,1544.557,617.389,84.589,243.667,0.654120,-1,-1,-1
341,18,455.655,877.246,88.766,146.500,0.695617,-1,-1,-1
342,1,443.433,100.521,75.302,192.506,0.312968,-1,-1,-1
342,3,954.879,925.389,60.168,152.774,0.696046,-1,-1,-1
342,4,1723.515,458.620,73.223,210.826,0.623776,-1,-1,-1
342,14,929.964,19.547,60.297,164.578,0.329149,-1,-1,-1
342,16,223.549,342.053,61.061,184.615,0.513809,-1,-1,-1
342,17,411.089,960.970,80.880,119.237,0.716466,-1,-1,-1
342,19,500.294,501.564,68.106,213.675,0.691709,-1,-1,-1
342,20,977.373,59.002,59.895,180.644,0.398086,-1,-1,-1
342,9,426.662,557.337,95.700,269.073,0.259313,-1,-1,-1
342,5,1545.719,618.714,83.595,241.130,0.638913,-1,-1,-1
342,18,456.854,880.468,90.439,143.819,0.686667,-1,-1,-1
343,1,442.941,102.175,74.976,190.870,0.300056,-1,-1,-1
343,3,955.402,926.062,60.317,151.680,0.706984,-1,-1,-1
343,4,1723.326,458.880,72.781,209.653,0.594344,-1,-1,-1
343,14,929.083,17.913,60.234,162.807,0.308348,-1,-1,-1
343,16,222.697,340.889,61.893,185.013,0.504204,-1,-1,-1
343,17,413.994,964.065,80.819,116.397,0.720787,-1,-1,-1
343,19,498.643,503.154,68.544,213.331,0.672320,-1,-1,-1
343,20,976.615,58.771,58.774,177.959,0.367601,-1,-1,-1
343,9,435.554,588.071,86.171,236.478,0.247997,-1,-1,-1
343,5,1546.560,618.926,83.554,240.827,0.599050,-1,-1,-1
343,18,456.394,883.420,92.797,142.436,0.673634,-1,-1,-1
343,21,979.958,402.602,62.164,193.418,0.635788,-1,-1,-1
344,1,442.268,102.751,74.966,189.239,0.321256,-1,-1,-1
344,3,955.976,926.216,60.764,151.004,0.695227,-1,-1,-1
344,4,1723.023,459.889,72.293,207.864,0.604748,-1,-1,-1
344,14,927.349,16.429,62.090,166.052,0.347574,-1,-1,-1
344,16,222.354,340.125,62.445,185.743,0.543622,-1,-1,-1
344,17,416.656,965.976,80.495,113.613,0.727155,-1,-1,-1
344,19,498.218,504.426,68.235,211.577,0.644937,-1,-1,-1
344,20,976.980,57.277,58.190,176.896,0.381495,-1,-1,-1
344,9,439.742,591.056,84.356,232.286,0.249754,-1,-1,-1
344,5,1548.002,618.885,83.192,238.970,0.589933,-1,-1,-1
344,18,457.793,885.231,95.646,143.256,0.679890,-1,-1,-1
344,21,983.381,406.257,61.677,191.773,0.579666,-1,-1,-1
344,8,399.518,487.594,79.247,241.270,0.625895,-1,-1,-1
345,1,442.361,102.992,74.953,187.711,0.292424,-1,-1,-1
345,3,956.748,926.770,61.107,149.993,0.699285,-1,-1,-1
345,4,1722.728,459.670,72.208,207.142,0.611711,-1,-1,-1
345,14,927.159,16.570,62.570,165.712,0.368710,-1,-1,-1
345,16,221.663,339.491,62.606,185.541,0.513970,-1,-1,-1
345,17,419.502,966.346,81.470,112.658,0.705248,-1,-1,-1
345,19,497.987,506.460,67.893,210.809,0.565062,-1,-1,-1
345,20,977.205,55.220,56.989,173.643,0.416957,-1,-1,-1
345,9,446.727,589.384,83.687,231.659,0.292471,-1,-1,-1
345,5,1548.655,619.685,83.604,239.751,0.565984,-1,-1,-1
345,18,458.089,886.679,100.225,147.778,0.659776,-1,-1,-1
345,21,985.818,408.170,62.215,193.269,0.528653,-1,-1,-1
345,8,399.480,488.691,78.471,238.802,0.666716,-1,-1,-1
346,1,441.428,100.399,76.209,190.749,0.284227,-1,-1,-1
346,3,957.284,927.412,61.664,149.378,0.713048,-1,-1,-1
346,4,1723.083,459.008,72.465,207.704,0.613337,-1,-1,-1
346,14,926.081,15.522,64.473,169.676,0.331023,-1,-1,-1
346,16,221.527,338.538,63.380,186.685,0.511611,-1,-1,-1
346,17,423.020,966.759,83.941,112.946,0.704787,-1,-1,-1
346,19,492.904,508.618,67.897,207.410,0.551416,-1,-1,-1
346,20,976.382,55.250,57.260,174.507,0.362011,-1,-1,-1
346,9,454.947,589.286,81.634,228.423,0.369682,-1,-1,-1
346,5,1552.657,621.188,82.143,237.115,0.569139,-1,-1,-1
346,18,458.958,887.437,103.310,151.287,0.669299,-1,-1,-1
346,21,987.580,409.142,62.821,194.790,0.462342,-1,-1,-1
346,8,398.567,488.676,78.121,236.205,0.700824,-1,-1,-1
347,1,440.723,97.500,77.445,193.642,0.277185,-1,-1,-1
347,3,957.609,928.293,62.279,148.437,0.703140,-1,-1,-1
347,4,1723.566,459.163,72.728,208.702,0.624710,-1,-1,-1
347,14,925.291,15.447,65.208,170.757,0.292404,-1,-1,-1
347,16,220.893,337.737,63.896,187.193,0.451719,-1,-1,-1
347,17,423.824,967.256,85.571,112.836,0.697549,-1,-1,-1
347,19,489.931,511.471,67.550,202.488,0.534159,-1,-1,-1
347,20,976.074,54.969,57.230,174.321,0.363763,-1,-1,-1
347,9,463.395,587.019,81.209,230.341,0.393739,-1,-1,-1
347,5,1553.042,622.269,81.932,235.647,0.557175,-1,-1,-1
347,18,459.204,888.996,104.834,153.136,0.672931,-1,-1,-1
347,21,990.837,410.577,62.544,193.634,0.530460,-1,-1,-1
347,8,398.301,489.941,77.959,233.917,0.710978,-1,-1,-1
348,1,440.406,96.615,77.570,193.917,0.276764,-1,-1,-1
348,3,957.259,928.563,63.205,148.567,0.728903,-1,-1,-1
348,4,1723.546,458.923,72.850,208.895,0.615287,-1,-1,-1
348,14,924.898,15.392,63.982,166.933,0.269207,-1,-1,-1
348,16,220.224,337.162,63.944,186.291,0.405471,-1,-1,-1
348,17,425.069,968.464,86.203,111.546,0.708591,-1,-1,-1
348,19,490.346,513.515,66.148,195.488,0.443946,-1,-1,-1
348,20,975.496,53.325,56.515,172.592,0.342788,-1,-1,-1
348,9,468.279,577.428,84.598,242.190,0.597867,-1,-1,-1
348,5,1554.966,622.857,81.468,233.549,0.538047,-1,-1,-1
348,18,456.051,891.508,108.405,159.327,0.644049,-1,-1,-1
348,21,994.710,411.434,62.310,193.028,0.583550,-1,-1,-1
348,8,396.838,490.831,78.284,233.297,0.721144,-1,-1,-1
349,1,439.482,93.826,77.447,194.457,0.263103,-1,-1,-1
349,3,957.876,928.939,64.018,147.776,0.738478,-1,-1,-1
349,4,1723.653,458.850,72.712,208.541,0.602618,-1,-1,-1
349,14,925.277,15.105,63.677,164.630,0.274662,-1,-1,-1
349,16,219.650,335.209,64.704,187.876,0.435117,-1,-1,-1
349,17,426.334,970.430,86.500,109.923,0.704930,-1,-1,-1
349,19,498.050,516.912,51.197,141.512,0.222554,-1,-1,-1
349,20,974.560,52.649,56.577,173.342,0.455435,-1,-1,-1
349,9,472.671,579.447,83.238,240.643,0.664595,-1,-1,-1
349,5,1555.323,623.242,82.774,236.242,0.548092,-1,-1,-1
349,18,455.249,893.641,109.475,162.741,0.640769,-1,-1,-1
349,21,997.515,412.453,62.400,193.121,0.604352,-1,-1,-1
349,8,395.297,490.832,78.475,233.470,0.718457,-1,-1,-1
350,1,439.568,93.779,76.487,191.708,0.207487,-1,-1,-1
350,3,958.003,929.673,64.872,146.870,0.728256,-1,-1,-1
350,4,1723.552,458.727,72.556,207.731,0.607005,-1,-1,-1
350,14,924.213,14.618,64.316,166.005,0.258250,-1,-1,-1
350,16,218.309,334.186,64.765,187.174,0.394069,-1,-1,-1
350,17,428.085,973.099,86.564,107.689,0.693438,-1,-1,-1
350,20,973.822,51.090,57.047,175.747,0.387224,-1,-1,-1
350,9,477.513,580.257,82.462,240.000,0.570450,-1,-1,-1
350,5,1556.499,624.210,84.115,239.168,0.534962,-1,-1,-1
350,18,457.129,895.858,106.039,159.959,0.616800,-1,-1,-1
350,21,1001.268,412.158,62.739,194.019,0.615376,-1,-1,-1
350,8,393.497,492.262,78.460,232.902,0.665448,-1,-1,-1
351,1,439.642,93.418,76.231,190.714,0.290542,-1,-1,-1
351,3,958.289,930.697,66.119,146.608,0.736154,-1,-1,-1
351,4,1723.405,458.913,72.791,208.488,0.580002,-1,-1,-1
351,14,923.914,14.707,64.688,166.442,0.249952,-1,-1,-1
351,16,216.287,331.473,65.043,187.171,0.309221,-1,-1,-1
351,17,429.956,976.542,85.724,104.239,0.697455,-1,-1,-1
351,20,973.175,50.373,57.153,176.988,0.468235,-1,-1,-1
351,9,478.760,543.028,93.841,275.868,0.658857,-1,-1,-1
351,5,1557.016,624.884,84.666,237.469,0.558746,-1,-1,-1
351,18,459.994,899.092,101.811,156.029,0.586831,-1,-1,-1
351,21,1003.346,410.562,63.073,194.946,0.593640,-1,-1,-1
351,8,392.583,494.516,78.394,233.393,0.681551,-1,-1,-1
352,1,439.199,92.555,76.336,190.937,0.274067,-1,-1,-1
352,3,957.996,931.034,67.605,147.043,0.725519,-1,-1,-1
352,4,1723.703,458.266,73.027,209.218,0.595570,-1,-1,-1
352,14,923.854,12.998,65.283,168.164,0.267915,-1,-1,-1
352,16,214.006,329.161,65.701,188.410,0.316350,-1,-1,-1
352,17,433.573,980.457,85.109,100.460,0.690396,-1,-1,-1
352,20,971.985,48.940,57.339,178.353,0.431950,-1,-1,-1
352,9,487.312,555.259,90.979,262.444,0.656551,-1,-1,-1
352,5,1556.304,626.552,85.930,238.515,0.554031,-1,-1,-1
352,18,462.852,901.320,97.741,151.979,0.572004,-1,-1,-1
352,21,1007.475,411.138,62.799,194.310,0.595139,-1,-1,-1
352,8,391.646,496.175,78.443,234.296,0.708500,-1,-1,-1
353,1,438.878,91.247,76.258,191.998,0.279856,-1,-1,-1
353,3,958.060,931.394,69.004,147.253,0.747504,-1,-1,-1
353,4,1723.232,458.884,73.181,209.643,0.605713,-1,-1,-1
353,14,923.493,11.237,65.181,167.912,0.269703,-1,-1,-1
353,16,213.465,326.621,65.702,188.261,0.304022,-1,-1,-1
353,17,435.437,984.264,84.572,96.773,0.686377,-1,-1,-1
353,20,970.311,48.203,57.676,179.285,0.371109,-1,-1,-1
353,9,493.618,568.899,88.790,247.969,0.721916,-1,-1,-1
353,5,1561.867,626.092,85.972,239.887,0.514855,-1,-1,-1
353,18,463.731,903.545,96.205,151.206,0.481850,-1,-1,-1
353,21,1010.545,411.928,62.974,194.353,0.647421,-1,-1,-1
353,8,390.792,497.832,78.473,235.372,0.702101,-1,-1,-1
354,1,439.334,90.352,76.102,192.789,0.275234,-1,-1,-1
354,3,958.029,931.835,70.063,147.015,0.747227,-1,-1,-1
354,4,1723.098,459.037,73.187,209.879,0.589388,-1,-1,-1
354,14,923.133,9.605,64.775,167.121,0.263098,-1,-1,-1
354,16,214.012,325.183,65.056,186.906,0.300308,-1,-1,-1
354,17,438.261,989.903,82.231,91.168,0.651266,-1,-1,-1
354,20,968.505,47.905,57.943,179.034,0.317416,-1,-1,-1
354,9,495.723,575.410,89.151,241.144,0.736145,-1,-1,-1
354,5,1564.902,627.005,87.089,244.262,0.524081,-1,-1,-1
354,18,466.118,908.276,93.583,149.120,0.519738,-1,-1,-1
354,21,1014.125,414.182,63.164,194.014,0.595785,-1,-1,-1
354,8,390.160,499.449,78.583,235.503,0.684338,-1,-1,-1
355,1,440.547,89.370,75.749,193.479,0.230448,-1,-1,-1
355,3,957.758,931.139,71.522,147.629,0.746351,-1,-1,-1
355,4,1723.318,459.184,72.715,208.982,0.605698,-1,-1,-1
355,14,923.516,8.193,64.121,165.916,0.246098,-1,-1,-1
355,16,212.802,323.930,64.729,186.176,0.282556,-1,-1,-1
355,17,442.526,994.934,79.149,85.322,0.617033,-1,-1,-1
355,20,969.709,57.896,55.465,168.743,0.286030,-1,-1,-1
355,9,495.801,579.439,90.502,237.633,0.757107,-1,-1,-1
355,5,1567.647,628.924,87.205,245.542,0.554635,-1,-1,-1
355,18,466.052,911.384,96.971,157.309,0.577866,-1,-1,-1
355,21,1017.297,417.259,62.857,191.958,0.570475,-1,-1,-1
355,8,389.551,501.693,79.041,236.340,0.694379,-1,-1,-1
356,1,441.201,88.536,75.317,193.814,0.299593,-1,-1,-1
356,3,957.454,930.342,72.410,147.583,0.743216,-1,-1,-1
356,4,1723.218,459.246,72.535,208.744,0.605766,-1,-1,-1
356,14,924.059,6.381,63.921,166.331,0.283327,-1,-1,-1
356,16,214.974,322.595,63.332,183.618,0.285735,-1,-1,-1
356,17,445.733,999.058,77.144,81.045,0.616538,-1,-1,-1
356,20,966.785,54.433,56.867,171.292,0.336311,-1,-1,-1
356,9,495.249,577.895,93.384,239.085,0.730369,-1,-1,-1
356,5,1569.208,628.867,87.327,246.419,0.584502,-1,-1,-1
356,18,468.341,915.903,95.800,157.367,0.548981,-1,-1,-1
356,21,1019.682,419.373,63.059,190.878,0.503722,-1,-1,-1
356,8,387.929,504.169,79.145,236.449,0.698932,-1,-1,-1
357,1,442.089,88.263,74.380,192.860,0.220939,-1,-1,-1
357,3,957.440,929.280,73.644,148.606,0.729040,-1,-1,-1
357,4,1723.383,459.287,72.227,208.056,0.588759,-1,-1,-1
357,14,924.170,4.377,64.488,168.945,0.287058,-1,-1,-1
357,16,215.611,321.361,62.160,181.463,0.291662,-1,-1,-1
357,17,449.899,1004.029,74.376,75.998,0.552801,-1,-1,-1
357,20,966.477,54.882,56.664,169.461,0.298092,-1,-1,-1
357,9,495.710,575.903,96.352,241.181,0.708378,-1,-1,-1
357,5,1571.144,630.988,86.640,244.764,0.587808,-1,-1,-1
357,18,472.665,920.317,94.225,156.907,0.516010,-1,-1,-1
357,21,1023.694,421.549,64.864,193.060,0.438955,-1,-1,-1
357,8,386.269,506.004,79.314,236.870,0.687520,-1,-1,-1
358,1,442.145,86.754,74.450,194.558,0.227915,-1,-1,-1
358,3,957.349,928.649,75.236,151.273,0.723388,-1,-1,-1
358,4,1723.695,459.096,72.172,208.139,0.579769,-1,-1,-1
358,14,924.072,3.081,65.016,171.115,0.238165,-1,-1,-1
358,16,215.297,319.633,62.142,182.431,0.354879,-1,-1,-1
358,17,450.874,1007.761,72.596,72.412,0.557319,-1,-1,-1
358,20,966.154,56.286,56.306,167.698,0.317379,-1,-1,-1
358,9,497.322,578.857,97.145,237.944,0.753439,-1,-1,-1
358,5,1571.890,633.247,85.954,243.074,0.536603,-1,-1,-1
358,18,479.024,922.741,92.556,155.276,0.599753,-1,-1,-1
358,21,1024.868,423.744,66.259,193.624,0.504709,-1,-1,-1
358,8,384.536,507.334,80.312,240.145,0.698261,-1,-1,-1
359,1,442.181,86.373,73.964,194.752,0.274548,-1,-1,-1
359,3,957.772,928.361,75.234,150.240,0.714239,-1,-1,-1
359,4,1723.411,458.360,72.452,208.973,0.583715,-1,-1,-1
359,14,924.010,2.682,65.243,172.218,0.198924,-1,-1,-1
359,16,212.419,318.360,63.009,184.431,0.374267,-1,-1,-1
359,17,454.506,1011.993,71.127,68.660,0.540749,-1,-1,-1
359,20,964.795,57.052,56.450,168.580,0.372262,-1,-1,-1
359,9,497.460,580.261,98.005,236.201,0.739032,-1,-1,-1
359,5,1572.011,635.655,85.877,242.650,0.583859,-1,-1,-1
359,18,481.866,924.285,91.293,153.848,0.567939,-1,-1,-1
359,21,1026.715,426.504,67.080,192.778,0.499991,-1,-1,-1
359,8,383.100,508.352,80.842,242.022,0.690881,-1,-1,-1
360,1,442.151,86.383,73.207,193.828,0.253095,-1,-1,-1
360,3,957.954,927.870,75.691,150.612,0.714845,-1,-1,-1
360,4,1723.519,458.562,72.188,208.225,0.617474,-1,-1,-1
360,14,924.001,2.163,65.723,173.794,0.177066,-1,-1,-1
360,16,211.148,318.155,63.278,184.954,0.381609,-1,-1,-1
360,17,455.900,1013.696,71.419,67.173,0.519213,-1,-1,-1
360,20,963.647,56.236,56.779,169.673,0.368609,-1,-1,-1
360,9,498.647,581.825,98.659,234.942,0.695529,-1,-1,-1
360,5,1570.861,636.455,85.984,244.049,0.580271,-1,-1,-1
360,18,486.376,925.642,90.610,153.649,0.604605,-1,-1,-1
360,21,1028.989,426.973,69.219,196.710,0.517282,-1,-1,-1
360,8,381.559,509.297,81.126,242.542,0.721534,-1,-1,-1
360,19,470.638,528.994,75.829,218.045,0.620145,-1,-1,-1
361,1,441.594,86.320,72.685,193.303,0.222771,-1,-1,-1
361,3,958.402,927.437,76.136,151.158,0.718829,-1,-1,-1
361,4,1723.742,458.693,72.299,208.632,0.612230,-1,-1,-1
361,14,924.404,1.724,66.061,174.523,0.177520,-1,-1,-1
361,16,211.634,317.004,62.596,184.549,0.289432,-1,-1,-1
361,17,458.257,1016.186,70.692,64.218,0.441503,-1,-1,-1
361,20,960.726,54.094,57.599,171.369,0.408009,-1,-1,-1
361,9,501.448,579.652,99.604,237.035,0.656234,-1,-1,-1
361,5,1569.667,637.075,85.647,243.619,0.613707,-1,-1,-1
361,18,490.739,926.136,90.835,155.119,0.652447,-1,-1,-1
361,21,1031.765,429.252,69.698,196.309,0.450743,-1,-1,-1
361,8,380.139,510.078,80.978,242.654,0.708021,-1,-1,-1
361,19,469.656,529.657,77.291,227.886,0.636716,-1,-1,-1
362,1,441.188,85.565,72.587,193.764,0.220423,-1,-1,-1
362,3,959.238,927.245,76.129,151.441,0.682510,-1,-1,-1
362,4,1723.875,458.864,72.392,208.702,0.588920,-1,-1,-1
362,16,210.037,316.662,62.803,185.337,0.224644,-1,-1,-1
362,17,458.042,1018.815,68.684,61.002,0.446781,-1,-1,-1
362,20,958.361,51.617,58.636,173.617,0.419063,-1,-1,-1
362,9,508.325,578.979,98.144,235.482,0.601173,-1,-1,-1
362,5,1570.668,636.417,85.728,244.907,0.553465,-1,-1,-1
362,18,495.864,928.061,90.444,153.847,0.672875,-1,-1,-1
362,21,1033.945,430.566,70.014,195.573,0.473040,-1,-1,-1
362,8,378.299,511.058,80.356,241.275,0.690796,-1,-1,-1
362,19,467.916,527.991,78.031,235.438,0.695045,-1,-1,-1
363,1,441.319,84.691,72.224,193.540,0.263294,-1,-1,-1
363,3,960.254,927.065,75.903,151.519,0.645021,-1,-1,-1
363,4,1723.982,459.084,72.342,208.459,0.597656,-1,-1,-1
363,16,208.674,316.611,62.194,182.969,0.251947,-1,-1,-1
363,17,460.149,1019.742,70.157,60.498,0.511067,-1,-1,-1
363,20,957.538,49.718,58.685,173.395,0.344855,-1,-1,-1
363,9,514.507,578.226,96.880,233.749,0.617780,-1,-1,-1
363,5,1572.071,636.255,85.355,244.576,0.580150,-1,-1,-1
363,18,500.461,929.909,90.391,152.143,0.654766,-1,-1,-1
363,21,1036.764,431.041,70.175,195.707,0.534946,-1,-1,-1
363,8,376.830,511.284,80.054,240.580,0.708255,-1,-1,-1
363,19,468.511,533.662,75.876,231.925,0.713146,-1,-1,-1
364,1,441.425,83.689,71.844,193.484,0.258510,-1,-1,-1
364,3,961.501,926.441,76.009,152.491,0.662600,-1,-1,-1
364,4,1723.472,459.007,72.428,208.327,0.589358,-1,-1,-1
364,16,207.462,316.951,62.031,181.915,0.236996,-1,-1,-1
364,17,461.439,1020.023,71.989,60.744,0.498663,-1,-1,-1
364,20,957.646,48.557,58.521,172.989,0.310519,-1,-1,-1
364,9,520.939,577.514,96.384,235.198,0.658266,-1,-1,-1
364,5,1572.375,635.331,85.265,245.963,0.552842,-1,-1,-1
364,18,505.669,932.911,89.848,149.108,0.669832,-1,-1,-1
364,21,1040.830,431.429,69.807,194.639,0.604698,-1,-1,-1
364,8,375.011,512.420,79.787,239.935,0.691692,-1,-1,-1
364,19,468.148,538.323,73.959,228.678,0.720941,-1,-1,-1
365,1,441.644,82.136,71.544,193.819,0.297861,-1,-1,-1
365,3,962.013,924.998,76.397,154.321,0.676966,-1,-1,-1
365,4,1723.509,458.173,72.686,209.221,0.571252,-1,-1,-1
365,16,206.753,315.664,62.808,184.163,0.266364,-1,-1,-1
365,17,461.601,1018.760,74.643,62.192,0.465358,-1,-1,-1
365,20,958.923,51.176,57.137,167.772,0.209042,-1,-1,-1
365,9,529.354,575.441,95.280,236.849,0.643339,-1,-1,-1
365,5,1573.458,636.262,84.079,243.920,0.604789,-1,-1,-1
365,18,510.501,935.147,89.930,146.775,0.674975,-1,-1,-1
365,21,1044.526,432.071,69.527,193.998,0.622920,-1,-1,-1
365,8,372.302,513.560,79.414,238.524,0.692551,-1,-1,-1
365,19,467.474,538.766,73.479,229.889,0.714590,-1,-1,-1
366,1,442.345,81.549,70.748,193.011,0.317451,-1,-1,-1
366,3,963.337,924.097,76.436,155.552,0.705032,-1,-1,-1
366,4,1723.200,458.296,72.656,209.183,0.580509,-1,-1,-1
366,17,460.613,1018.918,74.772,62.098,0.391558,-1,-1,-1
366,20,959.264,51.041,56.876,166.318,0.324631,-1,-1,-1
366,9,535.390,574.185,93.873,238.689,0.707464,-1,-1,-1
366,5,1574.511,634.989,84.599,246.072,0.560402,-1,-1,-1
366,18,515.570,937.730,89.882,144.088,0.674448,-1,-1,-1
366,21,1047.473,431.842,69.776,195.129,0.633934,-1,-1,-1
366,8,369.075,513.680,79.362,237.657,0.738563,-1,-1,-1
366,19,466.289,539.933,73.424,232.983,0.737335,-1,-1,-1
367,1,442.894,80.550,70.056,192.536,0.282239,-1,-1,-1
367,3,964.427,922.789,76.272,156.390,0.709599,-1,-1,-1
367,4,1722.787,458.540,72.655,209.446,0.575508,-1,-1,-1
367,17,463.825,1021.983,71.124,59.052,0.344190,-1,-1,-1
367,20,958.701,49.072,57.363,167.233,0.320444,-1,-1,-1
367,9,538.861,573.349,92.958,241.561,0.691339,-1,-1,-1
367,5,1577.606,640.258,83.797,241.817,0.576954,-1,-1,-1
367,18,517.382,941.547,89.470,140.168,0.684839,-1,-1,-1
367,21,1050.706,432.072,69.420,194.619,0.626531,-1,-1,-1
367,8,366.343,515.329,79.419,235.995,0.754434,-1,-1,-1
367,19,464.983,540.940,73.129,234.939,0.738521,-1,-1,-1
368,1,443.499,80.109,69.256,191.424,0.220290,-1,-1,-1
368,3,965.921,922.292,76.077,157.111,0.691459,-1,-1,-1
368,4,1723.434,458.857,72.374,208.129,0.579398,-1,-1,-1
368,17,465.571,1024.612,66.909,56.425,0.291638,-1,-1,-1
368,20,957.501,48.750,57.734,167.819,0.267406,-1,-1,-1
368,9,542.451,572.927,91.365,241.308,0.690029,-1,-1,-1
368,5,1579.532,644.502,82.925,236.642,0.518694,-1,-1,-1
368,18,520.414,944.246,89.729,137.372,0.692141,-1,-1,-1
368,21,1054.109,433.063,69.899,196.776,0.663280,-1,-1,-1
368,8,364.023,516.252,79.937,235.208,0.769549,-1,-1,-1
368,19,463.786,541.670,72.673,235.415,0.751723,-1,-1,-1
369,1,443.482,80.218,68.234,188.680,0.184659,-1,-1,-1
369,3,967.317,921.939,75.977,157.890,0.714991,-1,-1,-1
369,4,1724.219,459.119,72.279,206.897,0.570099,-1,-1,-1
369,17,469.486,1029.269,59.912,51.765,0.259641,-1,-1,-1
369,20,958.246,48.603,57.495,167.850,0.306776,-1,-1,-1
369,9,544.721,573.291,90.251,241.100,0.685017,-1,-1,-1
369,5,1579.518,646.103,83.376,236.442,0.514089,-1,-1,-1
369,18,524.361,947.123,90.077,134.413,0.697071,-1,-1,-1
369,21,1057.841,433.924,69.299,195.107,0.620872,-1,-1,-1
369,8,361.211,517.144,81.752,238.104,0.753912,-1,-1,-1
369,19,462.900,542.088,71.968,234.989,0.732801,-1,-1,-1
370,1,444.837,79.239,67.742,188.104,0.156077,-1,-1,-1
370,3,968.316,920.837,76.058,158.618,0.727761,-1,-1,-1
370,4,1723.952,458.742,72.673,207.808,0.586038,-1,-1,-1
370,17,479.849,1036.668,51.887,44.272,0.251482,-1,-1,-1
370,20,957.479,47.837,57.764,169.154,0.280126,-1,-1,-1
370,9,546.537,573.486,89.597,240.906,0.662045,-1,-1,-1
370,5,1579.566,646.048,83.795,235.627,0.465317,-1,-1,-1
370,18,528.639,951.759,89.728,129.703,0.684715,-1,-1,-1
370,21,1060.085,435.609,69.976,197.824,0.617598,-1,-1,-1
370,8,357.682,519.441,83.591,241.359,0.717121,-1,-1,-1
370,19,461.871,542.456,71.431,234.464,0.727069,-1,-1,-1
371,3,969.560,919.063,76.558,160.299,0.722347,-1,-1,-1
371,4,1724.111,458.737,72.777,207.573,0.557313,-1,-1,-1
371,17,484.129,1041.303,46.552,39.401,0.227890,-1,-1,-1
371,20,957.108,47.166,57.539,168.725,0.183840,-1,-1,-1
371,9,550.808,573.282,90.334,241.388,0.637140,-1,-1,-1
371,5,1580.194,641.242,85.894,239.422,0.396979,-1,-1,-1
371,18,531.340,955.518,90.005,125.876,0.695676,-1,-1,-1
371,21,1063.147,436.877,70.299,198.949,0.665702,-1,-1,-1
371,8,354.230,522.540,84.701,242.052,0.698839,-1,-1,-1
371,19,460.710,542.847,70.985,234.048,0.714775,-1,-1,-1
372,3,971.249,918.220,76.991,161.175,0.740461,-1,-1,-1
372,4,1724.128,459.501,72.958,206.946,0.536473,-1,-1,-1
372,17,485.112,1044.380,43.514,36.541,0.178185,-1,-1,-1
372,20,954.791,44.475,58.489,170.712,0.213844,-1,-1,-1
372,9,556.519,572.432,92.436,242.541,0.655451,-1,-1,-1
372,5,1579.504,645.721,85.153,234.803,0.445494,-1,-1,-1
372,18,533.593,959.656,89.808,121.682,0.682435,-1,-1,-1
372,21,1065.175,439.412,71.302,202.211,0.659786,-1,-1,-1
372,8,352.530,525.301,85.768,242.795,0.719521,-1,-1,-1
372,19,459.775,543.264,70.349,232.435,0.710779,-1,-1,-1
373,3,972.842,916.927,77.511,162.169,0.732431,-1,-1,-1
373,4,1723.950,459.148,73.699,207.693,0.536256,-1,-1,-1
373,20,953.880,45.073,58.476,169.548,0.225802,-1,-1,-1
373,9,559.368,572.111,94.303,242.924,0.663929,-1,-1,-1
373,5,1578.972,646.481,85.086,232.568,0.421469,-1,-1,-1
373,18,534.599,963.328,89.987,117.960,0.665007,-1,-1,-1
373,21,1067.875,441.750,71.520,203.016,0.646857,-1,-1,-1
373,8,351.077,527.615,85.795,240.698,0.698768,-1,-1,-1
373,19,458.805,544.265,69.711,231.099,0.704725,-1,-1,-1
374,3,973.754,916.405,77.884,162.838,0.730657,-1,-1,-1
374,4,1723.228,458.249,74.251,207.882,0.548806,-1,-1,-1
374,20,953.968,43.879,59.027,171.146,0.222250,-1,-1,-1
374,9,562.289,570.938,95.904,243.851,0.656023,-1,-1,-1
374,5,1578.202,646.966,85.953,232.666,0.428209,-1,-1,-1
374,18,535.582,965.770,90.571,115.475,0.654926,-1,-1,-1
374,21,1071.875,443.761,70.838,202.292,0.622184,-1,-1,-1
374,8,349.113,528.817,85.763,238.926,0.700144,-1,-1,-1
374,19,457.698,545.948,68.761,228.035,0.704920,-1,-1,-1
375,3,974.271,915.385,78.632,164.369,0.721498,-1,-1,-1
375,4,1721.986,458.089,74.812,208.389,0.577325,-1,-1,-1
375,20,953.526,42.523,58.783,169.517,0.244930,-1,-1,-1
375,9,566.516,569.431,97.458,245.043,0.632420,-1,-1,-1
375,5,1577.014,643.252,88.013,236.055,0.273679,-1,-1,-1
375,18,536.573,967.832,91.014,113.379,0.639342,-1,-1,-1
375,21,1075.975,445.108,70.779,203.065,0.590191,-1,-1,-1
375,8,347.540,529.868,86.108,238.192,0.690213,-1,-1,-1
375,19,457.114,547.601,68.094,224.740,0.734786,-1,-1,-1
376,3,975.105,913.921,79.368,166.188,0.717131,-1,-1,-1
376,4,1721.382,457.853,75.102,209.344,0.611889,-1,-1,-1
376,20,952.039,41.377,59.247,169.509,0.231979,-1,-1,-1
376,9,569.555,566.564,99.557,248.879,0.583993,-1,-1,-1
376,5,1577.978,646.932,88.239,234.202,0.318815,-1,-1,-1
376,18,538.451,970.335,90.585,110.847,0.635908,-1,-1,-1
376,21,1079.483,446.010,70.206,201.832,0.582528,-1,-1,-1
376,8,345.335,532.404,86.129,236.548,0.683831,-1,-1,-1
376,19,455.728,549.810,68.052,224.398,0.741641,-1,-1,-1
377,3,975.067,912.738,80.227,167.456,0.705327,-1,-1,-1
377,4,1721.282,457.737,74.916,209.046,0.623611,-1,-1,-1
377,20,951.914,43.653,59.765,170.514,0.287934,-1,-1,-1
377,9,572.401,565.674,100.271,249.485,0.590141,-1,-1,-1
377,5,1582.729,648.994,87.087,231.481,0.249242,-1,-1,-1
377,18,538.672,971.156,91.190,109.999,0.648495,-1,-1,-1
377,21,1081.589,447.975,69.876,201.190,0.597501,-1,-1,-1
377,8,343.097,534.776,85.552,233.005,0.685479,-1,-1,-1
377,19,454.289,551.524,68.845,227.276,0.733833,-1,-1,-1
378,3,975.673,911.339,81.253,169.418,0.715920,-1,-1,-1
378,4,1721.278,457.518,75.063,209.341,0.618813,-1,-1,-1
378,20,953.262,43.682,59.447,170.322,0.236821,-1,-1,-1
378,9,574.259,564.421,99.942,249.087,0.500996,-1,-1,-1
378,5,1593.188,657.344,81.520,220.731,0.203939,-1,-1,-1
378,18,539.762,972.728,90.935,108.407,0.642320,-1,-1,-1
378,21,1085.080,450.063,68.928,198.764,0.635772,-1,-1,-1
378,8,341.259,535.942,85.364,231.238,0.696231,-1,-1,-1
378,19,452.959,553.706,69.475,229.631,0.725000,-1,-1,-1
378,25,449.738,303.987,69.016,210.015,0.632119,-1,-1,-1
379,3,976.465,910.657,81.823,170.055,0.719792,-1,-1,-1
379,4,1721.502,457.898,75.029,208.703,0.619896,-1,-1,-1
379,20,954.110,41.528,59.540,171.475,0.264090,-1,-1,-1
379,9,577.089,563.296,98.950,248.956,0.403581,-1,-1,-1
379,18,540.889,974.189,90.481,106.927,0.610869,-1,-1,-1
379,21,1089.536,450.071,68.763,199.858,0.633743,-1,-1,-1
379,8,340.305,537.158,84.762,228.548,0.694812,-1,-1,-1
379,19,451.706,555.768,70.337,232.631,0.714352,-1,-1,-1
379,25,450.055,302.466,68.636,208.616,0.642839,-1,-1,-1
380,3,977.174,909.812,82.318,170.631,0.710267,-1,-1,-1
380,4,1721.281,457.545,75.306,209.368,0.610696,-1,-1,-1
380,20,955.305,37.337,60.176,175.361,0.306180,-1,-1,-1
380,9,585.465,562.999,97.092,250.803,0.199987,-1,-1,-1
380,18,542.248,975.552,89.977,105.549,0.608105,-1,-1,-1
380,21,1092.170,450.499,68.335,199.359,0.602262,-1,-1,-1
380,8,339.256,538.245,84.658,227.224,0.702549,-1,-1,-1
380,19,450.282,558.934,69.991,231.561,0.731358,-1,-1,-1
380,25,450.650,300.360,67.854,205.754,0.591520,-1,-1,-1
381,3,977.673,908.899,82.856,171.501,0.704455,-1,-1,-1
381,4,1720.902,457.371,75.249,209.488,0.632424,-1,-1,-1
381,20,956.017,34.811,59.852,176.192,0.320656,-1,-1,-1
381,9,592.458,563.247,91.985,242.502,0.320870,-1,-1,-1
381,18,544.635,978.273,88.262,102.815,0.608127,-1,-1,-1
381,21,1094.313,450.670,67.968,198.593,0.668812,-1,-1,-1
381,8,337.120,538.925,86.472,232.549,0.754743,-1,-1,-1
381,19,449.105,561.845,70.417,233.757,0.734728,-1,-1,-1
381,25,450.971,298.746,67.180,203.091,0.631210,-1,-1,-1
382,3,978.075,908.165,83.178,171.834,0.719337,-1,-1,-1
382,4,1720.414,457.732,74.850,208.415,0.600548,-1,-1,-1
382,20,957.221,33.863,59.016,175.046,0.369997,-1,-1,-1
382,9,598.110,564.439,89.569,241.607,0.227518,-1,-1,-1
382,18,547.540,981.426,86.078,99.649,0.599425,-1,-1,-1
382,21,1096.099,450.251,68.184,199.608,0.666734,-1,-1,-1
382,8,335.826,540.260,86.979,234.846,0.780389,-1,-1,-1
382,19,448.132,563.195,70.673,235.240,0.742933,-1,-1,-1
382,25,451.458,295.886,67.418,202.989,0.623277,-1,-1,-1
383,3,979.015,907.302,83.323,172.293,0.695040,-1,-1,-1
383,4,1720.200,457.539,74.977,209.168,0.600607,-1,-1,-1
383,20,958.767,32.733,57.870,173.005,0.390174,-1,-1,-1
383,9,603.372,563.469,86.472,238.005,0.239147,-1,-1,-1
383,18,551.735,988.680,80.809,92.383,0.585892,-1,-1,-1
383,21,1098.692,450.384,67.831,198.620,0.657977,-1,-1,-1
383,8,334.827,541.185,86.858,235.221,0.779700,-1,-1,-1
383,19,447.432,563.000,71.214,236.898,0.765787,-1,-1,-1
383,25,451.901,293.078,67.958,203.578,0.580189,-1,-1,-1
384,3,979.912,907.069,83.422,172.593,0.698436,-1,-1,-1
384,4,1719.869,457.753,74.436,208.519,0.585582,-1,-1,-1
384,20,958.552,31.550,57.745,173.465,0.327662,-1,-1,-1
384,9,605.403,560.575,83.323,234.066,0.285602,-1,-1,-1
384,18,556.199,993.683,77.519,87.370,0.577729,-1,-1,-1
384,21,1101.871,453.890,67.877,197.698,0.648085,-1,-1,-1
384,8,333.879,541.833,86.961,236.914,0.774785,-1,-1,-1
384,19,446.003,565.084,71.115,235.798,0.771375,-1,-1,-1
384,25,451.815,290.972,68.790,205.113,0.601201,-1,-1,-1
385,3,980.615,906.680,83.362,172.938,0.708933,-1,-1,-1
385,4,1719.308,457.908,74.148,208.203,0.648637,-1,-1,-1
385,20,958.186,31.461,57.403,172.440,0.354460,-1,-1,-1
385,18,559.917,998.237,74.783,82.807,0.566815,-1,-1,-1
385,21,1104.662,455.226,68.932,199.645,0.582137,-1,-1,-1
385,8,333.128,542.571,87.216,238.646,0.768615,-1,-1,-1
385,19,445.354,565.464,71.363,236.206,0.767424,-1,-1,-1
385,25,450.383,289.797,69.891,206.927,0.565091,-1,-1,-1
386,3,981.561,906.031,83.103,173.343,0.675886,-1,-1,-1
386,4,1719.801,458.268,73.813,207.621,0.598537,-1,-1,-1
386,20,956.520,30.475,57.579,172.258,0.337094,-1,-1,-1
386,18,564.707,1002.920,72.017,78.117,0.511860,-1,-1,-1
386,21,1109.187,456.918,69.360,200.038,0.533605,-1,-1,-1
386,8,332.525,544.842,87.253,239.025,0.744233,-1,-1,-1
386,19,443.940,566.414,71.391,235.933,0.752051,-1,-1,-1
386,25,449.437,288.848,70.931,207.961,0.569013,-1,-1,-1
387,3,982.671,905.518,82.576,173.385,0.660764,-1,-1,-1
387,4,1720.019,459.063,73.452,206.724,0.550825,-1,-1,-1
387,20,956.296,30.522,57.566,171.544,0.324362,-1,-1,-1
387,18,568.240,1006.557,70.268,74.473,0.501177,-1,-1,-1
387,21,1113.266,459.133,70.198,199.488,0.517605,-1,-1,-1
387,8,331.505,546.461,88.347,242.600,0.747485,-1,-1,-1
387,19,441.921,566.660,71.365,236.062,0.745717,-1,-1,-1
387,25,449.458,288.654,71.813,208.146,0.578856,-1,-1,-1
388,3,983.451,905.254,82.409,173.778,0.620219,-1,-1,-1
388,4,1719.846,458.482,73.426,207.081,0.545595,-1,-1,-1
388,20,956.292,30.307,57.655,171.869,0.344514,-1,-1,-1
388,18,571.644,1011.122,67.751,69.903,0.446397,-1,-1,-1
388,21,1115.834,462.749,71.213,198.635,0.545100,-1,-1,-1
388,8,329.296,550.166,89.641,246.232,0.758525,-1,-1,-1
388,19,440.458,568.218,71.027,234.975,0.746099,-1,-1,-1
388,25,449.101,288.209,72.758,208.491,0.592535,-1,-1,-1
389,3,984.310,905.405,82.221,173.735,0.653589,-1,-1,-1
389,4,1720.267,458.468,73.624,208.093,0.555159,-1,-1,-1
389,20,955.292,30.031,57.802,172.042,0.347093,-1,-1,-1
389,18,573.797,1014.144,66.638,66.877,0.430867,-1,-1,-1
389,21,1118.811,464.465,73.296,200.380,0.479958,-1,-1,-1
389,8,327.955,552.715,89.820,246.185,0.775635,-1,-1,-1
389,19,439.406,569.169,70.851,233.586,0.765057,-1,-1,-1
389,25,448.002,287.732,73.801,208.959,0.610791,-1,-1,-1
390,3,984.518,905.296,82.178,173.754,0.617405,-1,-1,-1
390,4,1720.122,457.890,73.618,208.719,0.549200,-1,-1,-1
390,20,955.576,29.358,57.876,172.993,0.358718,-1,-1,-1
390,18,576.663,1016.811,65.784,64.206,0.386448,-1,-1,-1
390,21,1122.467,465.616,74.263,201.360,0.475718,-1,-1,-1
390,8,325.913,554.591,89.808,245.838,0.791156,-1,-1,-1
390,19,438.302,570.227,70.770,232.430,0.776649,-1,-1,-1
390,25,447.298,287.589,74.624,209.100,0.638179,-1,-1,-1
391,3,983.654,905.524,82.497,174.426,0.616579,-1,-1,-1
391,4,1720.154,457.812,73.979,210.053,0.562492,-1,-1,-1
391,20,954.912,29.241,57.847,172.573,0.409874,-1,-1,-1
391,18,579.549,1018.365,65.861,62.418,0.388233,-1,-1,-1
391,21,1124.790,466.893,74.849,201.955,0.445338,-1,-1,-1
391,8,324.290,557.070,89.988,245.829,0.792009,-1,-1,-1
391,19,437.142,572.842,70.530,230.221,0.802031,-1,-1,-1
391,25,447.068,285.973,75.320,209.281,0.637573,-1,-1,-1
392,3,983.209,905.755,82.464,173.807,0.670987,-1,-1,-1
392,4,1721.196,457.813,73.528,209.405,0.586237,-1,-1,-1
392,20,955.122,29.024,57.789,172.478,0.394584,-1,-1,-1
392,18,580.616,1018.568,67.548,62.364,0.401790,-1,-1,-1
392,21,1128.817,468.630,74.059,199.718,0.512225,-1,-1,-1
392,8,322.619,558.327,90.878,247.596,0.802350,-1,-1,-1
392,19,436.231,574.769,70.881,229.984,0.810391,-1,-1,-1
392,25,446.947,284.078,76.066,210.443,0.666930,-1,-1,-1
392,26,923.745,529.395,71.907,209.271,0.607564,-1,-1,-1
393,3,982.932,906.440,82.286,172.862,0.683049,-1,-1,-1
393,4,1721.611,457.676,73.402,209.729,0.585355,-1,-1,-1
393,20,954.857,29.460,57.824,172.500,0.386231,-1,-1,-1
393,18,582.250,1019.051,68.703,61.932,0.423828,-1,-1,-1
393,21,1132.359,468.140,74.323,201.295,0.516496,-1,-1,-1
393,8,321.654,560.429,91.316,247.851,0.795793,-1,-1,-1
393,19,434.809,577.409,71.340,230.649,0.817076,-1,-1,-1
393,25,447.521,281.082,76.516,211.608,0.661987,-1,-1,-1
393,26,925.364,530.193,72.350,210.536,0.658183,-1,-1,-1
394,3,983.249,907.378,81.933,171.713,0.681454,-1,-1,-1
394,4,1720.777,457.305,73.513,210.603,0.581111,-1,-1,-1
394,20,955.429,30.465,57.514,171.722,0.383027,-1,-1,-1
394,18,583.789,1019.518,69.920,61.482,0.442500,-1,-1,-1
394,21,1136.984,468.471,73.908,201.693,0.534248,-1,-1,-1
394,8,321.049,561.768,91.548,247.960,0.791125,-1,-1,-1
394,19,433.588,580.182,71.340,230.500,0.799974,-1,-1,-1
394,25,448.437,278.753,76.520,212.065,0.672394,-1,-1,-1
394,26,926.323,526.161,73.125,213.047,0.661645,-1,-1,-1
395,3,983.818,907.686,82.002,171.358,0.667054,-1,-1,-1
395,4,1720.650,457.096,73.537,211.394,0.582984,-1,-1,-1
395,20,954.872,29.523,57.653,172.636,0.405167,-1,-1,-1
395,18,585.090,1020.941,70.090,60.066,0.402366,-1,-1,-1
395,21,1140.375,469.849,73.380,200.986,0.443084,-1,-1,-1
395,8,319.362,562.154,91.832,248.807,0.787522,-1,-1,-1
395,19,432.320,583.529,71.554,231.563,0.792047,-1,-1,-1
395,25,449.626,276.751,75.770,210.535,0.657163,-1,-1,-1
395,26,928.129,525.808,72.946,212.523,0.675990,-1,-1,-1
396,3,983.808,908.454,81.980,170.672,0.685758,-1,-1,-1
396,4,1721.125,458.237,72.882,209.749,0.623230,-1,-1,-1
396,20,954.482,29.692,57.458,172.000,0.437290,-1,-1,-1
396,18,587.455,1024.429,67.927,56.578,0.267607,-1,-1,-1
396,21,1145.225,470.138,72.608,199.871,0.484909,-1,-1,-1
396,8,316.854,563.329,91.492,248.950,0.787481,-1,-1,-1
396,19,431.433,586.115,71.419,231.240,0.776011,-1,-1,-1
396,25,450.631,275.055,74.411,207.325,0.675171,-1,-1,-1
396,26,929.229,526.551,72.831,212.319,0.693102,-1,-1,-1
397,3,983.692,909.052,82.143,170.360,0.702151,-1,-1,-1
397,4,1721.309,458.626,72.758,209.376,0.630148,-1,-1,-1
397,20,954.087,29.642,57.035,170.720,0.421918,-1,-1,-1
397,18,589.468,1028.358,64.224,52.650,0.214257,-1,-1,-1
397,21,1148.748,472.444,71.801,197.862,0.475584,-1,-1,-1
397,8,314.807,563.642,91.143,249.466,0.792976,-1,-1,-1
397,19,430.382,588.440,71.308,231.442,0.771303,-1,-1,-1
397,25,451.903,273.104,72.844,203.440,0.685475,-1,-1,-1
397,26,930.409,528.158,72.074,209.991,0.686780,-1,-1,-1
397,27,858.367,520.468,65.514,209.497,0.617864,-1,-1,-1
398,3,983.678,909.193,82.135,170.309,0.721366,-1,-1,-1
398,4,1721.329,459.475,72.502,208.534,0.591211,-1,-1,-1
398,20,954.383,30.153,56.629,169.692,0.431504,-1,-1,-1
398,18,594.553,1032.818,58.551,48.188,0.221304,-1,-1,-1
398,21,1152.735,471.282,72.570,199.570,0.529542,-1,-1,-1
398,8,312.715,564.299,90.450,248.988,0.789302,-1,-1,-1
398,19,428.469,590.113,71.730,234.920,0.751087,-1,-1,-1
398,25,452.586,271.356,72.118,201.146,0.663563,-1,-1,-1
398,26,931.804,530.842,70.914,207.039,0.650961,-1,-1,-1
398,27,857.990,520.252,69.541,222.319,0.606760,-1,-1,-1
399,3,983.999,909.529,82.338,170.969,0.731082,-1,-1,-1
399,4,1721.483,459.593,72.383,208.254,0.576705,-1,-1,-1
399,20,953.919,30.044,56.087,168.210,0.441236,-1,-1,-1
399,18,597.297,1037.810,51.868,43.194,0.225550,-1,-1,-1
399,21,1156.031,469.173,74.266,204.143,0.575637,-1,-1,-1
399,8,311.486,564.739,89.447,247.425,0.783812,-1,-1,-1
399,19,427.595,592.064,71.634,236.374,0.753526,-1,-1,-1
399,25,453.526,268.433,72.500,202.130,0.644509,-1,-1,-1
399,26,933.450,532.183,70.550,206.177,0.666026,-1,-1,-1
399,27,858.500,520.945,70.078,223.757,0.608438,-1,-1,-1
400,3,984.672,910.247,81.893,170.306,0.724605,-1,-1,-1
400,4,1721.408,458.976,72.380,208.332,0.543650,-1,-1,-1
400,20,953.012,28.460,56.246,168.570,0.443799,-1,-1,-1
400,21,1158.634,470.972,74.546,205.362,0.575072,-1,-1,-1
400,8,311.112,566.126,87.945,244.217,0.786304,-1,-1,-1
400,19,426.797,593.667,71.266,237.070,0.766387,-1,-1,-1
400,25,453.667,267.253,72.836,202.821,0.644380,-1,-1,-1
400,26,933.062,533.884,70.626,206.090,0.648439,-1,-1,-1
400,27,859.049,521.937,70.619,225.229,0.605464,-1,-1,-1
401,3,984.294,911.571,81.025,168.953,0.707673,-1,-1,-1
401,4,1721.192,457.825,72.630,209.831,0.508182,-1,-1,-1
401,20,952.409,26.165,56.571,169.386,0.478747,-1,-1,-1
401,21,1162.781,472.228,74.773,206.887,0.603189,-1,-1,-1
401,8,310.500,567.639,86.536,240.347,0.784983,-1,-1,-1
401,19,426.579,594.918,70.924,237.361,0.753596,-1,-1,-1
401,25,453.620,266.649,73.108,202.853,0.643162,-1,-1,-1
401,26,935.051,535.690,70.519,206.161,0.657369,-1,-1,-1
401,27,858.955,521.860,71.715,228.454,0.610952,-1,-1,-1
402,3,984.701,913.047,80.094,167.719,0.704104,-1,-1,-1
402,4,1721.317,456.929,72.854,210.905,0.520093,-1,-1,-1
402,20,951.704,23.460,56.963,170.188,0.437017,-1,-1,-1
402,21,1167.620,475.406,73.445,202.069,0.543252,-1,-1,-1
402,8,309.397,569.400,86.688,240.594,0.781527,-1,-1,-1
402,19,426.312,596.108,70.289,236.841,0.749558,-1,-1,-1
402,25,453.903,265.928,73.703,203.975,0.636791,-1,-1,-1
402,26,935.654,537.037,71.215,208.247,0.637555,-1,-1,-1
402,27,858.814,522.914,72.049,228.969,0.605788,-1,-1,-1
403,3,984.676,914.461,78.926,165.945,0.716109,-1,-1,-1
403,4,1722.097,459.467,72.109,208.825,0.506771,-1,-1,-1
403,20,952.052,22.724,55.544,165.364,0.412438,-1,-1,-1
403,21,1171.958,479.330,72.752,199.214,0.375057,-1,-1,-1
403,8,307.526,571.875,87.444,243.505,0.780306,-1,-1,-1
403,19,425.433,597.359,69.672,236.354,0.742037,-1,-1,-1
403,25,454.261,265.634,74.090,204.534,0.643884,-1,-1,-1
403,26,935.723,538.804,71.020,207.163,0.635107,-1,-1,-1
403,27,859.470,523.684,72.137,228.494,0.641533,-1,-1,-1
404,3,984.935,916.374,77.658,164.000,0.695859,-1,-1,-1
404,4,1722.078,460.668,71.593,207.501,0.449507,-1,-1,-1
404,20,951.719,21.717,55.062,163.908,0.386103,-1,-1,-1
404,21,1175.128,482.891,73.477,199.685,0.473348,-1,-1,-1
404,8,306.217,574.756,87.805,245.633,0.779876,-1,-1,-1
404,19,424.854,598.185,69.172,235.563,0.729929,-1,-1,-1
404,25,454.375,264.789,74.669,206.214,0.660944,-1,-1,-1
404,26,934.550,540.671,72.325,211.067,0.611899,-1,-1,-1
404,27,859.888,523.975,72.210,227.870,0.650569,-1,-1,-1
405,3,985.104,918.656,76.276,161.602,0.697382,-1,-1,-1
405,4,1722.808,458.524,72.128,208.736,0.462079,-1,-1,-1
405,20,951.508,21.125,53.965,160.759,0.381254,-1,-1,-1
405,21,1177.231,484.798,74.531,200.757,0.542498,-1,-1,-1
405,8,304.582,576.592,88.132,248.230,0.770326,-1,-1,-1
405,19,423.375,599.489,68.852,234.536,0.747575,-1,-1,-1
405,25,454.484,264.437,74.723,206.122,0.671478,-1,-1,-1
405,26,935.319,542.131,72.806,213.226,0.642327,-1,-1,-1
405,27,861.730,524.720,72.697,228.012,0.671165,-1,-1,-1
406,3,984.907,919.807,75.738,160.437,0.710287,-1,-1,-1
406,4,1723.457,458.167,72.428,209.115,0.489846,-1,-1,-1
406,20,951.775,20.153,53.649,160.187,0.390466,-1,-1,-1
406,21,1180.570,486.838,75.784,203.074,0.450447,-1,-1,-1
406,8,303.665,578.587,87.955,249.468,0.753656,-1,-1,-1
406,19,421.713,601.181,68.389,232.649,0.734661,-1,-1,-1
406,25,454.991,263.871,74.564,204.611,0.659747,-1,-1,-1
406,26,934.794,544.627,73.177,213.745,0.661467,-1,-1,-1
406,27,863.020,526.563,73.061,227.764,0.686337,-1,-1,-1
407,3,984.426,921.368,74.947,158.582,0.698145,-1,-1,-1
407,4,1723.949,459.476,72.193,207.604,0.446924,-1,-1,-1
407,20,951.068,19.170,53.785,160.425,0.366518,-1,-1,-1
407,21,1183.884,488.053,75.815,202.601,0.358449,-1,-1,-1
407,8,303.125,580.852,87.149,248.827,0.758912,-1,-1,-1
407,19,419.259,601.692,68.024,231.813,0.757141,-1,-1,-1
407,25,455.548,263.596,74.546,203.983,0.677971,-1,-1,-1
407,26,934.089,546.615,73.820,216.157,0.685306,-1,-1,-1
407,27,861.239,527.216,75.508,234.457,0.643692,-1,-1,-1
408,3,984.202,923.453,73.812,155.612,0.711551,-1,-1,-1
408,4,1722.550,457.287,73.184,210.828,0.458156,-1,-1,-1
408,20,950.855,20.453,53.804,160.317,0.359846,-1,-1,-1
408,21,1187.389,488.151,76.248,204.471,0.429079,-1,-1,-1
408,8,301.745,583.766,86.975,249.944,0.755654,-1,-1,-1
408,19,418.797,604.473,68.004,230.855,0.763648,-1,-1,-1
408,25,455.742,262.279,75.021,204.936,0.679183,-1,-1,-1
408,26,933.246,548.338,73.551,215.012,0.693601,-1,-1,-1
408,27,861.140,528.103,76.839,238.314,0.662260,-1,-1,-1
409,3,984.026,925.014,73.363,153.903,0.688137,-1,-1,-1
409,4,1721.987,454.945,73.667,212.839,0.524949,-1,-1,-1
409,20,951.267,20.113,53.767,160.773,0.386022,-1,-1,-1
409,21,1193.898,488.573,75.390,204.190,0.469757,-1,-1,-1
409,8,300.362,586.202,86.539,250.254,0.766715,-1,-1,-1
409,19,417.424,608.503,68.291,231.137,0.762903,-1,-1,-1
409,25,457.157,261.116,74.452,203.434,0.662109,-1,-1,-1
409,26,933.944,549.853,72.975,213.268,0.686970,-1,-1,-1
409,27,861.595,530.688,77.674,240.594,0.632156,-1,-1,-1
410,3,983.789,926.200,73.081,152.599,0.690648,-1,-1,-1
410,4,1721.682,451.896,74.462,216.167,0.546139,-1,-1,-1
410,20,950.647,20.174,54.036,161.374,0.401146,-1,-1,-1
410,21,1200.795,489.393,73.629,202.963,0.473004,-1,-1,-1
410,8,298.155,587.547,86.716,251.295,0.794506,-1,-1,-1
410,19,415.440,610.719,69.001,233.549,0.729460,-1,-1,-1
410,25,458.629,260.241,73.358,200.490,0.666661,-1,-1,-1
410,26,934.569,551.626,72.561,212.479,0.703213,-1,-1,-1
410,27,860.729,533.184,78.260,243.168,0.634134,-1,-1,-1
411,3,983.186,926.807,73.256,151.732,0.689531,-1,-1,-1
411,4,1721.451,450.365,74.976,218.619,0.537736,-1,-1,-1
411,20,950.386,19.474,53.943,161.465,0.355032,-1,-1,-1
411,21,1205.403,488.501,73.397,204.994,0.423811,-1,-1,-1
411,8,296.726,588.864,86.031,250.143,0.797037,-1,-1,-1
411,19,413.445,613.409,69.093,233.849,0.707224,-1,-1,-1
411,25,459.149,258.475,72.364,197.634,0.678579,-1,-1,-1
411,26,934.740,552.541,71.993,211.190,0.687602,-1,-1,-1
411,27,861.137,535.962,78.038,244.090,0.657795,-1,-1,-1
412,3,982.848,926.937,74.134,152.024,0.705377,-1,-1,-1
412,4,1721.544,449.376,74.993,219.569,0.573109,-1,-1,-1
412,20,951.032,19.883,54.690,164.035,0.370207,-1,-1,-1
412,21,1209.032,488.016,72.816,205.681,0.511018,-1,-1,-1
412,8,295.096,589.525,85.438,249.381,0.799385,-1,-1,-1
412,19,409.630,615.387,69.834,235.540,0.728303,-1,-1,-1
412,25,458.556,255.660,72.443,197.521,0.656254,-1,-1,-1
412,26,935.949,553.987,71.270,209.970,0.672050,-1,-1,-1
412,27,862.416,538.789,76.125,238.619,0.655367,-1,-1,-1
413,3,982.562,927.916,74.403,150.685,0.695431,-1,-1,-1
413,4,1722.405,451.204,74.222,217.944,0.549505,-1,-1,-1
413,20,950.450,19.699,55.405,166.020,0.372218,-1,-1,-1
413,21,1214.045,494.203,70.116,199.983,0.586592,-1,-1,-1
413,8,293.366,590.902,84.872,247.737,0.789378,-1,-1,-1
413,19,408.097,617.427,69.930,235.376,0.738913,-1,-1,-1
413,25,457.793,252.904,72.856,198.403,0.653790,-1,-1,-1
413,26,937.498,554.438,70.807,209.570,0.648027,-1,-1,-1
413,27,862.956,540.540,76.083,239.900,0.642390,-1,-1,-1
414,3,982.332,928.401,75.103,150.100,0.703952,-1,-1,-1
414,4,1722.792,456.908,72.372,212.448,0.477997,-1,-1,-1
414,20,949.838,17.694,55.252,166.091,0.382428,-1,-1,-1
414,21,1219.117,489.394,71.287,204.780,0.525438,-1,-1,-1
414,8,292.245,591.462,84.716,247.350,0.782035,-1,-1,-1
414,19,407.107,619.394,70.216,236.165,0.724756,-1,-1,-1
414,25,455.987,250.459,73.786,200.415,0.662893,-1,-1,-1
414,26,936.068,556.641,70.535,206.530,0.670007,-1,-1,-1
414,27,863.320,541.701,76.303,242.673,0.648080,-1,-1,-1
415,3,983.047,929.504,75.699,148.934,0.724920,-1,-1,-1
415,4,1722.911,453.911,73.189,215.092,0.494612,-1,-1,-1
415,20,949.869,15.292,55.311,167.484,0.340878,-1,-1,-1
415,21,1223.173,493.894,70.638,202.414,0.582484,-1,-1,-1
415,8,291.344,592.993,84.253,245.817,0.781640,-1,-1,-1
415,19,405.030,621.014,70.672,237.676,0.721055,-1,-1,-1
415,25,454.821,249.927,73.949,199.319,0.619483,-1,-1,-1
415,26,936.740,558.151,70.952,205.651,0.642042,-1,-1,-1
415,27,864.011,543.190,76.080,244.022,0.630623,-1,-1,-1
416,3,982.710,929.935,76.691,148.499,0.730304,-1,-1,-1
416,4,1722.831,453.442,73.331,215.193,0.478134,-1,-1,-1
416,20,949.776,14.786,54.906,167.622,0.293238,-1,-1,-1
416,21,1229.027,490.886,72.680,206.586,0.421415,-1,-1,-1
416,8,291.324,594.118,83.467,243.349,0.790686,-1,-1,-1
416,19,403.209,622.318,70.974,238.135,0.739452,-1,-1,-1
416,25,453.364,249.670,74.471,198.929,0.600949,-1,-1,-1
416,26,937.189,559.680,71.652,206.289,0.642994,-1,-1,-1
416,27,864.539,544.232,75.317,243.521,0.603422,-1,-1,-1
417,3,982.683,930.914,77.334,147.400,0.710673,-1,-1,-1
417,4,1722.363,455.318,72.754,213.565,0.482993,-1,-1,-1
417,20,949.479,13.789,55.072,169.056,0.302774,-1,-1,-1
417,21,1234.665,491.860,74.299,207.906,0.525697,-1,-1,-1
417,8,291.202,596.529,82.963,241.030,0.769258,-1,-1,-1
417,19,401.317,624.584,70.589,235.569,0.741298,-1,-1,-1
417,25,451.804,250.406,74.920,197.950,0.597974,-1,-1,-1
417,26,938.002,561.803,71.653,204.509,0.616347,-1,-1,-1
417,27,865.929,545.390,71.569,232.503,0.560492,-1,-1,-1
418,3,982.207,931.569,78.455,147.027,0.707392,-1,-1,-1
418,4,1721.801,454.856,73.093,214.446,0.468959,-1,-1,-1
418,20,948.906,12.735,55.024,169.402,0.328447,-1,-1,-1
418,21,1237.927,492.003,76.948,210.768,0.541636,-1,-1,-1
418,8,290.476,598.242,83.354,241.488,0.782654,-1,-1,-1
418,19,398.528,625.019,70.925,235.614,0.780954,-1,-1,-1
418,25,450.452,250.296,75.884,198.377,0.549722,-1,-1,-1
418,26,939.125,563.338,72.169,204.986,0.601027,-1,-1,-1
418,27,867.881,546.808,68.254,221.295,0.514887,-1,-1,-1
419,3,981.788,932.304,79.490,146.265,0.716405,-1,-1,-1
419,4,1721.253,450.631,74.303,218.494,0.530495,-1,-1,-1
419,20,948.810,10.278,56.051,172.951,0.367299,-1,-1,-1
419,21,1239.185,493.781,78.676,211.473,0.478735,-1,-1,-1
419,8,289.532,600.231,84.499,244.342,0.787328,-1,-1,-1
419,19,396.133,624.997,71.297,236.150,0.793894,-1,-1,-1
419,25,450.036,250.085,76.767,198.959,0.546619,-1,-1,-1
419,26,941.394,564.984,73.772,211.187,0.548558,-1,-1,-1
419,27,869.278,547.670,66.763,215.717,0.541209,-1,-1,-1
420,3,981.819,932.453,81.004,146.394,0.700972,-1,-1,-1
420,4,1722.531,450.564,73.747,216.872,0.498986,-1,-1,-1
420,20,949.086,10.145,55.331,171.566,0.383770,-1,-1,-1
420,21,1238.414,492.671,81.147,215.787,0.416755,-1,-1,-1
420,8,288.509,602.021,85.720,247.839,0.778240,-1,-1,-1
420,19,394.663,625.748,71.559,235.835,0.786298,-1,-1,-1
420,25,450.443,249.792,77.136,198.633,0.525462,-1,-1,-1
420,26,943.288,568.092,73.429,211.105,0.534048,-1,-1,-1
420,27,869.773,547.015,67.454,217.299,0.559091,-1,-1,-1
421,3,981.273,933.036,82.034,146.074,0.708459,-1,-1,-1
421,4,1723.432,455.222,72.987,214.022,0.489280,-1,-1,-1
421,20,949.893,9.481,55.165,171.261,0.388403,-1,-1,-1
421,21,1240.748,498.168,81.238,212.446,0.386153,-1,-1,-1
421,8,287.304,603.764,87.292,252.244,0.764085,-1,-1,-1
421,19,393.253,626.234,71.821,235.586,0.787526,-1,-1,-1
421,25,449.459,248.117,78.043,199.345,0.585456,-1,-1,-1
421,26,944.927,571.804,73.493,212.151,0.453356,-1,-1,-1
421,27,869.972,547.861,68.241,218.795,0.520044,-1,-1,-1
422,3,980.939,932.718,83.226,146.417,0.721010,-1,-1,-1
422,4,1723.131,459.188,71.420,208.547,0.526102,-1,-1,-1
422,20,950.010,8.872,53.517,165.916,0.374653,-1,-1,-1
422,21,1244.983,501.955,80.704,208.733,0.387091,-1,-1,-1
422,8,286.740,605.612,89.131,256.645,0.747030,-1,-1,-1
422,19,392.939,628.061,71.615,233.408,0.781447,-1,-1,-1
422,25,448.908,246.303,78.688,200.903,0.608236,-1,-1,-1
422,26,946.460,575.293,72.273,210.015,0.553073,-1,-1,-1
422,27,870.492,549.782,69.878,223.678,0.437876,-1,-1,-1
423,3,981.213,932.309,84.216,146.567,0.695779,-1,-1,-1
423,4,1723.099,459.809,71.370,207.695,0.545802,-1,-1,-1
423,20,949.790,8.153,53.021,163.615,0.381372,-1,-1,-1
423,21,1251.639,506.069,79.519,204.564,0.295217,-1,-1,-1
423,8,286.923,608.086,89.834,257.701,0.740463,-1,-1,-1
423,19,391.899,630.493,71.975,233.143,0.780764,-1,-1,-1
423,25,448.472,244.247,78.804,201.413,0.594131,-1,-1,-1
423,26,947.176,577.351,71.786,209.459,0.557907,-1,-1,-1
423,27,876.269,550.550,56.700,171.996,0.362418,-1,-1,-1
424,3,981.313,932.737,84.694,146.055,0.709345,-1,-1,-1
424,4,1723.137,461.743,71.128,206.171,0.556153,-1,-1,-1
424,20,948.471,7.483,53.577,164.327,0.419231,-1,-1,-1
424,21,1256.344,506.018,80.513,206.733,0.283114,-1,-1,-1
424,8,286.316,610.394,89.918,257.401,0.751352,-1,-1,-1
424,19,390.555,632.783,73.576,235.397,0.780824,-1,-1,-1
424,25,447.835,243.546,78.671,201.694,0.597195,-1,-1,-1
424,26,948.282,579.035,71.646,209.225,0.591339,-1,-1,-1
424,27,871.223,551.978,68.574,208.113,0.386802,-1,-1,-1
424,28,739.291,561.161,68.080,230.896,0.661819,-1,-1,-1
425,3,982.151,932.860,85.369,146.133,0.697513,-1,-1,-1
425,4,1722.734,461.458,71.660,207.005,0.544733,-1,-1,-1
425,20,947.046,6.442,54.114,164.148,0.389808,-1,-1,-1
425,21,1261.047,503.912,81.262,208.701,0.200019,-1,-1,-1
425,8,285.867,612.348,90.666,258.695,0.728094,-1,-1,-1
425,19,388.999,634.503,74.923,237.386,0.759669,-1,-1,-1
425,25,447.360,240.923,78.603,202.253,0.636073,-1,-1,-1
425,26,949.661,578.154,71.747,208.358,0.578134,-1,-1,-1
425,27,876.439,553.004,58.264,168.613,0.348181,-1,-1,-1
425,28,742.239,560.414,69.745,236.076,0.625094,-1,-1,-1
426,3,983.155,932.915,86.152,146.508,0.712027,-1,-1,-1
426,4,1723.310,461.177,72.139,207.328,0.563525,-1,-1,-1
426,20,946.114,5.820,54.971,165.123,0.424452,-1,-1,-1
426,21,1266.937,505.537,78.962,204.964,0.330222,-1,-1,-1
426,8,285.302,614.576,90.889,259.006,0.722691,-1,-1,-1
426,19,387.689,636.383,75.853,238.601,0.730731,-1,-1,-1
426,25,447.363,238.924,77.305,199.459,0.627341,-1,-1,-1
426,26,950.621,578.541,72.061,208.115,0.622287,-1,-1,-1
426,27,871.593,556.164,70.899,205.542,0.485672,-1,-1,-1
426,28,744.848,560.806,70.882,239.159,0.626860,-1,-1,-1
427,3,983.870,932.061,87.198,147.669,0.706688,-1,-1,-1
427,4,1722.362,462.713,72.044,206.051,0.542364,-1,-1,-1
427,20,945.528,5.434,55.582,165.579,0.408763,-1,-1,-1
427,21,1277.666,504.833,74.439,196.917,0.300924,-1,-1,-1
427,8,284.351,616.101,91.467,259.820,0.704888,-1,-1,-1
427,19,388.025,638.753,77.543,240.370,0.681418,-1,-1,-1
427,25,447.953,237.945,75.931,196.173,0.614779,-1,-1,-1
427,26,951.910,579.300,72.671,208.897,0.607039,-1,-1,-1
427,27,870.475,558.156,74.658,217.090,0.528608,-1,-1,-1
427,28,746.449,561.172,72.153,242.660,0.561100,-1,-1,-1
428,3,984.707,931.371,88.005,148.424,0.725778,-1,-1,-1
428,4,1721.180,463.505,72.261,205.007,0.527233,-1,-1,-1
428,20,945.413,4.686,56.191,166.500,0.371830,-1,-1,-1
428,21,1282.379,503.269,77.119,208.381,0.402056,-1,-1,-1
428,8,283.724,618.664,91.643,259.347,0.702759,-1,-1,-1
428,19,383.771,642.282,76.643,238.348,0.722250,-1,-1,-1
428,25,448.289,236.020,74.967,193.883,0.639056,-1,-1,-1
428,26,953.539,579.760,73.263,210.154,0.646834,-1,-1,-1
428,27,870.638,561.011,77.661,226.602,0.600659,-1,-1,-1
428,28,749.869,562.310,72.966,243.808,0.601861,-1,-1,-1
429,3,985.561,931.384,88.242,148.381,0.732201,-1,-1,-1
429,4,1721.788,462.492,73.305,206.883,0.546966,-1,-1,-1
429,20,944.784,4.502,56.699,167.217,0.372517,-1,-1,-1
429,21,1285.112,505.953,76.176,208.491,0.399787,-1,-1,-1
429,8,282.953,619.415,91.335,257.273,0.723330,-1,-1,-1
429,19,381.491,645.174,76.245,238.133,0.713205,-1,-1,-1
429,25,448.116,235.118,74.557,192.540,0.597389,-1,-1,-1
429,26,955.548,580.614,73.118,209.965,0.648822,-1,-1,-1
429,27,871.719,563.847,77.413,226.089,0.640976,-1,-1,-1
429,28,753.308,563.216,74.632,247.432,0.667078,-1,-1,-1
430,3,987.575,930.771,88.391,148.903,0.707020,-1,-1,-1
430,4,1722.998,464.971,72.626,203.754,0.522179,-1,-1,-1
430,20,944.673,4.408,57.020,167.579,0.314731,-1,-1,-1
430,21,1290.017,517.072,71.958,196.906,0.378886,-1,-1,-1
430,8,281.558,621.230,91.172,256.176,0.724232,-1,-1,-1
430,19,378.755,647.706,76.651,240.917,0.708659,-1,-1,-1
430,25,447.554,233.335,74.879,193.129,0.561017,-1,-1,-1
430,26,957.799,581.914,72.672,208.174,0.630990,-1,-1,-1
430,27,872.516,565.507,77.381,226.436,0.590163,-1,-1,-1
430,28,756.532,564.196,75.105,246.429,0.675496,-1,-1,-1
431,3,988.816,930.027,88.503,149.581,0.696204,-1,-1,-1
431,4,1722.866,463.496,73.473,206.740,0.538379,-1,-1,-1
431,20,944.731,4.495,57.146,167.547,0.373956,-1,-1,-1
431,8,281.381,622.579,90.772,254.626,0.754245,-1,-1,-1
431,19,376.947,649.773,76.222,240.478,0.741159,-1,-1,-1
431,25,446.566,231.588,75.214,193.983,0.568022,-1,-1,-1
431,26,959.909,583.005,72.211,207.081,0.615729,-1,-1,-1
431,27,873.280,567.547,77.429,226.421,0.615483,-1,-1,-1
431,28,758.858,564.512,75.703,245.801,0.696815,-1,-1,-1
432,3,989.971,928.701,88.695,150.885,0.700191,-1,-1,-1
432,4,1722.548,463.403,73.196,206.184,0.563551,-1,-1,-1
432,20,944.965,4.986,57.629,168.482,0.358363,-1,-1,-1
432,8,280.904,624.175,90.098,252.005,0.741416,-1,-1,-1
432,19,376.671,651.303,75.747,239.446,0.733366,-1,-1,-1
432,25,445.718,229.562,75.876,195.805,0.581929,-1,-1,-1
432,26,961.158,584.119,72.265,207.174,0.627353,-1,-1,-1
432,27,873.854,570.060,76.977,225.700,0.610479,-1,-1,-1
432,28,760.201,565.249,76.726,246.676,0.727415,-1,-1,-1
433,3,991.543,928.720,88.093,150.653,0.687452,-1,-1,-1
433,4,1723.704,464.125,72.971,204.911,0.522687,-1,-1,-1
433,20,944.515,4.655,58.274,169.896,0.432041,-1,-1,-1
433,8,280.210,624.219,89.358,249.923,0.752030,-1,-1,-1
433,19,375.932,652.976,75.337,238.518,0.700760,-1,-1,-1
433,25,445.336,228.295,76.296,196.928,0.602696,-1,-1,-1
433,26,962.772,584.936,72.792,209.397,0.592572,-1,-1,-1
433,27,875.866,571.496,76.036,223.114,0.606513,-1,-1,-1
433,28,760.848,565.814,78.063,248.939,0.707869,-1,-1,-1
434,3,993.646,928.867,87.423,150.227,0.730756,-1,-1,-1
434,4,1724.720,465.343,72.383,203.238,0.474914,-1,-1,-1
434,20,944.048,4.467,58.294,169.936,0.426027,-1,-1,-1
434,8,279.813,625.085,88.946,248.658,0.739307,-1,-1,-1
434,19,374.811,654.007,75.274,237.691,0.725905,-1,-1,-1
434,25,445.398,227.427,76.536,197.919,0.597719,-1,-1,-1
434,26,963.727,586.902,73.228,211.019,0.602550,-1,-1,-1
434,27,878.417,572.528,75.732,222.762,0.603297,-1,-1,-1
434,28,761.411,567.108,78.766,249.572,0.727577,-1,-1,-1
435,3,995.491,927.872,87.417,151.145,0.707196,-1,-1,-1
435,4,1724.967,465.823,72.480,203.511,0.489452,-1,-1,-1
435,20,943.886,5.127,57.758,168.336,0.424812,-1,-1,-1
435,8,279.173,625.882,88.886,248.456,0.755115,-1,-1,-1
435,19,372.744,654.383,75.708,238.507,0.721718,-1,-1,-1
435,25,445.181,226.633,76.747,198.846,0.599826,-1,-1,-1
435,26,964.327,588.192,74.355,215.821,0.606238,-1,-1,-1
435,27,880.247,573.448,75.212,220.791,0.609578,-1,-1,-1
435,28,761.863,567.480,79.176,250.109,0.706357,-1,-1,-1
436,3,997.695,927.472,87.140,151.271,0.691768,-1,-1,-1
436,4,1725.551,466.966,71.890,201.818,0.464266,-1,-1,-1
436,20,943.935,4.082,57.889,169.116,0.433293,-1,-1,-1
436,8,277.756,626.730,89.681,250.925,0.762695,-1,-1,-1
436,19,370.576,655.099,75.612,237.815,0.730542,-1,-1,-1
436,25,444.950,225.954,76.974,199.913,0.623247,-1,-1,-1
436,26,965.527,589.064,75.640,221.622,0.618653,-1,-1,-1
436,27,882.089,574.656,72.925,213.017,0.629546,-1,-1,-1
436,28,762.080,567.753,79.529,250.928,0.686722,-1,-1,-1
437,3,999.625,926.349,87.414,152.407,0.714584,-1,-1,-1
437,4,1725.517,466.961,71.705,200.752,0.503559,-1,-1,-1
437,20,943.699,4.077,57.135,167.061,0.445856,-1,-1,-1
437,8,275.930,628.508,91.018,255.209,0.776295,-1,-1,-1
437,19,369.518,656.114,75.306,236.458,0.736690,-1,-1,-1
437,25,445.437,224.783,76.607,199.911,0.612136,-1,-1,-1
437,26,965.817,590.741,75.638,223.686,0.609423,-1,-1,-1
437,27,882.526,575.517,73.971,215.988,0.640200,-1,-1,-1
437,28,762.529,567.919,79.803,251.530,0.685510,-1,-1,-1
438,3,1002.509,926.486,87.020,152.404,0.707325,-1,-1,-1
438,4,1724.031,465.527,72.462,203.390,0.534111,-1,-1,-1
438,20,943.436,3.191,56.661,165.869,0.411430,-1,-1,-1
438,8,273.724,631.074,92.197,259.452,0.768586,-1,-1,-1
438,19,368.124,657.452,75.097,236.090,0.739855,-1,-1,-1
438,25,446.170,225.165,75.855,198.736,0.616508,-1,-1,-1
438,26,966.363,592.691,75.817,225.383,0.579811,-1,-1,-1
438,27,882.219,576.240,75.925,222.080,0.668878,-1,-1,-1
438,28,763.348,568.365,79.835,252.117,0.677786,-1,-1,-1
439,3,1005.131,926.513,86.920,152.678,0.693535,-1,-1,-1
439,4,1723.248,463.483,72.749,204.742,0.558170,-1,-1,-1
439,20,942.957,1.606,56.269,165.195,0.408981,-1,-1,-1
439,8,272.758,632.562,92.260,261.873,0.755045,-1,-1,-1
439,19,366.708,658.251,75.167,236.162,0.762897,-1,-1,-1
439,25,446.905,224.927,75.735,199.552,0.615669,-1,-1,-1
439,26,966.715,595.656,75.506,225.344,0.563287,-1,-1,-1
439,27,883.012,577.046,76.959,225.317,0.667107,-1,-1,-1
439,28,764.694,569.510,79.398,251.349,0.647003,-1,-1,-1
440,3,1007.355,926.357,86.902,152.880,0.697219,-1,-1,-1
440,4,1723.404,462.467,72.697,205.238,0.607080,-1,-1,-1
440,20,942.701,1.027,55.153,161.861,0.434257,-1,-1,-1
440,8,271.556,634.726,92.111,262.168,0.762580,-1,-1,-1
440,19,366.031,658.481,75.998,240.226,0.749787,-1,-1,-1
440,25,447.033,224.064,75.434,199.382,0.612434,-1,-1,-1
440,26,967.477,597.670,75.297,224.861,0.585312,-1,-1,-1
440,27,884.047,577.749,77.109,225.702,0.668406,-1,-1,-1
440,28,766.529,569.896,78.849,250.574,0.669311,-1,-1,-1
441,3,1009.435,925.516,87.324,154.104,0.732464,-1,-1,-1
441,4,1723.365,461.157,72.816,206.292,0.594075,-1,-1,-1
441,20,942.828,0.833,54.418,159.485,0.408815,-1,-1,-1
441,8,270.591,637.226,91.414,260.243,0.767579,-1,-1,-1
441,19,364.460,660.364,76.910,244.778,0.775733,-1,-1,-1
441,25,446.788,221.819,75.315,199.888,0.613412,-1,-1,-1
441,26,967.349,599.886,74.856,222.666,0.520205,-1,-1,-1
441,27,886.235,578.172,74.957,219.901,0.660308,-1,-1,-1
441,28,768.214,570.881,78.082,250.801,0.653711,-1,-1,-1
442,3,1011.576,925.314,87.205,154.184,0.742677,-1,-1,-1
442,4,1723.714,460.504,72.804,207.454,0.585409,-1,-1,-1
442,20,942.893,0.781,53.751,156.773,0.421253,-1,-1,-1
442,8,267.906,639.590,91.454,260.567,0.772351,-1,-1,-1
442,19,362.805,663.139,76.844,245.324,0.771721,-1,-1,-1
442,25,447.061,219.877,74.342,197.825,0.544879,-1,-1,-1
442,26,968.129,600.904,74.609,221.543,0.535812,-1,-1,-1
442,27,887.553,579.048,74.314,218.015,0.640546,-1,-1,-1
442,28,770.531,571.673,77.261,251.317,0.638198,-1,-1,-1
443,3,1013.418,925.344,87.311,154.544,0.733678,-1,-1,-1
443,4,1724.060,460.417,72.464,207.565,0.581625,-1,-1,-1
443,20,941.026,0.873,53.965,156.406,0.430795,-1,-1,-1
443,8,264.439,641.782,91.569,260.817,0.755928,-1,-1,-1
443,19,360.518,666.136,76.888,245.598,0.766265,-1,-1,-1
443,25,448.014,218.423,73.194,194.948,0.532478,-1,-1,-1
443,26,968.356,602.491,74.434,221.032,0.473821,-1,-1,-1
443,27,886.119,581.156,77.147,226.533,0.601107,-1,-1,-1
443,28,773.191,571.860,76.208,250.380,0.622149,-1,-1,-1
444,3,1015.455,925.746,87.043,154.435,0.749742,-1,-1,-1
444,4,1724.441,460.003,72.303,208.201,0.578778,-1,-1,-1
444,20,940.215,0.832,54.380,157.140,0.411316,-1,-1,-1
444,8,261.830,644.280,91.201,258.899,0.769038,-1,-1,-1
444,19,359.011,668.966,77.095,246.707,0.772475,-1,-1,-1
444,25,447.905,216.644,72.256,191.951,0.511137,-1,-1,-1
444,26,968.616,603.794,74.343,220.167,0.463764,-1,-1,-1
444,27,885.951,583.589,77.844,229.516,0.619097,-1,-1,-1
444,28,775.583,571.998,75.868,252.107,0.643183,-1,-1,-1
445,3,1016.379,924.936,87.375,155.479,0.742600,-1,-1,-1
445,4,1724.205,459.286,72.051,208.305,0.572143,-1,-1,-1
445,20,941.115,0.830,54.288,156.506,0.424060,-1,-1,-1
445,8,259.177,645.204,91.085,257.649,0.752875,-1,-1,-1
445,19,358.517,672.714,76.158,244.088,0.751836,-1,-1,-1
445,25,446.994,215.069,72.124,191.126,0.537721,-1,-1,-1
445,26,968.619,603.884,74.883,221.164,0.577773,-1,-1,-1
445,27,885.682,585.441,77.728,229.663,0.649465,-1,-1,-1
445,28,778.110,572.489,75.374,251.968,0.648762,-1,-1,-1
446,3,1018.342,924.578,86.798,155.167,0.747616,-1,-1,-1
446,4,1724.187,458.810,71.921,208.977,0.562522,-1,-1,-1
446,20,942.147,0.843,53.617,154.733,0.412308,-1,-1,-1
446,8,256.662,646.558,91.162,256.339,0.752169,-1,-1,-1
446,19,356.847,675.470,76.222,244.964,0.741336,-1,-1,-1
446,25,446.042,213.330,72.472,191.835,0.533415,-1,-1,-1
446,26,967.941,604.637,74.743,219.484,0.597429,-1,-1,-1
446,27,884.770,587.264,79.207,234.781,0.628638,-1,-1,-1
446,28,781.454,573.100,74.675,250.386,0.633012,-1,-1,-1
447,3,1019.065,923.200,87.318,157.066,0.750104,-1,-1,-1
447,4,1722.999,459.058,72.054,209.464,0.563588,-1,-1,-1
447,20,942.302,0.860,53.200,153.997,0.390707,-1,-1,-1
447,8,255.497,648.264,91.345,255.102,0.763172,-1,-1,-1
447,19,355.521,677.545,76.018,244.676,0.755738,-1,-1,-1
447,25,445.332,211.890,72.988,193.318,0.518636,-1,-1,-1
447,26,970.060,608.113,72.890,212.626,0.558097,-1,-1,-1
447,27,884.523,589.633,79.332,235.873,0.617562,-1,-1,-1
447,28,784.575,573.416,74.204,249.214,0.636378,-1,-1,-1
448,3,1020.355,922.419,86.982,157.701,0.750154,-1,-1,-1
448,4,1721.972,458.965,72.277,209.743,0.569498,-1,-1,-1
448,20,941.526,0.876,53.071,153.891,0.461360,-1,-1,-1
448,8,254.144,649.030,91.458,253.931,0.770644,-1,-1,-1
448,19,354.120,679.482,75.574,243.739,0.758533,-1,-1,-1
448,25,444.160,211.087,73.054,193.408,0.544649,-1,-1,-1
448,26,970.322,609.271,73.052,212.094,0.653098,-1,-1,-1
448,27,883.341,591.660,80.987,241.244,0.648878,-1,-1,-1
448,28,787.621,573.262,74.305,248.767,0.653638,-1,-1,-1
449,3,1021.611,922.771,86.220,157.342,0.750292,-1,-1,-1
449,4,1723.958,458.344,72.490,209.770,0.545907,-1,-1,-1
449,20,939.905,0.891,53.124,154.184,0.438121,-1,-1,-1
449,8,253.810,649.443,91.527,253.044,0.761438,-1,-1,-1
449,19,351.928,680.348,75.457,243.109,0.762908,-1,-1,-1
449,25,443.683,210.606,72.962,193.310,0.524023,-1,-1,-1
449,26,970.267,610.938,73.321,211.050,0.652597,-1,-1,-1
449,27,882.821,594.189,82.174,245.007,0.659894,-1,-1,-1
449,28,789.378,573.835,74.373,247.974,0.655136,-1,-1,-1
450,3,1022.530,921.786,85.836,157.930,0.747308,-1,-1,-1
450,4,1724.417,458.285,72.620,209.893,0.564177,-1,-1,-1
450,20,939.464,0.903,52.861,153.616,0.479547,-1,-1,-1
450,8,252.810,650.990,91.060,250.069,0.758866,-1,-1,-1
450,19,350.106,680.441,75.724,243.109,0.760922,-1,-1,-1
450,25,443.104,210.132,73.095,194.108,0.535833,-1,-1,-1
450,26,971.168,612.308,73.643,211.275,0.655171,-1,-1,-1
450,27,882.884,595.393,82.571,246.028,0.651848,-1,-1,-1
450,28,790.609,574.580,74.426,246.923,0.637169,-1,-1,-1
451,3,1023.788,922.601,85.083,157.891,0.743868,-1,-1,-1
451,4,1722.119,458.870,72.582,209.080,0.519852,-1,-1,-1
451,20,939.116,0.915,52.942,153.905,0.459527,-1,-1,-1
451,8,252.094,652.831,90.268,247.216,0.725024,-1,-1,-1
451,19,348.002,681.485,76.053,243.738,0.755390,-1,-1,-1
451,25,442.048,209.915,73.089,193.961,0.507612,-1,-1,-1
451,26,972.220,613.447,74.935,215.230,0.607535,-1,-1,-1
451,27,882.877,597.956,82.141,244.551,0.608031,-1,-1,-1
451,28,791.737,576.056,73.968,244.752,0.633286,-1,-1,-1
452,3,1024.833,922.831,84.404,158.025,0.763849,-1,-1,-1
452,4,1721.202,459.276,72.725,208.766,0.537102,-1,-1,-1
452,20,938.574,0.925,53.517,155.948,0.492077,-1,-1,-1
452,8,250.892,654.475,91.028,249.338,0.752474,-1,-1,-1
452,19,346.050,681.827,76.050,242.331,0.786411,-1,-1,-1
452,25,441.440,209.132,73.509,194.916,0.461671,-1,-1,-1
452,26,973.254,614.997,76.260,219.123,0.603002,-1,-1,-1
452,27,884.278,599.247,81.935,244.690,0.639153,-1,-1,-1
452,28,793.576,576.564,74.138,245.007,0.644981,-1,-1,-1
453,3,1025.516,922.526,83.904,158.464,0.754295,-1,-1,-1
453,4,1720.593,459.715,72.938,208.518,0.532966,-1,-1,-1
453,20,938.228,0.934,53.428,155.977,0.507793,-1,-1,-1
453,8,249.605,656.921,91.742,251.834,0.749534,-1,-1,-1
453,19,344.514,682.024,76.292,241.626,0.783400,-1,-1,-1
453,25,440.975,209.083,73.545,195.528,0.432449,-1,-1,-1
453,26,973.854,617.652,76.782,220.593,0.607827,-1,-1,-1
453,27,886.972,600.791,80.813,242.806,0.633592,-1,-1,-1
453,28,796.171,577.994,74.284,244.909,0.638694,-1,-1,-1
454,3,1025.660,922.100,83.540,158.936,0.755221,-1,-1,-1
454,4,1719.418,459.012,73.389,208.548,0.561561,-1,-1,-1
454,20,937.878,0.942,53.329,155.782,0.530208,-1,-1,-1
454,8,248.332,658.368,92.660,254.723,0.752057,-1,-1,-1
454,19,343.542,682.732,76.723,240.908,0.797828,-1,-1,-1
454,25,442.135,208.756,73.285,196.676,0.445812,-1,-1,-1
454,26,976.090,619.715,76.365,220.380,0.645502,-1,-1,-1
454,27,886.191,601.755,80.658,241.557,0.641681,-1,-1,-1
454,28,797.487,579.014,73.991,244.080,0.621548,-1,-1,-1
455,3,1026.707,922.661,82.703,158.389,0.752917,-1,-1,-1
455,4,1718.533,458.823,74.213,209.614,0.558140,-1,-1,-1
455,20,937.808,1.044,53.035,155.372,0.534625,-1,-1,-1
455,8,247.322,659.475,93.798,258.033,0.756871,-1,-1,-1
455,19,341.978,684.046,77.327,242.058,0.786214,-1,-1,-1
455,25,441.579,205.951,73.429,197.652,0.455567,-1,-1,-1
455,26,978.204,622.518,75.502,217.404,0.643490,-1,-1,-1
455,27,887.327,602.593,79.523,237.596,0.631988,-1,-1,-1
455,28,798.968,580.402,73.803,242.882,0.645930,-1,-1,-1
456,3,1027.577,922.794,82.197,158.256,0.744844,-1,-1,-1
456,4,1718.406,458.901,74.549,209.736,0.572082,-1,-1,-1
456,20,938.028,0.991,52.610,154.533,0.544305,-1,-1,-1
456,8,246.043,661.430,94.643,260.862,0.758100,-1,-1,-1
456,19,339.634,685.425,78.613,245.575,0.776679,-1,-1,-1
456,25,441.732,204.838,73.005,198.155,0.516300,-1,-1,-1
456,26,979.727,624.636,76.158,219.336,0.681133,-1,-1,-1
456,27,888.087,603.115,79.688,236.594,0.655556,-1,-1,-1
456,28,800.074,581.877,73.490,241.553,0.652664,-1,-1,-1
457,3,1027.993,922.989,81.743,158.058,0.730584,-1,-1,-1
457,4,1718.017,459.005,74.849,209.413,0.600999,-1,-1,-1
457,20,938.229,0.973,52.054,153.134,0.535098,-1,-1,-1
457,8,245.021,663.528,94.999,261.864,0.761855,-1,-1,-1
457,19,337.179,688.564,79.375,248.174,0.793528,-1,-1,-1
457,25,442.297,202.803,72.386,198.335,0.536189,-1,-1,-1
457,26,980.501,626.047,76.633,221.257,0.670826,-1,-1,-1
457,27,889.154,603.853,80.271,237.245,0.654897,-1,-1,-1
457,28,800.930,582.532,73.281,241.399,0.669007,-1,-1,-1
458,3,1028.400,922.689,81.687,158.354,0.739640,-1,-1,-1
458,4,1717.698,459.099,75.443,210.004,0.570045,-1,-1,-1
458,20,937.603,0.970,51.793,151.972,0.490251,-1,-1,-1
458,8,244.341,666.226,95.294,262.272,0.763843,-1,-1,-1
458,19,335.910,691.934,79.285,247.979,0.793317,-1,-1,-1
458,25,443.472,200.973,70.895,196.082,0.531695,-1,-1,-1
458,26,981.600,626.795,77.034,222.139,0.673977,-1,-1,-1
458,27,892.636,604.984,80.409,238.572,0.684121,-1,-1,-1
458,28,803.237,584.254,73.227,240.765,0.657616,-1,-1,-1
459,3,1028.432,922.331,81.709,158.615,0.731026,-1,-1,-1
459,4,1718.518,459.283,75.399,209.621,0.541340,-1,-1,-1
459,20,937.667,0.979,50.998,148.987,0.469070,-1,-1,-1
459,8,243.318,668.694,96.145,264.692,0.771914,-1,-1,-1
459,19,334.646,695.654,78.725,246.726,0.807952,-1,-1,-1
459,25,444.156,198.388,69.694,194.124,0.499892,-1,-1,-1
459,26,982.942,628.600,77.191,221.802,0.687709,-1,-1,-1
459,27,895.112,606.517,80.050,238.418,0.681322,-1,-1,-1
459,28,805.812,585.031,73.458,240.559,0.642203,-1,-1,-1
460,3,1028.654,922.349,81.645,158.638,0.735356,-1,-1,-1
460,4,1718.630,458.298,75.877,211.011,0.545731,-1,-1,-1
460,20,937.178,1.069,50.978,147.524,0.507681,-1,-1,-1
460,8,242.707,669.640,96.876,266.917,0.774803,-1,-1,-1
460,19,334.742,699.172,77.781,243.745,0.811604,-1,-1,-1
460,25,444.745,196.541,68.493,191.272,0.514412,-1,-1,-1
460,26,984.068,629.558,77.121,221.153,0.672216,-1,-1,-1
460,27,897.269,608.006,80.312,239.923,0.707606,-1,-1,-1
460,28,808.501,585.214,73.958,240.657,0.662488,-1,-1,-1
461,3,1028.865,922.628,81.522,158.384,0.736526,-1,-1,-1
461,4,1719.683,458.516,75.522,210.385,0.547637,-1,-1,-1
461,20,937.131,1.801,50.809,145.573,0.442876,-1,-1,-1
461,8,242.883,671.141,96.961,266.694,0.784406,-1,-1,-1
461,19,334.604,702.657,77.943,244.569,0.806958,-1,-1,-1
461,25,444.812,194.584,67.939,190.299,0.513835,-1,-1,-1
461,26,984.902,630.579,77.254,221.062,0.658635,-1,-1,-1
461,27,898.828,610.441,80.272,240.203,0.709332,-1,-1,-1
461,28,810.957,584.609,74.415,240.436,0.670738,-1,-1,-1
462,3,1028.673,922.596,81.462,158.365,0.749795,-1,-1,-1
462,4,1720.122,456.834,76.142,212.839,0.533196,-1,-1,-1
462,20,937.123,3.767,50.590,142.974,0.358818,-1,-1,-1
462,8,242.311,672.723,96.214,265.275,0.766166,-1,-1,-1
462,19,333.519,704.765,78.779,247.152,0.807912,-1,-1,-1
462,25,444.520,193.633,67.594,189.526,0.509116,-1,-1,-1
462,26,986.207,631.855,77.075,219.693,0.668551,-1,-1,-1
462,27,899.999,612.334,80.060,239.773,0.714420,-1,-1,-1
462,28,813.253,584.631,75.466,241.750,0.667988,-1,-1,-1
463,3,1028.440,922.383,81.543,158.616,0.740050,-1,-1,-1
463,4,1720.302,457.422,75.668,211.814,0.560653,-1,-1,-1
463,20,937.352,4.391,50.630,141.713,0.415660,-1,-1,-1
463,8,241.829,674.542,95.801,264.994,0.767674,-1,-1,-1
463,19,332.764,705.658,79.332,248.978,0.807097,-1,-1,-1
463,25,444.991,194.337,67.269,188.431,0.482191,-1,-1,-1
463,26,988.314,632.483,76.213,216.556,0.690445,-1,-1,-1
463,27,901.800,614.487,79.117,236.930,0.706714,-1,-1,-1
463,28,815.560,584.647,76.616,242.669,0.687085,-1,-1,-1
464,3,1028.073,922.086,81.677,158.926,0.748895,-1,-1,-1
464,4,1719.965,456.847,75.752,212.253,0.524214,-1,-1,-1
464,20,937.190,3.661,51.292,142.537,0.383345,-1,-1,-1
464,8,241.891,676.373,95.745,264.613,0.749412,-1,-1,-1
464,19,333.101,706.912,79.371,250.343,0.803500,-1,-1,-1
464,25,445.781,192.752,68.065,189.939,0.485806,-1,-1,-1
464,26,988.221,633.337,76.496,216.959,0.661629,-1,-1,-1
464,27,903.383,616.851,78.339,234.735,0.680188,-1,-1,-1
464,28,817.731,585.469,78.171,244.080,0.695516,-1,-1,-1
465,3,1027.672,922.721,81.365,158.294,0.742901,-1,-1,-1
465,4,1720.397,457.019,75.591,212.341,0.530084,-1,-1,-1
465,20,937.138,3.560,51.650,142.418,0.402626,-1,-1,-1
465,8,241.615,678.439,94.892,261.799,0.756355,-1,-1,-1
465,19,332.962,707.977,78.794,250.661,0.791828,-1,-1,-1
465,25,445.672,192.183,68.822,190.981,0.512834,-1,-1,-1
465,26,989.551,635.662,76.156,215.791,0.650469,-1,-1,-1
465,27,905.029,619.071,77.592,232.003,0.682125,-1,-1,-1
465,28,819.216,586.265,79.279,243.624,0.682911,-1,-1,-1
466,3,1027.617,923.175,81.179,157.841,0.722419,-1,-1,-1
466,4,1720.964,456.954,75.030,211.672,0.542170,-1,-1,-1
466,20,937.961,3.116,51.736,142.326,0.429161,-1,-1,-1
466,8,239.594,680.437,92.996,257.882,0.770787,-1,-1,-1
466,19,332.720,708.298,78.044,249.957,0.779297,-1,-1,-1
466,25,445.929,191.801,69.018,190.594,0.526925,-1,-1,-1
466,26,990.438,638.001,76.692,217.709,0.628089,-1,-1,-1
466,27,905.934,621.451,77.754,232.024,0.690725,-1,-1,-1
466,28,819.626,585.903,80.583,243.372,0.722773,-1,-1,-1
467,3,1027.803,923.263,80.678,156.503,0.722832,-1,-1,-1
467,4,1720.873,455.737,75.407,213.570,0.550400,-1,-1,-1
467,20,938.525,3.866,51.756,142.336,0.413654,-1,-1,-1
467,8,238.877,681.851,91.047,252.830,0.772215,-1,-1,-1
467,19,332.650,708.464,77.406,249.855,0.787723,-1,-1,-1
467,25,446.987,191.827,69.165,189.974,0.581943,-1,-1,-1
467,26,991.294,638.957,77.113,219.377,0.595743,-1,-1,-1
467,27,906.043,622.651,78.872,235.455,0.720356,-1,-1,-1
467,28,818.714,585.772,82.353,244.638,0.736459,-1,-1,-1
468,3,1028.102,923.503,80.402,155.779,0.718678,-1,-1,-1
468,4,1720.956,456.533,74.783,212.324,0.539668,-1,-1,-1
468,20,939.057,4.745,51.518,141.339,0.451968,-1,-1,-1
468,8,237.458,682.643,90.626,251.954,0.783494,-1,-1,-1
468,19,332.708,709.627,76.183,247.277,0.765124,-1,-1,-1
468,25,448.593,191.656,69.002,189.266,0.543980,-1,-1,-1
468,26,991.819,641.361,76.940,218.998,0.568702,-1,-1,-1
468,27,907.538,623.680,78.341,233.634,0.692782,-1,-1,-1
468,28,818.275,585.837,84.372,246.457,0.737713,-1,-1,-1
469,3,1028.206,923.755,80.163,155.537,0.727163,-1,-1,-1
469,4,1721.117,455.485,74.644,212.609,0.533225,-1,-1,-1
469,20,939.132,4.671,51.643,140.836,0.431720,-1,-1,-1
469,8,235.891,684.509,90.848,252.186,0.780621,-1,-1,-1
469,19,332.431,711.529,75.844,247.054,0.777507,-1,-1,-1
469,25,449.840,190.496,68.847,188.826,0.563132,-1,-1,-1
469,26,992.280,643.607,75.328,212.871,0.547413,-1,-1,-1
469,27,909.230,624.633,77.653,231.262,0.686783,-1,-1,-1
469,28,817.753,585.949,86.528,248.710,0.728706,-1,-1,-1
470,3,1027.417,923.460,80.405,156.038,0.722517,-1,-1,-1
470,4,1721.570,456.152,74.173,211.777,0.531068,-1,-1,-1
470,20,938.720,3.985,52.094,141.436,0.394749,-1,-1,-1
470,8,234.445,686.829,91.600,254.294,0.787853,-1,-1,-1
470,19,331.535,713.205,75.321,245.888,0.797593,-1,-1,-1
470,25,449.833,189.387,69.257,189.493,0.574994,-1,-1,-1
470,26,991.766,645.403,76.346,215.725,0.476970,-1,-1,-1
470,27,911.310,625.726,76.785,228.503,0.645161,-1,-1,-1
470,28,816.564,586.074,88.867,251.827,0.726016,-1,-1,-1
471,3,1026.642,924.410,80.354,156.047,0.727062,-1,-1,-1
471,4,1721.345,456.186,74.390,212.846,0.535528,-1,-1,-1
471,20,939.068,4.093,51.942,140.655,0.408845,-1,-1,-1
471,8,232.772,688.839,93.169,258.467,0.787923,-1,-1,-1
471,19,329.926,715.259,75.140,244.995,0.803652,-1,-1,-1
471,25,450.335,186.850,70.108,192.443,0.580533,-1,-1,-1
471,26,990.786,647.414,78.045,220.271,0.488387,-1,-1,-1
471,27,913.774,626.323,75.349,223.153,0.591239,-1,-1,-1
471,28,816.010,586.555,91.167,254.844,0.707557,-1,-1,-1
472,3,1026.271,925.095,80.065,155.729,0.704248,-1,-1,-1
472,4,1720.966,456.303,74.539,213.373,0.554786,-1,-1,-1
472,20,938.619,4.061,52.074,140.302,0.371792,-1,-1,-1
472,8,230.815,691.061,94.643,262.845,0.786263,-1,-1,-1
472,19,328.909,717.374,75.462,245.675,0.816406,-1,-1,-1
472,25,450.907,185.209,70.399,194.308,0.597760,-1,-1,-1
472,26,990.476,648.675,79.073,223.240,0.503350,-1,-1,-1
472,27,915.238,627.133,75.000,221.629,0.631963,-1,-1,-1
472,28,814.946,587.414,92.803,256.948,0.726170,-1,-1,-1
473,3,1025.683,926.156,79.699,154.804,0.721472,-1,-1,-1
473,4,1720.312,455.658,75.258,215.387,0.550117,-1,-1,-1
473,20,938.605,4.340,52.068,139.751,0.364669,-1,-1,-1
473,8,229.144,694.044,95.224,264.489,0.766014,-1,-1,-1
473,19,327.171,721.017,76.112,247.196,0.801158,-1,-1,-1
473,25,451.839,182.813,69.542,192.142,0.569561,-1,-1,-1
473,26,990.690,649.902,79.185,223.872,0.533605,-1,-1,-1
473,27,915.711,628.266,76.378,225.499,0.685119,-1,-1,-1
473,28,813.432,588.032,93.717,257.777,0.755190,-1,-1,-1
474,3,1025.619,926.065,79.554,154.624,0.710109,-1,-1,-1
474,4,1719.337,455.923,75.432,215.303,0.539932,-1,-1,-1
474,20,938.645,4.188,52.304,139.940,0.369611,-1,-1,-1
474,8,227.280,695.737,96.262,267.544,0.761493,-1,-1,-1
474,19,325.454,724.078,77.058,249.865,0.788913,-1,-1,-1
474,25,453.236,180.387,68.800,190.614,0.517564,-1,-1,-1
474,26,990.879,651.139,79.621,225.880,0.551235,-1,-1,-1
474,27,916.369,629.021,76.939,226.289,0.643000,-1,-1,-1
474,28,812.286,588.699,94.140,257.634,0.757803,-1,-1,-1
475,3,1025.391,926.347,79.237,154.352,0.710410,-1,-1,-1
475,4,1718.998,456.386,75.890,214.838,0.521774,-1,-1,-1
475,20,938.196,4.136,52.741,140.931,0.357869,-1,-1,-1
475,8,225.305,698.025,96.901,269.805,0.756637,-1,-1,-1
475,19,323.942,727.114,77.586,251.179,0.779572,-1,-1,-1
475,25,453.995,180.908,67.196,186.786,0.514123,-1,-1,-1
475,26,992.042,653.290,79.209,225.236,0.598519,-1,-1,-1
475,27,916.680,630.608,78.409,231.223,0.672596,-1,-1,-1
475,28,811.240,589.516,94.074,256.756,0.754860,-1,-1,-1
476,3,1025.149,927.204,78.808,153.528,0.721779,-1,-1,-1
476,4,1717.718,456.961,76.460,214.123,0.499771,-1,-1,-1
476,20,938.104,4.258,52.925,141.330,0.319730,-1,-1,-1
476,8,224.295,700.918,96.656,269.422,0.745275,-1,-1,-1
476,19,322.935,729.242,77.465,250.477,0.771811,-1,-1,-1
476,25,454.250,180.526,66.490,185.089,0.531105,-1,-1,-1
476,26,994.133,655.354,78.078,223.431,0.561292,-1,-1,-1
476,27,917.274,632.192,78.400,231.108,0.605810,-1,-1,-1
476,28,809.709,590.069,93.900,256.434,0.743173,-1,-1,-1
477,3,1024.835,927.782,78.610,153.131,0.713461,-1,-1,-1
477,4,1717.472,457.852,76.731,212.687,0.511038,-1,-1,-1
477,20,937.877,4.185,52.735,140.797,0.278847,-1,-1,-1
477,8,223.233,702.950,95.946,267.650,0.746405,-1,-1,-1
477,19,321.323,731.444,77.803,251.634,0.764871,-1,-1,-1
477,25,452.909,177.102,67.625,187.918,0.538620,-1,-1,-1
477,26,995.446,657.085,77.086,222.284,0.579292,-1,-1,-1
477,27,918.000,634.352,78.457,230.542,0.655968,-1,-1,-1
477,28,808.785,590.837,93.293,255.451,0.774956,-1,-1,-1
478,3,1024.471,929.100,78.020,151.886,0.724617,-1,-1,-1
478,4,1715.896,457.975,77.557,212.033,0.468384,-1,-1,-1
478,20,938.343,5.266,52.264,139.679,0.325078,-1,-1,-1
478,8,221.657,704.540,95.599,266.471,0.740065,-1,-1,-1
478,19,320.784,733.858,78.047,252.645,0.758683,-1,-1,-1
478,25,454.110,178.044,66.739,185.525,0.533806,-1,-1,-1
478,26,996.973,657.817,76.110,220.911,0.560255,-1,-1,-1
478,27,917.195,636.238,78.609,229.579,0.671447,-1,-1,-1
478,28,807.234,591.395,92.701,255.133,0.784816,-1,-1,-1
479,3,1023.570,930.305,77.474,150.706,0.719853,-1,-1,-1
479,4,1715.989,458.395,78.071,211.041,0.474270,-1,-1,-1
479,20,937.938,5.383,51.902,139.075,0.332450,-1,-1,-1
479,8,221.653,705.466,95.368,265.245,0.729328,-1,-1,-1
479,19,319.289,735.811,78.714,254.326,0.756879,-1,-1,-1
479,25,453.726,177.669,66.980,185.865,0.566596,-1,-1,-1
479,26,996.805,658.205,76.187,222.115,0.630378,-1,-1,-1
479,27,916.720,639.429,79.343,231.467,0.704217,-1,-1,-1
479,28,805.555,592.109,91.782,254.407,0.785128,-1,-1,-1
480,3,1022.659,932.490,76.609,148.529,0.737055,-1,-1,-1
480,4,1709.908,457.956,80.375,210.410,0.388725,-1,-1,-1
480,20,937.010,3.553,51.870,139.097,0.302657,-1,-1,-1
480,8,220.377,705.854,94.768,263.792,0.745545,-1,-1,-1
480,19,316.333,737.667,78.979,253.674,0.750796,-1,-1,-1
480,25,450.746,174.465,69.255,190.454,0.527519,-1,-1,-1
480,26,997.666,659.216,75.219,220.752,0.610454,-1,-1,-1
480,27,915.084,641.869,81.446,237.088,0.669879,-1,-1,-1
480,28,804.293,592.977,91.044,254.007,0.777535,-1,-1,-1
481,3,1021.646,932.322,76.881,148.698,0.737524,-1,-1,-1
481,4,1711.347,458.719,81.590,210.207,0.396016,-1,-1,-1
481,20,935.758,2.421,51.761,138.453,0.385088,-1,-1,-1
481,8,219.388,706.116,94.338,263.218,0.761973,-1,-1,-1
481,19,311.577,738.758,80.181,254.748,0.776457,-1,-1,-1
481,25,449.590,172.582,70.497,192.480,0.535185,-1,-1,-1
481,26,995.520,661.044,75.333,220.852,0.593539,-1,-1,-1
481,27,913.474,644.763,81.776,236.699,0.677956,-1,-1,-1
481,28,803.338,594.185,90.178,253.512,0.792004,-1,-1,-1
482,3,1021.492,933.537,76.504,147.482,0.731769,-1,-1,-1
482,4,1711.905,459.523,82.326,210.001,0.434137,-1,-1,-1
482,20,935.363,2.209,51.006,135.910,0.326026,-1,-1,-1
482,8,219.095,707.431,93.523,261.694,0.756726,-1,-1,-1
482,19,309.698,739.742,81.014,255.728,0.773016,-1,-1,-1
482,25,451.700,175.327,69.161,188.152,0.510574,-1,-1,-1
482,26,995.850,663.353,75.394,221.626,0.628849,-1,-1,-1
482,27,910.961,646.892,84.731,244.372,0.695895,-1,-1,-1
482,28,802.410,595.127,89.480,253.330,0.781700,-1,-1,-1
483,3,1021.219,934.058,76.506,146.959,0.734120,-1,-1,-1
483,4,1707.654,459.216,84.339,209.867,0.372451,-1,-1,-1
483,20,935.135,2.386,50.659,134.586,0.330111,-1,-1,-1
483,8,219.012,708.532,92.760,259.832,0.755970,-1,-1,-1
483,19,306.866,740.741,81.563,255.840,0.774661,-1,-1,-1
483,25,453.384,174.356,69.116,188.489,0.514935,-1,-1,-1
483,26,997.459,665.329,75.109,221.863,0.621446,-1,-1,-1
483,27,910.585,649.437,85.445,246.159,0.710753,-1,-1,-1
483,28,801.090,596.178,88.733,252.481,0.774866,-1,-1,-1
484,3,1020.953,934.527,76.656,146.488,0.721060,-1,-1,-1
484,4,1704.759,459.386,86.490,210.352,0.379887,-1,-1,-1
484,20,935.187,3.300,49.751,131.406,0.327706,-1,-1,-1
484,8,218.820,710.083,91.871,257.659,0.755308,-1,-1,-1
484,19,305.366,741.962,81.634,254.830,0.766134,-1,-1,-1
484,25,454.670,173.863,68.624,188.813,0.511379,-1,-1,-1
484,26,998.223,668.135,75.258,223.305,0.605112,-1,-1,-1
484,27,910.428,650.509,86.443,249.352,0.700635,-1,-1,-1
484,28,800.658,597.291,88.183,251.365,0.770377,-1,-1,-1
485,3,1020.915,934.942,76.876,146.072,0.710989,-1,-1,-1
485,4,1697.122,458.917,89.537,209.372,0.376605,-1,-1,-1
485,20,934.479,3.360,49.214,128.896,0.316076,-1,-1,-1
485,8,218.582,711.869,91.465,256.705,0.763099,-1,-1,-1
485,19,303.746,743.259,81.558,253.162,0.763749,-1,-1,-1
485,25,455.005,172.077,68.576,190.229,0.532639,-1,-1,-1
485,26,998.679,669.813,75.750,225.659,0.633313,-1,-1,-1
485,27,911.100,651.461,85.757,248.182,0.723664,-1,-1,-1
485,28,800.188,598.101,87.955,250.724,0.782470,-1,-1,-1
486,3,1020.389,935.343,77.182,145.669,0.714571,-1,-1,-1
486,4,1690.573,458.001,92.913,211.119,0.266261,-1,-1,-1
486,20,934.287,3.467,49.211,128.290,0.343097,-1,-1,-1
486,8,217.352,713.672,91.966,258.523,0.775170,-1,-1,-1
486,19,302.649,743.878,81.561,252.021,0.771825,-1,-1,-1
486,25,455.516,165.989,69.688,196.115,0.553226,-1,-1,-1
486,26,1000.224,672.040,74.548,223.114,0.657132,-1,-1,-1
486,27,911.244,652.383,84.991,246.226,0.732337,-1,-1,-1
486,28,800.094,598.575,88.193,251.128,0.789417,-1,-1,-1
487,3,1020.717,936.005,77.316,145.005,0.706297,-1,-1,-1
487,4,1691.806,457.676,94.231,210.661,0.379172,-1,-1,-1
487,20,934.344,3.405,49.296,128.153,0.297885,-1,-1,-1
487,8,216.953,714.794,93.051,262.277,0.768370,-1,-1,-1
487,19,302.796,745.369,81.196,250.677,0.763501,-1,-1,-1
487,25,456.051,164.404,68.690,196.115,0.525619,-1,-1,-1
487,26,1002.398,674.163,74.065,223.589,0.662143,-1,-1,-1
487,27,912.107,653.192,83.926,242.853,0.737200,-1,-1,-1
487,28,800.536,599.267,88.632,251.094,0.792113,-1,-1,-1
488,3,1021.037,937.039,77.274,143.970,0.717806,-1,-1,-1
488,4,1689.598,457.538,96.031,210.695,0.355753,-1,-1,-1
488,20,933.956,3.507,49.622,128.385,0.315390,-1,-1,-1
488,8,215.972,716.786,94.838,268.522,0.767385,-1,-1,-1
488,19,301.792,748.695,80.469,247.728,0.764690,-1,-1,-1
488,25,457.442,161.724,67.260,195.671,0.491526,-1,-1,-1
488,26,1004.504,676.422,73.652,224.035,0.698195,-1,-1,-1
488,27,913.230,654.240,83.634,241.275,0.707669,-1,-1,-1
488,28,800.474,600.700,88.780,249.920,0.780672,-1,-1,-1
489,3,1020.945,937.526,77.596,143.481,0.716894,-1,-1,-1
489,4,1692.116,456.534,97.095,212.035,0.364421,-1,-1,-1
489,20,933.497,3.521,49.634,127.811,0.342241,-1,-1,-1
489,8,215.174,718.949,95.398,271.497,0.768051,-1,-1,-1
489,19,300.884,750.951,81.168,249.779,0.760038,-1,-1,-1
489,25,458.645,160.814,64.987,192.433,0.475416,-1,-1,-1
489,26,1006.464,678.094,73.532,225.195,0.684148,-1,-1,-1
489,27,914.439,655.280,83.345,239.202,0.696121,-1,-1,-1
489,28,800.022,601.639,89.656,251.462,0.787899,-1,-1,-1
490,3,1020.048,938.034,78.127,142.972,0.699853,-1,-1,-1
490,4,1695.573,456.046,97.054,212.898,0.364376,-1,-1,-1
490,20,933.074,3.509,49.627,127.140,0.317492,-1,-1,-1
490,8,214.344,721.491,96.251,274.812,0.764184,-1,-1,-1
490,19,299.976,752.815,81.547,251.600,0.750990,-1,-1,-1
490,25,460.755,160.857,62.232,187.022,0.446382,-1,-1,-1
490,26,1008.408,679.233,73.506,226.533,0.720732,-1,-1,-1
490,27,916.721,656.616,82.067,234.485,0.698523,-1,-1,-1
490,28,799.532,602.190,91.076,254.645,0.788692,-1,-1,-1
491,3,1020.478,938.721,78.346,142.285,0.696257,-1,-1,-1
491,4,1700.268,456.752,96.535,214.459,0.416184,-1,-1,-1
491,20,932.953,3.594,49.524,126.290,0.264150,-1,-1,-1
491,8,213.407,723.895,96.778,277.364,0.758329,-1,-1,-1
491,19,298.097,755.003,83.271,257.477,0.747153,-1,-1,-1
491,25,460.748,158.998,61.679,186.380,0.401795,-1,-1,-1
491,26,1010.358,680.686,73.116,226.224,0.689709,-1,-1,-1
491,27,919.011,660.578,82.992,238.261,0.704535,-1,-1,-1
491,28,799.491,603.091,92.407,257.796,0.781530,-1,-1,-1
492,3,1020.570,939.102,78.676,141.903,0.705161,-1,-1,-1
492,4,1701.725,458.171,94.628,211.194,0.430245,-1,-1,-1
492,20,933.627,2.928,50.385,128.759,0.230318,-1,-1,-1
492,8,213.001,725.891,97.396,279.449,0.772808,-1,-1,-1
492,19,297.444,757.458,83.117,257.896,0.741075,-1,-1,-1
492,25,462.533,158.868,60.838,186.020,0.314930,-1,-1,-1
492,26,1012.570,682.995,72.638,224.706,0.681658,-1,-1,-1
492,27,919.990,662.484,83.125,239.624,0.722867,-1,-1,-1
492,28,800.215,604.384,92.786,258.257,0.787307,-1,-1,-1
493,3,1020.510,939.276,79.132,141.728,0.685375,-1,-1,-1
493,4,1705.523,458.504,93.882,211.806,0.488544,-1,-1,-1
493,20,933.949,2.472,50.512,129.022,0.227330,-1,-1,-1
493,8,212.500,728.833,96.895,278.390,0.779462,-1,-1,-1
493,19,298.615,760.351,82.395,256.003,0.737656,-1,-1,-1
493,25,464.628,159.628,59.702,184.878,0.212983,-1,-1,-1
493,26,1014.852,683.481,73.109,226.214,0.637445,-1,-1,-1
493,27,920.350,664.437,83.584,241.701,0.704676,-1,-1,-1
493,28,801.410,605.554,92.880,258.132,0.769644,-1,-1,-1
494,3,1020.513,939.638,79.445,141.367,0.678547,-1,-1,-1
494,4,1708.936,455.518,93.856,215.864,0.524760,-1,-1,-1
494,8,212.655,731.082,96.725,278.416,0.778814,-1,-1,-1
494,19,298.587,763.752,81.903,255.380,0.743213,-1,-1,-1
494,25,465.460,160.571,58.906,183.660,0.206991,-1,-1,-1
494,26,1017.603,685.407,72.250,222.221,0.631105,-1,-1,-1
494,27,921.695,666.898,82.996,240.419,0.669616,-1,-1,-1
494,28,802.577,606.818,92.592,256.794,0.755546,-1,-1,-1
495,3,1020.767,939.102,80.155,141.902,0.671035,-1,-1,-1
495,4,1712.746,453.160,92.418,217.034,0.605315,-1,-1,-1
495,8,212.194,733.290,95.965,276.791,0.775391,-1,-1,-1
495,19,297.911,767.456,82.392,258.296,0.737270,-1,-1,-1
495,25,467.843,164.615,57.202,178.811,0.180252,-1,-1,-1
495,26,1020.140,686.510,72.342,221.545,0.584940,-1,-1,-1
495,27,921.637,668.872,83.828,243.602,0.656666,-1,-1,-1
495,28,804.213,607.345,91.746,254.813,0.753090,-1,-1,-1
496,3,1021.742,940.004,79.960,140.999,0.683542,-1,-1,-1
496,4,1715.959,452.907,90.618,217.285,0.582930,-1,-1,-1
496,8,212.090,736.347,95.031,274.141,0.773084,-1,-1,-1
496,19,297.016,769.721,82.480,259.120,0.748919,-1,-1,-1
496,25,469.027,166.545,56.872,176.997,0.194221,-1,-1,-1
496,26,1021.037,687.878,72.432,221.008,0.595301,-1,-1,-1
496,27,923.171,671.721,82.357,239.140,0.690451,-1,-1,-1
496,28,807.065,607.386,89.939,251.151,0.742183,-1,-1,-1
497,3,1022.469,940.126,80.004,140.877,0.676806,-1,-1,-1
497,4,1717.928,453.415,88.611,217.160,0.561912,-1,-1,-1
497,8,212.716,737.909,93.615,270.769,0.746607,-1,-1,-1
497,19,295.588,771.481,82.597,259.248,0.760892,-1,-1,-1
497,25,469.213,163.854,58.125,180.337,0.275679,-1,-1,-1
497,26,1022.115,688.806,72.529,221.200,0.556416,-1,-1,-1
497,27,924.086,674.470,81.870,237.794,0.654555,-1,-1,-1
497,28,810.527,607.569,88.265,248.794,0.718261,-1,-1,-1
498,3,1022.452,939.513,80.466,141.489,0.660373,-1,-1,-1
498,4,1720.377,454.241,86.365,215.911,0.506690,-1,-1,-1
498,8,212.996,739.558,92.379,267.629,0.739920,-1,-1,-1
498,19,295.474,773.207,82.236,258.032,0.749328,-1,-1,-1
498,25,469.463,164.265,58.033,179.685,0.286562,-1,-1,-1
498,26,1023.105,690.345,73.040,221.011,0.513038,-1,-1,-1
498,27,925.073,676.544,82.152,239.104,0.643683,-1,-1,-1
498,28,812.927,607.683,86.975,247.280,0.706491,-1,-1,-1
499,3,1023.195,938.881,80.658,142.121,0.673264,-1,-1,-1
499,4,1721.418,452.052,84.868,216.335,0.257410,-1,-1,-1
499,8,212.845,741.737,91.724,265.894,0.751633,-1,-1,-1
499,19,295.053,774.341,81.994,257.000,0.741313,-1,-1,-1
499,25,470.861,164.373,57.211,176.338,0.328079,-1,-1,-1
499,26,1024.927,694.231,72.390,218.965,0.511757,-1,-1,-1
499,27,925.983,678.822,81.846,238.363,0.609565,-1,-1,-1
499,28,815.747,608.514,85.646,246.336,0.684291,-1,-1,-1
500,3,1024.465,937.498,81.058,143.504,0.673721,-1,-1,-1
500,4,1721.723,451.540,83.625,217.553,0.488836,-1,-1,-1
500,8,211.215,743.170,92.145,266.632,0.770952,-1,-1,-1
500,19,294.534,775.161,81.633,255.882,0.733880,-1,-1,-1
500,25,469.896,165.773,56.499,172.349,0.328341,-1,-1,-1
500,26,1026.059,697.932,70.625,213.130,0.480925,-1,-1,-1
500,27,925.728,680.354,84.323,245.670,0.617331,-1,-1,-1
500,28,817.823,608.909,84.314,245.032,0.689793,-1,-1,-1
501,3,1026.348,936.627,80.996,144.375,0.643058,-1,-1,-1
501,4,1721.675,450.122,82.477,218.841,0.456161,-1,-1,-1
501,8,210.765,744.451,91.436,263.741,0.779101,-1,-1,-1
501,19,293.907,775.986,81.346,255.417,0.720734,-1,-1,-1
501,25,469.208,163.550,57.730,174.368,0.361924,-1,-1,-1
501,26,1026.494,699.850,70.574,212.097,0.511889,-1,-1,-1
501,27,927.083,681.091,85.542,250.546,0.600737,-1,-1,-1
501,28,819.224,609.651,83.397,244.968,0.701638,-1,-1,-1
502,3,1027.797,935.983,80.901,145.019,0.675403,-1,-1,-1
502,4,1722.400,450.318,80.948,219.452,0.443352,-1,-1,-1
502,8,210.399,745.961,91.343,262.696,0.775017,-1,-1,-1
502,19,293.439,776.595,81.014,254.345,0.733361,-1,-1,-1
502,25,470.473,161.808,58.378,175.018,0.331530,-1,-1,-1
502,26,1028.124,702.191,69.882,208.732,0.583540,-1,-1,-1
502,27,927.192,682.725,86.617,254.626,0.631868,-1,-1,-1
502,28,819.753,610.112,82.884,245.988,0.702601,-1,-1,-1
503,3,1029.162,935.256,80.840,145.745,0.644038,-1,-1,-1
503,4,1722.816,447.568,80.190,222.257,0.400833,-1,-1,-1
503,8,209.968,747.553,91.705,263.505,0.759928,-1,-1,-1
503,19,290.610,777.463,81.062,254.517,0.749471,-1,-1,-1
503,25,472.145,160.886,58.095,173.680,0.305614,-1,-1,-1
503,26,1029.548,704.720,68.637,203.433,0.588735,-1,-1,-1
503,27,928.648,684.160,86.179,253.729,0.616928,-1,-1,-1
503,28,819.964,610.377,82.296,246.431,0.717545,-1,-1,-1
504,3,1030.707,934.454,80.668,146.548,0.636796,-1,-1,-1
504,4,1723.222,447.713,79.023,223.467,0.340459,-1,-1,-1
504,8,209.747,748.927,92.922,268.018,0.755572,-1,-1,-1
504,19,288.058,778.501,80.834,253.531,0.773430,-1,-1,-1
504,25,473.839,158.433,58.224,173.264,0.316362,-1,-1,-1
504,26,1029.532,706.050,71.010,211.389,0.590782,-1,-1,-1
504,27,929.225,685.295,85.886,252.131,0.584436,-1,-1,-1
504,28,819.999,610.707,81.829,247.350,0.692674,-1,-1,-1
505,3,1031.793,934.745,79.995,146.256,0.674230,-1,-1,-1
505,4,1724.311,452.897,75.867,218.083,0.392833,-1,-1,-1
505,8,208.267,750.806,93.901,272.597,0.734680,-1,-1,-1
505,19,285.847,779.930,81.312,253.349,0.773093,-1,-1,-1
505,25,472.663,153.965,59.489,176.114,0.415628,-1,-1,-1
505,26,1030.028,707.527,72.121,215.856,0.607012,-1,-1,-1
505,27,929.640,685.826,85.862,251.816,0.551097,-1,-1,-1
505,28,820.177,611.057,81.517,248.717,0.671774,-1,-1,-1
506,3,1033.183,933.961,79.860,147.040,0.665573,-1,-1,-1
506,4,1725.380,457.914,72.973,212.465,0.496715,-1,-1,-1
506,8,206.920,752.495,94.686,277.373,0.727704,-1,-1,-1
506,19,283.529,781.450,82.467,254.916,0.759716,-1,-1,-1
506,25,472.260,149.354,60.889,180.186,0.381925,-1,-1,-1
506,26,1030.597,708.642,73.009,219.428,0.635028,-1,-1,-1
506,27,927.035,687.480,86.058,248.628,0.613093,-1,-1,-1
506,28,820.443,611.235,81.384,250.202,0.679715,-1,-1,-1
507,3,1035.179,934.698,79.092,146.303,0.648210,-1,-1,-1
507,4,1725.341,459.046,71.799,211.467,0.347803,-1,-1,-1
507,8,206.150,754.447,94.412,278.944,0.725709,-1,-1,-1
507,19,281.820,783.111,84.382,259.301,0.761950,-1,-1,-1
507,25,471.665,152.423,59.209,174.733,0.304640,-1,-1,-1
507,26,1030.442,709.852,73.730,222.407,0.613449,-1,-1,-1
507,27,930.681,688.480,85.549,246.241,0.606798,-1,-1,-1
507,28,821.174,612.243,80.412,249.548,0.697928,-1,-1,-1
508,3,1036.629,934.506,78.891,146.495,0.649292,-1,-1,-1
508,4,1725.229,460.832,69.902,208.118,0.372505,-1,-1,-1
508,8,205.927,756.509,93.857,279.071,0.742953,-1,-1,-1
508,19,280.578,785.025,86.165,263.119,0.767434,-1,-1,-1
508,25,469.714,148.346,59.981,176.707,0.280921,-1,-1,-1
508,26,1030.675,711.273,73.974,223.686,0.623850,-1,-1,-1
508,27,929.368,689.593,86.835,247.499,0.606786,-1,-1,-1
508,28,822.364,612.611,79.508,249.193,0.700534,-1,-1,-1
509,3,1038.154,934.240,78.714,146.761,0.642843,-1,-1,-1
509,4,1725.822,460.452,69.059,206.977,0.360320,-1,-1,-1
509,8,205.032,759.200,92.221,275.877,0.732388,-1,-1,-1
509,19,280.607,788.485,85.631,261.129,0.767639,-1,-1,-1
509,25,468.009,148.205,60.593,176.629,0.282051,-1,-1,-1
509,26,1031.572,711.717,75.364,228.081,0.628971,-1,-1,-1
509,27,932.057,691.331,87.570,248.769,0.621923,-1,-1,-1
509,28,823.273,612.731,78.888,249.622,0.700700,-1,-1,-1
510,3,1039.912,935.093,78.132,145.908,0.635228,-1,-1,-1
510,4,1726.236,460.583,67.154,202.564,0.377654,-1,-1,-1
510,8,203.126,762.308,91.145,275.834,0.739588,-1,-1,-1
510,19,281.112,792.030,84.687,257.651,0.756997,-1,-1,-1
510,25,467.583,149.389,60.865,175.738,0.236305,-1,-1,-1
510,26,1032.200,712.843,75.973,228.208,0.596940,-1,-1,-1
510,27,932.355,692.996,88.472,249.665,0.618549,-1,-1,-1
510,28,823.885,612.823,78.197,249.887,0.700491,-1,-1,-1
511,3,1040.855,933.472,78.607,147.528,0.625185,-1,-1,-1
511,4,1725.146,460.561,66.833,202.096,0.395711,-1,-1,-1
511,8,203.070,764.328,91.151,276.771,0.762112,-1,-1,-1
511,19,281.057,796.945,83.781,255.291,0.781027,-1,-1,-1
511,25,465.804,149.109,61.922,175.779,0.272271,-1,-1,-1
511,26,1034.070,714.642,74.015,220.383,0.588621,-1,-1,-1
511,27,934.394,695.827,90.582,255.862,0.636976,-1,-1,-1
511,28,824.642,613.100,77.494,249.731,0.695016,-1,-1,-1
512,3,1041.421,932.789,78.595,148.151,0.633267,-1,-1,-1
512,4,1724.333,459.056,67.180,204.130,0.341954,-1,-1,-1
512,8,203.352,766.922,91.054,276.111,0.760015,-1,-1,-1
512,19,280.077,799.527,84.440,258.435,0.771486,-1,-1,-1
512,26,1035.340,716.394,72.884,215.556,0.568473,-1,-1,-1
512,27,935.361,698.417,92.103,260.582,0.631405,-1,-1,-1
512,28,825.173,613.261,76.744,249.387,0.694522,-1,-1,-1
513,3,1042.131,933.606,77.818,146.871,0.610147,-1,-1,-1
513,4,1723.850,459.188,66.319,202.578,0.349248,-1,-1,-1
513,8,202.690,768.406,91.044,275.686,0.757599,-1,-1,-1
513,19,278.815,801.595,85.117,262.375,0.778419,-1,-1,-1
513,26,1035.938,718.296,75.179,222.855,0.563526,-1,-1,-1
513,27,936.432,701.790,91.539,260.508,0.612844,-1,-1,-1
513,28,825.364,612.930,76.288,250.188,0.678631,-1,-1,-1
514,3,1042.497,933.171,77.630,147.016,0.635674,-1,-1,-1
514,4,1724.124,461.584,64.876,198.973,0.338794,-1,-1,-1
514,8,200.693,770.741,91.044,275.000,0.754753,-1,-1,-1
514,19,277.159,802.422,84.882,263.638,0.798462,-1,-1,-1
514,26,1036.442,719.745,75.809,225.301,0.579158,-1,-1,-1
514,27,939.643,704.859,90.557,260.657,0.624754,-1,-1,-1
514,28,825.500,612.791,75.778,250.416,0.659022,-1,-1,-1
515,3,1043.161,933.277,77.292,146.781,0.642807,-1,-1,-1
515,4,1723.757,460.996,64.421,198.760,0.341315,-1,-1,-1
515,8,199.789,772.205,90.916,273.177,0.759528,-1,-1,-1
515,19,275.470,803.208,84.627,263.852,0.802390,-1,-1,-1
515,26,1035.803,720.993,77.173,229.593,0.618210,-1,-1,-1
515,27,939.040,707.227,89.593,257.384,0.598062,-1,-1,-1
515,28,825.911,612.918,75.103,250.226,0.651606,-1,-1,-1
516,3,1043.855,933.357,77.037,146.853,0.613718,-1,-1,-1
516,4,1722.467,460.360,65.493,202.489,0.405785,-1,-1,-1
516,8,197.893,773.789,90.820,270.832,0.763826,-1,-1,-1
516,19,273.708,803.661,84.145,263.064,0.815947,-1,-1,-1
516,26,1035.401,722.530,79.309,237.871,0.636009,-1,-1,-1
516,27,940.305,709.892,88.585,253.870,0.653138,-1,-1,-1
516,28,826.361,613.263,74.323,249.855,0.638153,-1,-1,-1
517,3,1044.269,932.790,76.932,147.269,0.617875,-1,-1,-1
517,4,1722.876,458.522,66.303,206.077,0.316992,-1,-1,-1
517,8,196.302,776.100,89.726,266.186,0.759889,-1,-1,-1
517,19,272.988,804.732,83.765,262.604,0.818697,-1,-1,-1
517,26,1035.962,724.756,78.837,238.745,0.640416,-1,-1,-1
517,27,940.610,712.216,88.859,253.897,0.646239,-1,-1,-1
517,28,826.146,612.785,74.073,250.596,0.649882,-1,-1,-1
518,3,1043.969,931.207,77.160,148.647,0.650634,-1,-1,-1
518,4,1722.808,457.897,65.977,205.988,0.366567,-1,-1,-1
518,8,194.190,777.703,89.198,263.837,0.793945,-1,-1,-1
518,19,272.022,805.184,83.404,261.599,0.822670,-1,-1,-1
518,26,1037.945,727.256,76.496,233.339,0.621248,-1,-1,-1
518,27,942.131,713.867,90.018,257.473,0.635267,-1,-1,-1
518,28,826.179,612.201,73.634,251.074,0.639425,-1,-1,-1
519,3,1043.743,930.204,77.112,149.486,0.627258,-1,-1,-1
519,4,1723.550,459.943,66.185,206.321,0.330124,-1,-1,-1
519,8,192.765,779.464,88.956,262.112,0.792036,-1,-1,-1
519,19,271.230,806.383,83.075,260.486,0.819993,-1,-1,-1
519,26,1038.459,731.282,74.157,226.450,0.552487,-1,-1,-1
519,27,943.248,715.196,90.265,259.025,0.637724,-1,-1,-1
519,28,826.207,611.805,73.046,251.085,0.620732,-1,-1,-1
520,3,1043.343,927.989,77.797,151.918,0.647788,-1,-1,-1
520,4,1722.199,460.042,67.229,209.320,0.365730,-1,-1,-1
520,8,191.680,781.005,89.145,261.730,0.789858,-1,-1,-1
520,19,270.419,808.629,82.845,259.083,0.821880,-1,-1,-1
520,26,1041.933,734.439,70.140,211.515,0.596324,-1,-1,-1
520,27,943.576,716.166,90.061,259.533,0.692182,-1,-1,-1
520,28,826.363,609.701,72.807,251.888,0.586594,-1,-1,-1
521,3,1043.551,928.315,77.372,151.988,0.657680,-1,-1,-1
521,4,1720.387,461.123,67.680,209.725,0.369840,-1,-1,-1
521,8,190.924,781.755,91.039,266.367,0.792103,-1,-1,-1
521,19,269.185,811.155,82.782,258.168,0.814467,-1,-1,-1
521,26,1044.200,736.637,68.409,203.645,0.601222,-1,-1,-1
521,27,946.424,718.655,88.992,257.899,0.659007,-1,-1,-1
521,28,826.688,609.005,72.529,253.069,0.609363,-1,-1,-1
522,3,1043.691,929.512,76.550,151.135,0.643859,-1,-1,-1
522,4,1719.552,462.692,67.685,208.361,0.325611,-1,-1,-1
522,8,190.543,783.020,92.654,270.290,0.777385,-1,-1,-1
522,19,269.240,813.952,82.401,256.540,0.797438,-1,-1,-1
522,26,1045.331,739.738,68.900,202.814,0.625962,-1,-1,-1
522,27,947.515,720.206,88.228,256.392,0.685674,-1,-1,-1
522,28,826.595,608.100,72.217,254.081,0.626843,-1,-1,-1
523,3,1043.824,930.153,75.758,150.256,0.609552,-1,-1,-1
523,4,1719.765,462.296,67.404,207.085,0.388369,-1,-1,-1
523,8,189.917,784.522,94.047,273.637,0.772820,-1,-1,-1
523,19,268.343,817.249,82.431,255.687,0.800644,-1,-1,-1
523,26,1046.577,741.265,70.173,206.026,0.618390,-1,-1,-1
523,27,949.533,721.049,87.893,256.110,0.634264,-1,-1,-1
523,28,826.898,608.365,71.675,254.123,0.632873,-1,-1,-1
524,3,1043.918,930.967,74.947,149.330,0.585272,-1,-1,-1
524,4,1721.051,462.753,67.100,206.109,0.374618,-1,-1,-1
524,8,188.895,786.126,94.340,275.508,0.769532,-1,-1,-1
524,19,265.851,820.230,83.214,256.543,0.809439,-1,-1,-1
524,26,1046.115,743.626,73.539,216.172,0.616811,-1,-1,-1
524,27,952.416,721.695,85.945,251.162,0.597740,-1,-1,-1
524,28,826.284,608.953,70.990,253.423,0.628692,-1,-1,-1
525,3,1044.242,932.250,74.350,148.440,0.542554,-1,-1,-1
525,4,1719.859,462.504,67.469,205.841,0.462859,-1,-1,-1
525,8,188.436,787.182,95.716,280.026,0.770823,-1,-1,-1
525,19,265.599,823.083,83.488,256.599,0.809906,-1,-1,-1
525,26,1046.193,744.685,76.124,224.271,0.621382,-1,-1,-1
525,27,957.428,722.356,82.100,240.352,0.508690,-1,-1,-1
525,28,826.193,608.829,70.530,253.283,0.657362,-1,-1,-1
526,3,1043.698,930.988,74.761,149.918,0.602124,-1,-1,-1
526,4,1718.693,461.687,68.216,206.090,0.446736,-1,-1,-1
526,8,188.050,789.136,95.682,281.001,0.771411,-1,-1,-1
526,19,264.188,825.739,83.534,254.904,0.804435,-1,-1,-1
526,26,1050.292,744.972,73.841,217.094,0.520538,-1,-1,-1
526,27,957.511,720.637,82.881,245.346,0.497886,-1,-1,-1
526,28,825.913,607.725,70.528,254.667,0.667830,-1,-1,-1
527,3,1042.800,928.820,75.455,152.165,0.651355,-1,-1,-1
527,4,1718.563,461.557,68.829,206.074,0.466313,-1,-1,-1
527,8,187.925,790.078,96.012,283.058,0.783589,-1,-1,-1
527,19,263.265,828.088,83.363,252.369,0.786948,-1,-1,-1
527,26,1054.750,745.607,70.585,205.433,0.525154,-1,-1,-1
527,27,958.249,723.698,81.964,244.032,0.435992,-1,-1,-1
527,28,826.005,607.037,69.779,252.931,0.668045,-1,-1,-1
528,3,1041.588,925.724,76.273,155.289,0.697084,-1,-1,-1
528,4,1718.904,461.213,69.756,206.568,0.501929,-1,-1,-1
528,8,187.547,791.612,95.363,283.000,0.778565,-1,-1,-1
528,19,261.908,829.545,83.533,250.619,0.794952,-1,-1,-1
528,26,1057.662,746.424,69.280,199.424,0.525867,-1,-1,-1
528,27,960.151,731.393,83.514,245.351,0.180720,-1,-1,-1
528,28,825.980,606.533,69.456,252.598,0.692645,-1,-1,-1
529,3,1040.715,925.809,75.776,155.213,0.708843,-1,-1,-1
529,4,1719.043,461.405,70.529,206.684,0.513752,-1,-1,-1
529,8,188.275,792.918,94.378,282.144,0.774301,-1,-1,-1
529,19,260.963,830.629,83.458,248.553,0.787292,-1,-1,-1
529,26,1059.281,747.186,70.390,201.320,0.567228,-1,-1,-1
529,27,960.879,731.160,85.523,254.096,0.471560,-1,-1,-1
529,28,825.712,606.513,69.159,252.125,0.710732,-1,-1,-1
530,3,1040.236,927.508,74.758,153.516,0.641581,-1,-1,-1
530,4,1718.571,460.667,71.576,208.089,0.528453,-1,-1,-1
530,8,188.872,794.048,93.562,281.622,0.763718,-1,-1,-1
530,19,260.446,832.560,83.460,246.365,0.787061,-1,-1,-1
530,26,1060.436,748.839,70.434,199.487,0.564381,-1,-1,-1
530,27,962.547,733.210,84.739,253.820,0.628823,-1,-1,-1
530,28,824.306,605.980,68.923,251.942,0.713139,-1,-1,-1
531,3,1039.927,929.890,73.527,151.132,0.654011,-1,-1,-1
531,4,1718.589,461.314,71.829,207.292,0.538876,-1,-1,-1
531,8,189.569,795.774,92.514,280.111,0.752146,-1,-1,-1
531,19,260.150,833.973,83.670,245.269,0.784431,-1,-1,-1
531,26,1060.926,750.284,72.400,204.516,0.597326,-1,-1,-1
531,27,963.938,734.338,84.084,253.646,0.636632,-1,-1,-1
531,28,822.440,605.184,69.077,252.739,0.707907,-1,-1,-1
532,3,1040.840,935.476,70.987,145.544,0.609741,-1,-1,-1
532,4,1717.020,460.911,73.061,210.273,0.601788,-1,-1,-1
532,8,190.373,797.567,91.211,277.314,0.776770,-1,-1,-1
532,19,260.071,835.008,83.995,244.570,0.789915,-1,-1,-1
532,26,1060.985,751.671,74.038,208.665,0.640501,-1,-1,-1
532,27,966.555,736.911,84.135,254.057,0.674258,-1,-1,-1
532,28,820.267,604.325,68.963,251.826,0.709930,-1,-1,-1
533,3,1042.104,943.387,67.719,137.630,0.531074,-1,-1,-1
533,4,1716.364,459.924,73.493,211.128,0.603805,-1,-1,-1
533,8,190.963,799.055,90.488,274.985,0.765782,-1,-1,-1
533,19,259.828,836.323,84.244,243.757,0.791626,-1,-1,-1
533,26,1062.355,754.031,74.769,210.169,0.601483,-1,-1,-1
533,27,970.123,739.729,83.308,250.353,0.690210,-1,-1,-1
533,28,816.008,603.677,69.481,253.615,0.712184,-1,-1,-1
534,3,1042.302,948.406,66.047,132.609,0.448784,-1,-1,-1
534,4,1715.773,459.840,73.729,210.897,0.588788,-1,-1,-1
534,8,191.714,800.508,89.740,271.715,0.775478,-1,-1,-1
534,19,260.151,837.590,84.290,242.094,0.782871,-1,-1,-1
534,26,1063.746,755.943,75.666,213.517,0.555991,-1,-1,-1
534,27,971.156,741.642,83.399,248.745,0.679925,-1,-1,-1
534,28,811.973,602.563,70.164,255.909,0.730003,-1,-1,-1
535,3,1042.736,954.349,64.158,126.664,0.257113,-1,-1,-1
535,4,1715.361,458.609,74.325,212.455,0.617583,-1,-1,-1
535,8,192.211,801.016,90.187,271.632,0.796252,-1,-1,-1
535,19,260.421,838.683,84.370,240.487,0.788734,-1,-1,-1
535,26,1062.205,758.362,78.804,222.986,0.451438,-1,-1,-1
535,27,972.053,743.898,83.412,247.173,0.659852,-1,-1,-1
535,28,808.143,601.266,70.298,255.150,0.745690,-1,-1,-1
536,3,1042.191,956.377,64.016,124.633,0.157558,-1,-1,-1
536,4,1715.840,459.408,74.009,211.150,0.623664,-1,-1,-1
536,8,192.187,801.748,91.224,273.982,0.800816,-1,-1,-1
536,19,260.308,839.910,84.402,239.362,0.789385,-1,-1,-1
536,26,1062.983,761.667,78.545,222.340,0.468612,-1,-1,-1
536,27,974.188,744.493,84.539,250.089,0.640210,-1,-1,-1
536,28,805.341,600.768,70.327,254.072,0.730533,-1,-1,-1
537,4,1716.632,460.688,73.774,210.371,0.618434,-1,-1,-1
537,8,192.498,802.608,92.204,276.935,0.785724,-1,-1,-1
537,19,260.019,841.918,84.131,237.753,0.776253,-1,-1,-1
537,26,1063.880,763.656,79.478,226.298,0.525370,-1,-1,-1
537,27,976.003,746.728,84.622,248.549,0.656085,-1,-1,-1
537,28,802.074,600.683,71.173,254.993,0.727422,-1,-1,-1
538,4,1717.323,461.495,73.327,209.354,0.625938,-1,-1,-1
538,8,193.366,803.950,92.210,277.059,0.795585,-1,-1,-1
538,19,259.339,844.696,83.862,235.778,0.783030,-1,-1,-1
538,26,1063.354,765.844,79.443,226.386,0.572255,-1,-1,-1
538,27,978.352,748.612,84.498,246.277,0.698882,-1,-1,-1
538,28,800.712,600.996,71.712,254.605,0.736196,-1,-1,-1
539,4,1717.288,461.408,73.294,209.143,0.610960,-1,-1,-1
539,8,194.126,805.669,91.823,275.837,0.784822,-1,-1,-1
539,19,258.157,847.336,83.598,233.489,0.783385,-1,-1,-1
539,26,1062.686,768.262,80.193,228.017,0.609497,-1,-1,-1
539,27,979.450,749.946,84.458,244.599,0.703759,-1,-1,-1
539,28,798.572,600.826,72.367,254.926,0.729708,-1,-1,-1
540,4,1717.131,460.650,73.517,209.817,0.630635,-1,-1,-1
540,8,194.414,807.123,91.312,273.978,0.767071,-1,-1,-1
540,19,257.380,849.715,82.858,230.101,0.768520,-1,-1,-1
540,26,1064.191,770.327,78.900,223.237,0.542601,-1,-1,-1
540,27,981.191,750.445,84.384,242.857,0.674509,-1,-1,-1
540,28,796.599,600.670,72.907,254.395,0.746172,-1,-1,-1
541,4,1717.211,459.967,73.516,209.901,0.641229,-1,-1,-1
541,8,196.612,809.763,90.422,271.441,0.777660,-1,-1,-1
541,19,257.461,851.525,82.648,228.366,0.767980,-1,-1,-1
541,26,1061.052,771.297,79.945,223.358,0.632469,-1,-1,-1
541,27,983.763,752.002,83.357,239.294,0.686314,-1,-1,-1
541,28,795.624,600.723,73.008,252.583,0.722429,-1,-1,-1
542,4,1716.893,459.179,73.775,210.670,0.598422,-1,-1,-1
542,8,199.429,811.550,89.577,269.875,0.755727,-1,-1,-1
542,19,257.993,853.675,82.222,226.730,0.746873,-1,-1,-1
542,26,1066.053,772.638,79.709,224.001,0.565533,-1,-1,-1
542,27,985.641,752.463,82.982,239.031,0.671003,-1,-1,-1
542,28,793.909,600.217,73.385,252.080,0.713158,-1,-1,-1
543,4,1716.403,458.060,74.234,211.667,0.569855,-1,-1,-1
543,8,202.012,812.868,88.803,268.599,0.712325,-1,-1,-1
543,19,258.048,857.673,81.049,223.102,0.713623,-1,-1,-1
543,26,1068.354,773.557,80.322,227.379,0.594935,-1,-1,-1
543,27,989.393,754.120,81.067,233.242,0.637681,-1,-1,-1
543,28,792.199,600.128,73.974,251.644,0.707692,-1,-1,-1
544,4,1715.931,457.909,74.531,212.100,0.560812,-1,-1,-1
544,8,204.719,814.167,87.945,267.279,0.717786,-1,-1,-1
544,19,258.571,862.508,79.469,217.698,0.697624,-1,-1,-1
544,26,1070.312,774.145,80.019,227.394,0.599567,-1,-1,-1
544,27,991.519,756.168,79.837,227.537,0.652361,-1,-1,-1
544,28,789.361,599.883,74.958,252.109,0.725055,-1,-1,-1
545,4,1715.647,458.857,74.011,209.866,0.611369,-1,-1,-1
545,8,206.891,815.718,86.951,265.687,0.697814,-1,-1,-1
545,19,257.544,866.460,78.608,213.641,0.724167,-1,-1,-1
545,26,1071.145,776.510,79.610,226.105,0.595285,-1,-1,-1
545,27,993.965,757.901,79.374,225.172,0.654037,-1,-1,-1
545,28,784.571,599.452,76.690,253.049,0.736416,-1,-1,-1
546,4,1714.468,458.528,74.775,210.831,0.623493,-1,-1,-1
546,8,208.787,816.873,86.190,264.488,0.678768,-1,-1,-1
546,19,256.094,869.583,78.212,210.975,0.718767,-1,-1,-1
546,26,1072.848,777.924,79.971,227.598,0.610054,-1,-1,-1
546,27,995.806,760.207,79.822,225.089,0.630366,-1,-1,-1
546,28,780.214,599.324,78.298,253.044,0.746146,-1,-1,-1
547,4,1715.704,458.106,75.721,211.185,0.592092,-1,-1,-1
547,8,210.690,818.353,85.440,262.966,0.681690,-1,-1,-1
547,19,255.964,873.176,77.700,207.749,0.690346,-1,-1,-1
547,26,1074.231,780.023,80.481,229.732,0.629122,-1,-1,-1
547,27,999.035,762.522,78.928,220.372,0.635694,-1,-1,-1
547,28,778.055,598.953,80.129,254.627,0.760472,-1,-1,-1
548,4,1716.417,459.151,75.447,210.895,0.588642,-1,-1,-1
548,8,212.057,819.573,84.686,261.707,0.648790,-1,-1,-1
548,19,255.172,876.233,77.005,204.818,0.687957,-1,-1,-1
548,26,1071.830,782.298,83.060,235.701,0.641510,-1,-1,-1
548,27,999.841,766.069,78.672,217.052,0.659936,-1,-1,-1
548,28,776.136,598.978,81.701,255.617,0.746163,-1,-1,-1
549,4,1718.697,459.852,74.296,209.351,0.629463,-1,-1,-1
549,8,213.590,820.999,84.008,260.246,0.525372,-1,-1,-1
549,19,252.676,875.673,77.542,205.415,0.630896,-1,-1,-1
549,26,1070.900,784.299,85.226,241.453,0.641912,-1,-1,-1
549,27,1001.185,769.151,77.612,212.422,0.584985,-1,-1,-1
549,28,775.134,599.768,82.529,254.709,0.748803,-1,-1,-1
550,4,1718.504,459.609,74.148,209.758,0.613148,-1,-1,-1
550,8,215.601,822.854,83.366,258.361,0.409972,-1,-1,-1
550,19,250.312,875.733,77.853,205.362,0.572062,-1,-1,-1
550,26,1070.722,787.314,86.499,244.209,0.596679,-1,-1,-1
550,27,1003.445,773.233,74.212,201.118,0.512835,-1,-1,-1
550,28,773.599,600.570,83.313,253.436,0.733465,-1,-1,-1
551,4,1719.475,460.038,73.482,209.299,0.605060,-1,-1,-1
551,8,218.996,824.480,83.124,256.708,0.352337,-1,-1,-1
551,19,246.495,875.980,78.847,205.110,0.571531,-1,-1,-1
551,26,1075.195,790.497,86.016,242.919,0.568067,-1,-1,-1
551,27,1007.308,774.526,71.194,190.376,0.489548,-1,-1,-1
551,28,771.779,599.859,84.535,254.650,0.729492,-1,-1,-1
552,4,1721.239,459.559,72.499,208.787,0.606188,-1,-1,-1
552,19,242.594,876.476,80.115,204.604,0.656283,-1,-1,-1
552,26,1076.603,793.614,86.242,241.842,0.571983,-1,-1,-1
552,27,1012.191,776.585,67.815,178.593,0.471170,-1,-1,-1
552,28,770.673,599.190,85.150,254.316,0.742012,-1,-1,-1
553,4,1721.240,459.741,71.819,208.253,0.576836,-1,-1,-1
553,19,240.782,877.129,80.971,203.942,0.673660,-1,-1,-1
553,26,1077.611,795.952,87.665,243.417,0.578941,-1,-1,-1
553,27,1015.776,778.895,64.678,167.691,0.510388,-1,-1,-1
553,28,769.865,597.509,85.810,254.413,0.752374,-1,-1,-1
554,4,1721.523,459.964,71.226,207.868,0.598537,-1,-1,-1
554,19,234.533,848.908,91.914,232.155,0.635113,-1,-1,-1
554,26,1082.673,798.172,87.813,242.976,0.515846,-1,-1,-1
554,27,1014.970,782.073,64.609,165.768,0.310372,-1,-1,-1
554,28,768.876,596.857,85.442,252.425,0.751135,-1,-1,-1
555,4,1721.626,458.714,71.065,208.948,0.600118,-1,-1,-1
555,19,233.236,839.684,95.510,241.377,0.700303,-1,-1,-1
555,26,1086.974,800.049,86.748,240.287,0.616155,-1,-1,-1
555,27,1018.064,784.524,62.545,158.211,0.353707,-1,-1,-1
555,28,767.505,596.815,85.476,251.472,0.734425,-1,-1,-1
556,4,1721.928,457.481,70.277,208.253,0.618081,-1,-1,-1
556,19,239.032,863.496,87.235,217.379,0.613091,-1,-1,-1
556,26,1092.756,800.774,86.001,239.504,0.573859,-1,-1,-1
556,27,1017.196,785.935,69.228,175.655,0.302651,-1,-1,-1
556,28,765.399,595.311,85.396,250.543,0.756220,-1,-1,-1
557,4,1723.702,458.358,69.709,207.247,0.617039,-1,-1,-1
557,19,238.604,846.327,93.936,234.644,0.736494,-1,-1,-1
557,26,1098.175,801.979,84.482,236.952,0.554053,-1,-1,-1
557,28,763.191,594.768,84.786,247.982,0.715938,-1,-1,-1
558,4,1721.663,457.296,69.996,209.067,0.683541,-1,-1,-1
558,19,239.956,840.916,96.323,240.098,0.719040,-1,-1,-1
558,26,1101.365,802.145,83.528,235.082,0.604150,-1,-1,-1
558,28,760.427,594.846,84.149,245.084,0.710864,-1,-1,-1
559,4,1723.755,458.572,68.797,206.512,0.656663,-1,-1,-1
559,19,245.397,872.078,85.853,208.951,0.728220,-1,-1,-1
559,26,1103.440,802.933,83.338,234.067,0.606768,-1,-1,-1
559,28,756.518,594.415,83.418,243.205,0.684813,-1,-1,-1
560,4,1725.198,459.475,67.585,203.660,0.660745,-1,-1,-1
560,19,247.321,886.116,81.649,194.912,0.741746,-1,-1,-1
560,26,1104.978,803.415,83.133,232.979,0.558091,-1,-1,-1
560,28,752.513,592.480,83.245,243.891,0.690249,-1,-1,-1
561,4,1724.237,459.289,67.096,203.321,0.669227,-1,-1,-1
561,19,249.292,893.689,79.780,187.260,0.674834,-1,-1,-1
561,26,1106.152,804.294,82.919,232.468,0.598960,-1,-1,-1
561,28,748.069,591.949,81.910,242.375,0.693195,-1,-1,-1
562,4,1722.874,458.320,67.367,205.380,0.645653,-1,-1,-1
562,19,251.178,898.670,78.932,181.922,0.662271,-1,-1,-1
562,26,1107.657,806.199,83.748,234.143,0.600801,-1,-1,-1
562,28,744.934,593.324,79.525,237.690,0.695052,-1,-1,-1
562,3,1004.643,940.181,80.614,140.501,0.619401,-1,-1,-1
562,27,1020.615,792.215,77.572,195.605,0.625715,-1,-1,-1
563,4,1723.380,457.591,68.268,206.804,0.636172,-1,-1,-1
563,19,249.524,903.032,77.632,177.780,0.687329,-1,-1,-1
563,26,1109.139,809.568,84.775,235.960,0.582730,-1,-1,-1
563,28,740.387,592.203,79.778,239.952,0.702298,-1,-1,-1
563,3,999.955,937.854,86.936,142.252,0.519332,-1,-1,-1
563,27,1018.446,794.004,84.864,215.014,0.546822,-1,-1,-1
564,4,1722.105,455.665,68.726,208.170,0.645187,-1,-1,-1
564,19,249.345,906.563,76.491,174.356,0.704288,-1,-1,-1
564,26,1108.454,812.344,86.378,240.457,0.564481,-1,-1,-1
564,28,736.113,591.021,80.160,241.678,0.692602,-1,-1,-1
564,3,996.392,936.951,91.535,142.884,0.576349,-1,-1,-1
564,27,1015.966,796.592,92.819,240.310,0.598894,-1,-1,-1
565,4,1722.635,456.938,69.240,207.739,0.639098,-1,-1,-1
565,19,250.555,908.300,76.002,172.445,0.714053,-1,-1,-1
565,26,1108.833,814.878,87.288,242.386,0.616267,-1,-1,-1
565,28,733.665,590.370,80.202,242.108,0.609212,-1,-1,-1
565,3,993.099,937.214,93.808,142.171,0.441312,-1,-1,-1
565,27,1014.874,798.578,98.329,259.259,0.641671,-1,-1,-1
565,29,375.586,236.428,66.504,191.031,0.652004,-1,-1,-1
566,4,1722.011,457.056,70.027,208.193,0.634967,-1,-1,-1
566,19,251.418,910.315,75.591,170.604,0.745587,-1,-1,-1
566,26,1107.132,817.788,88.480,243.673,0.622606,-1,-1,-1
566,28,732.623,591.133,79.486,240.874,0.611638,-1,-1,-1
566,3,989.616,934.669,96.955,145.236,0.527376,-1,-1,-1
566,27,1015.914,801.312,99.313,266.326,0.594490,-1,-1,-1
566,29,375.277,236.186,66.643,191.594,0.663274,-1,-1,-1
566,8,280.095,847.293,80.039,232.635,0.639938,-1,-1,-1
567,4,1721.585,457.633,71.302,209.441,0.646327,-1,-1,-1
567,19,251.947,912.439,75.086,168.542,0.753874,-1,-1,-1
567,26,1111.553,820.646,87.460,241.652,0.484719,-1,-1,-1
567,28,730.366,591.375,79.702,241.998,0.569616,-1,-1,-1
567,3,987.592,932.946,98.287,146.648,0.604514,-1,-1,-1
567,27,1019.726,805.098,96.643,263.416,0.488667,-1,-1,-1
567,29,374.676,237.062,66.544,191.553,0.665292,-1,-1,-1
567,8,281.498,848.975,84.003,231.659,0.644554,-1,-1,-1
568,4,1720.659,457.585,72.103,210.148,0.696509,-1,-1,-1
568,19,252.576,914.340,74.878,166.663,0.760469,-1,-1,-1
568,26,1113.385,822.997,86.923,240.716,0.495973,-1,-1,-1
568,28,729.085,590.379,79.876,243.673,0.621707,-1,-1,-1
568,3,987.096,933.647,97.663,145.046,0.381486,-1,-1,-1
568,27,1022.228,808.734,95.279,263.034,0.481215,-1,-1,-1
568,29,375.132,238.444,66.117,190.578,0.640873,-1,-1,-1
568,8,282.744,850.326,87.124,230.255,0.657463,-1,-1,-1
569,4,1719.812,458.179,72.669,209.907,0.693696,-1,-1,-1
569,19,252.907,915.844,74.847,165.167,0.755344,-1,-1,-1
569,26,1115.038,825.920,86.375,240.110,0.475468,-1,-1,-1
569,28,726.698,589.280,80.337,245.283,0.625468,-1,-1,-1
569,3,986.706,934.479,96.528,144.238,0.288508,-1,-1,-1
569,27,1026.284,810.842,94.718,265.214,0.571825,-1,-1,-1
569,29,375.386,237.971,66.661,192.265,0.638178,-1,-1,-1
569,8,286.666,852.142,89.355,228.572,0.648032,-1,-1,-1
570,4,1718.973,458.088,73.175,209.552,0.684307,-1,-1,-1
570,19,252.856,917.243,74.814,163.769,0.743963,-1,-1,-1
570,26,1118.146,827.613,86.536,241.393,0.584125,-1,-1,-1
570,28,724.752,587.853,81.207,248.189,0.612080,-1,-1,-1
570,3,986.584,933.614,96.111,145.447,0.342400,-1,-1,-1
570,27,1028.922,812.825,93.831,266.402,0.601856,-1,-1,-1
570,29,375.841,238.134,66.743,192.623,0.636004,-1,-1,-1
570,8,289.722,853.629,91.431,227.314,0.663818,-1,-1,-1
571,4,1719.012,457.099,73.877,209.460,0.671595,-1,-1,-1
571,19,252.272,919.844,74.382,161.167,0.747387,-1,-1,-1
571,26,1122.942,829.640,85.765,242.377,0.664816,-1,-1,-1
571,28,722.288,588.241,81.416,247.386,0.552466,-1,-1,-1
571,3,987.409,932.380,95.084,146.705,0.400435,-1,-1,-1
571,27,1033.238,814.759,92.069,265.766,0.670233,-1,-1,-1
571,29,376.080,237.570,66.596,192.141,0.621248,-1,-1,-1
571,8,291.545,856.061,92.476,224.962,0.672055,-1,-1,-1
572,4,1718.949,458.201,74.228,208.588,0.636947,-1,-1,-1
572,19,253.299,920.592,74.700,160.270,0.747988,-1,-1,-1
572,26,1123.093,831.004,85.089,241.841,0.607343,-1,-1,-1
572,28,718.999,587.857,82.657,249.168,0.517679,-1,-1,-1
572,3,986.737,930.817,94.919,148.827,0.568268,-1,-1,-1
572,27,1037.230,817.530,89.691,262.109,0.637328,-1,-1,-1
572,29,377.499,239.120,65.484,189.070,0.614428,-1,-1,-1
572,8,297.231,858.043,92.479,223.005,0.689716,-1,-1,-1
573,4,1718.889,458.072,75.332,209.834,0.621432,-1,-1,-1
573,19,253.161,925.193,73.660,155.761,0.736763,-1,-1,-1
573,26,1123.281,832.676,85.250,244.268,0.640144,-1,-1,-1
573,28,716.303,587.924,83.312,249.603,0.643257,-1,-1,-1
573,3,987.480,930.480,93.726,149.340,0.600137,-1,-1,-1
573,27,1041.391,819.808,87.495,257.687,0.622986,-1,-1,-1
573,29,378.288,240.819,64.305,185.639,0.620040,-1,-1,-1
573,8,297.045,860.075,91.856,220.558,0.691274,-1,-1,-1
574,4,1719.281,458.557,75.410,208.547,0.642925,-1,-1,-1
574,19,253.668,928.700,73.066,152.288,0.736504,-1,-1,-1
574,26,1124.056,833.624,85.036,244.896,0.619395,-1,-1,-1
574,28,713.316,586.785,83.943,249.624,0.697295,-1,-1,-1
574,3,988.965,929.836,92.269,149.779,0.600043,-1,-1,-1
574,27,1044.778,820.874,85.981,254.411,0.600974,-1,-1,-1
574,29,378.704,241.902,63.859,184.457,0.642613,-1,-1,-1
574,8,299.990,861.817,91.903,219.077,0.698730,-1,-1,-1
575,4,1719.013,457.778,75.916,208.647,0.642771,-1,-1,-1
575,19,253.482,927.820,74.107,153.181,0.733452,-1,-1,-1
575,26,1124.642,835.370,85.278,244.334,0.643107,-1,-1,-1
575,28,711.619,585.566,84.449,249.529,0.684079,-1,-1,-1
575,3,991.316,929.323,90.329,149.786,0.577965,-1,-1,-1
575,27,1046.569,821.729,85.690,254.146,0.619897,-1,-1,-1
575,29,378.716,241.766,64.459,186.311,0.643847,-1,-1,-1
575,8,301.243,863.924,91.484,217.064,0.697735,-1,-1,-1
576,4,1719.174,457.710,76.692,209.521,0.613798,-1,-1,-1
576,19,253.971,930.633,73.627,150.372,0.741790,-1,-1,-1
576,26,1126.888,836.472,85.229,242.780,0.597824,-1,-1,-1
576,28,709.758,584.231,85.342,250.859,0.706171,-1,-1,-1
576,3,994.148,928.794,87.786,149.752,0.479698,-1,-1,-1
576,27,1047.600,822.427,85.122,253.402,0.582755,-1,-1,-1
576,29,378.705,244.374,64.659,186.966,0.661913,-1,-1,-1
576,8,301.312,866.501,90.752,214.420,0.698061,-1,-1,-1
577,4,1719.434,458.450,76.861,208.822,0.588047,-1,-1,-1
577,19,254.885,935.417,72.493,145.588,0.743169,-1,-1,-1
577,26,1127.659,838.698,85.551,240.139,0.512566,-1,-1,-1
577,28,707.777,582.328,85.377,249.636,0.700476,-1,-1,-1
577,3,995.901,928.063,85.995,150.245,0.571826,-1,-1,-1
577,27,1049.348,824.054,83.850,250.495,0.501631,-1,-1,-1
577,29,379.036,247.543,64.637,187.215,0.627344,-1,-1,-1
577,8,303.116,870.448,89.995,210.333,0.699765,-1,-1,-1
578,4,1719.250,459.219,77.351,209.256,0.557524,-1,-1,-1
578,19,255.630,940.600,71.179,140.405,0.739114,-1,-1,-1
578,26,1126.928,840.681,84.623,238.561,0.474721,-1,-1,-1
578,28,706.036,579.033,84.999,247.359,0.677512,-1,-1,-1
578,3,998.041,927.499,84.682,150.790,0.537873,-1,-1,-1
578,27,1052.060,825.186,82.419,247.437,0.485297,-1,-1,-1
578,29,378.557,250.029,64.794,187.981,0.646051,-1,-1,-1
578,8,302.994,872.900,89.558,207.533,0.696990,-1,-1,-1
579,4,1719.260,459.863,77.576,209.116,0.563676,-1,-1,-1
579,19,255.730,944.668,70.392,136.337,0.727901,-1,-1,-1
579,26,1130.567,841.145,85.062,237.935,0.574880,-1,-1,-1
579,28,705.134,576.826,81.654,236.759,0.590844,-1,-1,-1
579,3,1001.008,926.592,83.680,151.253,0.537780,-1,-1,-1
579,27,1053.836,827.033,82.669,248.217,0.499926,-1,-1,-1
579,29,378.453,251.442,64.661,187.884,0.667816,-1,-1,-1
579,8,302.872,874.864,89.242,205.040,0.698577,-1,-1,-1
580,4,1718.811,460.022,78.313,210.798,0.583054,-1,-1,-1
580,19,254.746,947.155,70.270,133.465,0.722037,-1,-1,-1
580,26,1130.117,842.578,84.842,237.955,0.556396,-1,-1,-1
580,28,702.314,576.137,83.873,245.217,0.579453,-1,-1,-1
580,3,1003.074,926.523,82.978,151.052,0.567002,-1,-1,-1
580,27,1055.502,829.235,82.152,247.131,0.488722,-1,-1,-1
580,29,378.269,253.417,64.354,187.286,0.686826,-1,-1,-1
580,8,300.999,875.964,89.779,204.651,0.724022,-1,-1,-1
580,31,1563.601,602.799,113.195,225.760,0.606367,-1,-1,-1
581,4,1718.684,459.313,78.188,210.748,0.573339,-1,-1,-1
581,19,254.891,949.091,70.436,131.587,0.727040,-1,-1,-1
581,26,1135.023,842.963,86.020,238.219,0.522434,-1,-1,-1
581,28,700.110,574.921,83.860,248.319,0.599999,-1,-1,-1
581,3,1004.444,926.235,82.671,151.244,0.591795,-1,-1,-1
581,27,1058.843,831.969,81.004,243.530,0.553512,-1,-1,-1
581,29,378.198,255.625,63.758,185.451,0.649481,-1,-1,-1
581,8,300.505,877.234,90.340,203.588,0.725289,-1,-1,-1
581,31,1563.782,602.105,113.394,226.109,0.576101,-1,-1,-1
582,4,1720.139,459.104,77.389,208.650,0.533276,-1,-1,-1
582,19,254.116,950.108,71.014,130.592,0.711523,-1,-1,-1
582,26,1136.284,845.601,86.472,235.911,0.529432,-1,-1,-1
582,28,699.945,572.760,81.170,242.687,0.471903,-1,-1,-1
582,3,1005.376,926.332,83.298,152.142,0.605998,-1,-1,-1
582,27,1061.839,835.328,79.173,237.578,0.555031,-1,-1,-1
582,29,377.534,256.749,63.992,186.006,0.642122,-1,-1,-1
582,8,301.876,878.767,90.787,202.188,0.737916,-1,-1,-1
582,31,1564.912,603.625,112.416,224.086,0.526215,-1,-1,-1
583,4,1720.386,458.791,77.265,208.630,0.585570,-1,-1,-1
583,19,252.925,950.671,71.847,130.191,0.708773,-1,-1,-1
583,26,1141.911,846.834,86.308,234.747,0.656574,-1,-1,-1
583,28,699.322,571.326,77.475,234.086,0.428402,-1,-1,-1
583,3,1004.861,926.919,82.990,152.183,0.577283,-1,-1,-1
583,27,1064.426,838.871,79.164,237.818,0.657181,-1,-1,-1
583,29,376.545,257.823,64.750,187.885,0.673887,-1,-1,-1
583,8,302.620,880.658,90.723,200.345,0.751254,-1,-1,-1
583,31,1561.298,606.304,112.348,223.989,0.424564,-1,-1,-1
584,4,1719.796,456.099,78.390,211.573,0.618364,-1,-1,-1
584,19,251.618,951.458,72.379,129.497,0.700485,-1,-1,-1
584,26,1143.227,848.958,86.053,232.604,0.670065,-1,-1,-1
584,28,696.974,569.925,75.999,233.697,0.269281,-1,-1,-1
584,3,999.614,927.127,81.236,152.328,0.563658,-1,-1,-1
584,27,1064.383,842.336,79.482,237.730,0.687730,-1,-1,-1
584,29,374.940,258.604,65.385,189.398,0.696761,-1,-1,-1
584,8,303.430,882.380,90.547,198.638,0.755525,-1,-1,-1
584,31,1561.719,604.304,112.632,224.612,0.506540,-1,-1,-1
585,4,1720.368,457.022,77.344,209.066,0.633054,-1,-1,-1
585,19,251.159,952.503,72.607,128.295,0.708598,-1,-1,-1
585,26,1144.419,852.085,85.403,229.426,0.721646,-1,-1,-1
585,28,694.147,569.283,76.129,238.910,0.295507,-1,-1,-1
585,3,997.986,927.919,79.071,151.178,0.590161,-1,-1,-1
585,27,1063.899,844.803,78.989,236.111,0.731585,-1,-1,-1
585,29,374.029,259.188,65.426,189.209,0.712275,-1,-1,-1
585,8,303.613,884.300,90.240,196.722,0.754022,-1,-1,-1
585,31,1560.594,606.475,112.372,224.121,0.434958,-1,-1,-1
586,4,1720.034,457.525,76.383,207.005,0.622100,-1,-1,-1
586,19,250.212,953.900,72.896,126.907,0.704429,-1,-1,-1
586,26,1147.797,855.179,84.653,226.273,0.696039,-1,-1,-1
586,3,997.678,928.777,76.915,150.377,0.601898,-1,-1,-1
586,27,1064.844,847.078,78.274,233.156,0.710852,-1,-1,-1
586,29,373.318,259.442,65.530,189.583,0.719636,-1,-1,-1
586,8,304.534,886.924,89.572,194.097,0.759483,-1,-1,-1
586,31,1563.695,604.972,112.437,224.090,0.533660,-1,-1,-1
587,4,1720.609,456.428,76.734,209.059,0.640962,-1,-1,-1
587,19,251.303,955.947,72.707,124.987,0.723615,-1,-1,-1
587,26,1151.764,858.641,83.880,222.756,0.670407,-1,-1,-1
587,3,997.731,929.813,75.107,149.366,0.629736,-1,-1,-1
587,27,1067.006,848.831,77.589,230.723,0.713534,-1,-1,-1
587,29,372.509,259.814,65.501,189.461,0.700962,-1,-1,-1
587,8,305.948,889.342,88.995,191.563,0.758686,-1,-1,-1
587,31,1561.723,604.194,113.595,226.654,0.540853,-1,-1,-1
588,4,1718.952,454.627,76.907,212.361,0.628053,-1,-1,-1
588,19,252.009,958.440,72.307,122.542,0.720181,-1,-1,-1
588,26,1154.388,859.416,84.457,221.930,0.663361,-1,-1,-1
588,3,997.328,930.799,74.054,149.512,0.619553,-1,-1,-1
588,27,1068.339,850.703,76.720,227.963,0.705504,-1,-1,-1
588,29,372.267,259.985,65.534,189.532,0.707286,-1,-1,-1
588,8,306.576,891.910,88.438,189.065,0.755166,-1,-1,-1
588,31,1563.330,603.844,112.909,225.270,0.529875,-1,-1,-1
589,4,1721.355,456.112,75.358,209.456,0.643317,-1,-1,-1
589,19,252.893,961.580,71.646,119.418,0.721138,-1,-1,-1
589,26,1157.869,859.708,84.944,221.596,0.684855,-1,-1,-1
589,3,997.577,931.495,72.750,149.322,0.625156,-1,-1,-1
589,27,1069.268,852.015,76.608,226.947,0.715003,-1,-1,-1
589,29,371.831,260.959,65.024,187.842,0.704531,-1,-1,-1
589,8,306.994,895.308,87.584,185.692,0.767159,-1,-1,-1
589,31,1561.033,604.318,113.355,226.329,0.550431,-1,-1,-1
590,4,1722.162,456.579,74.997,209.155,0.603930,-1,-1,-1
590,19,252.783,964.094,71.307,116.910,0.699440,-1,-1,-1
590,26,1160.659,862.401,84.471,218.867,0.694526,-1,-1,-1
590,3,997.522,931.982,71.557,149.020,0.638930,-1,-1,-1
590,27,1070.698,853.494,76.750,225.987,0.731261,-1,-1,-1
590,29,371.381,262.365,64.605,186.417,0.715160,-1,-1,-1
590,8,308.462,896.970,87.174,183.649,0.761994,-1,-1,-1
590,31,1560.266,604.736,113.212,226.204,0.548063,-1,-1,-1
591,4,1722.901,458.044,74.113,207.326,0.625925,-1,-1,-1
591,19,252.892,967.244,70.654,113.761,0.701780,-1,-1,-1
591,26,1162.769,864.101,84.435,217.132,0.691284,-1,-1,-1
591,3,997.183,932.902,70.038,148.163,0.628004,-1,-1,-1
591,27,1072.301,854.516,77.093,225.319,0.723468,-1,-1,-1
591,29,370.823,263.626,64.437,185.299,0.721719,-1,-1,-1
591,8,309.922,899.041,86.216,180.335,0.760881,-1,-1,-1
591,31,1560.641,604.718,113.007,225.921,0.570888,-1,-1,-1
592,4,1722.625,458.288,73.727,206.868,0.625607,-1,-1,-1
592,19,254.614,969.842,70.321,111.164,0.721277,-1,-1,-1
592,26,1163.364,866.647,84.440,214.556,0.686360,-1,-1,-1
592,3,997.022,933.724,68.722,147.357,0.583736,-1,-1,-1
592,27,1073.329,855.770,76.785,223.037,0.715421,-1,-1,-1
592,29,370.397,265.267,63.824,182.818,0.717636,-1,-1,-1
592,8,311.485,902.425,85.207,177.003,0.739090,-1,-1,-1
592,31,1560.766,604.255,113.264,226.616,0.507374,-1,-1,-1
593,4,1720.175,456.468,74.706,211.203,0.650099,-1,-1,-1
593,19,256.074,972.391,70.018,108.614,0.728919,-1,-1,-1
593,26,1165.717,869.168,84.081,212.009,0.676228,-1,-1,-1
593,3,997.431,934.317,67.451,146.468,0.582546,-1,-1,-1
593,27,1074.561,856.781,76.611,221.426,0.724005,-1,-1,-1
593,29,369.641,266.247,64.282,183.589,0.725337,-1,-1,-1
593,8,312.889,907.680,84.023,172.760,0.772760,-1,-1,-1
593,31,1560.837,604.325,113.015,226.475,0.474898,-1,-1,-1
593,32,1656.947,236.824,73.505,185.816,0.665282,-1,-1,-1
594,4,1719.478,456.064,74.639,212.473,0.648698,-1,-1,-1
594,19,258.325,975.821,69.562,105.184,0.721783,-1,-1,-1
594,26,1167.259,871.377,83.804,209.777,0.668185,-1,-1,-1
594,3,997.965,935.666,66.092,145.298,0.574999,-1,-1,-1
594,27,1075.291,857.901,76.893,221.614,0.718727,-1,-1,-1
594,29,368.641,267.696,64.915,185.398,0.720919,-1,-1,-1
594,8,314.812,910.959,83.686,169.859,0.775589,-1,-1,-1
594,31,1561.571,606.033,111.792,224.360,0.486059,-1,-1,-1
594,32,1657.070,234.511,73.811,186.715,0.636404,-1,-1,-1
595,4,1719.758,455.004,74.520,213.306,0.679600,-1,-1,-1
595,19,258.647,979.258,68.804,101.746,0.701843,-1,-1,-1
595,26,1168.919,873.115,83.590,208.019,0.659587,-1,-1,-1
595,3,997.807,936.403,64.985,144.623,0.593634,-1,-1,-1
595,27,1076.689,859.742,77.009,220.930,0.719797,-1,-1,-1
595,29,367.478,270.054,65.691,187.631,0.723539,-1,-1,-1
595,8,316.492,912.884,84.000,168.072,0.761997,-1,-1,-1
595,31,1562.155,606.271,111.423,224.004,0.445718,-1,-1,-1
595,32,1657.194,232.222,74.379,188.426,0.628657,-1,-1,-1
596,4,1719.085,454.312,74.787,214.525,0.701840,-1,-1,-1
596,19,259.578,982.116,68.468,98.887,0.702255,-1,-1,-1
596,26,1171.357,874.928,82.918,206.189,0.687150,-1,-1,-1
596,3,997.904,936.320,63.827,143.355,0.573045,-1,-1,-1
596,27,1077.724,861.874,76.938,219.211,0.720953,-1,-1,-1
596,29,366.215,270.967,66.655,190.688,0.726281,-1,-1,-1
596,8,317.990,914.144,84.469,166.860,0.768808,-1,-1,-1
596,31,1562.395,606.998,111.152,223.836,0.458632,-1,-1,-1
596,32,1657.028,230.679,74.103,188.043,0.610684,-1,-1,-1
597,4,1718.697,454.998,74.541,213.678,0.687603,-1,-1,-1
597,19,259.877,983.741,68.914,97.261,0.696298,-1,-1,-1
597,26,1173.415,876.742,82.247,204.360,0.649845,-1,-1,-1
597,3,998.166,936.803,62.890,142.113,0.617686,-1,-1,-1
597,27,1078.518,864.224,76.347,216.992,0.675420,-1,-1,-1
597,29,365.394,272.653,66.804,191.164,0.710619,-1,-1,-1
597,8,319.478,914.731,85.119,166.288,0.738827,-1,-1,-1
597,31,1562.294,609.125,110.315,221.960,0.410945,-1,-1,-1
597,32,1657.347,228.646,74.238,188.871,0.594220,-1,-1,-1
598,4,1717.799,454.851,74.711,213.502,0.706311,-1,-1,-1
598,19,260.249,985.356,69.285,95.647,0.677259,-1,-1,-1
598,26,1173.495,878.683,82.115,202.407,0.663126,-1,-1,-1
598,3,999.471,937.423,62.465,141.258,0.625037,-1,-1,-1
598,27,1080.008,866.024,76.116,215.220,0.662833,-1,-1,-1
598,29,364.925,273.684,66.722,190.905,0.706345,-1,-1,-1
598,8,320.871,915.259,85.840,165.108,0.735261,-1,-1,-1
598,31,1562.119,611.594,109.467,219.706,0.384644,-1,-1,-1
598,32,1656.342,227.594,74.217,189.430,0.591820,-1,-1,-1
599,4,1717.116,454.810,75.072,213.202,0.703294,-1,-1,-1
599,19,259.923,986.502,69.492,94.500,0.659302,-1,-1,-1
599,26,1175.038,881.432,81.534,199.647,0.658543,-1,-1,-1
599,3,998.982,937.830,62.106,140.789,0.646138,-1,-1,-1
599,27,1082.038,868.230,75.992,213.003,0.620174,-1,-1,-1
599,29,364.993,274.126,66.864,191.632,0.671368,-1,-1,-1
599,8,321.957,917.019,86.297,162.848,0.726866,-1,-1,-1
599,31,1561.694,610.364,110.399,221.257,0.364497,-1,-1,-1
599,32,1654.231,227.988,73.771,188.730,0.550545,-1,-1,-1
600,4,1717.064,454.871,75.123,212.064,0.720129,-1,-1,-1
600,19,260.596,987.504,70.123,93.498,0.648891,-1,-1,-1
600,26,1178.421,884.914,80.157,196.154,0.658737,-1,-1,-1
600,3,999.064,939.248,61.429,139.462,0.640529,-1,-1,-1
600,27,1083.770,870.358,75.866,210.854,0.653191,-1,-1,-1
600,29,365.261,275.727,66.868,192.025,0.677038,-1,-1,-1
600,8,323.878,918.996,86.771,160.090,0.704330,-1,-1,-1
600,31,1562.193,609.045,110.597,221.298,0.352456,-1,-1,-1
600,32,1652.532,227.721,72.691,186.093,0.543262,-1,-1,-1
601,4,1717.055,454.934,75.874,212.912,0.701590,-1,-1,-1
601,19,260.892,987.865,71.223,93.136,0.626335,-1,-1,-1
601,26,1178.928,887.426,79.593,193.632,0.656114,-1,-1,-1
601,3,998.736,940.539,60.637,138.169,0.621295,-1,-1,-1
601,27,1086.150,872.917,75.957,208.270,0.605891,-1,-1,-1
601,29,364.058,275.930,67.842,195.727,0.702085,-1,-1,-1
601,8,324.002,920.730,87.544,158.368,0.721570,-1,-1,-1
601,31,1562.236,604.906,111.832,224.148,0.392295,-1,-1,-1
601,32,1649.651,227.506,72.821,186.361,0.576655,-1,-1,-1
602,4,1716.239,455.941,76.329,212.231,0.695358,-1,-1,-1
602,19,261.319,989.588,71.348,91.414,0.610018,-1,-1,-1
602,26,1179.320,889.553,79.347,191.498,0.649657,-1,-1,-1
602,3,997.470,941.311,60.342,137.520,0.651627,-1,-1,-1
602,27,1086.663,875.889,76.163,205.276,0.672537,-1,-1,-1
602,29,364.156,275.833,67.721,196.604,0.682078,-1,-1,-1
602,8,325.221,922.483,88.056,156.104,0.722308,-1,-1,-1
602,31,1563.633,601.547,112.913,225.917,0.591572,-1,-1,-1
602,32,1648.811,228.012,71.953,184.067,0.589816,-1,-1,-1
603,4,1715.285,456.183,77.533,213.682,0.715746,-1,-1,-1
603,19,261.987,991.997,70.944,89.004,0.623543,-1,-1,-1
603,26,1179.812,891.871,78.846,189.174,0.604940,-1,-1,-1
603,3,996.779,941.928,59.992,136.914,0.662691,-1,-1,-1
603,27,1087.528,878.758,76.316,202.385,0.660644,-1,-1,-1
603,29,364.064,277.297,67.307,195.684,0.695858,-1,-1,-1
603,8,325.764,925.231,88.448,153.799,0.736489,-1,-1,-1
603,31,1563.738,601.083,113.199,226.715,0.489042,-1,-1,-1
603,32,1647.565,228.696,71.425,183.098,0.621964,-1,-1,-1
604,4,1714.436,455.824,77.893,212.333,0.713147,-1,-1,-1
604,19,262.561,993.814,70.975,87.187,0.627668,-1,-1,-1
604,26,1180.911,894.174,78.058,186.865,0.531227,-1,-1,-1
604,3,997.167,943.175,59.574,136.022,0.639907,-1,-1,-1
604,27,1088.414,881.661,76.792,199.464,0.601695,-1,-1,-1
604,29,364.461,277.847,67.216,196.275,0.681296,-1,-1,-1
604,8,326.729,927.921,88.685,151.300,0.754618,-1,-1,-1
604,31,1563.760,600.079,113.618,227.822,0.435257,-1,-1,-1
604,32,1647.595,228.599,70.628,182.190,0.605953,-1,-1,-1
605,4,1714.431,455.328,78.829,213.245,0.703326,-1,-1,-1
605,19,262.881,995.679,71.010,85.322,0.627794,-1,-1,-1
605,26,1182.428,896.916,76.545,184.118,0.516243,-1,-1,-1
605,3,997.360,944.364,59.242,135.304,0.621397,-1,-1,-1
605,27,1091.355,884.090,77.116,197.018,0.558829,-1,-1,-1
605,29,364.208,277.989,67.142,196.037,0.685052,-1,-1,-1
605,8,327.613,930.771,88.476,148.680,0.746843,-1,-1,-1
605,31,1563.760,602.419,112.135,225.569,0.353482,-1,-1,-1
605,32,1647.528,229.051,69.347,179.553,0.555338,-1,-1,-1
606,4,1714.889,455.704,79.305,213.052,0.699462,-1,-1,-1
606,19,262.769,998.345,70.398,82.655,0.612784,-1,-1,-1
606,26,1182.749,899.169,75.687,181.861,0.517757,-1,-1,-1
606,3,996.965,945.553,58.957,134.766,0.591546,-1,-1,-1
606,27,1094.498,886.839,76.872,194.256,0.562677,-1,-1,-1
606,29,363.956,278.441,66.976,195.489,0.693494,-1,-1,-1
606,8,328.441,933.881,88.229,146.464,0.754406,-1,-1,-1
606,31,1562.586,606.495,111.064,223.514,0.502755,-1,-1,-1
606,32,1646.860,229.153,68.584,178.060,0.547833,-1,-1,-1
607,4,1714.403,456.063,79.870,212.610,0.710740,-1,-1,-1
607,19,262.378,1001.066,69.596,79.935,0.611678,-1,-1,-1
607,26,1183.295,899.381,75.647,181.644,0.472157,-1,-1,-1
607,3,996.586,946.337,58.734,134.215,0.598052,-1,-1,-1
607,27,1098.412,888.434,76.907,192.648,0.563413,-1,-1,-1
607,29,364.277,279.184,66.612,194.490,0.697360,-1,-1,-1
607,8,328.802,936.702,87.733,144.108,0.734828,-1,-1,-1
607,31,1563.605,609.814,109.647,220.792,0.449706,-1,-1,-1
607,32,1646.094,228.493,68.169,177.634,0.548373,-1,-1,-1
608,4,1713.996,455.635,80.688,213.175,0.710407,-1,-1,-1
608,19,262.120,1003.273,69.323,77.728,0.619668,-1,-1,-1
608,26,1184.234,900.354,75.055,180.669,0.500223,-1,-1,-1
608,3,996.448,946.762,58.768,134.128,0.592986,-1,-1,-1
608,27,1101.721,890.374,76.537,190.698,0.582377,-1,-1,-1
608,29,363.596,279.122,66.407,193.746,0.676499,-1,-1,-1
608,8,329.632,940.938,86.482,140.039,0.744968,-1,-1,-1
608,31,1563.629,611.305,108.837,219.139,0.451374,-1,-1,-1
608,32,1644.547,227.442,68.577,180.088,0.532178,-1,-1,-1
609,4,1714.301,455.479,80.829,212.593,0.743360,-1,-1,-1
609,19,262.411,1006.088,68.344,74.738,0.613543,-1,-1,-1
609,26,1186.132,901.327,75.297,179.693,0.518548,-1,-1,-1
609,3,995.889,947.571,58.705,133.443,0.618282,-1,-1,-1
609,27,1103.802,891.308,76.565,189.755,0.587350,-1,-1,-1
609,29,363.403,278.699,66.451,193.976,0.686044,-1,-1,-1
609,8,329.331,943.744,85.015,135.117,0.732700,-1,-1,-1
609,31,1562.835,609.544,109.728,221.410,0.450761,-1,-1,-1
609,32,1641.987,224.871,70.103,185.026,0.548739,-1,-1,-1
610,4,1714.354,455.343,81.063,212.269,0.738458,-1,-1,-1
610,19,262.011,1009.220,66.598,71.170,0.554764,-1,-1,-1
610,26,1186.481,901.749,75.577,179.268,0.510236,-1,-1,-1
610,3,994.786,947.565,58.968,133.489,0.624649,-1,-1,-1
610,27,1104.848,891.648,76.807,189.406,0.569368,-1,-1,-1
610,29,362.888,279.318,66.412,193.816,0.698435,-1,-1,-1
610,8,329.071,946.430,84.260,131.686,0.727190,-1,-1,-1
610,31,1564.174,601.992,111.988,226.254,0.397848,-1,-1,-1
610,32,1640.525,223.021,69.435,183.766,0.533924,-1,-1,-1
611,4,1713.810,455.542,81.705,212.963,0.741084,-1,-1,-1
611,19,261.475,1012.511,64.536,67.639,0.500025,-1,-1,-1
611,26,1187.061,903.109,75.649,177.906,0.507808,-1,-1,-1
611,3,993.788,947.395,59.314,133.668,0.631346,-1,-1,-1
611,27,1106.518,892.326,77.123,188.722,0.576916,-1,-1,-1
611,29,362.484,280.945,66.322,193.035,0.704410,-1,-1,-1
611,8,327.120,949.148,84.880,130.822,0.730373,-1,-1,-1
611,31,1565.089,597.597,113.159,228.967,0.534468,-1,-1,-1
611,32,1639.308,220.220,69.259,184.050,0.544125,-1,-1,-1
612,4,1713.051,454.942,82.253,213.132,0.754358,-1,-1,-1
612,19,261.056,1015.589,63.477,65.036,0.477506,-1,-1,-1
612,26,1186.395,905.029,75.711,175.985,0.508292,-1,-1,-1
612,3,993.104,947.303,59.640,133.759,0.608663,-1,-1,-1
612,27,1108.466,893.491,76.886,187.551,0.575422,-1,-1,-1
612,29,361.652,283.261,66.262,192.294,0.670970,-1,-1,-1
612,8,326.242,950.463,85.625,130.216,0.759077,-1,-1,-1
612,31,1566.077,601.222,111.412,225.790,0.483162,-1,-1,-1
612,32,1637.699,217.589,69.543,185.415,0.558968,-1,-1,-1
612,28,589.442,549.249,81.164,234.683,0.628448,-1,-1,-1
613,4,1713.192,454.494,82.529,213.435,0.748627,-1,-1,-1
613,19,261.162,1018.235,62.528,62.617,0.395142,-1,-1,-1
613,26,1188.123,907.668,75.426,173.344,0.336714,-1,-1,-1
613,3,992.282,948.048,59.693,133.009,0.622687,-1,-1,-1
613,27,1109.500,894.609,76.771,186.428,0.512679,-1,-1,-1
613,29,360.998,286.289,66.459,192.946,0.675385,-1,-1,-1
613,8,325.981,952.782,85.345,128.155,0.730200,-1,-1,-1
613,31,1564.755,605.621,110.133,223.508,0.529785,-1,-1,-1
613,32,1636.112,214.811,70.210,187.970,0.570446,-1,-1,-1
613,28,586.483,549.075,85.151,234.877,0.656626,-1,-1,-1
614,4,1713.395,454.127,82.590,213.411,0.740018,-1,-1,-1
614,19,261.797,1021.105,61.212,59.855,0.378081,-1,-1,-1
614,26,1190.055,911.001,74.613,170.009,0.490607,-1,-1,-1
614,3,990.946,947.512,60.343,133.539,0.645049,-1,-1,-1
614,27,1111.493,897.256,76.415,183.776,0.591275,-1,-1,-1
614,29,359.673,286.841,67.465,196.082,0.676011,-1,-1,-1
614,8,325.903,954.120,85.604,126.906,0.728510,-1,-1,-1
614,31,1564.046,608.781,109.220,221.666,0.483925,-1,-1,-1
614,32,1634.989,213.169,69.422,185.961,0.578171,-1,-1,-1
614,28,583.274,549.330,88.220,235.378,0.642105,-1,-1,-1
615,4,1713.250,453.517,83.062,214.735,0.752276,-1,-1,-1
615,19,259.788,1024.680,58.974,56.316,0.355964,-1,-1,-1
615,26,1193.301,914.489,73.708,166.520,0.406712,-1,-1,-1
615,3,989.850,947.247,60.765,133.798,0.647901,-1,-1,-1
615,27,1111.559,899.310,76.169,181.718,0.578791,-1,-1,-1
615,29,358.423,287.677,67.885,197.393,0.671202,-1,-1,-1
615,8,325.843,956.670,84.934,124.383,0.723481,-1,-1,-1
615,31,1563.333,608.201,109.601,222.484,0.494336,-1,-1,-1
615,32,1633.350,211.415,69.179,185.126,0.584621,-1,-1,-1
615,28,581.426,549.202,89.952,235.233,0.623446,-1,-1,-1
616,4,1713.523,453.233,83.321,215.771,0.728238,-1,-1,-1
616,19,260.948,1024.935,59.632,56.074,0.379123,-1,-1,-1
616,26,1197.912,916.653,73.068,164.132,0.482096,-1,-1,-1
616,3,988.173,947.996,60.790,133.044,0.675586,-1,-1,-1
616,27,1113.717,901.967,75.913,179.058,0.610707,-1,-1,-1
616,29,357.593,288.241,68.069,197.447,0.678553,-1,-1,-1
616,8,326.128,959.468,84.087,121.589,0.730450,-1,-1,-1
616,31,1562.760,607.135,110.247,223.684,0.519545,-1,-1,-1
616,32,1632.304,210.702,68.918,183.923,0.546349,-1,-1,-1
616,28,580.328,548.362,89.938,232.843,0.554806,-1,-1,-1
617,4,1713.915,453.580,82.982,215.013,0.701392,-1,-1,-1
617,19,259.830,1026.992,58.398,54.019,0.356911,-1,-1,-1
617,26,1198.594,919.171,72.715,161.754,0.386562,-1,-1,-1
617,3,985.964,947.135,61.586,133.901,0.692055,-1,-1,-1
617,27,1114.109,903.941,75.652,177.080,0.609412,-1,-1,-1
617,29,356.517,290.890,67.724,196.371,0.657185,-1,-1,-1
617,8,326.915,961.683,83.691,119.370,0.720667,-1,-1,-1
617,31,1561.936,603.700,111.844,226.865,0.569937,-1,-1,-1
617,32,1631.049,209.927,69.622,185.326,0.532501,-1,-1,-1
617,28,574.523,546.605,87.424,232.254,0.481246,-1,-1,-1
618,4,1714.660,454.216,82.014,212.884,0.687755,-1,-1,-1
618,19,259.215,1028.320,57.651,52.691,0.330897,-1,-1,-1
618,26,1198.457,921.347,72.588,159.629,0.431109,-1,-1,-1
618,3,984.158,946.403,62.259,134.628,0.697131,-1,-1,-1
618,27,1115.137,907.460,74.581,173.558,0.634921,-1,-1,-1
618,29,355.620,292.543,67.603,195.973,0.664851,-1,-1,-1
618,8,327.217,964.233,83.206,116.815,0.700969,-1,-1,-1
618,31,1562.397,604.159,111.314,226.117,0.444418,-1,-1,-1
618,32,1629.721,209.596,70.107,185.743,0.484306,-1,-1,-1
618,28,569.662,543.308,85.982,234.150,0.576735,-1,-1,-1
619,4,1714.901,453.799,82.025,213.557,0.691343,-1,-1,-1
619,19,258.203,1029.566,56.563,51.444,0.319483,-1,-1,-1
619,26,1199.518,923.098,72.778,157.615,0.530963,-1,-1,-1
619,3,981.237,945.208,63.089,135.820,0.703594,-1,-1,-1
619,27,1116.234,911.351,73.550,169.665,0.663885,-1,-1,-1
619,29,354.307,295.086,67.502,195.687,0.610198,-1,-1,-1
619,8,327.838,966.846,82.735,114.195,0.698087,-1,-1,-1
619,31,1562.431,608.640,109.580,222.175,0.376587,-1,-1,-1
619,32,1627.617,209.009,71.681,188.788,0.445766,-1,-1,-1
619,28,566.380,542.031,84.753,236.262,0.614922,-1,-1,-1
620,4,1715.379,454.099,81.494,212.593,0.692803,-1,-1,-1
620,19,257.963,1029.545,55.800,51.016,0.304816,-1,-1,-1
620,26,1199.189,923.807,73.737,157.019,0.565378,-1,-1,-1
620,3,978.440,944.699,63.607,136.325,0.694219,-1,-1,-1
620,27,1116.868,914.681,72.617,166.333,0.659846,-1,-1,-1
620,29,353.605,295.779,67.693,196.895,0.566673,-1,-1,-1
620,8,329.132,969.633,81.972,110.968,0.698391,-1,-1,-1
620,31,1563.024,607.518,109.900,223.404,0.406905,-1,-1,-1
620,32,1626.597,209.145,72.003,187.956,0.415069,-1,-1,-1
620,28,565.505,540.610,83.677,237.178,0.643852,-1,-1,-1
621,4,1715.448,453.392,81.451,213.039,0.708441,-1,-1,-1
621,19,259.042,1031.208,54.072,49.514,0.309409,-1,-1,-1
621,26,1199.240,925.127,74.193,155.380,0.472350,-1,-1,-1
621,3,976.003,944.265,64.022,136.757,0.665904,-1,-1,-1
621,27,1116.633,916.997,71.950,163.995,0.678093,-1,-1,-1
621,29,352.531,295.532,67.848,197.612,0.633487,-1,-1,-1
621,8,329.905,972.681,81.372,107.687,0.648683,-1,-1,-1
621,31,1563.338,608.522,109.177,221.952,0.436199,-1,-1,-1
621,32,1625.649,210.003,71.615,185.076,0.449389,-1,-1,-1
621,28,563.621,539.361,82.186,237.637,0.656596,-1,-1,-1
622,4,1716.157,453.250,80.937,212.593,0.697695,-1,-1,-1
622,19,262.075,1036.721,48.961,44.187,0.325283,-1,-1,-1
622,26,1199.787,926.053,74.553,153.969,0.359846,-1,-1,-1
622,3,973.106,944.030,64.163,136.989,0.666049,-1,-1,-1
622,27,1116.574,918.704,71.300,162.071,0.679002,-1,-1,-1
622,29,351.685,295.713,67.775,197.664,0.579836,-1,-1,-1
622,8,330.386,975.889,80.905,104.726,0.633480,-1,-1,-1
622,31,1563.929,610.831,107.969,219.276,0.387722,-1,-1,-1
622,32,1625.410,210.482,71.610,183.265,0.479790,-1,-1,-1
622,28,559.343,538.289,80.192,238.192,0.701600,-1,-1,-1
623,4,1716.927,453.369,80.563,212.591,0.693526,-1,-1,-1
623,19,263.782,1040.690,44.976,40.073,0.311032,-1,-1,-1
623,26,1201.436,927.217,75.263,152.388,0.388850,-1,-1,-1
623,3,970.689,944.446,63.977,136.571,0.676100,-1,-1,-1
623,27,1117.904,920.045,71.114,160.434,0.654526,-1,-1,-1
623,29,349.377,295.098,67.790,197.741,0.587809,-1,-1,-1
623,8,330.878,979.697,79.871,101.185,0.684014,-1,-1,-1
623,31,1563.793,613.139,107.199,217.267,0.315177,-1,-1,-1
623,32,1624.835,210.853,71.670,182.106,0.472341,-1,-1,-1
623,28,554.955,538.538,79.123,241.503,0.676202,-1,-1,-1
624,4,1717.327,453.123,80.346,212.949,0.689078,-1,-1,-1
624,19,265.074,1043.960,41.434,36.240,0.282782,-1,-1,-1
624,26,1202.650,928.561,75.735,150.545,0.441113,-1,-1,-1
624,3,966.653,943.569,64.494,137.446,0.675069,-1,-1,-1
624,27,1118.244,921.421,71.181,159.393,0.673952,-1,-1,-1
624,29,347.720,295.445,67.730,196.963,0.578521,-1,-1,-1
624,8,331.740,982.893,78.992,98.083,0.697658,-1,-1,-1
624,31,1563.477,611.665,108.108,218.803,0.442719,-1,-1,-1
624,32,1624.739,209.697,72.097,182.245,0.455811,-1,-1,-1
624,28,552.670,538.165,77.585,242.216,0.691876,-1,-1,-1
625,4,1717.740,453.192,80.482,214.105,0.691452,-1,-1,-1
625,19,266.287,1047.386,38.514,32.855,0.213365,-1,-1,-1
625,26,1203.727,931.842,75.302,147.166,0.539609,-1,-1,-1
625,3,963.237,940.884,65.621,140.129,0.679377,-1,-1,-1
625,27,1119.065,923.122,71.037,157.816,0.668511,-1,-1,-1
625,29,346.886,295.366,67.706,196.748,0.561561,-1,-1,-1
625,8,332.117,985.855,78.221,95.154,0.697276,-1,-1,-1
625,31,1563.091,609.621,109.050,220.882,0.374381,-1,-1,-1
625,32,1624.063,208.943,72.941,184.265,0.425139,-1,-1,-1
625,28,549.208,538.339,76.229,242.247,0.706495,-1,-1,-1
626,4,1718.149,452.966,80.153,213.979,0.684161,-1,-1,-1
626,19,267.245,1050.774,36.306,30.004,0.168643,-1,-1,-1
626,26,1203.562,933.301,76.007,146.073,0.468481,-1,-1,-1
626,3,959.780,939.639,66.156,141.373,0.670964,-1,-1,-1
626,27,1119.340,923.203,71.737,157.782,0.654634,-1,-1,-1
626,29,345.315,295.697,67.798,196.695,0.618765,-1,-1,-1
626,8,332.674,988.856,77.509,92.162,0.683696,-1,-1,-1
626,31,1562.698,607.728,109.828,222.844,0.467552,-1,-1,-1
626,32,1624.657,207.070,72.179,181.876,0.438763,-1,-1,-1
626,28,544.652,538.988,75.244,241.092,0.698012,-1,-1,-1
627,4,1718.502,453.809,79.813,213.563,0.682771,-1,-1,-1
627,26,1202.568,934.777,76.970,144.703,0.606847,-1,-1,-1
627,3,957.873,938.559,66.327,142.452,0.684908,-1,-1,-1
627,27,1119.824,924.352,71.828,156.650,0.688318,-1,-1,-1
627,29,344.670,296.460,67.714,195.984,0.623803,-1,-1,-1
627,8,334.111,991.852,76.780,89.167,0.658470,-1,-1,-1
627,31,1562.017,606.253,110.226,224.218,0.355853,-1,-1,-1
627,32,1625.547,206.799,71.896,181.932,0.433898,-1,-1,-1
627,28,535.414,539.684,77.175,241.676,0.654587,-1,-1,-1
628,4,1717.836,453.073,80.070,215.243,0.662052,-1,-1,-1
628,26,1203.038,935.901,77.941,144.064,0.578102,-1,-1,-1
628,3,955.251,937.308,66.402,143.701,0.682765,-1,-1,-1
628,27,1120.227,925.396,72.260,155.610,0.667235,-1,-1,-1
628,29,344.049,296.644,67.808,195.908,0.647881,-1,-1,-1
628,8,334.465,993.385,77.233,87.632,0.630433,-1,-1,-1
628,31,1562.518,605.112,110.241,225.127,0.366105,-1,-1,-1
628,32,1625.029,203.348,73.330,186.926,0.391858,-1,-1,-1
628,28,526.322,539.573,79.976,241.257,0.720724,-1,-1,-1
629,4,1718.160,452.695,79.940,215.751,0.691262,-1,-1,-1
629,26,1203.294,937.346,79.224,143.187,0.630489,-1,-1,-1
629,3,952.796,935.969,66.495,145.040,0.679550,-1,-1,-1
629,27,1120.540,925.931,72.979,155.077,0.707274,-1,-1,-1
629,29,343.772,297.464,67.738,195.538,0.659745,-1,-1,-1
629,8,334.556,995.834,76.994,85.182,0.670636,-1,-1,-1
629,31,1562.699,602.719,110.928,227.610,0.491189,-1,-1,-1
629,32,1625.433,203.265,73.134,187.133,0.438518,-1,-1,-1
629,28,519.732,539.074,83.140,240.544,0.739958,-1,-1,-1
630,4,1718.203,451.961,79.869,215.720,0.690442,-1,-1,-1
630,26,1204.318,940.800,79.023,139.530,0.578480,-1,-1,-1
630,3,950.577,934.601,66.382,146.406,0.684881,-1,-1,-1
630,27,1121.227,927.279,73.522,153.729,0.703425,-1,-1,-1
630,29,342.567,297.789,68.282,196.891,0.667587,-1,-1,-1
630,8,334.937,998.734,76.503,82.280,0.684282,-1,-1,-1
630,31,1563.464,604.798,109.415,225.063,0.406886,-1,-1,-1
630,32,1625.489,202.064,72.607,186.713,0.513662,-1,-1,-1
630,28,514.836,538.839,85.972,239.204,0.769815,-1,-1,-1
631,4,1717.849,451.922,80.069,216.639,0.682426,-1,-1,-1
631,26,1205.375,943.552,78.375,135.727,0.543851,-1,-1,-1
631,3,948.334,933.197,66.189,147.549,0.687879,-1,-1,-1
631,27,1122.310,928.740,74.199,152.267,0.688782,-1,-1,-1
631,29,341.489,298.776,69.286,199.813,0.677265,-1,-1,-1
631,8,334.853,999.966,77.309,81.046,0.665757,-1,-1,-1
631,31,1563.401,604.425,109.188,224.920,0.454664,-1,-1,-1
631,32,1626.275,200.741,71.340,184.046,0.534241,-1,-1,-1
631,28,512.545,539.998,88.338,237.292,0.758482,-1,-1,-1
632,4,1718.062,452.368,80.008,216.337,0.706542,-1,-1,-1
632,26,1205.518,945.460,78.078,133.002,0.503965,-1,-1,-1
632,3,946.332,931.791,66.187,149.116,0.706511,-1,-1,-1
632,27,1124.506,931.309,74.861,149.368,0.701186,-1,-1,-1
632,29,340.246,299.170,70.247,202.961,0.692188,-1,-1,-1
632,8,334.866,1002.319,77.241,78.691,0.647738,-1,-1,-1
632,31,1563.941,607.410,107.776,222.114,0.383588,-1,-1,-1
632,32,1626.831,198.077,70.374,182.160,0.556320,-1,-1,-1
632,28,508.941,540.766,91.632,237.224,0.776017,-1,-1,-1
633,4,1718.399,452.153,79.913,216.135,0.713437,-1,-1,-1
633,26,1207.211,948.797,76.531,128.793,0.331875,-1,-1,-1
633,3,944.658,930.650,66.015,150.318,0.664310,-1,-1,-1
633,27,1126.642,934.510,75.465,145.768,0.681452,-1,-1,-1
633,29,339.553,300.027,70.478,204.287,0.682656,-1,-1,-1
633,8,335.071,1003.250,77.820,77.405,0.630457,-1,-1,-1
633,31,1565.050,604.618,108.400,223.667,0.456693,-1,-1,-1
633,32,1626.790,195.670,69.940,182.262,0.570603,-1,-1,-1
633,28,506.106,541.000,94.286,236.919,0.785709,-1,-1,-1
634,4,1718.233,451.379,79.928,215.955,0.725103,-1,-1,-1
634,26,1208.360,951.883,75.366,125.937,0.317452,-1,-1,-1
634,3,943.136,929.597,65.722,151.303,0.684413,-1,-1,-1
634,27,1127.214,938.487,75.946,141.708,0.703403,-1,-1,-1
634,29,339.073,300.929,70.556,205.156,0.707713,-1,-1,-1
634,8,335.508,1005.455,77.213,74.751,0.633106,-1,-1,-1
634,31,1563.424,602.716,109.697,226.837,0.464999,-1,-1,-1
634,32,1626.772,193.689,69.684,182.846,0.568973,-1,-1,-1
634,28,504.715,541.034,96.811,236.809,0.774938,-1,-1,-1
635,4,1718.085,451.520,79.833,215.400,0.738336,-1,-1,-1
635,26,1207.743,955.323,74.558,123.298,0.327523,-1,-1,-1
635,3,940.530,929.258,65.571,151.708,0.675965,-1,-1,-1
635,27,1127.055,941.113,77.326,139.443,0.697357,-1,-1,-1
635,29,338.772,302.988,70.292,205.372,0.703935,-1,-1,-1
635,8,336.048,1008.257,76.165,71.704,0.634909,-1,-1,-1
635,31,1563.222,604.726,108.913,225.504,0.377556,-1,-1,-1
635,32,1626.041,192.866,69.239,182.665,0.566488,-1,-1,-1
635,28,503.046,539.830,99.644,238.261,0.770569,-1,-1,-1
636,4,1717.940,451.848,80.054,215.603,0.728832,-1,-1,-1
636,26,1206.494,957.811,74.270,121.547,0.431584,-1,-1,-1
636,3,939.011,929.440,64.826,151.223,0.655356,-1,-1,-1
636,27,1126.832,944.020,78.447,136.829,0.689707,-1,-1,-1
636,29,338.665,306.171,69.923,204.688,0.711077,-1,-1,-1
636,8,336.633,1011.375,74.933,68.781,0.631040,-1,-1,-1
636,31,1563.224,605.934,108.491,224.557,0.368570,-1,-1,-1
636,32,1625.278,191.587,69.063,183.314,0.548842,-1,-1,-1
636,28,501.844,539.796,100.922,237.791,0.766124,-1,-1,-1
637,4,1717.844,451.681,80.373,216.287,0.738647,-1,-1,-1
637,26,1206.030,958.728,74.165,120.575,0.450725,-1,-1,-1
637,3,937.215,929.561,64.212,150.369,0.650157,-1,-1,-1
637,27,1127.541,947.484,79.350,133.473,0.687179,-1,-1,-1
637,29,338.995,308.267,69.619,204.294,0.703976,-1,-1,-1
637,8,337.562,1015.072,73.352,65.647,0.605094,-1,-1,-1
637,31,1563.598,607.829,107.275,221.986,0.285548,-1,-1,-1
637,32,1624.366,190.516,68.951,184.216,0.596389,-1,-1,-1
637,28,501.854,539.788,101.737,236.941,0.735961,-1,-1,-1
638,4,1717.816,451.904,80.123,215.677,0.721434,-1,-1,-1
638,26,1204.484,960.922,73.506,119.149,0.387182,-1,-1,-1
638,3,935.874,929.766,63.852,150.417,0.652342,-1,-1,-1
638,27,1128.715,950.392,80.603,130.604,0.637155,-1,-1,-1
638,29,338.815,309.703,69.823,205.429,0.707371,-1,-1,-1
638,8,338.840,1019.958,70.074,60.962,0.572178,-1,-1,-1
638,31,1564.033,607.138,107.394,221.752,0.269530,-1,-1,-1
638,32,1624.024,191.186,68.036,182.986,0.591676,-1,-1,-1
638,28,499.092,540.145,101.569,236.431,0.729336,-1,-1,-1
639,4,1717.847,452.579,80.156,215.916,0.747890,-1,-1,-1
639,26,1203.108,962.649,72.929,118.084,0.335187,-1,-1,-1
639,3,933.637,929.389,63.783,151.089,0.643924,-1,-1,-1
639,27,1131.340,952.564,82.625,128.445,0.528240,-1,-1,-1
639,29,338.638,310.831,69.755,205.877,0.723433,-1,-1,-1
639,8,340.160,1024.725,66.446,56.265,0.529046,-1,-1,-1
639,31,1564.708,612.757,104.300,215.176,0.209639,-1,-1,-1
639,32,1623.768,191.479,67.380,182.401,0.611810,-1,-1,-1
639,28,497.418,540.717,100.633,235.818,0.710036,-1,-1,-1
640,4,1717.724,452.867,79.980,215.249,0.738714,-1,-1,-1
640,26,1201.351,964.104,72.516,116.867,0.344064,-1,-1,-1
640,3,931.623,929.113,63.810,151.701,0.626262,-1,-1,-1
640,27,1130.659,955.091,83.456,125.921,0.527284,-1,-1,-1
640,29,338.721,311.474,69.877,206.581,0.718258,-1,-1,-1
640,8,340.085,1028.731,62.689,52.280,0.423117,-1,-1,-1
640,31,1565.634,609.848,105.841,218.152,0.306832,-1,-1,-1
640,32,1623.694,191.785,66.684,182.128,0.605781,-1,-1,-1
640,28,495.132,540.782,99.346,236.037,0.716559,-1,-1,-1
641,4,1717.826,453.117,79.824,214.428,0.737807,-1,-1,-1
641,26,1199.911,963.962,72.775,116.736,0.444878,-1,-1,-1
641,3,930.095,928.775,63.782,152.068,0.614723,-1,-1,-1
641,27,1128.623,957.313,83.366,123.699,0.607538,-1,-1,-1
641,29,338.596,312.421,69.421,205.364,0.713377,-1,-1,-1
641,8,338.926,1032.894,56.956,48.110,0.284292,-1,-1,-1
641,31,1565.773,606.588,107.468,221.522,0.319841,-1,-1,-1
641,32,1623.323,190.285,66.205,182.199,0.562643,-1,-1,-1
641,28,492.947,540.529,97.655,236.119,0.712383,-1,-1,-1
642,4,1717.592,453.510,79.866,214.411,0.729449,-1,-1,-1
642,26,1198.189,965.341,72.778,115.602,0.528224,-1,-1,-1
642,3,927.476,928.561,63.782,152.391,0.615337,-1,-1,-1
642,27,1127.193,958.869,82.773,122.142,0.629136,-1,-1,-1
642,29,338.798,312.670,69.283,204.953,0.716169,-1,-1,-1
642,8,340.395,1035.580,52.621,45.432,0.324024,-1,-1,-1
642,31,1565.153,610.170,106.265,218.133,0.290349,-1,-1,-1
642,32,1623.447,190.836,64.932,180.390,0.561239,-1,-1,-1
642,28,488.326,540.034,96.038,237.330,0.732556,-1,-1,-1
643,4,1717.268,454.642,79.683,213.480,0.724817,-1,-1,-1
643,26,1197.946,967.349,72.043,113.410,0.380494,-1,-1,-1
643,3,925.782,928.383,63.424,151.893,0.634044,-1,-1,-1
643,27,1126.532,960.028,82.123,120.982,0.592808,-1,-1,-1
643,29,338.967,313.548,68.975,203.883,0.693413,-1,-1,-1
643,8,341.797,1038.514,48.290,42.442,0.222768,-1,-1,-1
643,31,1565.783,617.890,102.989,210.644,0.264854,-1,-1,-1
643,32,1622.400,190.621,64.945,182.307,0.562157,-1,-1,-1
643,28,482.607,540.028,93.257,236.525,0.705487,-1,-1,-1
643,33,1409.033,971.174,77.358,109.826,0.617117,-1,-1,-1
644,4,1716.998,453.844,79.949,213.823,0.720048,-1,-1,-1
644,26,1199.150,967.834,72.013,113.121,0.369150,-1,-1,-1
644,3,923.840,928.928,63.095,151.514,0.678993,-1,-1,-1
644,27,1126.334,961.185,81.767,119.824,0.593797,-1,-1,-1
644,29,338.832,314.389,68.769,202.681,0.710074,-1,-1,-1
644,8,342.438,1041.203,44.398,39.561,0.181330,-1,-1,-1
644,31,1565.507,618.835,103.411,210.955,0.264026,-1,-1,-1
644,32,1622.075,189.803,63.720,180.599,0.612134,-1,-1,-1
644,28,475.464,540.264,90.921,237.233,0.751734,-1,-1,-1
644,33,1405.106,967.819,79.717,113.181,0.607337,-1,-1,-1
645,4,1717.219,453.886,80.058,213.849,0.722932,-1,-1,-1
645,26,1199.073,967.032,72.604,113.991,0.251276,-1,-1,-1
645,3,922.197,929.443,62.788,150.855,0.690637,-1,-1,-1
645,27,1127.054,962.138,82.081,118.869,0.490595,-1,-1,-1
645,29,339.050,315.690,68.334,200.730,0.692364,-1,-1,-1
645,31,1566.231,620.511,102.529,208.426,0.243485,-1,-1,-1
645,32,1621.690,189.164,62.679,179.227,0.622251,-1,-1,-1
645,28,469.098,540.717,89.232,238.110,0.767647,-1,-1,-1
645,33,1400.670,964.693,81.836,116.307,0.602678,-1,-1,-1
646,4,1717.213,454.806,80.070,213.344,0.733218,-1,-1,-1
646,26,1199.084,969.776,71.359,111.268,0.439824,-1,-1,-1
646,3,920.319,929.330,62.775,150.819,0.676168,-1,-1,-1
646,27,1125.706,963.518,80.894,117.489,0.577301,-1,-1,-1
646,29,338.851,317.920,67.926,198.665,0.701003,-1,-1,-1
646,31,1563.438,611.591,107.363,218.809,0.377365,-1,-1,-1
646,32,1621.461,187.554,62.042,178.522,0.640467,-1,-1,-1
646,28,464.397,540.036,88.250,239.041,0.773165,-1,-1,-1
646,33,1395.319,960.598,84.658,120.402,0.670473,-1,-1,-1
647,4,1717.231,454.330,80.442,213.879,0.730169,-1,-1,-1
647,26,1200.295,972.621,69.916,108.426,0.371016,-1,-1,-1
647,3,917.103,929.491,62.882,150.228,0.671818,-1,-1,-1
647,27,1124.859,964.731,79.467,116.275,0.514689,-1,-1,-1
647,29,338.131,320.609,67.674,197.290,0.711504,-1,-1,-1
647,31,1563.558,613.268,107.081,217.961,0.384623,-1,-1,-1
647,32,1621.088,185.453,62.367,180.620,0.647150,-1,-1,-1
647,28,461.576,539.536,87.238,239.428,0.761889,-1,-1,-1
647,33,1390.623,956.309,87.522,124.429,0.706149,-1,-1,-1
648,4,1717.552,454.169,80.201,213.047,0.730033,-1,-1,-1
648,26,1201.270,976.289,68.040,104.755,0.451783,-1,-1,-1
648,3,914.694,930.107,63.232,149.508,0.689172,-1,-1,-1
648,27,1125.517,966.704,78.025,114.301,0.552095,-1,-1,-1
648,29,337.516,321.522,67.880,197.783,0.718898,-1,-1,-1
648,31,1563.112,609.573,108.467,221.341,0.363595,-1,-1,-1
648,32,1620.822,183.752,61.252,177.684,0.656670,-1,-1,-1
648,28,458.661,538.982,86.527,239.598,0.749926,-1,-1,-1
648,33,1387.179,952.893,89.627,127.481,0.703658,-1,-1,-1
649,4,1718.434,454.572,80.505,213.209,0.730034,-1,-1,-1
649,26,1200.615,978.713,67.184,102.326,0.451985,-1,-1,-1
649,3,911.329,930.455,63.812,149.170,0.704200,-1,-1,-1
649,27,1126.775,968.961,76.886,112.043,0.528544,-1,-1,-1
649,29,336.240,322.411,68.428,199.551,0.724059,-1,-1,-1
649,31,1563.053,606.609,109.083,222.973,0.282876,-1,-1,-1
649,32,1619.969,182.427,61.364,178.148,0.659474,-1,-1,-1
649,28,456.816,539.489,85.484,238.304,0.766548,-1,-1,-1
649,33,1383.591,951.198,90.346,128.602,0.695259,-1,-1,-1
649,35,1464.250,934.922,93.070,143.847,0.627410,-1,-1,-1
650,4,1718.377,454.444,80.342,212.908,0.735829,-1,-1,-1
650,26,1199.906,982.367,65.896,98.667,0.409936,-1,-1,-1
650,3,908.823,932.029,63.888,147.543,0.719223,-1,-1,-1
650,27,1126.711,971.784,74.623,108.845,0.484187,-1,-1,-1
650,29,334.972,323.529,69.283,202.970,0.711542,-1,-1,-1
650,31,1563.783,606.330,109.237,223.013,0.327050,-1,-1,-1
650,32,1619.394,181.102,61.679,178.957,0.624368,-1,-1,-1
650,28,454.195,538.347,85.339,238.801,0.777494,-1,-1,-1
650,33,1378.182,948.369,91.837,131.148,0.701586,-1,-1,-1
650,35,1458.507,931.294,95.583,147.722,0.649152,-1,-1,-1
651,4,1718.493,454.704,80.210,212.532,0.726196,-1,-1,-1
651,26,1199.185,984.235,65.659,96.794,0.430353,-1,-1,-1
651,3,906.503,932.239,64.626,147.641,0.726393,-1,-1,-1
651,27,1127.852,973.680,74.019,107.188,0.522077,-1,-1,-1
651,29,333.959,324.301,69.588,204.611,0.722243,-1,-1,-1
651,31,1563.183,604.301,110.348,224.901,0.318322,-1,-1,-1
651,32,1618.916,178.912,61.717,178.314,0.621699,-1,-1,-1
651,28,452.901,538.170,85.024,238.653,0.780172,-1,-1,-1
651,33,1372.069,946.523,93.025,133.104,0.695572,-1,-1,-1
651,35,1455.295,928.523,97.995,151.678,0.664248,-1,-1,-1
652,4,1718.149,454.789,80.054,212.405,0.717074,-1,-1,-1
652,26,1196.096,988.004,64.841,93.022,0.459135,-1,-1,-1
652,3,904.219,932.012,65.056,147.235,0.699745,-1,-1,-1
652,27,1125.763,976.566,71.553,104.389,0.487419,-1,-1,-1
652,29,333.165,326.226,69.498,205.256,0.709006,-1,-1,-1
652,31,1561.383,603.049,111.148,227.097,0.328737,-1,-1,-1
652,32,1618.344,176.393,62.021,178.581,0.650959,-1,-1,-1
652,28,451.842,537.756,84.903,238.612,0.772542,-1,-1,-1
652,33,1367.993,944.549,94.244,135.100,0.666482,-1,-1,-1
652,35,1452.236,924.997,99.710,154.834,0.613197,-1,-1,-1
653,4,1718.633,454.241,80.123,212.938,0.731397,-1,-1,-1
653,26,1197.232,990.173,64.141,90.141,0.571068,-1,-1,-1
653,3,901.885,932.547,65.001,146.239,0.696951,-1,-1,-1
653,27,1126.711,980.531,69.196,100.264,0.559940,-1,-1,-1
653,29,332.769,327.956,69.172,205.518,0.724542,-1,-1,-1
653,31,1561.355,599.900,112.191,229.459,0.398711,-1,-1,-1
653,32,1618.453,175.606,61.646,176.214,0.681877,-1,-1,-1
653,28,451.067,537.565,84.912,238.330,0.778444,-1,-1,-1
653,33,1364.490,942.552,95.192,136.768,0.705227,-1,-1,-1
653,35,1446.966,919.289,103.145,161.020,0.648393,-1,-1,-1
654,4,1719.179,453.880,79.967,212.830,0.731601,-1,-1,-1
654,26,1200.249,992.509,62.775,86.974,0.547111,-1,-1,-1
654,3,899.912,933.226,64.665,145.494,0.688118,-1,-1,-1
654,27,1126.011,983.776,66.986,96.732,0.515774,-1,-1,-1
654,29,332.488,329.618,68.810,206.112,0.710455,-1,-1,-1
654,31,1561.451,599.060,112.269,229.820,0.441823,-1,-1,-1
654,32,1618.015,174.668,62.344,176.881,0.642115,-1,-1,-1
654,28,451.715,537.322,84.904,238.479,0.781288,-1,-1,-1
654,33,1360.582,940.859,95.401,137.453,0.692382,-1,-1,-1
654,35,1443.620,915.773,104.800,164.768,0.631455,-1,-1,-1
655,4,1719.028,453.652,80.006,213.213,0.727569,-1,-1,-1
655,26,1203.722,994.789,61.619,84.307,0.578750,-1,-1,-1
655,3,896.978,933.276,64.682,145.280,0.685871,-1,-1,-1
655,27,1128.389,986.906,66.049,93.498,0.583226,-1,-1,-1
655,29,332.070,331.307,68.086,205.270,0.694971,-1,-1,-1
655,31,1562.349,599.439,112.134,229.945,0.413001,-1,-1,-1
655,32,1617.234,170.427,64.109,180.821,0.592003,-1,-1,-1
655,28,451.802,537.174,84.699,238.593,0.784011,-1,-1,-1
655,33,1358.002,939.121,96.214,139.209,0.673122,-1,-1,-1
655,35,1440.479,915.172,104.686,165.775,0.645571,-1,-1,-1
656,4,1718.998,453.270,80.070,213.887,0.740839,-1,-1,-1
656,26,1205.308,996.392,61.504,82.890,0.579495,-1,-1,-1
656,3,893.919,933.449,64.754,144.931,0.702839,-1,-1,-1
656,27,1127.819,989.338,64.639,90.350,0.559191,-1,-1,-1
656,29,331.288,332.615,68.024,206.019,0.691234,-1,-1,-1
656,31,1561.121,596.941,112.840,231.990,0.319379,-1,-1,-1
656,32,1616.840,168.113,64.765,181.324,0.593561,-1,-1,-1
656,28,452.436,536.148,84.493,239.399,0.788063,-1,-1,-1
656,33,1356.095,936.895,97.192,141.444,0.679691,-1,-1,-1
656,35,1436.296,912.198,105.852,168.771,0.613367,-1,-1,-1
657,4,1719.160,453.153,80.014,213.913,0.738744,-1,-1,-1
657,26,1204.694,997.792,61.933,81.679,0.563690,-1,-1,-1
657,3,890.530,933.109,65.353,145.604,0.698562,-1,-1,-1
657,27,1125.642,991.115,63.473,88.220,0.534268,-1,-1,-1
657,29,330.077,333.964,67.762,205.986,0.678279,-1,-1,-1
657,31,1561.695,594.796,113.309,233.685,0.384922,-1,-1,-1
657,32,1616.717,168.766,64.633,178.775,0.600829,-1,-1,-1
657,28,452.773,536.043,84.008,239.615,0.776147,-1,-1,-1
657,33,1354.897,934.138,98.471,144.536,0.672195,-1,-1,-1
657,35,1431.503,908.903,106.901,171.511,0.641442,-1,-1,-1
658,4,1719.094,452.985,80.057,214.686,0.716448,-1,-1,-1
658,26,1204.192,999.273,62.695,80.476,0.598342,-1,-1,-1
658,3,887.943,933.424,65.747,145.710,0.705541,-1,-1,-1
658,27,1123.888,991.728,63.719,87.456,0.545001,-1,-1,-1
658,29,328.712,334.779,67.490,205.779,0.680505,-1,-1,-1
658,31,1561.618,595.967,112.666,232.690,0.306412,-1,-1,-1
658,32,1616.292,168.483,64.914,177.025,0.599946,-1,-1,-1
658,28,451.779,535.067,83.796,240.543,0.757766,-1,-1,-1
658,33,1351.647,930.672,99.698,147.639,0.675024,-1,-1,-1
658,35,1427.896,906.722,107.146,173.270,0.665722,-1,-1,-1
659,4,1719.085,453.149,80.050,214.669,0.740468,-1,-1,-1
659,26,1204.344,1000.623,64.068,79.962,0.621704,-1,-1,-1
659,3,885.148,933.662,65.783,145.230,0.705186,-1,-1,-1
659,27,1124.462,992.891,64.463,86.554,0.601678,-1,-1,-1
659,29,326.656,334.204,67.807,206.398,0.724758,-1,-1,-1
659,31,1562.348,598.959,110.337,229.377,0.287960,-1,-1,-1
659,32,1616.338,168.103,65.654,176.497,0.606630,-1,-1,-1
659,28,450.738,532.814,83.739,241.714,0.766213,-1,-1,-1
659,33,1348.636,927.825,100.722,150.575,0.672252,-1,-1,-1
659,35,1425.231,905.666,106.552,173.667,0.615477,-1,-1,-1
660,4,1718.784,452.883,79.920,214.591,0.728094,-1,-1,-1
660,26,1204.480,1002.915,64.555,77.973,0.620606,-1,-1,-1
660,3,882.491,933.292,65.943,145.295,0.697789,-1,-1,-1
660,27,1123.287,994.595,64.682,84.936,0.636540,-1,-1,-1
660,29,324.866,334.450,67.825,205.874,0.722673,-1,-1,-1
660,31,1562.492,599.665,109.979,228.672,0.280975,-1,-1,-1
660,32,1616.737,167.506,66.846,177.887,0.650400,-1,-1,-1
660,28,448.374,531.632,82.750,240.560,0.757900,-1,-1,-1
660,33,1346.224,924.601,101.373,152.996,0.675216,-1,-1,-1
660,35,1423.463,903.645,106.969,175.428,0.622838,-1,-1,-1
661,4,1719.181,452.889,79.596,213.607,0.751900,-1,-1,-1
661,26,1204.308,1005.820,64.658,75.176,0.582241,-1,-1,-1
661,3,879.611,932.451,66.539,146.974,0.672246,-1,-1,-1
661,27,1119.312,995.241,65.239,84.482,0.599709,-1,-1,-1
661,29,323.594,334.827,67.669,204.806,0.693343,-1,-1,-1
661,31,1562.712,602.698,109.020,225.229,0.307649,-1,-1,-1
661,32,1618.125,167.433,66.886,175.883,0.651746,-1,-1,-1
661,28,444.388,531.513,81.189,239.668,0.766258,-1,-1,-1
661,33,1343.584,921.796,101.732,155.383,0.675630,-1,-1,-1
661,35,1422.014,901.839,107.151,176.857,0.632901,-1,-1,-1
662,4,1719.082,452.755,79.661,213.672,0.749600,-1,-1,-1
662,26,1204.281,1006.802,65.719,73.871,0.533527,-1,-1,-1
662,3,876.392,931.283,67.050,148.706,0.662427,-1,-1,-1
662,27,1117.743,997.130,64.840,82.610,0.601203,-1,-1,-1
662,29,322.511,334.949,67.759,204.611,0.700201,-1,-1,-1
662,31,1562.584,598.248,111.703,230.384,0.386230,-1,-1,-1
662,32,1618.320,166.833,67.621,175.718,0.638209,-1,-1,-1
662,28,440.094,531.164,80.246,240.021,0.782878,-1,-1,-1
662,33,1339.319,917.317,102.987,159.931,0.616770,-1,-1,-1
662,35,1420.270,899.477,108.078,179.535,0.491123,-1,-1,-1
663,4,1719.670,453.290,79.658,212.972,0.737745,-1,-1,-1
663,26,1204.057,1008.817,65.616,71.434,0.511974,-1,-1,-1
663,3,873.979,930.654,66.860,149.206,0.663154,-1,-1,-1
663,27,1114.635,998.779,63.919,80.911,0.534979,-1,-1,-1
663,29,322.024,335.264,67.676,204.143,0.712970,-1,-1,-1
663,31,1564.397,600.735,110.398,227.175,0.374942,-1,-1,-1
663,32,1619.383,165.894,67.976,175.158,0.615308,-1,-1,-1
663,28,435.701,530.298,79.027,239.593,0.805681,-1,-1,-1
663,33,1334.781,912.630,104.787,165.700,0.673062,-1,-1,-1
663,35,1417.584,896.986,109.210,183.316,0.628262,-1,-1,-1
664,4,1719.802,453.567,80.048,213.362,0.725194,-1,-1,-1
664,26,1203.720,1010.704,65.950,69.804,0.459320,-1,-1,-1
664,3,871.893,930.542,66.414,148.669,0.680162,-1,-1,-1
664,27,1112.125,1001.270,62.388,78.595,0.525468,-1,-1,-1
664,29,321.534,336.092,67.419,203.171,0.701549,-1,-1,-1
664,31,1564.161,612.494,106.006,216.591,0.320846,-1,-1,-1
664,32,1619.582,164.904,69.464,178.045,0.626789,-1,-1,-1
664,28,431.035,529.185,78.249,240.706,0.795750,-1,-1,-1
664,33,1331.642,908.786,105.653,170.421,0.632827,-1,-1,-1
664,35,1414.955,893.936,109.788,186.861,0.607372,-1,-1,-1
665,4,1719.977,453.435,80.192,213.242,0.728837,-1,-1,-1
665,26,1201.755,1013.387,64.561,67.463,0.469561,-1,-1,-1
665,3,869.475,931.266,66.256,148.467,0.674698,-1,-1,-1
665,27,1112.702,1002.961,62.998,77.499,0.565458,-1,-1,-1
665,29,319.817,336.040,67.653,203.138,0.693139,-1,-1,-1
665,31,1562.967,603.782,109.858,224.208,0.346461,-1,-1,-1
665,32,1619.657,163.497,71.115,182.135,0.598268,-1,-1,-1
665,28,426.214,527.778,77.455,243.111,0.742396,-1,-1,-1
665,33,1328.353,905.352,105.447,173.942,0.650007,-1,-1,-1
665,35,1411.349,887.925,111.991,193.059,0.632450,-1,-1,-1
666,4,1719.577,453.170,80.562,213.966,0.703727,-1,-1,-1
666,26,1200.341,1015.687,63.268,65.286,0.493116,-1,-1,-1
666,3,867.687,931.168,66.147,148.275,0.691746,-1,-1,-1
666,27,1112.826,1005.535,62.524,74.731,0.571703,-1,-1,-1
666,29,317.167,336.636,68.378,203.656,0.671329,-1,-1,-1
666,31,1562.530,601.927,111.293,226.424,0.351672,-1,-1,-1
666,32,1620.224,162.115,71.514,182.993,0.605934,-1,-1,-1
666,28,422.735,527.491,76.930,246.161,0.748941,-1,-1,-1
666,33,1324.758,903.414,104.303,175.788,0.654818,-1,-1,-1
666,35,1408.547,883.969,113.184,197.081,0.641989,-1,-1,-1
667,4,1719.116,453.612,80.835,214.112,0.693602,-1,-1,-1
667,26,1199.992,1018.187,61.451,62.827,0.535810,-1,-1,-1
667,3,865.384,930.951,66.213,148.413,0.682671,-1,-1,-1
667,27,1110.223,1008.023,60.937,71.591,0.546814,-1,-1,-1
667,29,314.366,338.762,69.406,203.502,0.702248,-1,-1,-1
667,31,1561.847,600.384,111.912,227.316,0.413553,-1,-1,-1
667,32,1620.973,160.654,71.870,183.961,0.613955,-1,-1,-1
667,28,420.279,527.178,76.036,247.694,0.749415,-1,-1,-1
667,33,1321.710,900.710,103.930,179.071,0.658193,-1,-1,-1
667,35,1403.610,881.180,113.372,199.891,0.688667,-1,-1,-1
668,4,1719.265,453.661,81.115,214.089,0.721055,-1,-1,-1
668,26,1199.317,1020.958,58.961,59.814,0.549716,-1,-1,-1
668,3,863.292,930.655,66.297,148.562,0.684223,-1,-1,-1
668,27,1110.015,1010.693,59.214,68.159,0.557689,-1,-1,-1
668,29,313.752,341.612,70.230,204.025,0.696509,-1,-1,-1
668,31,1562.068,601.796,111.780,226.462,0.389299,-1,-1,-1
668,32,1622.716,158.258,71.676,183.298,0.598552,-1,-1,-1
668,28,418.382,527.538,74.540,246.263,0.764203,-1,-1,-1
668,33,1320.664,899.355,102.650,180.451,0.654044,-1,-1,-1
668,35,1400.306,877.776,113.781,203.297,0.678992,-1,-1,-1
669,4,1719.337,453.024,81.688,215.377,0.692953,-1,-1,-1
669,26,1199.857,1025.435,55.175,55.314,0.472750,-1,-1,-1
669,3,860.908,931.020,66.352,148.429,0.661815,-1,-1,-1
669,27,1108.427,1013.758,56.219,64.225,0.482455,-1,-1,-1
669,29,313.982,345.304,70.693,203.988,0.722184,-1,-1,-1
669,31,1562.372,602.337,111.865,226.051,0.387459,-1,-1,-1
669,32,1623.570,155.224,72.089,184.279,0.609229,-1,-1,-1
669,28,415.596,527.892,74.151,246.487,0.752164,-1,-1,-1
669,33,1319.697,898.357,101.066,181.351,0.697474,-1,-1,-1
669,35,1397.953,875.383,113.603,205.686,0.723089,-1,-1,-1
670,4,1719.184,453.133,81.839,214.985,0.712083,-1,-1,-1
670,26,1200.646,1029.115,51.640,51.072,0.429903,-1,-1,-1
670,3,858.884,930.652,66.736,149.033,0.672415,-1,-1,-1
670,27,1109.604,1017.008,54.170,60.752,0.496731,-1,-1,-1
670,29,313.537,347.275,71.307,205.192,0.731658,-1,-1,-1
670,31,1562.710,600.712,112.133,226.852,0.395226,-1,-1,-1
670,32,1624.768,154.097,72.017,184.147,0.621372,-1,-1,-1
670,28,411.751,528.407,74.136,245.720,0.773614,-1,-1,-1
670,33,1317.878,896.983,99.890,182.862,0.718100,-1,-1,-1
670,35,1396.082,872.044,114.240,209.020,0.686856,-1,-1,-1
671,4,1719.196,453.538,82.029,214.550,0.719082,-1,-1,-1
671,26,1200.443,1032.750,48.625,47.738,0.396103,-1,-1,-1
671,3,857.111,930.954,66.740,148.675,0.682848,-1,-1,-1
671,27,1106.809,1020.795,51.381,57.415,0.507252,-1,-1,-1
671,29,312.790,348.688,72.227,207.598,0.760807,-1,-1,-1
671,31,1563.357,601.969,112.038,226.322,0.400016,-1,-1,-1
671,32,1625.914,153.044,71.380,182.711,0.619488,-1,-1,-1
671,28,408.379,528.391,74.560,245.679,0.784259,-1,-1,-1
671,33,1315.922,895.945,98.427,184.000,0.709337,-1,-1,-1
671,35,1394.263,867.804,115.017,213.096,0.695864,-1,-1,-1
672,4,1718.940,452.968,82.351,214.763,0.704113,-1,-1,-1
672,26,1199.896,1035.422,46.397,45.295,0.378149,-1,-1,-1
672,3,855.490,930.314,66.949,149.106,0.677921,-1,-1,-1
672,27,1107.006,1025.290,48.315,54.030,0.483940,-1,-1,-1
672,29,312.574,349.838,72.254,207.702,0.765020,-1,-1,-1
672,31,1562.289,600.808,112.776,227.613,0.360997,-1,-1,-1
672,32,1627.721,155.732,69.211,177.151,0.586939,-1,-1,-1
672,28,406.178,529.290,74.834,244.477,0.785020,-1,-1,-1
672,33,1312.738,895.033,97.631,185.445,0.734030,-1,-1,-1
672,35,1393.305,863.361,115.807,217.630,0.724649,-1,-1,-1
673,4,1718.976,453.488,82.730,214.798,0.726058,-1,-1,-1
673,26,1198.343,1037.130,44.617,43.657,0.375416,-1,-1,-1
673,3,854.137,930.556,66.987,149.409,0.682331,-1,-1,-1
673,27,1108.500,1029.919,45.070,50.365,0.431118,-1,-1,-1
673,29,312.384,351.755,72.248,207.923,0.773860,-1,-1,-1
673,31,1561.540,601.166,112.464,226.945,0.348043,-1,-1,-1
673,32,1628.270,156.584,68.656,175.903,0.582722,-1,-1,-1
673,28,404.513,530.874,75.303,243.500,0.785610,-1,-1,-1
673,33,1309.966,892.964,97.335,187.891,0.712576,-1,-1,-1
673,35,1392.948,861.631,114.682,219.376,0.694570,-1,-1,-1
674,4,1718.893,453.519,83.308,215.023,0.727101,-1,-1,-1
674,26,1197.505,1038.338,43.456,42.610,0.322456,-1,-1,-1
674,3,851.678,930.200,67.187,150.308,0.687010,-1,-1,-1
674,27,1109.428,1032.562,43.138,48.285,0.407111,-1,-1,-1
674,29,311.963,352.807,72.526,208.794,0.763003,-1,-1,-1
674,31,1561.609,600.397,111.844,227.522,0.402485,-1,-1,-1
674,32,1628.841,157.023,67.880,173.993,0.528311,-1,-1,-1
674,28,402.400,531.334,76.208,243.568,0.780162,-1,-1,-1
674,33,1306.586,890.131,97.297,190.819,0.725099,-1,-1,-1
674,35,1390.978,859.806,113.493,221.221,0.580441,-1,-1,-1
675,4,1718.866,453.499,83.407,214.026,0.708839,-1,-1,-1
675,26,1198.447,1041.966,40.218,39.035,0.333894,-1,-1,-1
675,3,850.347,931.049,66.582,149.821,0.679238,-1,-1,-1
675,27,1110.697,1036.509,40.006,44.519,0.353007,-1,-1,-1
675,29,312.157,354.036,72.789,209.878,0.754743,-1,-1,-1
675,31,1563.039,610.438,108.254,218.997,0.419367,-1,-1,-1
675,32,1628.613,156.992,67.826,174.081,0.549843,-1,-1,-1
675,28,399.814,530.266,77.740,244.918,0.781173,-1,-1,-1
675,33,1301.622,887.334,97.328,193.322,0.748550,-1,-1,-1
675,35,1390.893,861.529,112.245,219.503,0.546964,-1,-1,-1
676,4,1719.091,454.023,83.384,213.098,0.720996,-1,-1,-1
676,26,1199.482,1044.208,38.580,36.808,0.328038,-1,-1,-1
676,3,848.518,931.487,65.993,149.515,0.667836,-1,-1,-1
676,27,1111.795,1039.775,37.493,41.299,0.257908,-1,-1,-1
676,29,312.154,356.002,72.455,209.376,0.745374,-1,-1,-1
676,31,1565.033,624.569,102.329,205.145,0.286412,-1,-1,-1
676,32,1627.640,156.107,69.166,178.527,0.577178,-1,-1,-1
676,28,397.258,531.309,78.964,244.413,0.788969,-1,-1,-1
676,33,1297.234,884.361,97.552,196.550,0.768035,-1,-1,-1
676,35,1382.821,861.802,111.680,219.229,0.620117,-1,-1,-1
677,4,1718.842,454.140,83.792,213.213,0.714579,-1,-1,-1
677,26,1200.986,1046.280,37.444,34.739,0.325442,-1,-1,-1
677,3,847.196,931.442,65.631,149.487,0.673602,-1,-1,-1
677,27,1112.576,1042.752,35.278,38.197,0.235270,-1,-1,-1
677,29,312.202,356.592,72.452,209.405,0.746970,-1,-1,-1
677,31,1562.318,609.906,108.899,218.954,0.291328,-1,-1,-1
677,32,1627.290,156.930,67.951,175.820,0.556944,-1,-1,-1
677,28,393.201,531.728,80.723,244.385,0.791835,-1,-1,-1
677,33,1294.243,880.708,97.620,199.411,0.779023,-1,-1,-1
677,35,1374.441,860.279,111.890,220.750,0.672848,-1,-1,-1
678,4,1718.732,454.278,84.185,213.416,0.694536,-1,-1,-1
678,26,1202.005,1048.730,36.268,32.287,0.303704,-1,-1,-1
678,3,845.968,930.579,65.631,150.147,0.676565,-1,-1,-1
678,27,1112.455,1044.442,34.179,36.219,0.231922,-1,-1,-1
678,29,312.229,357.681,72.331,209.231,0.736906,-1,-1,-1
678,31,1563.128,620.435,104.995,209.458,0.336646,-1,-1,-1
678,32,1626.555,157.316,67.281,174.050,0.540510,-1,-1,-1
678,28,389.378,532.315,82.710,243.830,0.788753,-1,-1,-1
678,33,1288.749,877.720,98.181,202.977,0.779023,-1,-1,-1
678,35,1369.875,859.982,111.651,221.045,0.641458,-1,-1,-1
679,4,1718.134,453.690,84.214,212.965,0.694749,-1,-1,-1
679,26,1203.313,1050.341,36.072,30.674,0.280320,-1,-1,-1
679,3,844.713,928.795,66.390,152.138,0.698379,-1,-1,-1
679,27,1112.089,1046.226,33.199,34.229,0.260299,-1,-1,-1
679,29,311.951,357.428,72.190,209.727,0.714702,-1,-1,-1
679,31,1562.020,607.272,110.839,221.627,0.454231,-1,-1,-1
679,32,1626.053,157.538,67.065,173.580,0.572527,-1,-1,-1
679,28,384.826,532.384,85.134,243.905,0.782853,-1,-1,-1
679,33,1284.383,874.945,98.694,205.973,0.792591,-1,-1,-1
679,35,1367.720,858.812,111.455,222.212,0.636414,-1,-1,-1
680,4,1718.308,454.031,84.692,213.362,0.733198,-1,-1,-1
680,26,1203.317,1051.847,35.803,29.165,0.233174,-1,-1,-1
680,3,843.647,928.453,66.309,152.556,0.723493,-1,-1,-1
680,27,1110.804,1047.711,32.952,33.143,0.270273,-1,-1,-1
680,29,311.768,357.915,71.813,208.559,0.721394,-1,-1,-1
680,31,1562.550,616.195,107.228,213.568,0.347441,-1,-1,-1
680,32,1625.690,156.508,66.778,172.877,0.588473,-1,-1,-1
680,28,380.316,531.764,87.790,244.605,0.784208,-1,-1,-1
680,33,1280.929,872.077,99.013,208.924,0.765446,-1,-1,-1
680,35,1364.370,857.887,110.879,223.134,0.646607,-1,-1,-1
681,4,1718.669,454.260,84.828,213.280,0.722414,-1,-1,-1
681,26,1203.424,1053.926,34.727,27.084,0.153248,-1,-1,-1
681,3,842.799,927.166,66.844,153.464,0.721448,-1,-1,-1
681,27,1109.703,1048.783,32.845,32.201,0.272287,-1,-1,-1
681,29,312.189,358.127,71.425,207.565,0.700533,-1,-1,-1
681,31,1563.417,622.566,104.829,207.342,0.338246,-1,-1,-1
681,32,1624.828,157.363,66.396,171.974,0.620140,-1,-1,-1
681,28,374.731,531.644,90.766,244.787,0.807510,-1,-1,-1
681,33,1276.499,869.344,99.149,211.227,0.740049,-1,-1,-1
681,35,1362.459,855.424,110.492,225.594,0.677084,-1,-1,-1
682,4,1718.274,454.332,85.078,213.528,0.735377,-1,-1,-1
682,3,841.118,925.669,67.772,154.851,0.730717,-1,-1,-1
682,27,1108.354,1049.884,32.569,31.121,0.252014,-1,-1,-1
682,29,311.736,358.942,71.404,207.146,0.716770,-1,-1,-1
682,31,1561.882,611.088,109.697,217.826,0.347664,-1,-1,-1
682,32,1624.292,156.557,66.863,173.377,0.593903,-1,-1,-1
682,28,371.571,531.585,93.386,244.327,0.801044,-1,-1,-1
682,33,1273.356,866.486,99.537,214.099,0.759476,-1,-1,-1
682,35,1361.531,852.072,110.043,228.945,0.717023,-1,-1,-1
683,4,1718.471,454.787,85.088,213.181,0.729590,-1,-1,-1
683,3,839.500,925.141,68.490,155.352,0.729044,-1,-1,-1
683,27,1106.775,1051.604,31.594,29.423,0.211525,-1,-1,-1
683,29,311.335,358.613,71.382,207.273,0.724252,-1,-1,-1
683,31,1562.166,606.475,111.740,222.367,0.379713,-1,-1,-1
683,32,1622.431,156.308,67.521,175.707,0.577000,-1,-1,-1
683,28,367.627,531.403,96.337,244.807,0.799134,-1,-1,-1
683,33,1269.742,864.525,99.815,215.986,0.765510,-1,-1,-1
683,35,1358.495,847.144,110.350,233.871,0.720357,-1,-1,-1
684,4,1717.643,454.454,85.385,213.823,0.720509,-1,-1,-1
684,3,837.734,924.447,69.407,156.078,0.727415,-1,-1,-1
684,27,1104.986,1053.494,30.466,27.535,0.171058,-1,-1,-1
684,29,310.767,358.868,71.183,206.998,0.725619,-1,-1,-1
684,31,1562.183,614.616,108.426,215.318,0.349977,-1,-1,-1
684,32,1620.655,156.279,67.782,177.326,0.594817,-1,-1,-1
684,28,364.318,529.546,99.263,246.662,0.791869,-1,-1,-1
684,33,1266.092,862.530,99.802,216.803,0.791670,-1,-1,-1
684,35,1353.526,842.315,110.838,238.699,0.731177,-1,-1,-1
685,4,1716.882,453.875,85.503,214.216,0.732128,-1,-1,-1
685,3,835.280,924.395,70.370,156.089,0.738504,-1,-1,-1
685,29,310.478,360.262,70.949,206.691,0.716607,-1,-1,-1
685,31,1561.568,607.066,111.416,222.202,0.413640,-1,-1,-1
685,32,1619.205,155.237,68.493,180.655,0.578675,-1,-1,-1
685,28,361.614,528.828,101.700,248.098,0.798792,-1,-1,-1
685,33,1263.654,860.731,99.529,217.773,0.793848,-1,-1,-1
685,35,1350.543,839.240,110.317,241.772,0.749252,-1,-1,-1
686,4,1716.703,453.016,85.774,214.790,0.743637,-1,-1,-1
686,3,833.796,923.508,71.479,156.416,0.745934,-1,-1,-1
686,29,309.545,363.147,70.675,206.652,0.713850,-1,-1,-1
686,31,1561.946,613.167,109.104,217.235,0.392802,-1,-1,-1
686,32,1618.279,153.388,68.463,181.603,0.528504,-1,-1,-1
686,28,359.394,529.406,103.040,248.002,0.800799,-1,-1,-1
686,33,1261.559,858.612,100.036,220.298,0.799027,-1,-1,-1
686,35,1348.137,835.441,109.995,245.329,0.747294,-1,-1,-1
687,4,1716.988,452.936,85.683,214.320,0.752199,-1,-1,-1
687,3,832.490,923.590,72.374,156.363,0.734747,-1,-1,-1
687,29,309.297,366.399,70.330,206.812,0.704878,-1,-1,-1
687,31,1560.749,605.575,112.152,223.707,0.412796,-1,-1,-1
687,32,1616.937,151.553,68.219,182.175,0.544530,-1,-1,-1
687,28,356.707,529.952,103.727,248.321,0.797980,-1,-1,-1
687,33,1258.524,856.916,100.391,223.318,0.773308,-1,-1,-1
687,35,1344.915,831.720,109.668,248.877,0.765973,-1,-1,-1
688,4,1717.266,453.616,85.904,214.283,0.761129,-1,-1,-1
688,3,830.683,923.936,73.278,155.938,0.734179,-1,-1,-1
688,29,309.178,369.152,69.923,206.964,0.704789,-1,-1,-1
688,31,1561.533,611.154,109.868,218.852,0.433030,-1,-1,-1
688,32,1615.448,149.101,66.536,177.989,0.562010,-1,-1,-1
688,28,354.964,529.824,104.128,249.070,0.814462,-1,-1,-1
688,33,1256.260,854.569,100.357,226.176,0.782849,-1,-1,-1
688,35,1341.342,830.655,108.500,250.196,0.793506,-1,-1,-1
689,4,1716.502,453.069,86.115,214.856,0.751223,-1,-1,-1
689,3,828.894,924.574,74.130,155.332,0.729987,-1,-1,-1
689,29,309.085,370.563,69.194,206.463,0.706921,-1,-1,-1
689,31,1559.974,602.914,113.411,226.174,0.463482,-1,-1,-1
689,32,1614.673,146.574,66.347,177.818,0.571321,-1,-1,-1
689,28,355.183,530.352,103.766,248.797,0.814434,-1,-1,-1
689,33,1253.776,852.109,100.078,228.831,0.772815,-1,-1,-1
689,35,1338.789,828.321,108.122,252.628,0.789837,-1,-1,-1
690,4,1716.739,452.315,86.756,216.383,0.724195,-1,-1,-1
690,3,828.369,925.943,74.531,153.526,0.744208,-1,-1,-1
690,29,308.536,373.044,68.813,207.231,0.697725,-1,-1,-1
690,31,1560.849,599.449,114.504,228.856,0.474976,-1,-1,-1
690,32,1613.409,144.796,66.428,178.253,0.598097,-1,-1,-1
690,28,355.553,530.244,103.424,249.862,0.818565,-1,-1,-1
690,33,1252.154,849.354,99.921,231.658,0.724396,-1,-1,-1
690,35,1334.725,825.398,107.803,255.589,0.771363,-1,-1,-1
691,4,1717.003,452.746,86.926,216.659,0.741985,-1,-1,-1
691,3,828.210,926.740,74.955,152.262,0.738432,-1,-1,-1
691,29,308.205,375.647,68.426,207.611,0.712286,-1,-1,-1
691,31,1562.571,598.891,114.475,229.723,0.502699,-1,-1,-1
691,32,1611.457,142.933,66.483,178.768,0.632306,-1,-1,-1
691,28,357.949,531.756,101.865,249.420,0.824935,-1,-1,-1
691,33,1250.675,846.493,99.317,233.668,0.787683,-1,-1,-1
691,35,1331.263,824.109,107.351,256.892,0.779895,-1,-1,-1
692,4,1717.473,453.409,86.574,215.536,0.736707,-1,-1,-1
692,3,828.136,928.466,74.662,149.610,0.743941,-1,-1,-1
692,29,307.322,376.049,68.770,210.284,0.724434,-1,-1,-1
692,31,1562.964,600.930,113.430,227.636,0.443066,-1,-1,-1
692,32,1609.975,141.631,66.596,179.224,0.650127,-1,-1,-1
692,28,360.897,533.886,100.114,249.233,0.811702,-1,-1,-1
692,33,1249.203,843.188,98.703,236.106,0.794871,-1,-1,-1
692,35,1328.085,823.330,106.596,257.676,0.762195,-1,-1,-1
693,4,1717.127,452.618,86.794,216.210,0.727276,-1,-1,-1
693,3,828.055,929.003,75.136,148.879,0.741615,-1,-1,-1
693,29,306.017,375.856,69.211,213.394,0.713486,-1,-1,-1
693,31,1563.087,601.713,112.983,226.781,0.497240,-1,-1,-1
693,32,1608.981,139.791,66.412,178.909,0.657039,-1,-1,-1
693,28,363.642,535.071,98.427,250.223,0.811223,-1,-1,-1
693,33,1246.671,839.762,98.749,240.513,0.820117,-1,-1,-1
693,35,1324.899,821.594,106.038,259.413,0.765587,-1,-1,-1
694,4,1716.915,452.584,87.093,216.920,0.741789,-1,-1,-1
694,3,828.037,929.508,75.818,148.282,0.764203,-1,-1,-1
694,29,304.936,376.117,69.319,215.116,0.702705,-1,-1,-1
694,31,1562.992,601.435,112.994,227.078,0.511754,-1,-1,-1
694,32,1607.564,137.353,66.491,179.183,0.638992,-1,-1,-1
694,28,366.970,535.824,96.073,249.798,0.816250,-1,-1,-1
694,33,1244.660,836.227,98.246,243.770,0.816313,-1,-1,-1
694,35,1322.644,819.985,105.502,261.022,0.770904,-1,-1,-1
695,4,1717.605,453.125,86.662,215.911,0.725338,-1,-1,-1
695,3,828.028,931.072,76.219,147.093,0.750477,-1,-1,-1
695,29,304.542,376.083,69.035,215.424,0.666935,-1,-1,-1
695,31,1562.527,600.846,113.187,227.841,0.423094,-1,-1,-1
695,32,1606.972,136.374,66.319,178.938,0.630400,-1,-1,-1
695,28,369.431,536.184,93.880,249.980,0.811079,-1,-1,-1
695,33,1242.361,832.701,97.671,246.696,0.789755,-1,-1,-1
695,35,1321.729,818.576,104.774,262.340,0.750498,-1,-1,-1
696,4,1718.036,453.132,86.377,215.139,0.714597,-1,-1,-1
696,3,828.155,932.193,76.802,146.594,0.736828,-1,-1,-1
696,29,303.622,376.311,68.836,215.027,0.633331,-1,-1,-1
696,31,1562.629,601.690,112.557,226.421,0.413814,-1,-1,-1
696,32,1605.895,135.584,66.502,179.668,0.606886,-1,-1,-1
696,28,371.133,536.438,91.789,250.681,0.803219,-1,-1,-1
696,33,1238.853,830.627,96.765,248.334,0.786058,-1,-1,-1
696,35,1320.209,816.481,104.380,264.491,0.758237,-1,-1,-1
697,4,1717.922,453.422,86.390,214.897,0.707088,-1,-1,-1
697,3,828.807,933.445,77.025,145.654,0.747391,-1,-1,-1
697,29,301.977,376.834,69.039,214.960,0.633824,-1,-1,-1
697,31,1562.639,602.172,112.027,225.352,0.414583,-1,-1,-1
697,32,1604.357,135.700,66.335,178.660,0.543966,-1,-1,-1
697,28,372.762,537.355,89.459,250.281,0.792077,-1,-1,-1
697,33,1236.210,829.051,95.995,250.034,0.766956,-1,-1,-1
697,35,1317.702,813.651,104.494,267.341,0.781524,-1,-1,-1
698,4,1718.202,453.492,86.248,214.656,0.736916,-1,-1,-1
698,3,829.370,933.080,77.835,146.330,0.764128,-1,-1,-1
698,29,301.263,377.321,69.172,214.516,0.621730,-1,-1,-1
698,31,1562.597,607.661,110.329,221.064,0.439952,-1,-1,-1
698,32,1603.955,135.458,66.332,178.336,0.520310,-1,-1,-1
698,28,374.626,538.198,87.088,249.273,0.795493,-1,-1,-1
698,33,1233.327,827.966,95.081,250.974,0.771235,-1,-1,-1
698,35,1314.854,810.839,104.669,270.162,0.790793,-1,-1,-1
699,4,1718.192,453.359,86.228,215.081,0.718783,-1,-1,-1
699,3,830.007,933.482,78.164,146.017,0.765291,-1,-1,-1
699,29,300.695,377.468,69.213,213.557,0.650220,-1,-1,-1
699,31,1564.134,603.228,111.849,224.545,0.424052,-1,-1,-1
699,32,1602.208,134.792,67.339,180.509,0.405456,-1,-1,-1
699,28,375.605,538.671,84.776,248.469,0.780685,-1,-1,-1
699,33,1229.946,825.972,94.864,252.693,0.767226,-1,-1,-1
699,35,1311.891,806.890,104.413,273.078,0.800449,-1,-1,-1
700,4,1718.362,453.575,85.773,214.181,0.723803,-1,-1,-1
700,3,831.292,933.776,78.472,145.895,0.765398,-1,-1,-1
700,29,299.544,377.416,69.425,213.173,0.655992,-1,-1,-1
700,31,1563.876,610.427,108.909,217.951,0.445310,-1,-1,-1
700,32,1601.001,134.559,67.794,180.753,0.362849,-1,-1,-1
700,28,376.802,539.747,82.631,247.644,0.789661,-1,-1,-1
700,33,1227.852,824.080,94.309,253.107,0.766522,-1,-1,-1
700,35,1309.341,803.552,103.642,274.577,0.792956,-1,-1,-1
701,4,1718.204,453.438,86.207,215.260,0.720093,-1,-1,-1
701,3,832.922,933.411,79.166,146.055,0.771089,-1,-1,-1
701,29,299.100,378.294,69.379,211.394,0.649821,-1,-1,-1
701,31,1563.140,604.585,111.704,223.440,0.388140,-1,-1,-1
701,32,1600.299,135.400,68.140,180.455,0.353824,-1,-1,-1
701,28,377.609,540.230,80.451,246.503,0.757030,-1,-1,-1
701,33,1225.368,821.128,94.866,256.014,0.802423,-1,-1,-1
701,35,1308.500,799.853,102.611,274.436,0.786500,-1,-1,-1
702,4,1718.227,452.732,86.389,215.663,0.740121,-1,-1,-1
702,3,834.793,934.143,79.221,145.448,0.770661,-1,-1,-1
702,29,298.625,377.784,69.971,211.959,0.683951,-1,-1,-1
702,31,1564.963,619.538,105.471,208.922,0.346199,-1,-1,-1
702,32,1600.088,135.689,68.286,180.178,0.388877,-1,-1,-1
702,28,378.303,540.828,78.270,245.427,0.741447,-1,-1,-1
702,33,1221.916,818.479,95.406,257.677,0.763287,-1,-1,-1
702,35,1308.221,795.049,99.328,266.861,0.772642,-1,-1,-1
703,4,1718.101,452.672,86.667,216.470,0.737235,-1,-1,-1
703,3,836.767,934.702,79.213,144.680,0.776956,-1,-1,-1
703,29,298.006,378.138,70.735,213.102,0.690314,-1,-1,-1
703,31,1562.573,609.113,110.658,219.225,0.381803,-1,-1,-1
703,32,1600.342,132.672,69.588,184.281,0.438535,-1,-1,-1
703,28,379.344,541.374,76.270,244.831,0.736440,-1,-1,-1
703,33,1219.646,816.678,95.228,258.482,0.773974,-1,-1,-1
703,35,1307.562,790.677,97.561,263.074,0.781425,-1,-1,-1
704,4,1718.350,452.476,86.336,215.232,0.735165,-1,-1,-1
704,3,838.903,934.946,79.546,144.384,0.779002,-1,-1,-1
704,29,297.143,379.516,71.491,214.286,0.691476,-1,-1,-1
704,31,1562.185,605.102,112.796,223.304,0.353557,-1,-1,-1
704,32,1599.977,133.755,69.106,183.140,0.539600,-1,-1,-1
704,28,380.471,541.680,74.901,245.697,0.733469,-1,-1,-1
704,33,1217.740,815.119,95.021,259.777,0.775944,-1,-1,-1
704,35,1306.933,787.323,97.123,263.649,0.779213,-1,-1,-1
705,4,1718.816,453.128,85.758,213.613,0.726880,-1,-1,-1
705,3,840.980,935.104,79.909,144.346,0.772569,-1,-1,-1
705,29,297.339,380.126,72.954,218.196,0.703144,-1,-1,-1
705,31,1562.523,599.193,114.499,226.998,0.603396,-1,-1,-1
705,32,1600.961,132.788,69.274,184.266,0.550649,-1,-1,-1
705,28,382.077,541.604,73.582,246.472,0.741953,-1,-1,-1
705,33,1215.790,813.165,94.997,262.214,0.785907,-1,-1,-1
705,35,1306.794,785.275,96.683,265.148,0.767340,-1,-1,-1
706,4,1718.588,453.266,85.917,213.884,0.714472,-1,-1,-1
706,3,842.249,934.698,80.638,145.156,0.778100,-1,-1,-1
706,29,296.636,383.405,73.756,219.278,0.709949,-1,-1,-1
706,31,1563.199,596.917,115.244,228.833,0.498462,-1,-1,-1
706,32,1601.523,131.529,69.075,184.748,0.599266,-1,-1,-1
706,28,383.604,541.875,72.032,245.596,0.746420,-1,-1,-1
706,33,1213.001,809.853,95.598,266.326,0.779088,-1,-1,-1
706,35,1305.107,783.702,95.934,266.091,0.769096,-1,-1,-1
707,4,1718.869,453.769,85.708,213.409,0.727390,-1,-1,-1
707,3,844.168,935.110,81.168,145.521,0.778969,-1,-1,-1
707,29,296.634,387.940,73.203,216.738,0.715290,-1,-1,-1
707,31,1564.331,597.842,114.842,228.545,0.459028,-1,-1,-1
707,32,1602.171,130.289,67.953,182.416,0.622225,-1,-1,-1
707,28,384.408,542.286,70.819,245.524,0.763510,-1,-1,-1
707,33,1211.223,807.277,94.069,264.287,0.761565,-1,-1,-1
707,35,1302.957,782.732,95.121,266.493,0.767351,-1,-1,-1
708,4,1718.609,453.713,85.843,213.719,0.724558,-1,-1,-1
708,3,845.589,935.274,81.634,145.647,0.776432,-1,-1,-1
708,29,296.526,390.851,72.869,215.349,0.716152,-1,-1,-1
708,31,1564.422,596.841,114.661,228.711,0.500395,-1,-1,-1
708,32,1602.849,129.573,66.117,177.639,0.609465,-1,-1,-1
708,28,385.486,542.708,69.705,246.016,0.749806,-1,-1,-1
708,33,1209.241,804.037,93.280,264.139,0.751444,-1,-1,-1
708,35,1300.642,781.428,94.265,265.962,0.772244,-1,-1,-1
709,4,1718.694,452.894,85.982,214.083,0.719899,-1,-1,-1
709,3,846.841,935.395,82.054,145.631,0.783419,-1,-1,-1
709,29,296.198,393.209,72.613,214.528,0.723364,-1,-1,-1
709,31,1563.644,596.296,115.081,230.218,0.446750,-1,-1,-1
709,32,1603.410,128.047,64.992,174.414,0.633994,-1,-1,-1
709,28,387.144,543.263,68.424,244.996,0.756690,-1,-1,-1
709,33,1206.603,800.892,91.775,261.947,0.768281,-1,-1,-1
709,35,1297.653,781.482,93.548,263.938,0.759063,-1,-1,-1
710,4,1719.196,453.021,85.899,213.927,0.733212,-1,-1,-1
710,3,847.833,936.286,81.945,144.774,0.771293,-1,-1,-1
710,29,296.147,394.907,72.690,215.096,0.736400,-1,-1,-1
710,31,1564.432,594.570,115.216,231.264,0.503104,-1,-1,-1
710,32,1603.415,126.764,64.757,173.896,0.653605,-1,-1,-1
710,28,388.669,543.656,67.328,243.290,0.745072,-1,-1,-1
710,33,1204.063,797.090,90.695,261.208,0.784585,-1,-1,-1
710,35,1292.164,781.262,94.132,264.125,0.758834,-1,-1,-1
711,4,1719.335,453.382,85.852,213.732,0.714169,-1,-1,-1
711,3,848.292,935.683,82.559,145.384,0.783191,-1,-1,-1
711,29,295.442,395.512,73.468,218.365,0.736517,-1,-1,-1
711,31,1564.574,599.551,112.861,227.240,0.368960,-1,-1,-1
711,32,1603.291,124.409,64.710,173.862,0.632211,-1,-1,-1
711,28,390.226,544.536,66.754,241.924,0.745162,-1,-1,-1
711,33,1201.541,794.622,89.740,259.965,0.788279,-1,-1,-1
711,35,1284.566,781.048,95.680,265.332,0.751548,-1,-1,-1
712,4,1718.844,452.706,86.713,215.786,0.709231,-1,-1,-1
712,3,849.351,935.549,82.828,145.515,0.779454,-1,-1,-1
712,29,296.237,396.690,73.506,219.283,0.712636,-1,-1,-1
712,31,1564.853,599.894,112.426,226.880,0.451988,-1,-1,-1
712,32,1603.396,123.392,64.764,174.360,0.619039,-1,-1,-1
712,28,391.706,545.094,66.508,241.114,0.723201,-1,-1,-1
712,33,1198.623,792.423,88.544,257.975,0.799248,-1,-1,-1
712,35,1280.416,780.338,96.520,265.917,0.751270,-1,-1,-1
713,4,1718.973,452.733,86.306,214.843,0.698253,-1,-1,-1
713,3,850.566,935.313,83.071,145.745,0.779270,-1,-1,-1
713,29,296.311,399.839,73.805,221.430,0.688877,-1,-1,-1
713,31,1567.249,599.221,111.776,226.465,0.616520,-1,-1,-1
713,32,1603.029,122.483,64.680,174.718,0.673674,-1,-1,-1
713,28,394.270,545.503,66.583,239.714,0.674434,-1,-1,-1
713,33,1194.504,790.999,88.705,259.062,0.791988,-1,-1,-1
713,35,1278.253,779.434,95.984,263.764,0.762315,-1,-1,-1
714,4,1719.135,452.654,86.271,214.694,0.692572,-1,-1,-1
714,3,852.412,935.428,82.955,145.624,0.779344,-1,-1,-1
714,29,296.809,401.888,73.661,221.624,0.688745,-1,-1,-1
714,31,1568.801,598.352,111.198,226.889,0.624057,-1,-1,-1
714,32,1602.475,121.488,64.733,175.492,0.653284,-1,-1,-1
714,28,395.759,545.921,67.299,239.152,0.688755,-1,-1,-1
714,33,1191.069,788.983,89.441,261.725,0.790054,-1,-1,-1
714,35,1276.139,777.549,94.797,259.880,0.738916,-1,-1,-1
715,4,1718.701,452.985,86.246,214.772,0.674466,-1,-1,-1
715,3,853.235,935.798,82.632,145.249,0.779557,-1,-1,-1
715,29,297.389,402.810,73.328,221.454,0.681786,-1,-1,-1
715,31,1570.076,598.703,110.425,226.799,0.611690,-1,-1,-1
715,32,1601.659,120.872,65.181,177.247,0.615362,-1,-1,-1
715,28,397.654,545.729,68.536,239.536,0.699344,-1,-1,-1
715,33,1187.999,787.544,89.029,262.906,0.798124,-1,-1,-1
715,35,1274.154,773.642,93.535,256.826,0.794618,-1,-1,-1
716,4,1718.410,453.298,86.039,214.050,0.665319,-1,-1,-1
716,3,854.005,936.283,82.271,144.758,0.772832,-1,-1,-1
716,29,297.886,403.236,73.031,221.104,0.674763,-1,-1,-1
716,31,1570.227,599.214,109.502,226.190,0.577017,-1,-1,-1
716,32,1600.833,120.451,65.493,179.112,0.609758,-1,-1,-1
716,28,399.320,546.677,69.897,239.251,0.712102,-1,-1,-1
716,33,1185.836,786.680,88.699,264.232,0.799817,-1,-1,-1
716,35,1272.201,770.211,92.846,255.757,0.801006,-1,-1,-1
717,4,1719.046,452.742,86.076,214.240,0.694928,-1,-1,-1
717,3,854.674,936.504,81.930,144.532,0.780096,-1,-1,-1
717,29,298.907,404.060,72.674,220.076,0.675351,-1,-1,-1
717,31,1570.517,599.635,109.159,226.053,0.580945,-1,-1,-1
717,32,1600.028,120.108,65.253,179.489,0.544624,-1,-1,-1
717,28,399.890,547.007,71.475,239.137,0.708184,-1,-1,-1
717,33,1184.134,785.558,88.287,264.592,0.803820,-1,-1,-1
717,35,1269.879,765.116,93.203,257.811,0.782518,-1,-1,-1
718,4,1719.233,451.844,86.256,214.866,0.695663,-1,-1,-1
718,3,854.754,936.705,81.728,144.327,0.774707,-1,-1,-1
718,29,299.375,404.566,72.496,219.444,0.678458,-1,-1,-1
718,31,1570.815,600.449,108.355,224.892,0.593501,-1,-1,-1
718,32,1599.358,119.763,65.240,180.782,0.550821,-1,-1,-1
718,28,399.874,547.460,73.030,239.401,0.714864,-1,-1,-1
718,33,1182.469,784.351,88.108,265.643,0.797796,-1,-1,-1
718,35,1266.706,760.973,92.045,255.875,0.745523,-1,-1,-1
719,4,1718.966,452.411,86.137,214.559,0.701896,-1,-1,-1
719,3,854.542,937.107,81.465,143.921,0.782777,-1,-1,-1
719,29,300.584,404.875,71.047,214.547,0.665136,-1,-1,-1
719,31,1569.284,597.875,109.488,227.656,0.523747,-1,-1,-1
719,32,1598.967,118.982,64.667,180.885,0.460490,-1,-1,-1
719,28,399.960,548.000,74.904,240.653,0.697907,-1,-1,-1
719,33,1181.215,783.615,87.384,264.958,0.796666,-1,-1,-1
719,35,1263.893,756.990,91.993,257.391,0.740744,-1,-1,-1
720,4,1719.061,452.588,86.025,214.443,0.706297,-1,-1,-1
720,3,854.290,938.453,80.821,142.571,0.785373,-1,-1,-1
720,29,301.482,406.659,70.074,210.686,0.702736,-1,-1,-1
720,31,1572.667,601.014,107.312,226.271,0.501996,-1,-1,-1
720,32,1598.922,119.085,63.755,179.700,0.461260,-1,-1,-1
720,28,399.913,548.814,76.250,240.653,0.696332,-1,-1,-1
720,33,1179.770,782.247,87.156,265.601,0.784361,-1,-1,-1
720,35,1261.219,752.419,92.282,260.545,0.735049,-1,-1,-1
721,4,1719.448,452.230,86.355,215.349,0.696293,-1,-1,-1
721,3,854.012,938.999,80.661,142.023,0.784486,-1,-1,-1
721,29,301.766,408.620,70.310,210.559,0.719937,-1,-1,-1
721,31,1570.313,599.525,107.363,226.653,0.581753,-1,-1,-1
721,32,1599.076,119.868,62.492,177.272,0.548285,-1,-1,-1
721,28,401.495,549.750,78.053,241.446,0.683891,-1,-1,-1
721,33,1177.859,780.355,86.658,265.875,0.774310,-1,-1,-1
721,35,1258.948,749.566,92.667,264.186,0.733866,-1,-1,-1
722,4,1719.586,452.950,86.017,214.237,0.717668,-1,-1,-1
722,3,853.437,939.497,80.607,141.522,0.785933,-1,-1,-1
722,29,301.250,410.145,71.103,212.517,0.735915,-1,-1,-1
722,31,1569.306,597.133,108.287,228.941,0.576419,-1,-1,-1
722,32,1599.241,120.306,61.426,175.485,0.521174,-1,-1,-1
722,28,402.762,550.974,79.496,241.235,0.712739,-1,-1,-1
722,33,1175.205,775.853,86.462,267.828,0.786183,-1,-1,-1
722,35,1255.856,748.187,91.679,262.299,0.768540,-1,-1,-1
723,4,1719.213,452.393,86.349,215.385,0.717742,-1,-1,-1
723,3,852.848,939.604,80.618,141.412,0.783243,-1,-1,-1
723,29,300.692,411.278,72.121,215.369,0.755577,-1,-1,-1
723,31,1567.587,595.769,108.944,230.421,0.554332,-1,-1,-1
723,32,1598.908,119.230,61.184,176.267,0.325155,-1,-1,-1
723,28,403.313,552.018,81.156,242.007,0.721676,-1,-1,-1
723,33,1173.852,772.313,84.335,262.876,0.774001,-1,-1,-1
723,35,1252.372,746.612,92.601,266.451,0.771900,-1,-1,-1
724,4,1719.622,452.686,86.294,215.397,0.699179,-1,-1,-1
724,3,851.735,939.999,80.596,141.016,0.787912,-1,-1,-1
724,29,300.119,412.846,72.779,217.436,0.763648,-1,-1,-1
724,31,1566.869,594.204,109.507,231.773,0.517377,-1,-1,-1
724,32,1598.185,118.030,61.180,177.778,0.347194,-1,-1,-1
724,28,403.616,552.601,82.481,242.906,0.724736,-1,-1,-1
724,33,1172.980,769.169,80.395,251.500,0.773606,-1,-1,-1
724,35,1247.904,745.308,92.292,267.312,0.771690,-1,-1,-1
725,4,1719.429,452.907,86.153,215.008,0.695977,-1,-1,-1
725,3,850.904,941.679,79.966,139.334,0.778502,-1,-1,-1
725,29,300.353,415.091,72.810,217.467,0.755604,-1,-1,-1
725,31,1566.846,595.688,108.732,229.977,0.528414,-1,-1,-1
725,32,1597.875,117.309,60.560,177.082,0.381888,-1,-1,-1
725,28,406.051,552.573,83.261,242.578,0.717543,-1,-1,-1
725,33,1171.166,765.562,79.323,249.067,0.772895,-1,-1,-1
725,35,1243.921,745.089,92.277,267.985,0.770133,-1,-1,-1
726,4,1718.944,453.171,85.917,214.342,0.699641,-1,-1,-1
726,3,849.717,942.991,79.697,138.020,0.784586,-1,-1,-1
726,29,300.188,416.828,72.796,217.577,0.758944,-1,-1,-1
726,31,1566.339,594.739,109.206,230.703,0.515772,-1,-1,-1
726,32,1597.451,116.530,59.961,176.567,0.435944,-1,-1,-1
726,28,408.427,553.382,84.252,242.709,0.739970,-1,-1,-1
726,33,1170.104,761.559,78.690,247.591,0.781738,-1,-1,-1
726,35,1240.927,744.343,92.389,269.428,0.793338,-1,-1,-1
727,4,1719.502,452.909,85.787,214.398,0.703940,-1,-1,-1
727,3,848.432,943.873,79.654,137.137,0.786881,-1,-1,-1
727,29,300.443,419.274,72.520,216.823,0.768565,-1,-1,-1
727,31,1566.125,597.469,108.702,229.104,0.451598,-1,-1,-1
727,32,1597.042,114.678,59.702,177.258,0.451598,-1,-1,-1
727,28,408.840,553.728,85.677,244.173,0.768859,-1,-1,-1
727,33,1168.572,757.704,77.773,244.399,0.797246,-1,-1,-1
727,35,1239.235,743.109,92.235,269.217,0.817471,-1,-1,-1
728,4,1719.668,453.217,85.443,213.528,0.705679,-1,-1,-1
728,3,846.857,943.707,80.206,137.302,0.785137,-1,-1,-1
728,29,299.704,420.298,73.423,219.695,0.755649,-1,-1,-1
728,31,1572.411,601.193,105.749,225.571,0.438337,-1,-1,-1
728,32,1596.750,113.350,59.801,178.823,0.546883,-1,-1,-1
728,28,409.170,553.373,86.692,245.028,0.787702,-1,-1,-1
728,33,1165.537,754.897,78.693,247.141,0.811451,-1,-1,-1
728,35,1237.762,742.730,91.986,268.821,0.820553,-1,-1,-1
729,4,1719.413,452.494,85.823,214.502,0.709515,-1,-1,-1
729,3,845.682,944.877,80.158,136.130,0.792894,-1,-1,-1
729,29,299.094,421.464,73.723,221.259,0.751115,-1,-1,-1
729,31,1569.594,599.210,107.054,227.653,0.495335,-1,-1,-1
729,32,1596.638,111.342,59.339,178.549,0.559925,-1,-1,-1
729,28,408.829,553.698,87.018,244.058,0.775638,-1,-1,-1
729,33,1162.689,751.924,79.664,250.994,0.818211,-1,-1,-1
729,35,1236.055,741.723,91.534,267.448,0.827781,-1,-1,-1
730,4,1719.712,452.769,85.879,214.458,0.711089,-1,-1,-1
730,3,844.209,945.095,80.547,135.699,0.783383,-1,-1,-1
730,29,298.550,422.365,73.880,222.478,0.734082,-1,-1,-1
730,31,1573.921,599.024,105.757,228.060,0.497151,-1,-1,-1
730,32,1596.813,109.632,58.615,177.334,0.459655,-1,-1,-1
730,28,409.406,553.867,87.330,243.754,0.797446,-1,-1,-1
730,33,1158.851,750.288,80.807,255.297,0.818539,-1,-1,-1
730,35,1233.487,740.358,91.974,268.666,0.811377,-1,-1,-1
731,4,1719.841,453.166,85.756,214.161,0.703984,-1,-1,-1
731,3,842.523,945.101,81.158,135.742,0.783104,-1,-1,-1
731,29,298.120,422.781,73.540,222.011,0.714880,-1,-1,-1
731,31,1571.040,597.969,106.055,228.004,0.567225,-1,-1,-1
731,32,1597.323,108.021,58.165,176.981,0.463343,-1,-1,-1
731,28,410.283,554.232,87.407,243.127,0.810161,-1,-1,-1
731,33,1155.623,748.742,81.214,257.502,0.807089,-1,-1,-1
731,35,1230.353,738.223,92.081,269.938,0.799564,-1,-1,-1
732,4,1719.304,453.021,86.081,214.613,0.697083,-1,-1,-1
732,3,841.553,945.673,81.291,135.235,0.782405,-1,-1,-1
732,29,297.974,423.158,73.390,221.756,0.677984,-1,-1,-1
732,31,1569.212,596.677,106.889,229.348,0.512605,-1,-1,-1
732,32,1598.291,106.503,57.678,176.753,0.516507,-1,-1,-1
732,28,412.959,554.357,87.456,243.318,0.805614,-1,-1,-1
732,33,1152.842,747.266,81.666,259.698,0.807608,-1,-1,-1
732,35,1228.811,735.837,91.575,269.175,0.815561,-1,-1,-1
733,4,1718.861,452.965,86.409,215.079,0.698308,-1,-1,-1
733,3,840.217,945.844,81.553,134.857,0.771776,-1,-1,-1
733,29,297.609,423.753,73.131,220.901,0.654831,-1,-1,-1
733,31,1568.291,594.632,107.969,231.240,0.515348,-1,-1,-1
733,32,1599.457,105.689,56.894,175.482,0.498819,-1,-1,-1
733,28,414.862,553.966,87.357,243.753,0.785862,-1,-1,-1
733,33,1149.995,746.369,82.182,262.266,0.768535,-1,-1,-1
733,35,1227.671,731.909,88.693,261.034,0.785619,-1,-1,-1
734,4,1718.392,453.042,87.139,216.926,0.704364,-1,-1,-1
734,3,839.275,945.966,81.849,134.612,0.778375,-1,-1,-1
734,29,297.359,424.361,72.843,219.761,0.643083,-1,-1,-1
734,31,1572.924,598.383,105.543,228.955,0.453736,-1,-1,-1
734,32,1600.367,104.875,56.604,175.435,0.356181,-1,-1,-1
734,28,417.760,554.039,87.132,245.123,0.789349,-1,-1,-1
734,33,1148.063,747.105,81.853,261.509,0.775897,-1,-1,-1
734,35,1227.318,728.923,85.610,252.257,0.780965,-1,-1,-1
735,4,1719.309,453.324,86.396,214.999,0.687351,-1,-1,-1
735,3,838.246,946.265,82.199,134.305,0.778365,-1,-1,-1
735,29,296.882,425.419,72.331,217.651,0.614798,-1,-1,-1
735,31,1577.338,598.808,103.740,229.183,0.527675,-1,-1,-1
735,32,1600.897,104.132,56.220,174.793,0.292730,-1,-1,-1
735,28,421.290,554.601,86.326,245.254,0.780532,-1,-1,-1
735,33,1145.202,745.668,82.394,262.800,0.757075,-1,-1,-1
735,35,1224.760,723.523,84.466,248.430,0.774992,-1,-1,-1
736,4,1719.469,452.706,86.038,214.011,0.698765,-1,-1,-1
736,3,837.343,946.256,82.832,134.543,0.775645,-1,-1,-1
736,29,296.563,426.289,72.155,216.473,0.641796,-1,-1,-1
736,31,1573.539,597.649,103.873,228.696,0.590007,-1,-1,-1
736,32,1601.157,104.420,55.740,173.707,0.286953,-1,-1,-1
736,28,426.117,554.633,85.218,245.834,0.800898,-1,-1,-1
736,33,1144.011,742.885,82.279,261.404,0.766326,-1,-1,-1
736,35,1222.019,718.486,84.146,247.263,0.776471,-1,-1,-1
737,4,1719.588,452.538,86.060,214.014,0.711482,-1,-1,-1
737,3,837.336,947.211,82.649,133.504,0.782455,-1,-1,-1
737,29,296.536,427.357,71.689,214.541,0.617342,-1,-1,-1
737,31,1577.358,597.146,103.116,230.192,0.500526,-1,-1,-1
737,32,1601.196,104.143,55.606,173.529,0.298496,-1,-1,-1
737,28,430.352,555.138,83.984,246.094,0.795112,-1,-1,-1
737,33,1141.798,740.567,82.504,260.810,0.750901,-1,-1,-1
737,35,1220.318,713.495,84.961,250.573,0.764426,-1,-1,-1
738,4,1719.443,452.421,85.979,213.773,0.716449,-1,-1,-1
738,3,837.291,947.266,82.936,133.315,0.777352,-1,-1,-1
738,29,296.395,428.205,71.833,214.271,0.673787,-1,-1,-1
738,31,1573.772,596.355,103.307,229.919,0.538909,-1,-1,-1
738,32,1601.423,104.242,55.130,171.878,0.264779,-1,-1,-1
738,28,433.806,555.646,83.005,247.455,0.800500,-1,-1,-1
738,33,1138.374,738.326,83.296,263.261,0.749379,-1,-1,-1
738,35,1218.600,710.596,85.633,254.581,0.766940,-1,-1,-1
739,4,1720.026,451.763,86.007,214.088,0.720376,-1,-1,-1
739,3,837.076,947.233,83.514,133.607,0.779716,-1,-1,-1
739,29,296.232,429.004,72.267,215.046,0.655632,-1,-1,-1
739,31,1572.541,591.898,104.927,233.829,0.599281,-1,-1,-1
739,32,1601.543,104.513,54.687,170.410,0.287683,-1,-1,-1
739,28,437.158,556.134,82.206,249.429,0.788095,-1,-1,-1
739,33,1136.370,736.437,82.379,260.284,0.779645,-1,-1,-1
739,35,1217.033,708.462,86.127,258.248,0.753749,-1,-1,-1
740,4,1719.817,453.063,85.706,213.008,0.735134,-1,-1,-1
740,3,837.098,947.153,83.915,133.700,0.775921,-1,-1,-1
740,29,296.266,430.824,73.227,217.169,0.692409,-1,-1,-1
740,31,1572.288,594.397,103.755,230.939,0.608347,-1,-1,-1
740,32,1601.878,104.084,54.885,170.795,0.261265,-1,-1,-1
740,28,440.220,556.071,81.198,250.292,0.767339,-1,-1,-1
740,33,1135.130,734.148,81.100,255.042,0.780716,-1,-1,-1
740,35,1215.220,707.017,86.410,261.608,0.753363,-1,-1,-1
741,4,1719.684,452.988,85.777,213.008,0.729135,-1,-1,-1
741,3,837.441,947.297,84.201,133.656,0.782028,-1,-1,-1
741,29,295.937,432.619,74.279,219.996,0.688862,-1,-1,-1
741,31,1572.619,594.533,103.535,230.872,0.625023,-1,-1,-1
741,32,1602.030,103.737,54.897,170.725,0.267370,-1,-1,-1
741,28,442.550,557.328,80.180,251.197,0.756770,-1,-1,-1
741,33,1132.766,731.661,79.802,250.413,0.765581,-1,-1,-1
741,35,1213.878,706.317,85.693,261.513,0.745183,-1,-1,-1
742,4,1719.570,453.385,85.798,213.250,0.705919,-1,-1,-1
742,3,837.995,947.363,84.500,133.628,0.776118,-1,-1,-1
742,29,295.778,434.889,74.181,220.103,0.695030,-1,-1,-1
742,31,1573.078,594.441,103.539,231.218,0.646081,-1,-1,-1
742,32,1602.181,103.889,54.476,169.232,0.267083,-1,-1,-1
742,28,445.170,557.400,79.299,252.096,0.769667,-1,-1,-1
742,33,1129.210,728.503,79.354,248.823,0.771064,-1,-1,-1
742,35,1210.206,705.901,85.781,261.679,0.756477,-1,-1,-1
743,4,1719.438,453.194,85.613,213.477,0.718329,-1,-1,-1
743,3,838.736,947.648,84.584,133.355,0.772151,-1,-1,-1
743,29,296.061,437.796,74.075,219.948,0.711761,-1,-1,-1
743,31,1572.521,592.983,104.066,232.491,0.590430,-1,-1,-1
743,32,1601.620,103.114,54.835,169.968,0.198118,-1,-1,-1
743,28,450.400,558.162,78.667,251.367,0.757435,-1,-1,-1
743,33,1125.858,724.667,79.498,249.081,0.767100,-1,-1,-1
743,35,1206.100,705.865,85.812,261.130,0.749280,-1,-1,-1
744,4,1719.784,454.097,85.388,213.273,0.728485,-1,-1,-1
744,3,839.646,948.392,84.365,132.616,0.775159,-1,-1,-1
744,29,296.504,440.788,73.756,219.395,0.704550,-1,-1,-1
744,31,1572.333,593.954,103.519,231.475,0.636654,-1,-1,-1
744,32,1601.924,102.500,54.232,167.667,0.162856,-1,-1,-1
744,28,455.782,559.973,78.397,248.792,0.751512,-1,-1,-1
744,33,1123.758,722.189,79.379,248.819,0.769749,-1,-1,-1
744,35,1202.281,705.439,85.719,260.652,0.738276,-1,-1,-1
745,4,1719.672,453.892,85.408,213.356,0.726073,-1,-1,-1
745,3,840.773,948.782,84.400,132.227,0.774129,-1,-1,-1
745,29,297.007,442.915,73.780,220.128,0.697815,-1,-1,-1
745,31,1572.816,593.911,103.474,231.657,0.640777,-1,-1,-1
745,28,460.647,561.349,78.699,245.870,0.788346,-1,-1,-1
745,33,1122.125,720.059,80.060,251.517,0.768744,-1,-1,-1
745,35,1200.065,705.694,85.141,258.450,0.742901,-1,-1,-1
746,4,1720.331,454.386,85.189,212.517,0.710367,-1,-1,-1
746,3,842.108,949.168,84.379,131.840,0.782227,-1,-1,-1
746,29,297.447,445.011,73.972,221.656,0.697418,-1,-1,-1
746,31,1574.076,596.155,102.397,229.500,0.667558,-1,-1,-1
746,28,464.301,562.482,80.062,244.721,0.804528,-1,-1,-1
746,33,1120.093,718.846,80.588,253.284,0.764671,-1,-1,-1
746,35,1197.136,703.958,85.485,259.012,0.750774,-1,-1,-1
747,4,1720.259,454.049,85.229,212.718,0.710934,-1,-1,-1
747,3,843.719,949.334,84.417,131.674,0.786126,-1,-1,-1
747,29,298.095,446.177,74.192,223.548,0.723223,-1,-1,-1
747,31,1572.770,593.371,103.752,232.332,0.597185,-1,-1,-1
747,28,466.158,563.058,82.044,245.453,0.819969,-1,-1,-1
747,33,1117.528,716.812,80.889,255.192,0.776152,-1,-1,-1
747,35,1192.254,701.927,86.734,262.409,0.757977,-1,-1,-1
748,4,1719.678,454.751,85.018,212.384,0.699640,-1,-1,-1
748,3,845.148,949.652,84.306,131.355,0.790142,-1,-1,-1
748,29,298.756,446.842,73.847,223.142,0.708461,-1,-1,-1
748,31,1569.666,596.171,103.568,231.172,0.521545,-1,-1,-1
748,28,467.352,564.363,84.032,245.462,0.821294,-1,-1,-1
748,33,1115.392,715.399,80.695,255.713,0.803861,-1,-1,-1
748,35,1189.043,699.708,85.987,259.994,0.809947,-1,-1,-1
749,4,1719.488,455.244,85.142,213.275,0.683823,-1,-1,-1
749,3,847.143,950.699,83.745,130.307,0.789040,-1,-1,-1
749,29,299.828,447.120,73.835,223.847,0.697993,-1,-1,-1
749,31,1570.933,591.549,104.936,234.498,0.585683,-1,-1,-1
749,28,468.499,565.627,86.257,246.193,0.809575,-1,-1,-1
749,33,1113.564,713.379,80.267,255.868,0.825815,-1,-1,-1
749,35,1187.017,697.643,83.764,252.091,0.810986,-1,-1,-1
750,4,1719.352,454.790,85.329,213.794,0.708310,-1,-1,-1
750,3,849.573,952.218,82.805,128.787,0.768971,-1,-1,-1
750,29,300.770,447.857,73.457,223.066,0.697885,-1,-1,-1
750,31,1572.130,592.503,104.155,233.116,0.622185,-1,-1,-1
750,28,468.954,566.141,88.404,247.093,0.815261,-1,-1,-1
750,33,1111.765,712.426,80.198,257.171,0.817245,-1,-1,-1
750,35,1184.115,694.700,84.925,255.467,0.788229,-1,-1,-1
751,4,1718.497,455.649,84.833,212.088,0.682962,-1,-1,-1
751,3,852.143,953.213,82.251,127.792,0.766247,-1,-1,-1
751,29,302.280,448.181,73.232,221.945,0.701522,-1,-1,-1
751,31,1572.635,593.052,103.835,232.330,0.617205,-1,-1,-1
751,28,469.109,566.725,90.017,246.828,0.810851,-1,-1,-1
751,33,1108.776,710.427,78.932,255.197,0.804974,-1,-1,-1
751,35,1182.383,690.376,82.599,248.060,0.799382,-1,-1,-1
752,4,1717.943,455.049,85.217,213.059,0.689795,-1,-1,-1
752,3,854.089,953.353,82.261,127.651,0.769246,-1,-1,-1
752,29,303.066,448.886,73.403,221.754,0.722415,-1,-1,-1
752,31,1570.428,595.299,103.521,231.467,0.534862,-1,-1,-1
752,28,470.985,566.989,91.123,246.355,0.785848,-1,-1,-1
752,33,1106.286,710.486,78.405,254.828,0.786644,-1,-1,-1
752,35,1180.594,686.399,81.318,244.045,0.770465,-1,-1,-1
753,4,1717.223,454.187,85.553,214.121,0.677137,-1,-1,-1
753,3,855.945,953.592,82.192,127.411,0.773015,-1,-1,-1
753,29,303.795,449.671,73.376,220.390,0.725458,-1,-1,-1
753,31,1571.761,593.421,103.912,232.173,0.576707,-1,-1,-1
753,28,472.972,567.309,91.865,246.092,0.755690,-1,-1,-1
753,33,1104.293,708.861,78.019,255.617,0.778544,-1,-1,-1
753,35,1176.332,681.680,82.689,248.279,0.747248,-1,-1,-1
754,4,1717.106,454.730,85.145,212.868,0.670597,-1,-1,-1
754,3,857.779,953.510,82.235,127.247,0.778282,-1,-1,-1
754,29,304.386,450.910,73.101,217.670,0.718945,-1,-1,-1
754,31,1571.281,592.702,104.255,232.899,0.505404,-1,-1,-1
754,28,475.962,567.473,91.909,246.214,0.726573,-1,-1,-1
754,33,1101.983,705.866,78.614,259.663,0.782211,-1,-1,-1
754,35,1173.537,677.894,83.513,250.953,0.750583,-1,-1,-1
755,4,1716.614,453.644,85.195,213.756,0.675548,-1,-1,-1
755,3,859.635,953.402,82.458,127.509,0.778942,-1,-1,-1
755,29,304.821,452.131,73.187,215.971,0.735187,-1,-1,-1
755,31,1571.977,591.958,104.515,233.906,0.594927,-1,-1,-1
755,28,478.471,568.403,91.251,246.504,0.721567,-1,-1,-1
755,33,1099.959,703.273,78.101,259.661,0.765190,-1,-1,-1
755,35,1170.355,674.241,84.731,255.398,0.757292,-1,-1,-1
756,4,1716.429,454.414,85.063,214.217,0.672972,-1,-1,-1
756,3,860.949,953.258,82.755,127.561,0.779702,-1,-1,-1
756,29,305.550,453.606,73.701,215.005,0.734116,-1,-1,-1
756,31,1571.523,590.883,104.834,234.975,0.573212,-1,-1,-1
756,28,482.958,568.528,89.928,247.241,0.698784,-1,-1,-1
756,33,1099.295,699.305,75.806,252.660,0.761196,-1,-1,-1
756,35,1168.240,672.608,85.305,257.931,0.770204,-1,-1,-1
757,4,1716.745,454.409,84.415,213.646,0.681059,-1,-1,-1
757,3,862.355,954.162,82.640,126.772,0.781317,-1,-1,-1
757,29,305.232,455.801,74.874,216.543,0.744376,-1,-1,-1
757,31,1571.619,594.303,103.719,232.350,0.459362,-1,-1,-1
757,28,489.863,568.287,87.639,246.047,0.709902,-1,-1,-1
757,33,1098.313,695.496,74.664,248.559,0.760404,-1,-1,-1
757,35,1167.195,671.585,85.307,258.809,0.771938,-1,-1,-1
758,4,1716.892,454.037,83.816,213.318,0.709074,-1,-1,-1
758,3,863.621,954.510,82.843,126.468,0.772374,-1,-1,-1
758,29,304.402,458.717,76.145,218.814,0.748336,-1,-1,-1
758,31,1571.502,592.315,104.425,233.334,0.438068,-1,-1,-1
758,28,495.079,567.056,86.423,247.526,0.717835,-1,-1,-1
758,33,1097.845,692.018,72.782,240.315,0.766651,-1,-1,-1
758,35,1166.174,671.400,85.348,258.940,0.770047,-1,-1,-1
759,4,1717.017,453.881,83.264,213.228,0.691194,-1,-1,-1
759,3,865.736,955.375,82.817,125.620,0.755589,-1,-1,-1
759,29,303.666,460.129,77.538,221.940,0.749989,-1,-1,-1
759,31,1571.797,594.113,103.748,231.097,0.546874,-1,-1,-1
759,28,499.993,566.543,85.094,248.783,0.715264,-1,-1,-1
759,33,1096.113,689.127,73.054,240.166,0.750038,-1,-1,-1
759,35,1164.487,671.171,85.976,259.779,0.758511,-1,-1,-1
760,4,1717.121,453.930,82.653,212.953,0.699273,-1,-1,-1
760,3,867.856,955.703,83.278,125.298,0.756182,-1,-1,-1
760,29,303.386,462.940,78.322,223.488,0.734018,-1,-1,-1
760,31,1572.470,594.828,103.455,230.252,0.633443,-1,-1,-1
760,28,505.084,566.204,83.870,249.510,0.724552,-1,-1,-1
760,33,1093.972,687.489,74.115,242.842,0.746335,-1,-1,-1
760,35,1162.906,670.134,86.247,259.597,0.764618,-1,-1,-1
761,4,1716.360,454.096,82.075,212.132,0.714837,-1,-1,-1
761,3,869.592,955.778,83.955,125.225,0.772708,-1,-1,-1
761,29,303.217,465.438,78.472,223.180,0.713608,-1,-1,-1
761,31,1572.178,595.476,103.343,229.549,0.608718,-1,-1,-1
761,28,509.900,566.396,82.520,248.879,0.748731,-1,-1,-1
761,33,1091.715,686.115,74.500,243.412,0.741879,-1,-1,-1
761,35,1160.459,668.866,86.977,260.944,0.765254,-1,-1,-1
762,4,1716.803,454.665,81.327,210.878,0.703998,-1,-1,-1
762,3,870.647,956.203,84.199,124.801,0.777179,-1,-1,-1
762,29,303.055,467.816,78.562,223.044,0.727336,-1,-1,-1
762,31,1572.293,595.278,103.700,230.228,0.625883,-1,-1,-1
762,28,514.546,567.850,81.299,247.349,0.771150,-1,-1,-1
762,33,1089.429,684.205,74.956,244.918,0.744482,-1,-1,-1
762,35,1158.160,667.820,87.459,261.870,0.752675,-1,-1,-1
763,4,1717.750,455.466,81.294,211.530,0.711206,-1,-1,-1
763,3,871.230,956.660,84.416,124.343,0.777720,-1,-1,-1
763,29,302.138,469.694,78.795,224.042,0.741797,-1,-1,-1
763,31,1571.868,595.367,103.743,230.171,0.603153,-1,-1,-1
763,28,518.212,568.618,80.428,246.258,0.763790,-1,-1,-1
763,33,1085.532,683.208,75.915,246.643,0.747086,-1,-1,-1
763,35,1155.641,665.693,87.064,261.040,0.750105,-1,-1,-1
764,4,1718.092,455.011,81.214,211.931,0.721316,-1,-1,-1
764,3,871.670,957.268,84.478,123.734,0.773003,-1,-1,-1
764,29,300.257,470.321,79.464,226.644,0.741220,-1,-1,-1
764,31,1571.682,594.426,104.114,231.053,0.536379,-1,-1,-1
764,28,520.971,569.238,79.908,245.503,0.756331,-1,-1,-1
764,33,1082.768,681.012,77.126,250.784,0.745939,-1,-1,-1
764,35,1153.108,662.009,87.221,261.662,0.756538,-1,-1,-1
765,4,1718.212,454.462,81.258,213.022,0.713231,-1,-1,-1
765,3,871.836,957.903,84.441,123.099,0.769315,-1,-1,-1
765,29,298.790,470.949,79.817,228.916,0.712337,-1,-1,-1
765,31,1571.927,594.018,104.185,231.196,0.551088,-1,-1,-1
765,28,524.178,569.476,80.419,245.694,0.747994,-1,-1,-1
765,33,1080.029,679.186,77.749,253.154,0.733517,-1,-1,-1
765,35,1150.974,660.823,86.624,259.852,0.742368,-1,-1,-1
766,4,1718.463,455.846,80.160,210.751,0.740710,-1,-1,-1
766,3,872.105,958.003,84.649,122.999,0.758075,-1,-1,-1
766,29,296.931,471.684,79.268,228.870,0.635661,-1,-1,-1
766,31,1571.435,592.689,104.809,232.769,0.602664,-1,-1,-1
766,28,528.598,570.384,81.507,245.527,0.748479,-1,-1,-1
766,33,1077.837,678.261,78.539,255.080,0.721417,-1,-1,-1
766,35,1148.918,658.135,86.217,257.560,0.722574,-1,-1,-1
767,4,1718.466,456.238,80.079,211.212,0.727785,-1,-1,-1
767,3,872.030,958.371,84.757,122.631,0.759182,-1,-1,-1
767,29,295.533,472.866,78.551,228.015,0.596725,-1,-1,-1
767,31,1575.863,597.018,102.164,229.790,0.503888,-1,-1,-1
767,28,529.681,570.705,82.514,246.364,0.756316,-1,-1,-1
767,33,1075.932,676.496,78.825,255.513,0.735875,-1,-1,-1
767,35,1146.815,654.915,85.159,253.964,0.716297,-1,-1,-1
768,4,1718.962,454.717,80.235,212.779,0.712461,-1,-1,-1
768,3,872.213,958.519,84.977,122.483,0.770353,-1,-1,-1
768,29,294.294,473.821,77.857,226.991,0.600577,-1,-1,-1
768,31,1573.338,593.319,103.481,232.652,0.546665,-1,-1,-1
768,28,529.887,570.877,83.386,246.853,0.761890,-1,-1,-1
768,33,1074.816,674.711,78.924,255.736,0.741592,-1,-1,-1
768,35,1144.528,651.832,83.739,249.059,0.749300,-1,-1,-1
769,4,1719.444,455.022,79.322,211.157,0.725983,-1,-1,-1
769,3,872.482,959.139,85.028,121.863,0.775459,-1,-1,-1
769,29,293.924,474.326,77.582,226.771,0.654419,-1,-1,-1
769,31,1571.942,594.928,102.302,232.247,0.388571,-1,-1,-1
769,28,530.440,572.524,83.659,245.060,0.759311,-1,-1,-1
769,33,1072.157,671.966,78.693,254.407,0.782322,-1,-1,-1
769,35,1142.302,649.057,82.334,244.977,0.791502,-1,-1,-1
770,4,1720.186,455.864,78.618,209.987,0.726492,-1,-1,-1
770,3,872.786,958.668,85.792,122.333,0.787676,-1,-1,-1
770,29,293.989,475.185,76.968,225.307,0.636022,-1,-1,-1
770,31,1574.713,595.903,101.131,231.362,0.425726,-1,-1,-1
770,28,530.732,572.894,84.461,244.781,0.769372,-1,-1,-1
770,33,1068.910,670.341,78.146,251.725,0.797830,-1,-1,-1
770,35,1140.448,647.077,81.047,241.550,0.817308,-1,-1,-1
771,4,1720.975,454.403,79.079,212.526,0.725693,-1,-1,-1
771,3,873.024,958.742,86.168,122.259,0.791025,-1,-1,-1
771,29,293.013,475.518,76.552,224.574,0.669398,-1,-1,-1
771,31,1570.311,599.427,100.818,228.530,0.434170,-1,-1,-1
771,28,530.918,573.194,84.954,244.074,0.760524,-1,-1,-1
771,33,1067.060,668.185,76.578,244.704,0.804604,-1,-1,-1
771,35,1138.278,645.298,80.947,241.908,0.806778,-1,-1,-1
772,4,1721.713,454.355,78.596,212.236,0.725309,-1,-1,-1
772,3,873.601,958.990,86.524,122.011,0.793596,-1,-1,-1
772,29,292.701,476.651,75.982,223.388,0.666492,-1,-1,-1
772,31,1570.480,591.560,103.708,234.682,0.540183,-1,-1,-1
772,28,531.922,572.660,85.309,243.524,0.748913,-1,-1,-1
772,33,1065.551,665.708,76.348,241.802,0.800003,-1,-1,-1
772,35,1136.219,643.055,81.575,244.599,0.785278,-1,-1,-1
773,4,1721.363,453.288,78.058,212.008,0.731928,-1,-1,-1
773,3,873.783,959.069,86.858,121.932,0.803140,-1,-1,-1
773,29,292.766,477.523,75.718,222.746,0.681040,-1,-1,-1
773,31,1572.121,598.360,101.011,228.625,0.487959,-1,-1,-1
773,28,534.946,571.652,85.440,243.599,0.727903,-1,-1,-1
773,33,1063.357,662.505,75.744,239.092,0.811251,-1,-1,-1
773,35,1134.447,641.662,81.555,245.599,0.765676,-1,-1,-1
774,4,1721.982,453.101,77.518,212.003,0.718634,-1,-1,-1
774,3,874.009,959.012,87.316,121.989,0.798528,-1,-1,-1
774,29,292.850,478.614,75.710,222.127,0.717385,-1,-1,-1
774,31,1572.913,600.202,100.293,227.205,0.510115,-1,-1,-1
774,28,537.339,570.970,85.304,244.076,0.720929,-1,-1,-1
774,33,1060.712,661.170,75.239,237.539,0.775822,-1,-1,-1
774,35,1132.825,640.561,81.579,245.945,0.760814,-1,-1,-1
775,4,1722.428,453.813,76.534,210.427,0.729999,-1,-1,-1
775,3,874.115,958.929,87.757,122.071,0.804993,-1,-1,-1
775,29,292.281,479.640,75.864,222.205,0.741214,-1,-1,-1
775,31,1570.212,598.459,101.458,229.202,0.484647,-1,-1,-1
775,28,540.849,571.124,84.606,243.745,0.700231,-1,-1,-1
775,33,1057.598,659.131,75.270,237.968,0.755045,-1,-1,-1
775,35,1129.271,639.646,82.819,249.007,0.775336,-1,-1,-1
776,4,1722.344,453.518,76.268,210.854,0.737774,-1,-1,-1
776,3,874.152,959.600,87.638,121.401,0.791758,-1,-1,-1
776,29,291.469,480.918,76.110,222.686,0.749466,-1,-1,-1
776,31,1570.807,598.889,101.276,228.646,0.549573,-1,-1,-1
776,28,544.531,571.962,83.328,242.956,0.692986,-1,-1,-1
776,33,1054.541,655.917,75.542,239.858,0.763178,-1,-1,-1
776,35,1127.678,637.960,83.435,251.676,0.778602,-1,-1,-1
777,4,1722.881,453.366,75.698,210.378,0.736169,-1,-1,-1
777,3,874.762,960.226,87.490,120.774,0.787141,-1,-1,-1
777,29,290.441,481.980,76.965,225.343,0.767843,-1,-1,-1
777,31,1570.875,596.967,101.964,229.924,0.493037,-1,-1,-1
777,28,548.016,572.445,82.434,243.879,0.709577,-1,-1,-1
777,33,1051.858,653.122,76.493,243.618,0.751249,-1,-1,-1
777,35,1125.496,636.457,83.747,253.562,0.713210,-1,-1,-1
778,4,1723.034,453.462,75.383,210.363,0.748828,-1,-1,-1
778,3,875.042,960.263,87.769,120.738,0.788522,-1,-1,-1
778,29,290.318,484.486,76.766,225.053,0.758224,-1,-1,-1
778,31,1571.160,593.651,103.141,232.196,0.597251,-1,-1,-1
778,28,552.771,572.764,81.054,244.896,0.716725,-1,-1,-1
778,33,1050.089,650.729,77.039,246.480,0.758232,-1,-1,-1
778,35,1124.683,634.839,83.307,253.446,0.731036,-1,-1,-1
779,4,1722.698,453.217,75.350,210.869,0.745035,-1,-1,-1
779,3,875.341,960.214,88.038,120.787,0.790150,-1,-1,-1
779,29,289.795,487.325,76.462,224.566,0.757495,-1,-1,-1
779,31,1571.751,590.409,104.228,234.954,0.600008,-1,-1,-1
779,28,557.491,572.975,80.398,248.209,0.719905,-1,-1,-1
779,33,1048.186,647.916,77.587,249.613,0.755586,-1,-1,-1
779,35,1120.749,633.013,83.661,254.209,0.726201,-1,-1,-1
780,4,1722.941,453.145,75.294,211.377,0.745033,-1,-1,-1
780,3,875.248,960.353,88.151,120.647,0.782543,-1,-1,-1
780,29,289.593,490.150,76.388,224.979,0.753211,-1,-1,-1
780,31,1571.439,589.192,104.584,235.764,0.614181,-1,-1,-1
780,28,561.648,573.529,78.483,247.307,0.702962,-1,-1,-1
780,33,1046.741,646.612,77.640,250.857,0.753136,-1,-1,-1
780,35,1118.251,630.653,84.028,255.504,0.742440,-1,-1,-1
781,4,1723.235,452.693,74.987,211.374,0.739023,-1,-1,-1
781,3,875.299,960.148,88.366,120.852,0.780405,-1,-1,-1
781,29,289.197,491.991,76.570,226.267,0.763994,-1,-1,-1
781,31,1572.418,590.947,103.607,233.677,0.660209,-1,-1,-1
781,28,564.190,572.277,78.391,252.143,0.685513,-1,-1,-1
781,33,1046.043,648.294,76.178,245.380,0.749779,-1,-1,-1
781,35,1114.770,628.315,84.044,255.518,0.763438,-1,-1,-1
782,4,1723.067,452.328,74.775,211.160,0.738742,-1,-1,-1
782,3,875.352,959.798,88.550,121.203,0.772353,-1,-1,-1
782,29,288.998,493.544,77.278,229.543,0.771896,-1,-1,-1
782,31,1571.992,592.372,103.158,232.405,0.585203,-1,-1,-1
782,28,565.761,573.020,78.328,256.033,0.634542,-1,-1,-1
782,33,1044.134,646.493,76.546,247.509,0.743191,-1,-1,-1
782,35,1112.416,625.972,82.027,249.076,0.775564,-1,-1,-1
783,4,1723.594,452.930,74.700,210.968,0.719214,-1,-1,-1
783,3,875.582,959.374,88.656,121.627,0.767655,-1,-1,-1
783,29,288.817,494.789,77.895,232.830,0.775153,-1,-1,-1
783,31,1572.824,593.563,102.753,231.288,0.650644,-1,-1,-1
783,28,568.274,573.571,77.948,258.427,0.638736,-1,-1,-1
783,33,1043.046,645.548,76.436,248.194,0.738011,-1,-1,-1
783,35,1110.903,623.383,80.340,243.989,0.756590,-1,-1,-1
784,4,1723.390,452.923,74.965,211.959,0.711167,-1,-1,-1
784,3,875.802,959.216,88.443,121.784,0.752310,-1,-1,-1
784,29,288.924,495.824,77.926,234.126,0.764708,-1,-1,-1
784,31,1573.733,596.850,101.370,228.118,0.696427,-1,-1,-1
784,28,572.419,573.999,74.567,249.351,0.558196,-1,-1,-1
784,33,1041.901,644.378,75.301,246.098,0.743884,-1,-1,-1
784,35,1108.502,620.244,79.025,239.603,0.769377,-1,-1,-1
785,4,1723.513,453.005,74.857,211.659,0.724716,-1,-1,-1
785,3,876.080,958.073,88.655,122.928,0.762978,-1,-1,-1
785,29,289.377,496.790,77.537,234.095,0.766463,-1,-1,-1
785,31,1573.108,595.346,102.076,229.750,0.627328,-1,-1,-1
785,28,576.708,574.419,72.515,245.315,0.579376,-1,-1,-1
785,33,1040.865,643.034,74.901,246.054,0.748362,-1,-1,-1
785,35,1106.125,617.193,78.991,239.305,0.750260,-1,-1,-1
786,4,1723.221,452.448,74.712,211.789,0.727316,-1,-1,-1
786,3,876.192,957.472,88.351,123.529,0.756667,-1,-1,-1
786,29,289.718,497.905,77.041,233.298,0.766361,-1,-1,-1
786,31,1572.363,595.090,102.247,230.207,0.648506,-1,-1,-1
786,28,580.915,576.100,70.863,241.393,0.583514,-1,-1,-1
786,33,1039.628,640.957,74.259,245.069,0.731544,-1,-1,-1
786,35,1103.173,615.894,78.424,238.257,0.750854,-1,-1,-1
787,4,1723.794,453.251,74.545,211.307,0.724061,-1,-1,-1
787,3,876.483,956.815,87.931,124.185,0.769203,-1,-1,-1
787,29,290.497,498.969,76.550,231.837,0.749141,-1,-1,-1
787,31,1572.755,595.883,102.009,229.425,0.659242,-1,-1,-1
787,28,586.705,578.067,70.644,238.616,0.593548,-1,-1,-1
787,33,1037.733,637.967,73.755,244.356,0.742386,-1,-1,-1
787,35,1100.979,613.090,79.072,241.875,0.782883,-1,-1,-1
788,4,1723.714,453.532,74.557,211.604,0.707974,-1,-1,-1
788,3,876.308,956.393,87.443,124.607,0.772878,-1,-1,-1
788,29,290.731,500.140,76.221,230.257,0.740284,-1,-1,-1
788,31,1573.936,595.517,102.047,229.639,0.677162,-1,-1,-1
788,28,590.151,579.776,70.875,238.021,0.539819,-1,-1,-1
788,33,1036.059,635.195,72.359,239.855,0.737719,-1,-1,-1
788,35,1098.753,611.503,79.471,244.607,0.764617,-1,-1,-1
789,4,1723.978,453.815,74.804,212.742,0.722203,-1,-1,-1
789,3,876.385,956.489,86.655,124.511,0.768510,-1,-1,-1
789,29,290.729,501.588,75.969,228.363,0.745728,-1,-1,-1
789,31,1572.807,595.454,102.332,229.950,0.665231,-1,-1,-1
789,28,593.037,581.600,70.978,236.401,0.591562,-1,-1,-1
789,33,1034.111,632.238,71.484,235.850,0.726689,-1,-1,-1
789,35,1095.891,609.784,80.438,248.650,0.791446,-1,-1,-1
790,4,1723.571,453.331,74.452,212.517,0.727929,-1,-1,-1
790,3,876.240,955.180,86.823,125.821,0.773579,-1,-1,-1
790,29,291.180,502.728,75.454,225.608,0.744198,-1,-1,-1
790,31,1572.608,595.136,102.397,229.929,0.671240,-1,-1,-1
790,28,595.176,583.090,71.134,235.477,0.595413,-1,-1,-1
790,33,1033.740,630.241,68.904,225.084,0.717901,-1,-1,-1
790,35,1094.436,608.297,80.845,250.696,0.780932,-1,-1,-1
791,4,1723.498,453.776,74.555,212.909,0.732649,-1,-1,-1
791,3,876.765,954.860,86.087,126.140,0.757141,-1,-1,-1
791,29,290.995,503.542,75.630,225.062,0.739762,-1,-1,-1
791,31,1571.763,594.602,102.719,230.659,0.702491,-1,-1,-1
791,28,597.952,584.204,71.195,234.049,0.606966,-1,-1,-1
791,33,1032.153,627.849,69.379,224.919,0.730055,-1,-1,-1
791,35,1093.218,607.476,81.499,252.737,0.768473,-1,-1,-1
792,4,1723.266,453.591,74.388,212.594,0.748374,-1,-1,-1
792,3,877.110,954.336,85.255,126.664,0.758005,-1,-1,-1
792,29,290.700,504.601,75.801,224.537,0.743877,-1,-1,-1
792,31,1570.604,592.081,103.839,233.216,0.677292,-1,-1,-1
792,28,599.693,585.105,71.415,233.081,0.591161,-1,-1,-1
792,33,1029.460,625.120,71.573,231.437,0.743989,-1,-1,-1
792,35,1092.532,607.077,82.274,254.867,0.766332,-1,-1,-1
793,4,1723.339,453.475,74.106,212.208,0.736895,-1,-1,-1
793,3,877.218,953.590,84.553,127.410,0.758668,-1,-1,-1
793,29,290.574,507.126,76.320,225.331,0.720907,-1,-1,-1
793,31,1570.729,592.707,103.480,232.322,0.700551,-1,-1,-1
793,28,602.047,586.324,70.827,229.895,0.596873,-1,-1,-1
793,33,1026.681,621.837,73.578,237.783,0.759378,-1,-1,-1
793,35,1091.747,606.435,82.636,255.713,0.780433,-1,-1,-1
794,4,1723.547,453.603,74.305,212.575,0.755314,-1,-1,-1
794,3,876.488,952.232,83.923,128.768,0.750826,-1,-1,-1
794,29,290.256,509.871,77.280,227.739,0.703738,-1,-1,-1
794,31,1570.483,591.285,104.011,233.681,0.683843,-1,-1,-1
794,28,603.155,586.106,72.534,235.683,0.528970,-1,-1,-1
794,33,1024.901,619.695,74.838,241.706,0.760110,-1,-1,-1
794,35,1091.104,606.544,82.943,255.589,0.744722,-1,-1,-1
795,4,1723.220,453.693,73.923,211.478,0.757398,-1,-1,-1
795,3,876.018,950.968,83.010,130.032,0.732549,-1,-1,-1
795,29,289.353,511.945,78.168,230.739,0.713988,-1,-1,-1
795,31,1570.283,590.754,104.418,234.551,0.685274,-1,-1,-1
795,28,602.865,585.348,77.020,252.728,0.469840,-1,-1,-1
795,33,1022.552,617.232,75.692,244.258,0.783115,-1,-1,-1
795,35,1089.645,605.213,83.533,256.252,0.767665,-1,-1,-1
796,4,1723.645,453.231,73.928,211.744,0.757822,-1,-1,-1
796,3,875.693,950.294,81.724,130.706,0.751417,-1,-1,-1
796,29,288.738,514.184,78.857,233.243,0.740221,-1,-1,-1
796,31,1570.462,589.550,104.937,236.174,0.623031,-1,-1,-1
796,28,603.281,585.853,81.573,271.897,0.486114,-1,-1,-1
796,33,1020.078,616.514,75.851,245.048,0.802135,-1,-1,-1
796,35,1087.855,603.832,83.251,254.952,0.789761,-1,-1,-1
797,4,1723.810,452.621,74.279,213.247,0.745019,-1,-1,-1
797,3,875.408,949.256,80.724,131.744,0.746112,-1,-1,-1
797,29,288.104,516.417,78.634,233.322,0.735232,-1,-1,-1
797,31,1569.595,591.256,104.599,236.029,0.597963,-1,-1,-1
797,28,605.039,585.796,82.225,278.569,0.450813,-1,-1,-1
797,33,1017.707,615.533,76.210,246.834,0.812784,-1,-1,-1
797,35,1086.111,601.718,83.305,255.430,0.801761,-1,-1,-1
798,4,1723.822,452.759,74.011,212.794,0.749327,-1,-1,-1
798,3,875.067,947.881,79.818,133.119,0.729502,-1,-1,-1
798,29,287.255,517.559,79.101,235.505,0.757025,-1,-1,-1
798,31,1571.288,591.557,103.921,234.812,0.681276,-1,-1,-1
798,28,607.125,586.552,80.123,275.678,0.442466,-1,-1,-1
798,33,1016.394,614.623,76.154,247.127,0.807935,-1,-1,-1
798,35,1084.526,599.716,83.154,254.965,0.804154,-1,-1,-1
799,4,1724.066,452.880,73.637,212.365,0.743148,-1,-1,-1
799,3,874.907,946.575,78.810,134.425,0.711184,-1,-1,-1
799,29,286.767,520.136,78.565,234.417,0.768355,-1,-1,-1
799,31,1570.699,587.899,105.081,237.978,0.609919,-1,-1,-1
799,28,607.297,587.430,80.180,280.762,0.158014,-1,-1,-1
799,33,1014.357,616.051,75.504,245.841,0.776233,-1,-1,-1
799,35,1083.145,596.323,82.547,253.191,0.776225,-1,-1,-1
800,4,1723.961,453.067,73.300,211.573,0.738988,-1,-1,-1
800,3,875.147,945.417,77.731,135.583,0.697125,-1,-1,-1
800,29,285.396,522.944,78.939,236.223,0.776489,-1,-1,-1
800,31,1571.104,588.445,104.754,237.615,0.616541,-1,-1,-1
800,33,1012.598,615.929,75.179,245.076,0.783664,-1,-1,-1
800,35,1083.516,592.681,80.280,245.148,0.734912,-1,-1,-1
801,4,1723.522,453.392,73.442,212.133,0.733895,-1,-1,-1
801,3,875.004,944.060,76.894,136.940,0.664920,-1,-1,-1
801,29,283.991,524.205,78.920,236.706,0.803452,-1,-1,-1
801,31,1570.972,593.632,103.380,234.658,0.583474,-1,-1,-1
801,33,1010.032,614.279,74.970,244.343,0.772440,-1,-1,-1
801,35,1081.872,589.490,78.529,238.268,0.759153,-1,-1,-1
802,4,1723.528,453.008,73.280,211.762,0.744300,-1,-1,-1
802,3,875.092,942.878,75.850,138.122,0.645558,-1,-1,-1
802,29,282.770,525.464,78.371,235.633,0.803730,-1,-1,-1
802,31,1569.881,595.246,103.189,233.990,0.578199,-1,-1,-1
802,33,1008.737,612.732,74.975,245.232,0.764589,-1,-1,-1
802,35,1079.903,586.272,77.155,233.091,0.748510,-1,-1,-1
803,4,1723.401,453.550,73.297,211.958,0.740588,-1,-1,-1
803,3,874.955,943.142,74.167,137.858,0.670113,-1,-1,-1
803,29,282.043,526.472,78.053,234.984,0.799857,-1,-1,-1
803,31,1569.797,597.332,102.336,231.469,0.504002,-1,-1,-1
803,33,1006.974,610.262,75.278,246.637,0.758515,-1,-1,-1
803,35,1077.804,583.724,77.405,234.266,0.759705,-1,-1,-1
804,4,1723.262,453.551,73.347,212.196,0.746630,-1,-1,-1
804,3,874.956,942.328,73.249,138.672,0.673780,-1,-1,-1
804,29,281.038,527.787,77.351,233.440,0.795642,-1,-1,-1
804,31,1569.339,597.247,102.583,231.431,0.580329,-1,-1,-1
804,33,1004.897,607.257,74.971,245.846,0.736657,-1,-1,-1
804,35,1075.969,580.764,77.842,236.801,0.757426,-1,-1,-1
805,4,1722.926,453.991,73.484,212.337,0.735973,-1,-1,-1
805,3,875.179,940.723,72.788,140.277,0.663606,-1,-1,-1
805,29,279.914,528.578,77.083,232.697,0.801829,-1,-1,-1
805,31,1569.181,596.266,103.122,232.183,0.602649,-1,-1,-1
805,33,1002.878,603.873,73.613,241.697,0.756921,-1,-1,-1
805,35,1074.278,578.426,78.562,240.758,0.771140,-1,-1,-1
806,4,1722.932,453.728,73.557,212.354,0.746665,-1,-1,-1
806,3,875.425,939.553,72.190,141.447,0.666038,-1,-1,-1
806,29,278.990,529.429,76.864,231.814,0.802684,-1,-1,-1
806,31,1570.045,596.711,103.024,232.156,0.605753,-1,-1,-1
806,33,1000.839,600.967,72.712,238.939,0.766275,-1,-1,-1
806,35,1073.393,576.137,78.839,244.029,0.775564,-1,-1,-1
807,4,1723.308,454.743,73.863,212.784,0.726073,-1,-1,-1
807,3,875.463,938.523,71.487,142.477,0.636246,-1,-1,-1
807,29,278.630,530.280,76.556,230.520,0.791837,-1,-1,-1
807,31,1570.557,598.501,102.250,230.329,0.604803,-1,-1,-1
807,33,999.007,598.425,71.834,235.964,0.766700,-1,-1,-1
807,35,1072.597,574.824,78.490,244.982,0.775754,-1,-1,-1
808,4,1723.554,454.911,73.912,212.530,0.725214,-1,-1,-1
808,3,875.554,937.606,70.774,143.394,0.637065,-1,-1,-1
808,29,278.249,531.306,76.244,229.365,0.794572,-1,-1,-1
808,31,1571.660,595.248,102.978,231.693,0.652225,-1,-1,-1
808,33,998.030,596.288,70.731,232.522,0.769182,-1,-1,-1
808,35,1071.169,573.946,78.147,245.052,0.773458,-1,-1,-1
809,4,1723.568,456.113,73.458,210.724,0.729718,-1,-1,-1
809,3,876.151,937.614,69.600,143.196,0.637032,-1,-1,-1
809,29,277.687,532.612,76.148,228.627,0.800791,-1,-1,-1
809,31,1571.766,595.917,102.458,230.140,0.682485,-1,-1,-1
809,33,996.183,594.522,70.736,233.523,0.769657,-1,-1,-1
809,35,1069.492,573.578,78.167,245.750,0.782731,-1,-1,-1
810,4,1723.204,454.280,74.052,212.712,0.734012,-1,-1,-1
810,3,876.503,937.075,68.663,143.052,0.651038,-1,-1,-1
810,29,277.093,534.128,76.288,228.764,0.791453,-1,-1,-1
810,31,1571.958,596.761,102.260,229.224,0.689255,-1,-1,-1
810,33,994.726,593.185,71.146,235.616,0.762713,-1,-1,-1
810,35,1067.615,573.544,77.820,244.725,0.768971,-1,-1,-1
811,4,1723.181,453.634,73.798,212.188,0.731324,-1,-1,-1
811,3,876.953,936.534,68.299,143.382,0.663699,-1,-1,-1
811,29,276.536,536.039,76.969,230.558,0.799071,-1,-1,-1
811,31,1572.778,598.978,101.270,226.497,0.699876,-1,-1,-1
811,33,992.399,592.449,71.117,236.362,0.765429,-1,-1,-1
811,35,1066.230,572.418,77.989,245.531,0.771770,-1,-1,-1
812,4,1723.627,453.118,73.944,213.028,0.727990,-1,-1,-1
812,3,876.975,936.318,67.877,143.595,0.673783,-1,-1,-1
812,29,275.893,537.699,77.632,232.603,0.798738,-1,-1,-1
812,31,1572.369,596.423,102.204,228.787,0.666028,-1,-1,-1
812,33,990.661,591.505,71.156,238.026,0.756557,-1,-1,-1
812,35,1064.093,571.597,77.713,245.326,0.759800,-1,-1,-1
813,4,1723.728,453.026,73.845,213.110,0.734652,-1,-1,-1
813,3,876.928,936.362,67.499,143.554,0.673317,-1,-1,-1
813,29,274.663,539.180,78.698,236.116,0.792273,-1,-1,-1
813,31,1572.639,597.807,101.875,227.496,0.666085,-1,-1,-1
813,33,988.450,591.121,71.089,238.932,0.770147,-1,-1,-1
813,35,1062.478,570.251,77.757,246.873,0.750760,-1,-1,-1
814,4,1724.139,453.427,73.530,212.483,0.723141,-1,-1,-1
814,3,876.670,936.179,67.157,143.563,0.651087,-1,-1,-1
814,29,274.040,540.925,78.576,235.581,0.784977,-1,-1,-1
814,31,1572.739,598.211,101.971,227.446,0.681455,-1,-1,-1
814,33,986.466,590.368,70.204,236.889,0.769009,-1,-1,-1
814,35,1061.562,568.342,76.499,243.668,0.725331,-1,-1,-1
815,4,1724.352,453.752,73.175,211.660,0.736005,-1,-1,-1
815,3,876.634,935.883,67.079,144.132,0.660367,-1,-1,-1
815,29,273.455,543.023,78.551,235.450,0.799603,-1,-1,-1
815,31,1573.082,597.447,102.361,227.953,0.678873,-1,-1,-1
815,33,985.591,590.219,68.955,233.155,0.766837,-1,-1,-1
815,35,1061.047,566.512,73.812,235.709,0.749674,-1,-1,-1
816,4,1724.407,453.299,73.304,212.646,0.730579,-1,-1,-1
816,3,876.091,935.281,67.089,144.818,0.688103,-1,-1,-1
816,29,272.558,545.868,79.278,237.548,0.806446,-1,-1,-1
816,31,1573.196,597.581,102.373,227.916,0.685956,-1,-1,-1
816,33,984.640,589.417,67.605,227.975,0.757791,-1,-1,-1
816,35,1060.022,565.124,72.051,230.852,0.778360,-1,-1,-1
817,4,1724.721,455.179,72.558,210.223,0.735505,-1,-1,-1
817,3,875.410,935.011,66.765,144.901,0.694677,-1,-1,-1
817,29,272.390,548.790,79.067,236.450,0.811719,-1,-1,-1
817,31,1572.856,598.209,102.267,227.243,0.683219,-1,-1,-1
817,33,983.267,587.843,66.462,223.430,0.763680,-1,-1,-1
817,35,1057.740,562.393,71.235,229.624,0.802361,-1,-1,-1
818,4,1723.791,453.758,73.355,212.751,0.729117,-1,-1,-1
818,3,874.559,934.629,66.827,145.542,0.719109,-1,-1,-1
818,29,272.397,551.175,79.713,238.452,0.809544,-1,-1,-1
818,31,1571.349,595.567,103.688,230.312,0.682279,-1,-1,-1
818,33,982.622,586.611,65.177,218.296,0.778667,-1,-1,-1
818,35,1055.401,559.796,70.978,229.837,0.799244,-1,-1,-1
819,4,1724.313,454.435,73.289,212.484,0.725387,-1,-1,-1
819,3,874.216,935.146,66.664,145.191,0.720375,-1,-1,-1
819,29,272.559,552.734,79.767,238.924,0.790700,-1,-1,-1
819,31,1571.700,597.337,102.903,228.523,0.709695,-1,-1,-1
819,33,980.770,584.997,64.644,216.564,0.819620,-1,-1,-1
819,35,1052.378,556.038,72.019,233.342,0.817734,-1,-1,-1
820,4,1724.393,456.133,72.708,210.333,0.724703,-1,-1,-1
820,3,873.420,935.644,66.463,145.130,0.712098,-1,-1,-1
820,29,272.958,553.598,79.780,239.566,0.801232,-1,-1,-1
820,31,1571.972,597.195,102.924,228.375,0.705870,-1,-1,-1
820,33,978.566,581.589,65.072,217.898,0.833619,-1,-1,-1
820,35,1049.057,554.228,72.817,235.003,0.818497,-1,-1,-1
820,37,438.308,260.763,60.302,184.365,0.661076,-1,-1,-1
821,4,1724.184,454.376,73.189,212.092,0.716156,-1,-1,-1
821,3,873.278,935.629,66.400,145.310,0.721771,-1,-1,-1
821,29,273.299,554.138,79.443,238.815,0.783149,-1,-1,-1
821,31,1571.944,597.852,102.741,227.807,0.698066,-1,-1,-1
821,33,976.580,578.327,65.611,219.477,0.835006,-1,-1,-1
821,35,1047.026,552.607,73.579,235.826,0.837141,-1,-1,-1
821,37,437.281,261.181,61.380,187.558,0.644321,-1,-1,-1
822,4,1723.975,454.286,73.300,212.299,0.721917,-1,-1,-1
822,3,873.125,936.233,66.122,144.767,0.719891,-1,-1,-1
822,29,273.738,555.296,79.239,238.126,0.767593,-1,-1,-1
822,31,1572.597,597.383,102.792,228.069,0.712146,-1,-1,-1
822,33,975.404,575.194,64.968,216.159,0.811488,-1,-1,-1
822,35,1045.357,551.305,74.585,236.901,0.832827,-1,-1,-1
822,37,437.515,262.056,61.434,187.614,0.609083,-1,-1,-1
823,4,1723.657,454.286,73.354,212.448,0.732790,-1,-1,-1
823,3,872.738,937.040,65.698,143.969,0.713820,-1,-1,-1
823,29,274.184,556.120,78.983,237.163,0.780052,-1,-1,-1
823,31,1572.227,596.683,103.027,228.584,0.689584,-1,-1,-1
823,33,973.256,571.284,66.997,222.808,0.812566,-1,-1,-1
823,35,1044.527,550.205,76.083,239.574,0.821953,-1,-1,-1
823,37,438.149,262.631,61.361,187.455,0.633858,-1,-1,-1
824,4,1723.963,456.300,72.924,210.696,0.712350,-1,-1,-1
824,3,872.533,937.498,65.262,142.690,0.726483,-1,-1,-1
824,29,274.350,556.812,78.967,236.565,0.769763,-1,-1,-1
824,31,1572.223,597.182,103.043,228.321,0.677593,-1,-1,-1
824,33,969.277,569.293,68.709,228.594,0.773194,-1,-1,-1
824,35,1042.533,548.859,77.980,242.382,0.797971,-1,-1,-1
824,37,437.967,263.074,61.373,187.554,0.666856,-1,-1,-1
825,4,1723.607,455.647,73.427,211.575,0.715393,-1,-1,-1
825,3,871.791,938.179,65.134,142.242,0.698530,-1,-1,-1
825,29,274.431,558.236,78.655,234.766,0.774213,-1,-1,-1
825,31,1572.755,599.405,102.002,225.945,0.694353,-1,-1,-1
825,33,966.793,567.585,69.398,231.500,0.774489,-1,-1,-1
825,35,1042.233,548.680,79.753,244.062,0.793463,-1,-1,-1
825,37,437.643,263.582,61.383,187.585,0.656039,-1,-1,-1
826,4,1723.146,456.480,73.242,209.875,0.734683,-1,-1,-1
826,3,870.786,938.651,65.303,142.150,0.704327,-1,-1,-1
826,29,274.568,559.946,78.358,232.817,0.788985,-1,-1,-1
826,31,1573.064,598.281,102.320,226.738,0.684084,-1,-1,-1
826,33,964.322,566.022,69.848,233.613,0.771184,-1,-1,-1
826,35,1041.781,548.157,80.572,242.771,0.772462,-1,-1,-1
826,37,436.978,264.527,61.256,186.936,0.690362,-1,-1,-1
827,4,1723.114,455.782,73.795,210.823,0.730281,-1,-1,-1
827,3,870.785,939.712,65.133,141.232,0.711763,-1,-1,-1
827,29,274.502,561.115,78.315,231.555,0.789406,-1,-1,-1
827,31,1572.866,597.970,102.609,227.156,0.669794,-1,-1,-1
827,33,963.026,564.560,69.317,232.418,0.766151,-1,-1,-1
827,35,1040.488,547.414,81.563,242.141,0.769042,-1,-1,-1
827,37,437.145,265.285,60.903,185.771,0.670935,-1,-1,-1
828,4,1722.541,454.773,74.111,211.677,0.741614,-1,-1,-1
828,3,870.435,940.225,65.142,140.771,0.706031,-1,-1,-1
828,29,274.386,562.620,78.454,231.054,0.789673,-1,-1,-1
828,31,1573.297,597.212,102.919,228.028,0.672610,-1,-1,-1
828,33,961.119,563.817,69.057,231.397,0.760793,-1,-1,-1
828,35,1039.605,545.825,83.062,243.312,0.791282,-1,-1,-1
828,37,437.312,265.274,60.739,185.301,0.680500,-1,-1,-1
829,4,1722.655,454.126,74.273,212.287,0.735581,-1,-1,-1
829,3,870.875,940.466,65.052,140.548,0.715522,-1,-1,-1
829,29,273.912,563.598,79.318,233.035,0.794693,-1,-1,-1
829,31,1573.158,597.240,102.829,227.670,0.682395,-1,-1,-1
829,33,959.718,562.514,69.336,232.430,0.777671,-1,-1,-1
829,35,1037.611,544.220,84.082,243.907,0.774221,-1,-1,-1
829,37,437.445,265.422,60.700,185.195,0.697846,-1,-1,-1
830,4,1722.486,453.761,74.390,212.647,0.745815,-1,-1,-1
830,3,870.473,941.626,64.848,139.393,0.704028,-1,-1,-1
830,29,273.444,564.719,80.505,236.819,0.798959,-1,-1,-1
830,31,1572.749,595.530,103.419,229.363,0.684068,-1,-1,-1
830,33,958.584,562.441,69.215,232.522,0.799616,-1,-1,-1
830,35,1036.848,542.119,85.264,245.259,0.796426,-1,-1,-1
830,37,437.213,266.682,60.385,183.931,0.667900,-1,-1,-1
831,4,1723.114,455.885,73.943,210.866,0.731427,-1,-1,-1
831,3,870.656,942.257,64.699,138.762,0.711499,-1,-1,-1
831,29,272.702,566.737,81.673,240.942,0.809323,-1,-1,-1
831,31,1572.867,594.959,103.497,230.161,0.700088,-1,-1,-1
831,33,957.372,562.785,69.171,232.802,0.801931,-1,-1,-1
831,35,1035.444,539.699,86.249,246.595,0.798817,-1,-1,-1
831,37,436.953,267.436,60.449,183.872,0.620700,-1,-1,-1
832,4,1722.422,454.549,74.428,212.217,0.749873,-1,-1,-1
832,3,871.096,943.145,64.554,137.873,0.685079,-1,-1,-1
832,29,272.322,569.521,81.990,242.286,0.821916,-1,-1,-1
832,31,1573.120,593.789,103.748,231.261,0.692921,-1,-1,-1
832,33,955.951,562.859,68.852,231.855,0.772820,-1,-1,-1
832,35,1033.174,536.934,86.080,245.864,0.780497,-1,-1,-1
832,37,437.498,268.457,60.661,183.886,0.622729,-1,-1,-1
833,4,1721.961,454.086,74.750,212.964,0.751278,-1,-1,-1
833,3,871.470,944.191,64.383,136.825,0.704124,-1,-1,-1
833,29,271.445,572.179,82.338,243.662,0.819674,-1,-1,-1
833,31,1572.604,592.345,104.155,232.720,0.664254,-1,-1,-1
833,33,954.222,561.361,68.925,232.218,0.771376,-1,-1,-1
833,35,1032.948,534.388,83.206,236.550,0.792816,-1,-1,-1
833,37,437.059,268.535,61.577,186.374,0.619099,-1,-1,-1
834,4,1721.999,455.567,74.482,211.045,0.754175,-1,-1,-1
834,3,871.915,944.867,64.587,136.147,0.714158,-1,-1,-1
834,29,270.699,574.672,82.294,243.892,0.816124,-1,-1,-1
834,31,1572.425,591.449,104.495,233.722,0.682802,-1,-1,-1
834,33,951.936,556.655,70.216,237.246,0.756645,-1,-1,-1
834,35,1032.460,530.430,82.025,232.982,0.800849,-1,-1,-1
834,37,436.688,268.879,62.387,189.046,0.584920,-1,-1,-1
835,4,1721.741,454.572,75.470,213.240,0.745257,-1,-1,-1
835,3,871.748,944.596,65.403,136.417,0.698980,-1,-1,-1
835,29,269.822,577.066,82.327,244.995,0.826418,-1,-1,-1
835,31,1571.644,590.141,104.978,234.947,0.645529,-1,-1,-1
835,33,949.814,553.957,70.405,238.288,0.758778,-1,-1,-1
835,35,1031.433,527.348,81.418,231.730,0.795392,-1,-1,-1
835,37,437.662,271.290,62.284,189.295,0.650401,-1,-1,-1
836,4,1721.392,456.430,75.109,211.063,0.740677,-1,-1,-1
836,3,870.954,944.329,66.688,136.682,0.730557,-1,-1,-1
836,29,269.266,579.650,82.128,245.095,0.815964,-1,-1,-1
836,31,1571.524,591.325,104.548,233.979,0.667242,-1,-1,-1
836,33,949.536,551.412,68.278,230.852,0.777271,-1,-1,-1
836,35,1030.682,524.420,81.140,232.678,0.791590,-1,-1,-1
836,37,438.146,273.893,61.971,189.515,0.629906,-1,-1,-1
837,4,1721.577,455.434,75.831,212.839,0.749567,-1,-1,-1
837,3,870.730,944.405,67.611,136.605,0.727477,-1,-1,-1
837,29,268.570,581.305,81.786,244.700,0.802834,-1,-1,-1
837,31,1571.024,590.731,105.125,234.811,0.624996,-1,-1,-1
837,33,948.203,548.976,67.479,227.871,0.774385,-1,-1,-1
837,35,1029.968,521.659,80.539,233.516,0.773455,-1,-1,-1
837,37,438.986,277.526,61.038,188.012,0.627660,-1,-1,-1
838,4,1721.451,456.556,75.102,209.431,0.758459,-1,-1,-1
838,3,870.435,944.477,68.440,136.479,0.720816,-1,-1,-1
838,29,268.080,582.833,81.103,243.161,0.785893,-1,-1,-1
838,31,1571.986,592.216,104.360,232.979,0.679143,-1,-1,-1
838,33,946.041,546.925,67.341,227.516,0.784063,-1,-1,-1
838,35,1029.832,520.136,79.797,234.252,0.775553,-1,-1,-1
838,37,437.037,275.447,62.291,191.910,0.638441,-1,-1,-1
839,4,1720.982,454.554,75.805,211.484,0.757296,-1,-1,-1
839,3,870.165,943.795,69.506,136.952,0.716534,-1,-1,-1
839,29,267.362,584.094,80.478,241.280,0.765738,-1,-1,-1
839,31,1572.099,592.362,104.346,232.588,0.613658,-1,-1,-1
839,33,944.848,544.507,67.509,228.526,0.777268,-1,-1,-1
839,35,1030.317,519.633,78.952,234.620,0.768631,-1,-1,-1
839,37,436.813,277.248,62.072,191.440,0.619181,-1,-1,-1
840,4,1721.135,454.037,75.924,211.856,0.755881,-1,-1,-1
840,3,870.196,944.457,69.907,136.129,0.714805,-1,-1,-1
840,29,265.729,585.239,80.132,239.883,0.739503,-1,-1,-1
840,31,1572.224,594.263,103.957,231.004,0.646003,-1,-1,-1
840,33,943.404,542.534,67.521,228.971,0.768896,-1,-1,-1
840,35,1030.453,519.268,77.835,233.875,0.763069,-1,-1,-1
840,37,435.942,276.148,62.559,192.795,0.656211,-1,-1,-1
841,4,1721.001,453.454,76.167,212.428,0.744903,-1,-1,-1
841,3,871.363,944.613,70.624,135.937,0.729391,-1,-1,-1
841,29,265.061,586.466,79.740,237.892,0.760872,-1,-1,-1
841,31,1572.687,594.759,104.006,230.816,0.677595,-1,-1,-1
841,33,941.859,540.949,67.775,230.348,0.772141,-1,-1,-1
841,35,1029.673,518.911,76.878,233.351,0.748344,-1,-1,-1
841,37,436.383,279.111,61.690,191.322,0.653023,-1,-1,-1
842,4,1721.374,455.864,75.640,210.253,0.727151,-1,-1,-1
842,3,871.260,944.592,71.497,136.076,0.715306,-1,-1,-1
842,29,264.640,587.093,79.791,237.121,0.774750,-1,-1,-1
842,31,1573.601,595.401,103.719,230.034,0.651847,-1,-1,-1
842,33,939.841,539.984,67.975,231.844,0.771638,-1,-1,-1
842,35,1027.501,517.940,76.384,232.919,0.737289,-1,-1,-1
842,37,437.209,279.782,61.049,190.278,0.642089,-1,-1,-1
843,4,1721.349,456.625,75.605,209.053,0.732601,-1,-1,-1
843,3,871.667,944.743,72.194,135.795,0.720920,-1,-1,-1
843,29,263.907,587.874,79.898,236.078,0.788661,-1,-1,-1
843,31,1572.672,594.504,104.403,231.364,0.628444,-1,-1,-1
843,33,938.479,539.294,67.846,232.114,0.783700,-1,-1,-1
843,35,1025.160,517.457,76.427,233.196,0.752727,-1,-1,-1
843,37,438.063,281.470,60.325,188.467,0.673336,-1,-1,-1
844,4,1721.100,455.186,76.528,211.235,0.741232,-1,-1,-1
844,3,871.600,944.445,73.054,136.135,0.720784,-1,-1,-1
844,29,263.784,588.818,80.022,235.414,0.797425,-1,-1,-1
844,31,1572.144,593.721,104.556,232.026,0.632105,-1,-1,-1
844,33,937.477,537.682,67.908,233.264,0.789058,-1,-1,-1
844,35,1022.891,517.174,76.026,232.095,0.779452,-1,-1,-1
844,37,438.483,282.642,59.876,187.413,0.671604,-1,-1,-1
845,4,1720.701,456.813,76.024,208.859,0.751428,-1,-1,-1
845,3,871.200,944.570,73.719,136.005,0.711977,-1,-1,-1
845,29,263.568,589.614,80.348,235.403,0.799459,-1,-1,-1
845,31,1571.626,593.775,104.328,231.620,0.641774,-1,-1,-1
845,33,936.519,536.898,67.944,233.837,0.775047,-1,-1,-1
845,35,1021.729,517.204,75.073,229.800,0.774320,-1,-1,-1
845,37,438.443,282.420,59.830,188.040,0.671219,-1,-1,-1
846,4,1720.590,456.896,76.179,208.426,0.743412,-1,-1,-1
846,3,871.059,945.286,74.011,135.129,0.719734,-1,-1,-1
846,29,263.291,590.601,81.018,236.407,0.793881,-1,-1,-1
846,31,1571.602,595.510,103.667,229.870,0.663001,-1,-1,-1
846,33,935.305,536.091,67.618,232.845,0.783504,-1,-1,-1
846,35,1020.732,516.429,74.783,229.165,0.774310,-1,-1,-1
846,37,438.614,283.210,59.306,187.074,0.658110,-1,-1,-1
847,4,1720.172,455.644,77.093,210.126,0.745448,-1,-1,-1
847,3,871.310,945.570,74.676,134.942,0.693831,-1,-1,-1
847,29,263.208,593.557,81.357,236.391,0.778639,-1,-1,-1
847,31,1571.266,595.063,103.820,230.055,0.654547,-1,-1,-1
847,33,934.435,535.173,67.140,231.169,0.762320,-1,-1,-1
847,35,1018.755,514.268,75.511,232.387,0.754778,-1,-1,-1
847,37,438.833,282.917,58.842,186.499,0.635898,-1,-1,-1
848,4,1719.483,454.422,77.583,211.199,0.751920,-1,-1,-1
848,3,870.980,945.626,75.294,134.740,0.706210,-1,-1,-1
848,29,263.373,596.102,81.866,237.414,0.798370,-1,-1,-1
848,31,1571.524,594.798,103.879,230.011,0.640142,-1,-1,-1
848,33,933.506,533.695,66.909,230.541,0.765059,-1,-1,-1
848,35,1017.525,512.186,74.137,228.826,0.752548,-1,-1,-1
848,37,437.827,282.053,59.060,187.757,0.634783,-1,-1,-1
849,4,1719.622,454.474,77.745,211.127,0.752002,-1,-1,-1
849,3,871.008,946.176,75.754,134.164,0.686901,-1,-1,-1
849,29,262.991,598.314,83.115,240.926,0.792979,-1,-1,-1
849,31,1572.635,595.416,103.643,229.848,0.675323,-1,-1,-1
849,33,932.279,531.537,66.881,231.018,0.769178,-1,-1,-1
849,35,1015.330,510.386,72.261,224.133,0.744678,-1,-1,-1
849,37,437.027,281.177,59.164,188.858,0.642706,-1,-1,-1
850,4,1719.582,454.309,78.305,212.629,0.748232,-1,-1,-1
850,3,871.249,946.153,76.227,133.801,0.697414,-1,-1,-1
850,29,263.166,600.337,83.382,241.402,0.798530,-1,-1,-1
850,31,1573.261,595.865,103.425,229.431,0.676846,-1,-1,-1
850,33,931.145,528.990,66.801,231.951,0.785930,-1,-1,-1
850,35,1012.900,507.703,71.793,224.088,0.803071,-1,-1,-1
850,37,437.880,278.780,60.714,194.107,0.630902,-1,-1,-1
851,4,1719.109,453.923,77.971,211.510,0.740738,-1,-1,-1
851,3,871.895,946.138,76.896,133.737,0.702115,-1,-1,-1
851,29,263.211,601.907,83.870,242.644,0.808322,-1,-1,-1
851,31,1573.137,594.962,103.760,230.344,0.658992,-1,-1,-1
851,33,929.361,526.798,67.181,234.253,0.796559,-1,-1,-1
851,35,1009.486,505.034,71.782,224.647,0.815697,-1,-1,-1
851,37,438.017,283.969,59.778,191.858,0.627616,-1,-1,-1
852,4,1719.460,456.298,77.479,209.400,0.736663,-1,-1,-1
852,3,872.445,946.187,77.537,133.800,0.700846,-1,-1,-1
852,29,264.237,604.330,84.050,243.510,0.804164,-1,-1,-1
852,31,1572.666,594.806,103.922,230.386,0.642251,-1,-1,-1
852,33,929.541,524.289,63.950,222.470,0.742573,-1,-1,-1
852,35,1007.100,503.041,71.828,225.660,0.806746,-1,-1,-1
852,37,437.466,288.249,58.720,189.474,0.588513,-1,-1,-1
853,4,1720.041,455.023,77.986,210.697,0.723605,-1,-1,-1
853,3,872.293,946.216,78.157,133.983,0.699815,-1,-1,-1
853,29,265.298,606.905,84.184,243.927,0.800255,-1,-1,-1
853,31,1571.925,594.358,104.152,230.948,0.600663,-1,-1,-1
853,33,929.541,521.825,62.007,213.845,0.777864,-1,-1,-1
853,35,1004.079,501.428,72.165,226.734,0.823062,-1,-1,-1
853,37,437.622,291.424,58.550,188.949,0.594165,-1,-1,-1
854,4,1719.768,457.032,77.506,208.474,0.726133,-1,-1,-1
854,3,872.297,946.000,78.700,133.999,0.702259,-1,-1,-1
854,29,265.593,608.109,84.684,245.375,0.817502,-1,-1,-1
854,31,1571.129,594.984,104.162,230.281,0.599942,-1,-1,-1
854,33,928.654,519.228,63.230,217.459,0.796710,-1,-1,-1
854,35,1000.667,499.763,73.167,228.674,0.822786,-1,-1,-1
854,37,437.253,290.713,59.479,192.768,0.608383,-1,-1,-1
855,4,1719.635,457.510,77.547,207.827,0.733570,-1,-1,-1
855,3,872.602,945.684,79.205,134.248,0.719469,-1,-1,-1
855,29,266.704,609.737,84.791,246.027,0.821378,-1,-1,-1
855,31,1571.338,594.149,104.559,231.143,0.622652,-1,-1,-1
855,33,927.550,516.575,63.993,219.965,0.790428,-1,-1,-1
855,35,999.078,497.892,74.115,230.799,0.796348,-1,-1,-1
855,37,436.597,291.733,59.784,194.115,0.636381,-1,-1,-1
856,4,1719.504,457.996,78.124,208.755,0.742799,-1,-1,-1
856,3,873.771,945.606,79.372,134.172,0.728429,-1,-1,-1
856,29,267.859,611.349,84.215,244.318,0.804842,-1,-1,-1
856,31,1571.957,593.385,104.967,232.133,0.638318,-1,-1,-1
856,33,926.390,513.702,64.689,222.270,0.803952,-1,-1,-1
856,35,998.110,496.355,75.225,232.784,0.820208,-1,-1,-1
856,37,435.935,293.317,59.942,195.191,0.601338,-1,-1,-1
857,4,1719.193,456.611,79.058,211.562,0.729257,-1,-1,-1
857,3,874.146,944.978,79.692,134.677,0.717206,-1,-1,-1
857,29,269.311,612.120,83.560,242.563,0.787169,-1,-1,-1
857,31,1572.590,593.459,104.921,232.126,0.628919,-1,-1,-1
857,33,923.702,511.942,65.508,224.671,0.781857,-1,-1,-1
857,35,997.797,495.598,76.156,234.271,0.803354,-1,-1,-1
857,37,435.702,294.872,59.909,195.214,0.606913,-1,-1,-1
858,4,1718.970,458.019,78.538,209.472,0.734011,-1,-1,-1
858,3,874.635,944.625,79.989,135.170,0.725548,-1,-1,-1
858,29,270.492,612.879,83.425,242.407,0.796164,-1,-1,-1
858,31,1573.409,595.066,104.059,230.463,0.680390,-1,-1,-1
858,33,922.134,510.765,65.519,224.279,0.766827,-1,-1,-1
858,35,995.844,494.909,77.250,235.128,0.799721,-1,-1,-1
858,37,435.761,295.211,60.351,194.768,0.571207,-1,-1,-1
859,4,1718.062,458.427,78.932,209.634,0.730833,-1,-1,-1
859,3,875.498,944.812,79.969,135.228,0.737920,-1,-1,-1
859,29,270.864,612.712,83.850,243.358,0.800768,-1,-1,-1
859,31,1573.707,594.897,104.110,230.697,0.646028,-1,-1,-1
859,33,919.847,508.310,66.273,226.859,0.769648,-1,-1,-1
859,35,995.646,494.975,77.775,234.689,0.792658,-1,-1,-1
859,37,436.457,299.279,59.086,190.266,0.597120,-1,-1,-1
860,4,1717.716,457.685,79.242,209.902,0.742364,-1,-1,-1
860,3,875.882,943.774,80.626,136.586,0.724935,-1,-1,-1
860,29,271.566,613.108,83.653,242.330,0.810620,-1,-1,-1
860,31,1573.755,594.538,104.138,230.653,0.605187,-1,-1,-1
860,33,917.856,506.482,66.741,228.523,0.768212,-1,-1,-1
860,35,994.078,494.474,78.775,234.953,0.772640,-1,-1,-1
860,37,435.805,301.149,58.806,189.106,0.609912,-1,-1,-1
861,4,1717.485,457.502,79.500,209.723,0.750187,-1,-1,-1
861,3,877.048,943.887,80.750,136.903,0.745681,-1,-1,-1
861,29,272.221,614.085,83.543,241.167,0.814112,-1,-1,-1
861,31,1573.664,598.012,102.692,227.223,0.654065,-1,-1,-1
861,33,915.887,504.258,67.396,231.268,0.779152,-1,-1,-1
861,35,993.319,493.698,79.593,234.765,0.782478,-1,-1,-1
861,37,434.995,301.380,59.192,188.522,0.588524,-1,-1,-1
862,4,1717.714,457.609,79.906,210.255,0.735358,-1,-1,-1
862,3,878.014,944.492,80.324,136.460,0.728328,-1,-1,-1
862,29,272.173,614.193,83.511,240.493,0.813255,-1,-1,-1
862,31,1573.666,597.995,102.788,226.963,0.637964,-1,-1,-1
862,33,914.676,502.875,67.749,233.240,0.765078,-1,-1,-1
862,35,992.135,492.310,79.986,234.483,0.778794,-1,-1,-1
862,37,434.918,301.061,58.944,187.529,0.581844,-1,-1,-1
863,4,1717.876,457.569,80.060,210.320,0.741160,-1,-1,-1
863,3,879.288,943.780,80.370,136.971,0.732077,-1,-1,-1
863,29,272.324,614.705,83.763,240.623,0.816038,-1,-1,-1
863,31,1573.246,596.282,103.598,228.526,0.639611,-1,-1,-1
863,33,913.412,501.827,67.535,233.000,0.773049,-1,-1,-1
863,35,991.929,490.368,80.593,234.989,0.799184,-1,-1,-1
863,37,434.505,302.114,59.024,187.330,0.594766,-1,-1,-1
863,39,1390.585,1010.881,84.484,70.119,0.632433,-1,-1,-1
864,4,1718.146,458.107,80.160,209.974,0.738909,-1,-1,-1
864,3,880.637,943.517,80.236,137.068,0.742163,-1,-1,-1
864,29,272.873,615.871,83.759,240.050,0.813343,-1,-1,-1
864,31,1573.650,595.556,103.903,229.140,0.633847,-1,-1,-1
864,33,912.773,501.117,67.250,232.632,0.763468,-1,-1,-1
864,35,989.507,487.719,81.267,235.951,0.803041,-1,-1,-1
864,37,434.664,303.373,59.217,187.033,0.566395,-1,-1,-1
864,39,1386.696,1007.086,88.954,73.914,0.662903,-1,-1,-1
865,4,1718.693,457.843,79.811,208.698,0.730113,-1,-1,-1
865,3,882.135,943.613,80.196,137.254,0.729973,-1,-1,-1
865,29,273.325,618.272,84.699,243.123,0.834165,-1,-1,-1
865,31,1573.402,595.279,104.194,229.588,0.647133,-1,-1,-1
865,33,911.786,499.852,66.353,229.699,0.761977,-1,-1,-1
865,35,988.248,485.424,81.481,235.917,0.799449,-1,-1,-1
865,37,434.655,304.050,59.511,186.920,0.580683,-1,-1,-1
865,39,1383.302,1002.929,93.790,78.071,0.682507,-1,-1,-1
866,4,1719.122,457.950,79.877,208.870,0.719514,-1,-1,-1
866,3,883.864,943.599,80.249,137.374,0.735359,-1,-1,-1
866,29,273.506,620.476,85.679,246.741,0.829404,-1,-1,-1
866,31,1573.585,595.326,104.152,229.296,0.612597,-1,-1,-1
866,33,910.805,498.359,65.799,227.424,0.787878,-1,-1,-1
866,35,987.187,482.831,81.289,234.546,0.792401,-1,-1,-1
866,37,434.743,304.949,59.649,186.344,0.539447,-1,-1,-1
866,39,1379.931,999.207,97.985,81.793,0.680415,-1,-1,-1
867,4,1719.135,457.948,80.189,209.748,0.712973,-1,-1,-1
867,3,885.949,942.991,80.445,138.020,0.737075,-1,-1,-1
867,29,273.724,621.806,86.467,249.856,0.826078,-1,-1,-1
867,31,1573.445,594.337,104.562,230.296,0.615819,-1,-1,-1
867,33,909.608,497.171,64.982,223.061,0.779121,-1,-1,-1
867,35,986.660,479.762,80.205,230.523,0.773176,-1,-1,-1
867,37,433.457,302.788,60.508,189.553,0.546545,-1,-1,-1
867,39,1377.079,995.168,102.331,85.832,0.675482,-1,-1,-1
868,4,1719.034,457.907,79.876,209.161,0.701951,-1,-1,-1
868,3,888.137,942.570,80.500,138.453,0.742571,-1,-1,-1
868,29,273.350,623.108,87.194,252.427,0.835646,-1,-1,-1
868,31,1573.583,593.694,104.484,230.665,0.652607,-1,-1,-1
868,33,908.078,495.717,64.571,219.721,0.765233,-1,-1,-1
868,35,987.340,476.981,78.099,224.410,0.779257,-1,-1,-1
868,37,432.305,301.970,61.735,194.925,0.558313,-1,-1,-1
868,39,1373.632,989.737,107.945,91.263,0.657402,-1,-1,-1
869,4,1719.326,458.229,79.791,208.839,0.708846,-1,-1,-1
869,3,891.246,942.025,80.499,139.001,0.729120,-1,-1,-1
869,29,274.117,625.640,86.441,250.289,0.831152,-1,-1,-1
869,31,1573.920,594.791,104.009,229.671,0.635622,-1,-1,-1
869,33,907.367,493.752,63.939,214.860,0.770384,-1,-1,-1
869,35,987.193,474.384,77.599,223.980,0.758814,-1,-1,-1
869,37,432.137,302.811,62.526,198.010,0.498004,-1,-1,-1
869,39,1371.398,985.607,111.619,95.393,0.683943,-1,-1,-1
870,4,1719.543,458.807,79.160,206.730,0.718368,-1,-1,-1
870,3,893.400,941.766,80.257,139.258,0.734994,-1,-1,-1
870,29,274.515,628.328,86.674,251.242,0.833405,-1,-1,-1
870,31,1574.399,595.460,103.690,229.300,0.650716,-1,-1,-1
870,33,905.387,491.979,64.523,214.859,0.728826,-1,-1,-1
870,35,987.150,473.045,76.631,223.292,0.747931,-1,-1,-1
870,37,433.343,312.308,60.677,193.331,0.562050,-1,-1,-1
870,39,1370.295,983.210,113.055,97.790,0.718421,-1,-1,-1
871,4,1719.102,458.595,79.685,207.873,0.702425,-1,-1,-1
871,3,895.617,942.379,79.461,138.644,0.738281,-1,-1,-1
871,29,275.256,631.044,87.301,253.680,0.832888,-1,-1,-1
871,31,1574.085,595.609,103.708,229.727,0.615228,-1,-1,-1
871,33,903.539,489.686,65.151,215.180,0.734469,-1,-1,-1
871,35,986.530,470.851,76.187,224.637,0.753098,-1,-1,-1
871,37,433.812,315.797,59.632,191.399,0.578715,-1,-1,-1
871,39,1368.528,980.558,114.594,100.442,0.713353,-1,-1,-1
872,4,1718.783,458.948,79.887,208.125,0.710084,-1,-1,-1
872,3,897.575,942.489,79.124,138.531,0.731880,-1,-1,-1
872,29,276.075,633.607,87.238,254.933,0.834496,-1,-1,-1
872,31,1573.369,596.539,103.439,228.823,0.609681,-1,-1,-1
872,33,901.760,488.336,66.004,216.428,0.740224,-1,-1,-1
872,35,985.756,469.335,75.692,225.824,0.747679,-1,-1,-1
872,37,433.392,318.308,59.257,191.683,0.583306,-1,-1,-1
872,39,1366.415,977.471,116.507,103.529,0.711713,-1,-1,-1
873,4,1718.549,459.135,79.884,207.896,0.707953,-1,-1,-1
873,3,899.825,942.520,78.857,138.498,0.733457,-1,-1,-1
873,29,276.513,635.099,87.085,255.424,0.834758,-1,-1,-1
873,31,1573.063,597.078,103.332,228.104,0.586619,-1,-1,-1
873,33,900.614,487.358,67.102,219.087,0.734343,-1,-1,-1
873,35,986.021,468.631,74.601,225.203,0.741178,-1,-1,-1
873,37,433.483,318.286,59.598,193.385,0.602919,-1,-1,-1
873,39,1364.460,975.429,117.154,105.571,0.720995,-1,-1,-1
874,4,1719.051,459.331,79.876,208.031,0.692421,-1,-1,-1
874,3,900.712,942.047,78.949,138.969,0.736615,-1,-1,-1
874,29,277.380,636.258,86.864,255.095,0.830402,-1,-1,-1
874,31,1573.821,597.961,103.086,227.252,0.629771,-1,-1,-1
874,33,899.767,485.173,67.835,221.006,0.717493,-1,-1,-1
874,35,986.570,468.205,73.717,224.955,0.729972,-1,-1,-1
874,37,432.502,316.106,60.262,195.820,0.615496,-1,-1,-1
874,39,1363.027,974.412,116.676,106.588,0.727637,-1,-1,-1
875,4,1718.956,459.467,79.582,207.259,0.688053,-1,-1,-1
875,3,901.997,941.321,79.063,139.693,0.727038,-1,-1,-1
875,29,278.953,636.868,86.169,253.934,0.821519,-1,-1,-1
875,31,1574.150,598.274,102.891,226.555,0.624356,-1,-1,-1
875,33,898.120,483.958,67.966,220.990,0.728528,-1,-1,-1
875,35,986.970,467.854,72.994,225.143,0.728290,-1,-1,-1
875,37,432.283,314.443,60.817,197.893,0.570902,-1,-1,-1
875,39,1361.543,972.867,116.612,108.133,0.707247,-1,-1,-1
876,4,1719.361,459.075,79.630,207.563,0.689488,-1,-1,-1
876,3,902.896,941.064,79.187,139.949,0.745845,-1,-1,-1
876,29,280.165,637.393,86.030,253.765,0.813742,-1,-1,-1
876,31,1574.129,599.208,102.422,225.592,0.619740,-1,-1,-1
876,33,896.938,483.301,68.367,222.395,0.729896,-1,-1,-1
876,35,986.690,467.927,72.516,225.993,0.727726,-1,-1,-1
876,37,432.542,314.974,60.441,196.784,0.574329,-1,-1,-1
876,39,1359.638,971.591,116.290,109.409,0.704817,-1,-1,-1
877,4,1719.474,459.054,79.636,207.593,0.672208,-1,-1,-1
877,3,903.460,940.455,79.409,140.556,0.729818,-1,-1,-1
877,29,280.895,638.541,85.482,253.103,0.798727,-1,-1,-1
877,31,1574.332,598.775,102.720,226.175,0.601128,-1,-1,-1
877,33,896.429,483.156,68.588,223.132,0.721151,-1,-1,-1
877,35,985.709,467.141,72.259,226.900,0.717891,-1,-1,-1
877,37,432.544,315.355,60.296,195.756,0.550251,-1,-1,-1
877,39,1357.541,969.404,116.872,111.596,0.699291,-1,-1,-1
878,4,1719.676,458.665,79.454,207.529,0.634810,-1,-1,-1
878,3,904.822,940.217,79.604,140.793,0.734905,-1,-1,-1
878,29,282.847,639.902,85.093,251.981,0.784994,-1,-1,-1
878,31,1574.491,598.311,102.977,226.983,0.576210,-1,-1,-1
878,33,895.611,481.768,68.714,224.069,0.716892,-1,-1,-1
878,35,985.306,466.154,71.624,226.756,0.710299,-1,-1,-1
878,37,431.654,317.289,60.034,194.334,0.551134,-1,-1,-1
878,39,1355.053,967.159,117.718,113.841,0.717785,-1,-1,-1
879,4,1719.745,458.233,79.495,207.956,0.626830,-1,-1,-1
879,3,905.141,939.989,79.845,141.020,0.736084,-1,-1,-1
879,29,284.370,641.365,84.757,250.574,0.780669,-1,-1,-1
879,31,1574.410,600.026,102.234,225.615,0.590872,-1,-1,-1
879,33,894.784,481.383,68.365,223.545,0.718945,-1,-1,-1
879,35,983.926,465.426,71.122,226.486,0.685238,-1,-1,-1
879,37,430.614,315.400,60.799,196.593,0.504374,-1,-1,-1
879,39,1353.661,964.651,118.568,116.349,0.732112,-1,-1,-1
880,4,1720.079,458.297,79.239,207.875,0.636060,-1,-1,-1
880,3,905.800,939.174,80.242,141.833,0.740339,-1,-1,-1
880,29,285.171,642.448,84.340,249.584,0.754879,-1,-1,-1
880,31,1574.531,598.613,102.439,226.473,0.610712,-1,-1,-1
880,33,894.465,479.617,68.182,223.407,0.696325,-1,-1,-1
880,35,983.141,463.736,70.496,225.619,0.694092,-1,-1,-1
880,37,430.619,318.812,59.757,191.968,0.574550,-1,-1,-1
880,39,1352.743,961.426,119.875,119.574,0.730783,-1,-1,-1
881,4,1720.272,458.472,79.220,208.000,0.627830,-1,-1,-1
881,3,906.158,938.778,80.506,142.229,0.747831,-1,-1,-1
881,29,286.445,643.487,84.160,248.541,0.775360,-1,-1,-1
881,31,1574.556,599.517,102.196,225.777,0.564288,-1,-1,-1
881,33,894.400,478.115,67.484,221.634,0.661332,-1,-1,-1
881,35,981.775,461.326,69.631,224.171,0.703417,-1,-1,-1
881,37,430.401,320.939,59.200,189.498,0.526422,-1,-1,-1
881,39,1350.944,958.230,120.891,122.770,0.743630,-1,-1,-1
882,4,1720.425,458.748,78.993,208.124,0.641437,-1,-1,-1
882,3,906.630,938.288,80.877,142.718,0.753539,-1,-1,-1
882,29,287.448,644.691,84.013,247.379,0.764067,-1,-1,-1
882,31,1574.837,598.769,102.339,226.552,0.602991,-1,-1,-1
882,33,893.462,475.742,68.077,224.793,0.665700,-1,-1,-1
882,35,980.282,458.174,68.757,222.457,0.695330,-1,-1,-1
882,37,430.517,322.131,58.863,187.857,0.530244,-1,-1,-1
882,39,1348.568,953.870,122.706,127.130,0.745404,-1,-1,-1
883,4,1721.152,458.845,78.624,207.833,0.643506,-1,-1,-1
883,3,906.399,938.027,81.097,142.978,0.743372,-1,-1,-1
883,29,288.514,646.143,83.957,246.162,0.783822,-1,-1,-1
883,31,1574.698,598.128,102.231,227.136,0.578765,-1,-1,-1
883,33,894.135,472.534,64.544,212.737,0.673533,-1,-1,-1
883,35,979.403,455.681,67.790,219.641,0.728764,-1,-1,-1
883,37,429.625,321.478,59.202,187.989,0.548666,-1,-1,-1
883,39,1346.932,950.121,123.226,130.384,0.789043,-1,-1,-1
884,4,1721.600,458.757,78.259,207.812,0.622353,-1,-1,-1
884,3,907.304,938.711,80.827,142.293,0.734153,-1,-1,-1
884,29,289.313,648.810,83.598,244.312,0.781800,-1,-1,-1
884,31,1575.410,598.890,101.612,226.504,0.556573,-1,-1,-1
884,33,892.059,468.756,65.506,217.186,0.651298,-1,-1,-1
884,35,977.412,453.092,67.673,219.357,0.687531,-1,-1,-1
884,37,428.948,321.072,59.884,190.282,0.548654,-1,-1,-1
884,39,1344.277,945.376,124.303,134.656,0.797924,-1,-1,-1
885,4,1721.944,458.826,77.819,207.259,0.605258,-1,-1,-1
885,3,908.079,938.423,80.960,142.581,0.721696,-1,-1,-1
885,29,289.377,650.717,83.794,244.332,0.768121,-1,-1,-1
885,31,1575.323,600.104,100.956,225.309,0.547024,-1,-1,-1
885,33,891.118,466.007,65.816,219.602,0.692492,-1,-1,-1
885,35,975.800,450.551,67.813,219.462,0.702687,-1,-1,-1
885,37,428.233,320.631,61.160,194.752,0.534968,-1,-1,-1
885,39,1342.391,940.892,125.646,139.728,0.806217,-1,-1,-1
886,4,1721.672,458.604,77.647,207.496,0.614194,-1,-1,-1
886,3,908.143,937.888,81.292,143.116,0.728068,-1,-1,-1
886,29,289.608,652.862,84.243,245.671,0.748196,-1,-1,-1
886,31,1575.801,599.521,101.247,226.083,0.565075,-1,-1,-1
886,33,890.736,462.553,65.576,219.885,0.686797,-1,-1,-1
886,35,973.316,447.629,68.750,221.545,0.701089,-1,-1,-1
886,37,427.422,321.424,61.651,197.276,0.482077,-1,-1,-1
886,39,1340.711,936.701,125.948,143.927,0.807503,-1,-1,-1
887,4,1721.682,458.203,77.512,207.788,0.617483,-1,-1,-1
887,3,909.114,938.111,81.163,142.893,0.717895,-1,-1,-1
887,29,289.583,654.975,84.396,246.435,0.758817,-1,-1,-1
887,31,1575.938,600.428,100.734,225.008,0.551011,-1,-1,-1
887,33,890.866,462.335,64.321,216.002,0.727002,-1,-1,-1
887,35,972.223,445.738,69.511,223.240,0.718253,-1,-1,-1
887,37,427.066,323.672,62.135,198.996,0.481166,-1,-1,-1
887,39,1339.876,932.630,125.325,146.744,0.767092,-1,-1,-1
888,4,1721.556,458.940,77.138,206.938,0.628839,-1,-1,-1
888,3,909.463,937.998,81.131,143.005,0.709700,-1,-1,-1
888,29,289.975,656.745,84.577,247.793,0.744598,-1,-1,-1
888,31,1576.292,600.322,100.954,225.548,0.552415,-1,-1,-1
888,33,890.431,459.320,65.128,219.595,0.733050,-1,-1,-1
888,35,971.646,444.843,69.893,223.065,0.735366,-1,-1,-1
888,37,427.244,326.313,62.237,199.710,0.507178,-1,-1,-1
888,39,1339.286,930.539,124.723,149.831,0.771432,-1,-1,-1
889,4,1721.413,458.193,77.479,207.905,0.643246,-1,-1,-1
889,3,910.400,938.323,80.908,142.679,0.726539,-1,-1,-1
889,29,290.922,659.434,84.043,247.430,0.729587,-1,-1,-1
889,31,1575.979,600.663,100.469,224.885,0.539326,-1,-1,-1
889,33,890.118,457.436,65.349,221.342,0.735039,-1,-1,-1
889,35,971.158,444.236,70.714,224.034,0.741714,-1,-1,-1
889,37,427.373,325.996,62.145,199.968,0.505915,-1,-1,-1
889,39,1337.626,927.122,124.829,153.351,0.771399,-1,-1,-1
890,4,1721.196,457.638,77.998,209.259,0.665471,-1,-1,-1
890,3,911.301,938.266,80.670,142.736,0.737898,-1,-1,-1
890,29,290.941,660.829,84.467,249.948,0.711682,-1,-1,-1
890,31,1575.719,600.837,100.385,224.940,0.530427,-1,-1,-1
890,33,889.914,457.373,64.623,219.617,0.716099,-1,-1,-1
890,35,969.677,443.838,71.475,224.583,0.726801,-1,-1,-1
890,37,425.402,329.075,62.505,201.033,0.509933,-1,-1,-1
890,39,1335.776,925.550,123.855,155.254,0.756067,-1,-1,-1
891,4,1721.415,457.861,77.722,209.093,0.645586,-1,-1,-1
891,3,911.475,938.593,80.359,142.409,0.734637,-1,-1,-1
891,29,291.916,662.954,84.491,251.784,0.700668,-1,-1,-1
891,31,1575.944,599.085,100.925,226.664,0.540817,-1,-1,-1
891,33,889.391,456.075,64.294,219.177,0.733329,-1,-1,-1
891,35,968.494,443.799,72.723,225.554,0.722881,-1,-1,-1
891,37,424.336,330.458,62.679,201.361,0.516665,-1,-1,-1
891,39,1335.410,925.544,121.743,155.392,0.791624,-1,-1,-1
892,4,1721.478,457.603,77.680,209.192,0.645371,-1,-1,-1
892,3,911.558,938.654,80.109,142.348,0.729168,-1,-1,-1
892,29,293.032,665.063,84.308,253.083,0.761679,-1,-1,-1
892,31,1574.888,597.786,101.421,227.959,0.535303,-1,-1,-1
892,33,888.376,456.432,64.255,219.638,0.696501,-1,-1,-1
892,35,967.453,443.955,74.003,226.400,0.729921,-1,-1,-1
892,37,423.405,332.319,62.640,200.470,0.544095,-1,-1,-1
892,39,1334.230,924.443,120.933,156.543,0.778764,-1,-1,-1
893,4,1721.920,457.924,77.420,208.811,0.637711,-1,-1,-1
893,3,912.448,938.832,79.767,142.169,0.733648,-1,-1,-1
893,29,294.795,665.810,84.214,254.846,0.776940,-1,-1,-1
893,31,1574.979,596.759,101.591,228.752,0.534474,-1,-1,-1
893,33,886.691,456.092,64.096,219.384,0.719719,-1,-1,-1
893,35,966.670,442.954,75.039,226.771,0.744036,-1,-1,-1
893,37,423.839,334.333,62.175,198.081,0.546256,-1,-1,-1
893,39,1331.932,921.929,121.344,159.075,0.780484,-1,-1,-1
894,4,1721.598,458.168,77.316,208.417,0.637476,-1,-1,-1
894,3,912.726,938.903,79.370,142.098,0.738157,-1,-1,-1
894,29,295.974,667.611,83.759,254.937,0.754696,-1,-1,-1
894,31,1574.213,594.789,102.483,231.116,0.501804,-1,-1,-1
894,33,886.046,456.056,63.779,218.829,0.696691,-1,-1,-1
894,35,966.339,442.103,75.959,226.860,0.748030,-1,-1,-1
894,37,423.131,334.611,62.560,198.297,0.513162,-1,-1,-1
894,39,1328.596,918.681,122.154,162.330,0.787446,-1,-1,-1
895,4,1721.254,457.881,77.398,208.662,0.630477,-1,-1,-1
895,3,913.253,939.182,78.983,141.819,0.741201,-1,-1,-1
895,29,297.303,669.147,83.053,253.753,0.725333,-1,-1,-1
895,31,1574.137,596.351,101.744,229.429,0.524366,-1,-1,-1
895,33,884.370,455.877,63.613,218.770,0.714429,-1,-1,-1
895,35,966.490,441.672,76.568,226.236,0.743823,-1,-1,-1
895,37,422.359,334.825,62.733,198.061,0.518072,-1,-1,-1
895,39,1325.951,917.437,121.535,163.575,0.786443,-1,-1,-1
896,4,1720.902,458.139,77.398,208.604,0.630626,-1,-1,-1
896,3,913.166,939.508,78.479,141.492,0.713644,-1,-1,-1
896,29,298.931,669.636,82.636,252.686,0.738253,-1,-1,-1
896,31,1574.199,597.956,101.094,227.800,0.577513,-1,-1,-1
896,33,884.332,456.035,62.793,216.783,0.694375,-1,-1,-1
896,35,966.154,440.005,77.367,226.440,0.739260,-1,-1,-1
896,37,422.116,335.040,62.828,197.727,0.507078,-1,-1,-1
896,39,1323.881,914.582,121.590,166.430,0.772904,-1,-1,-1
897,4,1720.982,458.125,77.190,207.915,0.641630,-1,-1,-1
897,3,913.330,939.896,78.066,141.105,0.734717,-1,-1,-1
897,29,300.001,670.158,83.119,253.233,0.747894,-1,-1,-1
897,31,1574.437,599.097,100.617,226.624,0.572621,-1,-1,-1
897,33,883.199,453.639,63.219,218.631,0.708687,-1,-1,-1
897,35,965.955,437.574,78.003,227.080,0.740475,-1,-1,-1
897,37,422.100,336.172,62.536,195.650,0.486326,-1,-1,-1
897,39,1321.358,910.208,122.419,170.804,0.777831,-1,-1,-1
898,4,1720.938,458.068,77.315,208.378,0.643633,-1,-1,-1
898,3,912.447,940.662,77.442,140.275,0.734468,-1,-1,-1
898,29,301.358,671.181,83.500,252.097,0.762828,-1,-1,-1
898,31,1575.274,598.407,100.866,226.991,0.584548,-1,-1,-1
898,33,882.014,451.801,63.125,218.590,0.675880,-1,-1,-1
898,35,965.342,435.255,78.046,226.229,0.727341,-1,-1,-1
898,37,421.204,336.053,62.608,194.913,0.505834,-1,-1,-1
898,39,1318.386,905.645,123.105,175.365,0.787448,-1,-1,-1
899,4,1720.690,458.052,77.284,208.815,0.637007,-1,-1,-1
899,3,912.261,941.615,76.644,139.329,0.741659,-1,-1,-1
899,29,302.379,671.530,84.318,252.289,0.768219,-1,-1,-1
899,31,1576.181,600.470,100.049,224.727,0.577262,-1,-1,-1
899,33,881.137,448.787,61.978,214.164,0.664515,-1,-1,-1
899,35,964.895,432.943,77.483,223.647,0.727630,-1,-1,-1
899,37,420.750,337.126,62.552,193.585,0.508376,-1,-1,-1
899,39,1315.999,901.260,123.321,179.750,0.794712,-1,-1,-1
900,4,1720.808,457.210,77.366,209.469,0.620027,-1,-1,-1
900,3,912.521,943.127,75.378,137.523,0.725438,-1,-1,-1
900,29,303.578,672.259,85.384,252.313,0.770166,-1,-1,-1
900,31,1576.146,601.439,99.668,223.760,0.574400,-1,-1,-1
900,33,879.356,446.574,61.835,213.724,0.672580,-1,-1,-1
900,35,964.291,429.927,77.352,222.816,0.723389,-1,-1,-1
900,37,419.897,337.180,63.524,195.853,0.517610,-1,-1,-1
900,39,1314.643,896.922,123.520,184.087,0.799282,-1,-1,-1
901,4,1721.816,457.957,76.701,207.882,0.604061,-1,-1,-1
901,3,912.796,944.099,74.433,136.241,0.737582,-1,-1,-1
901,29,304.540,673.622,85.983,250.268,0.786057,-1,-1,-1
901,31,1576.898,600.395,100.340,225.020,0.579686,-1,-1,-1
901,33,878.395,443.789,61.445,211.633,0.663022,-1,-1,-1
901,35,964.381,426.377,77.071,222.577,0.715529,-1,-1,-1
901,37,418.554,338.643,64.235,196.938,0.525058,-1,-1,-1
901,39,1313.091,893.362,123.177,187.645,0.813289,-1,-1,-1
902,4,1721.869,457.810,76.610,208.000,0.608330,-1,-1,-1
902,3,912.897,945.099,73.385,135.101,0.725762,-1,-1,-1
902,29,304.777,675.652,87.132,249.861,0.812221,-1,-1,-1
902,31,1577.604,600.182,100.164,224.932,0.581141,-1,-1,-1
902,33,877.079,441.568,61.411,210.804,0.694901,-1,-1,-1
902,35,965.119,423.847,75.600,219.157,0.730005,-1,-1,-1
902,37,418.671,339.197,65.352,200.380,0.515828,-1,-1,-1
902,39,1311.090,890.026,122.554,190.981,0.805912,-1,-1,-1
903,4,1721.524,458.220,76.613,208.264,0.595351,-1,-1,-1
903,3,912.707,946.161,72.750,134.546,0.734918,-1,-1,-1
903,29,304.181,677.464,89.110,252.875,0.822273,-1,-1,-1
903,31,1578.151,599.972,100.100,225.332,0.592796,-1,-1,-1
903,33,876.254,439.426,61.504,210.586,0.690963,-1,-1,-1
903,35,965.337,421.944,74.694,217.896,0.716272,-1,-1,-1
903,37,417.739,341.264,65.994,201.787,0.550602,-1,-1,-1
903,39,1309.051,886.156,122.278,194.844,0.781366,-1,-1,-1
904,4,1722.242,458.192,76.240,207.724,0.627410,-1,-1,-1
904,3,913.030,947.180,71.941,133.719,0.720059,-1,-1,-1
904,29,304.057,679.569,90.164,253.695,0.837333,-1,-1,-1
904,31,1578.000,600.324,99.794,224.743,0.547433,-1,-1,-1
904,33,875.216,437.940,62.315,213.122,0.710200,-1,-1,-1
904,35,965.611,421.070,73.921,217.160,0.709756,-1,-1,-1
904,37,418.937,344.061,66.001,202.454,0.494307,-1,-1,-1
904,39,1306.347,882.233,121.883,198.771,0.771259,-1,-1,-1
905,4,1722.383,457.901,76.199,208.050,0.640964,-1,-1,-1
905,3,913.127,948.360,71.127,132.611,0.726684,-1,-1,-1
905,29,304.144,681.333,91.891,257.463,0.837089,-1,-1,-1
905,31,1577.635,599.796,100.094,225.623,0.576689,-1,-1,-1
905,33,874.736,436.187,62.263,213.278,0.717813,-1,-1,-1
905,35,965.400,419.585,73.893,218.327,0.730759,-1,-1,-1
905,37,418.772,348.401,65.225,200.269,0.478999,-1,-1,-1
905,39,1304.682,878.993,120.621,201.125,0.748439,-1,-1,-1
906,4,1721.718,457.688,76.306,208.745,0.635112,-1,-1,-1
906,3,913.312,949.972,70.178,131.025,0.725192,-1,-1,-1
906,29,304.740,683.375,92.962,260.271,0.840910,-1,-1,-1
906,31,1578.305,599.991,99.821,225.354,0.594178,-1,-1,-1
906,33,873.565,435.442,62.394,214.217,0.738867,-1,-1,-1
906,35,965.222,418.666,73.265,217.797,0.733050,-1,-1,-1
906,37,416.664,349.889,65.573,201.344,0.588447,-1,-1,-1
906,39,1303.149,876.875,119.069,203.202,0.758623,-1,-1,-1
907,4,1721.766,458.140,75.939,207.973,0.620406,-1,-1,-1
907,3,911.851,950.320,70.353,130.687,0.746015,-1,-1,-1
907,29,306.173,685.761,91.940,257.328,0.838778,-1,-1,-1
907,31,1579.248,600.271,99.237,224.856,0.561499,-1,-1,-1
907,33,872.761,433.800,62.564,214.726,0.730512,-1,-1,-1
907,35,965.399,418.268,73.330,219.386,0.683039,-1,-1,-1
907,37,415.615,347.441,67.171,205.480,0.585343,-1,-1,-1
907,39,1302.346,876.510,117.264,204.139,0.732718,-1,-1,-1
907,40,1754.101,684.033,80.015,240.236,0.623635,-1,-1,-1
908,4,1722.091,458.394,75.515,207.113,0.624518,-1,-1,-1
908,3,912.343,951.670,69.821,129.339,0.726212,-1,-1,-1
908,29,307.330,688.277,91.808,257.530,0.839326,-1,-1,-1
908,31,1577.963,599.530,99.543,225.988,0.603779,-1,-1,-1
908,33,871.547,432.870,63.245,217.509,0.723921,-1,-1,-1
908,35,965.196,418.111,72.809,219.555,0.723237,-1,-1,-1
908,37,414.953,347.660,67.752,206.535,0.588161,-1,-1,-1
908,39,1300.865,876.128,115.582,204.745,0.733829,-1,-1,-1
908,40,1755.068,684.942,80.114,240.621,0.629488,-1,-1,-1
909,4,1721.995,458.158,75.331,207.230,0.605653,-1,-1,-1
909,3,911.213,951.581,70.185,129.428,0.738499,-1,-1,-1
909,29,307.764,690.614,92.180,259.421,0.841804,-1,-1,-1
909,31,1578.311,598.700,99.386,226.500,0.593135,-1,-1,-1
909,33,870.781,432.464,63.426,218.771,0.726593,-1,-1,-1
909,35,964.604,417.749,72.982,222.016,0.714795,-1,-1,-1
909,37,415.394,353.712,65.712,200.725,0.597810,-1,-1,-1
909,39,1299.108,874.736,114.261,206.224,0.735760,-1,-1,-1
909,40,1755.999,685.404,79.583,239.086,0.627330,-1,-1,-1
910,4,1722.127,457.738,75.577,208.316,0.629142,-1,-1,-1
910,3,910.799,952.162,70.329,128.847,0.734602,-1,-1,-1
910,29,307.655,692.814,92.683,261.781,0.839074,-1,-1,-1
910,31,1577.054,599.151,99.428,226.134,0.575290,-1,-1,-1
910,33,870.652,432.003,63.473,219.265,0.713650,-1,-1,-1
910,35,963.770,417.667,72.700,222.416,0.715326,-1,-1,-1
910,37,414.781,352.780,65.894,201.244,0.617515,-1,-1,-1
910,39,1297.823,872.980,113.083,208.013,0.756117,-1,-1,-1
910,40,1756.468,684.734,79.691,239.729,0.610495,-1,-1,-1
911,4,1722.648,458.347,75.338,207.243,0.629721,-1,-1,-1
911,3,910.718,952.739,70.408,128.268,0.743031,-1,-1,-1
911,29,307.531,694.697,92.461,262.149,0.837319,-1,-1,-1
911,31,1576.653,599.900,99.259,225.422,0.550991,-1,-1,-1
911,33,870.182,431.255,63.625,220.260,0.710653,-1,-1,-1
911,35,963.669,416.743,72.434,223.355,0.706760,-1,-1,-1
911,37,414.837,356.336,64.572,197.889,0.622215,-1,-1,-1
911,39,1295.544,870.409,112.220,210.596,0.771330,-1,-1,-1
911,40,1756.911,684.618,79.608,239.888,0.608804,-1,-1,-1
912,4,1722.760,457.784,75.445,207.553,0.629136,-1,-1,-1
912,3,911.529,953.864,70.133,127.143,0.740270,-1,-1,-1
912,29,307.359,696.335,92.388,263.171,0.834447,-1,-1,-1
912,31,1575.887,599.086,99.772,226.168,0.537324,-1,-1,-1
912,33,870.146,430.143,63.241,219.111,0.691131,-1,-1,-1
912,35,963.268,415.908,71.285,221.182,0.701156,-1,-1,-1
912,37,413.584,354.667,65.217,200.393,0.621966,-1,-1,-1
912,39,1293.726,867.602,111.498,213.383,0.765808,-1,-1,-1
912,40,1757.354,684.603,79.630,240.467,0.618249,-1,-1,-1
913,4,1722.609,457.185,75.658,208.154,0.595020,-1,-1,-1
913,3,911.594,954.039,70.302,126.967,0.740091,-1,-1,-1
913,29,307.258,697.561,91.774,262.502,0.827625,-1,-1,-1
913,31,1576.276,599.386,99.577,225.888,0.547517,-1,-1,-1
913,33,869.362,427.927,63.771,221.236,0.704842,-1,-1,-1
913,35,962.660,413.969,70.205,218.772,0.685240,-1,-1,-1
913,37,412.978,353.824,65.564,201.457,0.602382,-1,-1,-1
913,39,1291.941,863.102,111.510,217.899,0.771947,-1,-1,-1
913,40,1757.499,683.314,79.863,241.680,0.618018,-1,-1,-1
914,4,1722.912,457.085,75.551,208.265,0.620425,-1,-1,-1
914,3,911.243,954.348,70.551,126.658,0.745944,-1,-1,-1
914,29,307.360,698.240,91.202,261.743,0.821771,-1,-1,-1
914,31,1575.999,598.862,99.962,226.265,0.464192,-1,-1,-1
914,33,868.802,426.856,62.940,218.576,0.676447,-1,-1,-1
914,35,962.092,411.707,68.629,214.267,0.697323,-1,-1,-1
914,37,413.027,356.089,64.649,198.556,0.555270,-1,-1,-1
914,39,1289.729,858.953,111.452,222.053,0.772277,-1,-1,-1
914,40,1757.910,681.951,80.216,243.626,0.593230,-1,-1,-1
915,4,1722.646,457.441,75.132,207.642,0.613475,-1,-1,-1
915,3,910.592,954.761,70.783,126.243,0.746882,-1,-1,-1
915,29,307.347,699.148,90.568,260.764,0.816054,-1,-1,-1
915,31,1575.802,599.435,99.882,225.848,0.530363,-1,-1,-1
915,33,869.217,423.737,60.377,209.002,0.662649,-1,-1,-1
915,35,961.265,409.788,67.388,210.820,0.701748,-1,-1,-1
915,37,412.702,356.694,64.383,197.454,0.539561,-1,-1,-1
915,39,1289.108,855.015,111.385,225.992,0.773201,-1,-1,-1
915,40,1757.403,679.523,80.529,245.617,0.583335,-1,-1,-1
916,4,1722.543,457.198,75.173,207.991,0.601913,-1,-1,-1
916,3,910.176,954.963,71.126,126.041,0.743341,-1,-1,-1
916,29,307.187,700.552,89.767,259.149,0.799215,-1,-1,-1
916,31,1575.334,600.591,99.337,224.353,0.545961,-1,-1,-1
916,33,869.020,421.378,59.901,207.184,0.669563,-1,-1,-1
916,35,960.054,407.807,66.316,207.831,0.707734,-1,-1,-1
916,37,410.123,351.295,66.577,203.129,0.499396,-1,-1,-1
916,39,1287.629,851.156,111.356,229.851,0.769701,-1,-1,-1
916,40,1756.250,677.880,81.638,250.419,0.557939,-1,-1,-1
917,4,1722.052,457.370,75.053,207.926,0.634635,-1,-1,-1
917,3,909.706,954.957,71.546,126.047,0.744336,-1,-1,-1
917,29,306.984,702.689,88.830,256.976,0.808425,-1,-1,-1
917,31,1575.353,600.696,99.467,224.304,0.453390,-1,-1,-1
917,33,867.991,417.782,60.687,210.474,0.691168,-1,-1,-1
917,35,958.309,405.325,66.214,208.138,0.737910,-1,-1,-1
917,37,410.578,354.792,65.184,199.095,0.534358,-1,-1,-1
917,39,1286.586,846.827,111.625,234.180,0.773962,-1,-1,-1
917,40,1756.700,676.814,81.559,251.485,0.548905,-1,-1,-1
918,4,1721.878,456.868,75.204,208.889,0.612500,-1,-1,-1
918,3,909.699,955.508,71.640,125.495,0.749348,-1,-1,-1
918,29,307.060,703.771,87.978,254.979,0.799521,-1,-1,-1
918,31,1575.518,601.495,99.199,223.603,0.570158,-1,-1,-1
918,33,867.236,415.748,60.877,211.597,0.700664,-1,-1,-1
918,35,955.644,402.468,66.606,209.611,0.714297,-1,-1,-1
918,37,410.181,352.740,66.427,201.884,0.558089,-1,-1,-1
918,39,1283.976,842.989,111.654,238.017,0.765523,-1,-1,-1
918,40,1755.869,675.474,81.631,252.829,0.549201,-1,-1,-1
919,4,1721.960,456.567,75.449,210.006,0.604268,-1,-1,-1
919,3,909.749,955.815,71.922,125.188,0.741505,-1,-1,-1
919,29,307.509,704.688,87.246,253.064,0.788749,-1,-1,-1
919,31,1575.379,600.350,99.555,224.506,0.544546,-1,-1,-1
919,33,866.779,414.087,61.317,213.169,0.721553,-1,-1,-1
919,35,954.123,400.018,67.242,211.627,0.715639,-1,-1,-1
919,37,409.152,352.762,67.810,205.242,0.569533,-1,-1,-1
919,39,1283.128,839.976,111.363,241.030,0.765305,-1,-1,-1
919,40,1756.996,676.946,80.823,251.853,0.559519,-1,-1,-1
920,4,1721.771,456.802,75.243,209.366,0.608236,-1,-1,-1
920,3,909.603,956.496,72.010,124.506,0.741890,-1,-1,-1
920,29,307.619,706.361,87.414,253.370,0.792184,-1,-1,-1
920,31,1575.735,600.705,99.304,224.154,0.543224,-1,-1,-1
920,33,866.615,410.270,61.456,213.905,0.746010,-1,-1,-1
920,35,952.391,397.587,68.073,214.167,0.744830,-1,-1,-1
920,37,409.031,354.558,67.939,205.632,0.546762,-1,-1,-1
920,39,1281.036,836.661,111.263,244.344,0.774570,-1,-1,-1
920,40,1757.958,678.538,80.256,251.301,0.552688,-1,-1,-1
921,4,1721.668,456.447,75.506,210.275,0.601169,-1,-1,-1
921,3,908.877,956.302,72.367,124.613,0.719469,-1,-1,-1
921,29,307.473,707.815,87.571,253.923,0.788557,-1,-1,-1
921,31,1575.991,601.759,99.024,223.262,0.539452,-1,-1,-1
921,33,866.182,408.627,61.981,216.168,0.761627,-1,-1,-1
921,35,950.668,395.853,69.009,216.044,0.741798,-1,-1,-1
921,37,408.216,356.336,68.459,207.096,0.552860,-1,-1,-1
921,39,1280.112,834.399,110.490,246.606,0.770445,-1,-1,-1
921,40,1758.447,679.296,79.723,250.681,0.559790,-1,-1,-1
922,4,1721.470,456.379,75.322,209.909,0.609430,-1,-1,-1
922,3,908.449,956.322,72.764,124.647,0.730370,-1,-1,-1
922,29,307.120,709.347,88.297,256.481,0.772575,-1,-1,-1
922,31,1576.213,601.064,99.154,223.778,0.498448,-1,-1,-1
922,33,866.069,407.723,61.877,216.394,0.764247,-1,-1,-1
922,35,949.475,394.384,69.843,217.502,0.735484,-1,-1,-1
922,37,407.401,359.148,68.073,205.651,0.542732,-1,-1,-1
922,39,1278.557,832.439,109.583,248.338,0.784677,-1,-1,-1
922,40,1758.707,678.681,79.496,251.070,0.538644,-1,-1,-1
923,4,1720.993,456.729,75.403,210.025,0.622472,-1,-1,-1
923,3,908.752,956.657,72.987,124.333,0.732976,-1,-1,-1
923,29,306.977,711.071,88.567,257.777,0.769929,-1,-1,-1
923,31,1575.504,599.986,99.871,225.021,0.514002,-1,-1,-1
923,33,865.718,407.162,61.880,217.302,0.765180,-1,-1,-1
923,35,948.703,393.541,70.932,219.217,0.737829,-1,-1,-1
923,37,406.603,361.265,68.067,205.346,0.523137,-1,-1,-1
923,39,1277.954,830.684,108.741,250.074,0.787883,-1,-1,-1
923,40,1758.228,678.622,78.861,250.467,0.579857,-1,-1,-1
924,4,1720.873,456.574,75.535,209.921,0.628436,-1,-1,-1
924,3,908.766,956.847,73.244,124.151,0.735268,-1,-1,-1
924,29,306.644,712.632,89.273,260.974,0.752859,-1,-1,-1
924,31,1575.347,599.716,100.018,225.409,0.469213,-1,-1,-1
924,33,865.803,406.802,61.388,215.991,0.751182,-1,-1,-1
924,35,947.738,392.760,72.256,221.201,0.756236,-1,-1,-1
924,37,405.563,362.803,69.197,208.177,0.548427,-1,-1,-1
924,39,1277.286,829.718,107.411,249.766,0.790107,-1,-1,-1
924,40,1756.473,677.038,78.298,249.336,0.556037,-1,-1,-1
925,4,1720.293,456.373,75.829,210.414,0.606346,-1,-1,-1
925,3,908.402,956.250,73.765,124.751,0.723203,-1,-1,-1
925,29,307.085,715.172,89.027,261.416,0.744178,-1,-1,-1
925,31,1575.634,599.141,100.493,227.735,0.353923,-1,-1,-1
925,33,865.420,406.608,61.237,215.613,0.758617,-1,-1,-1
925,35,946.327,392.559,73.101,221.862,0.757912,-1,-1,-1
925,37,403.851,364.209,70.181,210.773,0.577911,-1,-1,-1
925,39,1276.295,829.308,106.210,248.981,0.777442,-1,-1,-1
925,40,1756.366,677.285,77.964,248.612,0.535672,-1,-1,-1
926,4,1720.481,456.823,75.696,209.740,0.581798,-1,-1,-1
926,3,909.074,956.424,73.966,124.577,0.730626,-1,-1,-1
926,29,307.845,718.068,88.792,261.357,0.745312,-1,-1,-1
926,31,1575.950,599.231,100.209,228.445,0.321435,-1,-1,-1
926,33,864.990,406.284,61.138,215.465,0.705913,-1,-1,-1
926,35,945.012,392.444,73.929,222.088,0.760878,-1,-1,-1
926,37,402.592,364.808,70.888,212.211,0.501176,-1,-1,-1
926,39,1274.612,827.944,105.729,250.902,0.791256,-1,-1,-1
926,40,1756.792,677.790,78.219,249.803,0.589351,-1,-1,-1
927,4,1720.435,457.022,75.673,209.443,0.610191,-1,-1,-1
927,3,908.839,956.123,74.210,124.878,0.738820,-1,-1,-1
927,29,308.101,721.002,89.120,263.400,0.748617,-1,-1,-1
927,31,1575.526,598.907,99.737,227.056,0.429025,-1,-1,-1
927,33,864.516,405.710,60.784,214.190,0.740274,-1,-1,-1
927,35,944.557,391.920,74.324,221.073,0.772739,-1,-1,-1
927,37,402.523,365.935,70.894,212.068,0.495040,-1,-1,-1
927,39,1272.321,826.193,105.253,252.549,0.802808,-1,-1,-1
927,40,1756.998,677.670,78.811,252.286,0.586184,-1,-1,-1
928,4,1720.226,457.242,75.612,209.016,0.603433,-1,-1,-1
928,3,908.644,955.903,74.504,125.098,0.721298,-1,-1,-1
928,29,309.547,725.391,88.783,264.093,0.773071,-1,-1,-1
928,31,1576.640,599.004,99.644,228.225,0.412894,-1,-1,-1
928,33,863.803,404.965,60.879,214.499,0.735915,-1,-1,-1
928,35,944.364,390.877,74.868,221.055,0.767696,-1,-1,-1
928,37,401.468,365.416,71.273,212.528,0.512760,-1,-1,-1
928,39,1269.555,823.590,105.217,255.740,0.777759,-1,-1,-1
928,40,1756.800,677.002,78.941,252.941,0.587290,-1,-1,-1
929,4,1719.915,457.193,75.779,209.262,0.607724,-1,-1,-1
929,3,908.925,956.004,74.602,124.997,0.730773,-1,-1,-1
929,29,311.065,727.808,88.594,265.020,0.794147,-1,-1,-1
929,31,1577.938,599.473,98.794,227.949,0.366071,-1,-1,-1
929,33,862.673,402.991,61.411,215.942,0.744108,-1,-1,-1
929,35,943.640,389.438,75.355,221.392,0.768944,-1,-1,-1
929,37,400.735,365.649,71.491,212.316,0.572170,-1,-1,-1
929,39,1267.473,819.122,105.365,259.783,0.777536,-1,-1,-1
929,40,1756.739,677.464,78.775,252.144,0.592788,-1,-1,-1
930,4,1720.249,457.317,75.741,209.175,0.597186,-1,-1,-1
930,3,908.001,955.613,74.938,125.288,0.719902,-1,-1,-1
930,29,312.781,729.908,87.414,262.586,0.774779,-1,-1,-1
930,31,1578.494,599.333,98.080,227.959,0.374445,-1,-1,-1
930,33,862.454,400.748,61.271,214.825,0.716557,-1,-1,-1
930,35,942.997,387.254,75.972,222.422,0.770235,-1,-1,-1
930,37,400.114,365.982,70.939,209.871,0.512525,-1,-1,-1
930,39,1265.691,815.325,105.945,264.905,0.795861,-1,-1,-1
930,40,1755.720,677.933,79.132,251.648,0.585176,-1,-1,-1
931,4,1720.326,457.325,75.710,208.925,0.565498,-1,-1,-1
931,3,908.632,955.941,75.033,125.023,0.731248,-1,-1,-1
931,29,314.845,731.726,86.285,259.793,0.785954,-1,-1,-1
931,31,1577.607,598.834,97.678,226.992,0.521436,-1,-1,-1
931,33,862.868,400.080,59.130,205.789,0.698498,-1,-1,-1
931,35,942.787,385.121,75.623,220.928,0.759128,-1,-1,-1
931,37,399.542,367.997,70.171,206.110,0.499240,-1,-1,-1
931,39,1264.060,811.175,106.144,269.566,0.784802,-1,-1,-1
931,40,1754.178,676.969,79.825,252.501,0.622799,-1,-1,-1
932,4,1720.568,457.090,75.817,209.457,0.577294,-1,-1,-1
932,3,908.945,955.613,75.362,125.375,0.731079,-1,-1,-1
932,29,316.862,732.919,85.268,257.286,0.778885,-1,-1,-1
932,31,1577.544,599.015,97.368,226.361,0.555789,-1,-1,-1
932,33,862.487,397.828,58.603,202.499,0.649590,-1,-1,-1
932,35,943.546,382.581,74.989,218.634,0.742651,-1,-1,-1
932,37,398.884,366.868,71.095,208.339,0.477599,-1,-1,-1
932,39,1262.697,806.672,106.318,274.266,0.790819,-1,-1,-1
932,40,1753.348,676.628,80.308,252.205,0.617046,-1,-1,-1
933,4,1720.535,456.949,75.814,209.767,0.554142,-1,-1,-1
933,3,909.188,955.542,75.579,125.454,0.742027,-1,-1,-1
933,29,318.225,734.328,85.148,257.010,0.794834,-1,-1,-1
933,31,1576.700,597.178,98.217,228.181,0.528042,-1,-1,-1
933,33,862.070,396.091,58.174,199.319,0.648869,-1,-1,-1
933,35,943.823,380.193,74.059,214.932,0.736636,-1,-1,-1
933,37,397.541,367.312,71.312,207.732,0.520267,-1,-1,-1
933,39,1262.315,803.212,105.231,275.634,0.775767,-1,-1,-1
933,40,1752.065,675.934,81.083,253.621,0.631696,-1,-1,-1
934,4,1720.547,456.900,75.777,210.040,0.578177,-1,-1,-1
934,3,909.253,955.049,76.028,125.951,0.752764,-1,-1,-1
934,29,319.436,735.565,85.035,256.288,0.804914,-1,-1,-1
934,31,1576.955,597.017,98.280,228.476,0.555469,-1,-1,-1
934,33,861.202,394.182,58.992,200.764,0.663277,-1,-1,-1
934,35,944.109,377.697,73.804,213.929,0.723421,-1,-1,-1
934,37,396.442,368.775,71.370,206.696,0.550610,-1,-1,-1
934,39,1262.036,800.148,103.357,274.517,0.778066,-1,-1,-1
934,40,1751.869,676.249,81.208,252.533,0.611018,-1,-1,-1
935,4,1720.963,457.228,75.541,209.575,0.575030,-1,-1,-1
935,3,908.993,954.690,76.364,126.310,0.740863,-1,-1,-1
935,29,320.906,737.070,85.390,256.163,0.827026,-1,-1,-1
935,31,1576.901,596.968,98.462,228.868,0.581489,-1,-1,-1
935,33,860.875,392.064,59.441,201.077,0.672895,-1,-1,-1
935,35,944.419,375.378,72.755,211.532,0.735122,-1,-1,-1
935,37,395.342,369.997,71.748,205.947,0.536723,-1,-1,-1
935,39,1262.234,797.182,101.859,273.870,0.768697,-1,-1,-1
935,40,1751.853,675.532,82.302,254.517,0.621011,-1,-1,-1
936,4,1721.140,456.989,75.128,209.034,0.562574,-1,-1,-1
936,3,908.846,953.398,76.851,127.195,0.726315,-1,-1,-1
936,29,322.132,738.000,85.518,254.870,0.821675,-1,-1,-1
936,31,1577.600,597.357,98.077,227.927,0.566380,-1,-1,-1
936,33,860.374,390.070,60.906,205.817,0.669360,-1,-1,-1
936,35,944.103,374.480,72.052,210.461,0.707359,-1,-1,-1
936,37,393.417,369.960,74.061,211.458,0.600378,-1,-1,-1
936,39,1261.671,794.044,101.983,277.521,0.768344,-1,-1,-1
936,40,1751.958,675.331,82.595,254.151,0.600632,-1,-1,-1
937,4,1721.441,457.338,74.904,208.973,0.553379,-1,-1,-1
937,3,909.060,953.423,77.018,127.423,0.743364,-1,-1,-1
937,29,323.493,739.087,85.962,253.756,0.836180,-1,-1,-1
937,31,1577.279,596.981,98.388,228.248,0.538605,-1,-1,-1
937,33,859.825,389.183,61.641,208.247,0.690333,-1,-1,-1
937,35,943.765,373.763,71.631,210.692,0.692767,-1,-1,-1
937,37,391.678,370.085,76.065,216.419,0.612329,-1,-1,-1
937,39,1260.850,791.621,101.758,279.709,0.777074,-1,-1,-1
937,40,1751.528,675.084,83.202,255.044,0.618651,-1,-1,-1
938,4,1721.177,457.623,74.843,208.911,0.574901,-1,-1,-1
938,3,909.519,952.665,77.361,128.279,0.752907,-1,-1,-1
938,29,324.166,739.762,87.051,254.506,0.832101,-1,-1,-1
938,31,1577.352,597.713,98.156,227.639,0.561774,-1,-1,-1
938,33,859.270,387.469,61.922,209.163,0.681052,-1,-1,-1
938,35,942.760,371.852,71.754,213.145,0.700030,-1,-1,-1
938,37,391.586,371.695,76.739,217.836,0.565335,-1,-1,-1
938,39,1259.199,789.066,101.904,283.227,0.785512,-1,-1,-1
938,40,1750.864,674.735,83.576,254.978,0.623813,-1,-1,-1
939,4,1721.103,457.512,74.928,209.724,0.556078,-1,-1,-1
939,3,910.930,951.793,77.589,129.188,0.723678,-1,-1,-1
939,29,323.958,740.856,88.508,257.083,0.830675,-1,-1,-1
939,31,1576.342,596.197,98.804,229.150,0.518642,-1,-1,-1
939,33,859.001,387.217,62.176,210.223,0.664774,-1,-1,-1
939,35,942.693,370.812,71.432,214.116,0.671390,-1,-1,-1
939,37,392.566,377.975,75.933,214.685,0.598405,-1,-1,-1
939,39,1258.278,786.886,101.464,285.055,0.789932,-1,-1,-1
939,40,1749.705,675.569,83.648,254.409,0.626966,-1,-1,-1
940,4,1721.115,457.251,74.844,209.896,0.559822,-1,-1,-1
940,3,911.405,950.700,77.889,130.295,0.761903,-1,-1,-1
940,29,323.648,741.904,90.098,260.950,0.825397,-1,-1,-1
940,31,1576.056,596.366,98.703,228.879,0.533244,-1,-1,-1
940,33,859.231,387.089,62.213,210.774,0.675904,-1,-1,-1
940,35,942.221,370.364,71.036,214.526,0.693577,-1,-1,-1
940,37,392.812,382.677,75.009,211.595,0.595639,-1,-1,-1
940,39,1256.676,785.304,100.578,285.778,0.785483,-1,-1,-1
940,40,1748.823,675.008,83.765,253.906,0.636077,-1,-1,-1
941,4,1720.726,457.444,74.580,209.096,0.579357,-1,-1,-1
941,3,911.802,949.658,78.209,131.342,0.750956,-1,-1,-1
941,29,323.558,743.946,92.116,266.647,0.818443,-1,-1,-1
941,31,1575.730,596.331,98.879,229.346,0.565748,-1,-1,-1
941,33,859.123,386.707,62.385,211.594,0.709658,-1,-1,-1
941,35,941.072,369.528,70.904,215.877,0.716957,-1,-1,-1
941,37,391.844,384.249,75.414,212.398,0.621548,-1,-1,-1
941,39,1254.962,783.997,100.167,287.820,0.784405,-1,-1,-1
941,40,1749.208,675.039,84.210,254.224,0.663417,-1,-1,-1
942,4,1720.657,457.228,74.756,209.867,0.555791,-1,-1,-1
942,3,912.251,948.493,78.440,132.509,0.762805,-1,-1,-1
942,29,323.827,747.424,92.777,268.594,0.817254,-1,-1,-1
942,31,1575.520,595.904,99.086,229.867,0.541595,-1,-1,-1
942,33,859.113,385.931,62.540,212.396,0.699961,-1,-1,-1
942,35,940.580,369.160,70.400,215.806,0.713147,-1,-1,-1
942,37,392.267,386.489,75.368,212.089,0.592146,-1,-1,-1
942,39,1253.523,783.600,99.111,287.389,0.777304,-1,-1,-1
942,40,1749.220,673.813,84.513,253.880,0.657119,-1,-1,-1
943,4,1720.641,457.303,74.542,209.495,0.567870,-1,-1,-1
943,3,912.767,946.995,78.783,134.008,0.755175,-1,-1,-1
943,29,324.521,751.021,92.465,267.433,0.818383,-1,-1,-1
943,31,1575.809,596.390,98.728,229.024,0.549311,-1,-1,-1
943,33,859.086,384.742,62.527,212.325,0.682867,-1,-1,-1
943,35,939.766,367.930,70.367,216.809,0.713246,-1,-1,-1
943,37,393.216,388.284,75.022,211.076,0.571812,-1,-1,-1
943,39,1252.358,782.747,98.089,287.105,0.774837,-1,-1,-1
943,40,1748.355,672.706,85.090,254.779,0.666228,-1,-1,-1
944,4,1720.490,457.411,74.573,210.126,0.565025,-1,-1,-1
944,3,913.876,945.639,79.024,135.363,0.734392,-1,-1,-1
944,29,325.187,754.611,91.550,264.421,0.822268,-1,-1,-1
944,31,1575.563,595.707,98.880,229.666,0.549014,-1,-1,-1
944,33,858.741,383.047,62.811,213.584,0.691725,-1,-1,-1
944,35,938.484,367.024,70.038,216.820,0.696737,-1,-1,-1
944,37,393.476,389.196,74.693,209.887,0.543957,-1,-1,-1
944,39,1250.887,780.763,97.432,287.224,0.773105,-1,-1,-1
944,40,1747.784,673.820,85.122,254.246,0.675866,-1,-1,-1
945,4,1720.192,457.059,74.776,211.028,0.542352,-1,-1,-1
945,3,914.577,944.785,79.006,136.217,0.756116,-1,-1,-1
945,29,325.208,757.312,91.394,264.034,0.823745,-1,-1,-1
945,31,1576.145,596.627,98.497,228.845,0.561183,-1,-1,-1
945,33,858.535,380.646,62.665,212.884,0.694047,-1,-1,-1
945,35,938.509,365.438,69.383,216.706,0.691922,-1,-1,-1
945,37,393.878,389.810,74.630,209.465,0.544914,-1,-1,-1
945,39,1249.775,778.388,97.090,288.681,0.764453,-1,-1,-1
945,40,1747.236,674.414,85.099,253.477,0.679027,-1,-1,-1
946,4,1720.502,457.941,74.166,209.198,0.569910,-1,-1,-1
946,3,916.087,944.425,78.547,136.577,0.757567,-1,-1,-1
946,29,325.363,760.401,91.484,264.511,0.821062,-1,-1,-1
946,31,1577.018,597.901,97.561,226.800,0.564232,-1,-1,-1
946,33,858.392,378.207,63.141,214.045,0.649991,-1,-1,-1
946,35,937.565,363.677,68.627,216.180,0.646132,-1,-1,-1
946,37,392.697,389.881,74.795,209.682,0.592757,-1,-1,-1
946,39,1248.826,775.873,95.270,284.699,0.775491,-1,-1,-1
946,40,1746.096,674.171,85.441,253.093,0.662318,-1,-1,-1
947,4,1720.492,458.528,73.984,208.916,0.571870,-1,-1,-1
947,3,916.622,942.875,78.711,138.127,0.754524,-1,-1,-1
947,29,324.816,761.811,92.206,266.962,0.823329,-1,-1,-1
947,31,1577.527,598.144,97.639,226.933,0.583602,-1,-1,-1
947,33,858.236,375.658,62.777,212.017,0.662571,-1,-1,-1
947,35,936.814,361.965,66.926,212.110,0.649815,-1,-1,-1
947,37,392.791,389.744,74.829,210.020,0.591318,-1,-1,-1
947,39,1247.943,772.809,93.903,281.954,0.763552,-1,-1,-1
947,40,1745.924,671.015,86.131,254.350,0.692201,-1,-1,-1
948,4,1720.419,458.329,73.899,208.994,0.573621,-1,-1,-1
948,3,917.362,941.403,78.866,139.599,0.753380,-1,-1,-1
948,29,323.800,763.725,92.563,268.740,0.827096,-1,-1,-1
948,31,1577.199,596.883,98.168,228.165,0.592313,-1,-1,-1
948,33,857.823,372.457,62.849,211.774,0.663263,-1,-1,-1
948,35,936.057,359.151,65.533,209.017,0.650911,-1,-1,-1
948,37,392.617,389.730,74.768,209.926,0.556545,-1,-1,-1
948,39,1246.535,769.914,92.304,278.882,0.773963,-1,-1,-1
948,40,1744.625,670.593,87.156,255.072,0.681644,-1,-1,-1
949,4,1720.309,457.931,73.774,208.940,0.577700,-1,-1,-1
949,3,918.386,940.278,78.787,140.723,0.738449,-1,-1,-1
949,29,323.916,765.142,92.354,268.549,0.821547,-1,-1,-1
949,31,1577.420,595.947,98.600,229.463,0.576474,-1,-1,-1
949,33,857.329,369.914,62.985,211.641,0.665888,-1,-1,-1
949,35,934.611,356.850,65.371,209.361,0.639568,-1,-1,-1
949,37,392.759,391.052,74.247,208.582,0.562610,-1,-1,-1
949,39,1246.166,765.597,90.636,275.349,0.764566,-1,-1,-1
949,40,1745.026,671.045,86.307,251.766,0.677244,-1,-1,-1
950,4,1720.350,457.359,74.000,209.886,0.572432,-1,-1,-1
950,3,919.298,938.664,78.767,142.338,0.754603,-1,-1,-1
950,29,323.288,766.274,91.896,267.677,0.822993,-1,-1,-1
950,31,1577.060,595.973,98.458,229.005,0.569039,-1,-1,-1
950,33,858.135,367.787,61.875,206.728,0.653239,-1,-1,-1
950,35,932.266,353.698,65.345,209.270,0.646351,-1,-1,-1
950,37,391.888,391.096,74.409,209.009,0.582475,-1,-1,-1
950,39,1245.914,760.828,88.246,268.780,0.769408,-1,-1,-1
950,40,1744.473,668.881,87.702,255.491,0.678118,-1,-1,-1
951,4,1720.273,457.139,74.210,210.768,0.572370,-1,-1,-1
951,3,919.739,937.753,78.508,143.249,0.762153,-1,-1,-1
951,29,323.082,767.778,91.331,266.110,0.816126,-1,-1,-1
951,31,1577.091,595.780,98.652,229.299,0.581101,-1,-1,-1
951,33,857.775,366.088,62.003,205.890,0.668316,-1,-1,-1
951,35,931.077,350.815,65.588,210.087,0.652460,-1,-1,-1
951,37,392.004,391.619,73.958,207.495,0.504411,-1,-1,-1
951,39,1244.880,755.914,87.363,266.763,0.767814,-1,-1,-1
951,40,1744.513,668.526,87.720,255.181,0.654878,-1,-1,-1
952,4,1720.074,457.283,74.183,210.967,0.572639,-1,-1,-1
952,3,920.819,936.909,78.204,144.092,0.772837,-1,-1,-1
952,29,322.977,769.276,90.865,264.971,0.804504,-1,-1,-1
952,31,1577.120,596.654,98.488,228.369,0.572900,-1,-1,-1
952,33,857.263,364.653,62.372,205.778,0.691939,-1,-1,-1
952,35,930.230,348.308,66.041,211.782,0.692969,-1,-1,-1
952,37,392.748,391.794,73.683,206.881,0.518916,-1,-1,-1
952,39,1243.069,752.492,87.328,266.884,0.763104,-1,-1,-1
952,40,1744.273,668.777,88.329,256.193,0.667611,-1,-1,-1
953,4,1720.236,457.786,73.875,209.999,0.568345,-1,-1,-1
953,3,922.041,936.223,77.835,144.778,0.779143,-1,-1,-1
953,29,322.417,770.840,90.309,263.531,0.813804,-1,-1,-1
953,31,1577.342,595.880,98.819,229.003,0.608146,-1,-1,-1
953,33,856.385,363.259,63.184,206.630,0.684715,-1,-1,-1
953,35,928.877,346.946,66.124,211.690,0.708989,-1,-1,-1
953,37,392.540,394.371,74.064,207.661,0.556164,-1,-1,-1
953,39,1241.945,750.875,86.970,265.987,0.780705,-1,-1,-1
953,40,1744.127,669.194,88.453,255.770,0.671725,-1,-1,-1
954,4,1720.661,457.636,73.794,209.768,0.579984,-1,-1,-1
954,3,922.866,935.521,77.450,145.480,0.764719,-1,-1,-1
954,29,322.890,772.378,89.732,262.129,0.817963,-1,-1,-1
954,31,1577.493,597.079,98.506,228.249,0.578682,-1,-1,-1
954,33,855.368,361.791,63.873,207.650,0.671587,-1,-1,-1
954,35,927.642,345.959,66.372,211.738,0.707358,-1,-1,-1
954,37,391.048,395.149,75.091,210.118,0.611296,-1,-1,-1
954,39,1239.741,749.278,87.242,266.276,0.778096,-1,-1,-1
954,40,1744.140,670.121,88.505,255.139,0.683599,-1,-1,-1
955,4,1720.408,457.163,74.046,210.270,0.574731,-1,-1,-1
955,3,923.577,935.167,76.812,145.834,0.777495,-1,-1,-1
955,29,323.069,774.006,89.089,260.368,0.819000,-1,-1,-1
955,31,1577.303,595.396,99.098,229.654,0.588609,-1,-1,-1
955,33,854.830,361.168,64.393,208.494,0.666579,-1,-1,-1
955,35,927.446,344.793,66.675,211.864,0.688145,-1,-1,-1
955,37,390.889,397.360,75.984,212.114,0.580800,-1,-1,-1
955,39,1238.172,747.103,87.695,267.792,0.788595,-1,-1,-1
955,40,1744.107,669.675,88.456,254.313,0.673689,-1,-1,-1
956,4,1720.662,457.415,74.000,210.216,0.583270,-1,-1,-1
956,3,924.023,934.502,76.485,146.499,0.781537,-1,-1,-1
956,29,322.882,774.473,88.806,259.491,0.828935,-1,-1,-1
956,31,1578.598,595.634,98.720,229.339,0.554504,-1,-1,-1
956,33,853.847,361.055,65.050,209.824,0.658756,-1,-1,-1
956,35,926.582,344.532,67.771,214.205,0.692928,-1,-1,-1
956,37,390.823,400.697,76.237,212.549,0.605602,-1,-1,-1
956,39,1236.079,745.014,88.006,268.962,0.790449,-1,-1,-1
956,40,1743.858,669.010,88.657,254.181,0.659184,-1,-1,-1
957,4,1720.368,457.242,74.024,210.177,0.569927,-1,-1,-1
957,3,924.558,934.084,76.170,146.917,0.778190,-1,-1,-1
957,29,322.719,775.145,88.695,259.411,0.834518,-1,-1,-1
957,31,1580.085,594.703,98.555,230.227,0.567969,-1,-1,-1
957,33,853.175,361.409,64.827,208.187,0.674494,-1,-1,-1
957,35,924.971,344.427,68.538,214.821,0.691934,-1,-1,-1
957,37,389.944,404.324,76.578,213.171,0.614527,-1,-1,-1
957,39,1235.722,743.769,85.919,260.291,0.751484,-1,-1,-1
957,40,1743.194,670.121,88.516,251.873,0.670684,-1,-1,-1
958,4,1720.286,456.971,74.172,210.503,0.579950,-1,-1,-1
958,3,925.308,933.674,75.862,147.327,0.784676,-1,-1,-1
958,29,322.325,776.115,89.353,261.982,0.828262,-1,-1,-1
958,31,1580.290,595.935,97.746,228.751,0.544141,-1,-1,-1
958,33,852.582,360.951,65.047,207.874,0.678904,-1,-1,-1
958,35,925.405,344.208,69.105,215.381,0.693716,-1,-1,-1
958,37,388.785,406.030,77.258,215.058,0.599439,-1,-1,-1
958,39,1234.353,742.507,86.213,259.697,0.756289,-1,-1,-1
958,40,1742.584,669.123,89.582,253.508,0.661711,-1,-1,-1
959,4,1720.350,457.337,73.899,209.503,0.578614,-1,-1,-1
959,3,925.920,933.621,75.404,147.380,0.784963,-1,-1,-1
959,29,321.933,778.087,89.411,262.871,0.796594,-1,-1,-1
959,31,1580.636,597.105,97.125,228.032,0.563949,-1,-1,-1
959,33,852.716,360.148,64.812,206.011,0.678929,-1,-1,-1
959,35,925.725,343.860,69.481,216.007,0.684488,-1,-1,-1
959,37,387.846,409.208,76.981,214.137,0.606558,-1,-1,-1
959,39,1233.125,741.396,85.029,253.137,0.757431,-1,-1,-1
959,40,1742.690,669.456,89.152,252.307,0.647076,-1,-1,-1
960,4,1720.257,456.736,74.244,210.349,0.589553,-1,-1,-1
960,3,926.416,933.207,75.202,147.793,0.789130,-1,-1,-1
960,29,321.724,780.393,89.210,262.981,0.803762,-1,-1,-1
960,31,1580.142,594.422,98.068,230.534,0.577960,-1,-1,-1
960,33,852.028,357.254,65.268,206.878,0.689360,-1,-1,-1
960,35,925.795,342.512,69.711,216.243,0.697064,-1,-1,-1
960,37,390.491,412.842,76.042,211.981,0.533589,-1,-1,-1
960,39,1229.825,739.807,86.666,255.952,0.792323,-1,-1,-1
960,40,1743.172,669.710,89.285,252.213,0.683177,-1,-1,-1
961,4,1720.497,456.580,74.358,210.536,0.597608,-1,-1,-1
961,3,926.932,932.832,74.950,148.168,0.779128,-1,-1,-1
961,29,322.274,784.482,88.509,261.590,0.818392,-1,-1,-1
961,31,1579.046,594.473,98.139,230.357,0.543656,-1,-1,-1
961,33,850.895,354.033,65.058,205.843,0.686760,-1,-1,-1
961,35,925.931,341.329,70.105,217.015,0.691897,-1,-1,-1
961,37,391.232,414.016,75.721,211.398,0.570705,-1,-1,-1
961,39,1226.885,737.598,87.489,256.021,0.776955,-1,-1,-1
961,40,1743.207,670.583,89.493,252.334,0.677606,-1,-1,-1
962,4,1720.407,456.454,74.118,209.888,0.594788,-1,-1,-1
962,3,927.423,932.802,74.615,148.198,0.787744,-1,-1,-1
962,29,322.510,787.340,87.945,260.558,0.829469,-1,-1,-1
962,31,1578.375,592.185,99.229,232.606,0.547416,-1,-1,-1
962,33,850.385,351.046,64.655,203.851,0.683164,-1,-1,-1
962,35,926.656,339.596,70.128,216.720,0.687238,-1,-1,-1
962,37,392.486,416.087,74.975,209.576,0.532952,-1,-1,-1
962,39,1224.509,734.249,88.019,255.989,0.765048,-1,-1,-1
962,40,1742.748,667.970,91.402,257.704,0.672024,-1,-1,-1
963,4,1720.466,456.342,74.102,209.816,0.575818,-1,-1,-1
963,3,927.920,932.651,74.341,148.349,0.777310,-1,-1,-1
963,29,323.056,790.263,88.451,262.819,0.818260,-1,-1,-1
963,31,1577.612,592.469,99.662,232.477,0.552603,-1,-1,-1
963,33,849.869,349.082,64.404,203.103,0.676727,-1,-1,-1
963,35,925.829,337.345,70.523,217.991,0.682584,-1,-1,-1
963,37,392.827,416.700,74.755,209.132,0.555448,-1,-1,-1
963,39,1221.748,731.360,89.294,259.272,0.767435,-1,-1,-1
963,40,1742.993,668.813,90.753,255.389,0.663635,-1,-1,-1
964,4,1720.137,456.612,74.180,210.099,0.569147,-1,-1,-1
964,3,928.074,932.831,73.993,148.169,0.784309,-1,-1,-1
964,29,323.447,793.178,89.206,266.647,0.826785,-1,-1,-1
964,31,1576.674,590.575,100.658,234.794,0.543026,-1,-1,-1
964,33,848.861,347.592,64.105,202.479,0.654876,-1,-1,-1
964,35,924.934,334.999,70.469,217.520,0.662168,-1,-1,-1
964,37,392.919,417.771,74.324,208.006,0.566602,-1,-1,-1
964,39,1218.881,728.460,91.125,265.747,0.778460,-1,-1,-1
964,40,1742.665,666.802,91.542,257.532,0.671589,-1,-1,-1
965,4,1720.481,456.739,73.993,209.448,0.591961,-1,-1,-1
965,3,928.326,932.767,73.743,148.146,0.778237,-1,-1,-1
965,29,323.942,796.068,90.120,271.367,0.825805,-1,-1,-1
965,31,1576.496,590.425,100.717,234.952,0.598378,-1,-1,-1
965,33,848.849,345.273,63.401,201.173,0.657992,-1,-1,-1
965,35,925.495,332.579,69.837,214.909,0.682641,-1,-1,-1
965,37,393.021,418.481,73.853,206.828,0.565748,-1,-1,-1
965,39,1217.157,724.431,91.116,266.278,0.790180,-1,-1,-1
965,40,1743.367,669.221,91.001,255.407,0.687071,-1,-1,-1
965,41,321.948,429.046,62.441,194.414,0.612922,-1,-1,-1
966,4,1720.190,456.852,74.091,209.759,0.574388,-1,-1,-1
966,3,928.419,933.000,73.525,147.967,0.773755,-1,-1,-1
966,29,324.594,798.835,90.537,275.206,0.830408,-1,-1,-1
966,31,1576.676,591.337,100.477,233.837,0.605579,-1,-1,-1
966,33,848.975,343.710,62.914,200.388,0.673931,-1,-1,-1
966,35,926.441,331.101,68.397,209.571,0.701697,-1,-1,-1
966,37,390.790,416.638,74.645,208.705,0.552360,-1,-1,-1
966,39,1216.848,720.768,89.793,262.227,0.783094,-1,-1,-1
966,40,1743.845,670.038,91.063,255.157,0.688761,-1,-1,-1
966,41,322.744,433.911,60.978,189.553,0.608226,-1,-1,-1
967,4,1720.087,456.811,74.186,210.077,0.581914,-1,-1,-1
967,3,928.454,933.000,73.460,147.988,0.777062,-1,-1,-1
967,29,325.934,800.415,89.634,274.712,0.797917,-1,-1,-1
967,31,1576.232,591.299,100.849,233.791,0.591695,-1,-1,-1
967,33,849.429,341.858,63.035,201.644,0.683693,-1,-1,-1
967,35,927.439,329.349,67.924,207.836,0.708064,-1,-1,-1
967,37,392.489,418.899,73.479,205.695,0.548027,-1,-1,-1
967,39,1216.649,716.960,89.163,260.945,0.785987,-1,-1,-1
967,40,1743.442,670.787,90.866,254.359,0.712146,-1,-1,-1
967,41,320.568,434.291,61.629,190.769,0.586469,-1,-1,-1
968,4,1719.829,456.939,74.253,210.442,0.583597,-1,-1,-1
968,3,928.159,932.647,73.528,148.349,0.781044,-1,-1,-1
968,29,327.539,801.531,89.269,275.252,0.796637,-1,-1,-1
968,31,1576.204,590.582,101.359,234.595,0.614747,-1,-1,-1
968,33,848.580,340.548,63.420,203.521,0.694097,-1,-1,-1
968,35,927.895,326.758,68.022,207.925,0.723426,-1,-1,-1
968,37,393.683,419.830,72.785,203.988,0.553175,-1,-1,-1
968,39,1215.412,713.639,89.294,261.728,0.783943,-1,-1,-1
968,40,1742.948,670.029,91.513,255.498,0.695680,-1,-1,-1
968,41,318.695,434.452,62.162,191.261,0.584564,-1,-1,-1
969,4,1719.739,457.284,74.189,210.462,0.589071,-1,-1,-1
969,3,927.997,932.924,73.233,148.075,0.781751,-1,-1,-1
969,29,329.399,803.096,88.584,274.105,0.783313,-1,-1,-1
969,31,1576.730,591.283,101.463,233.826,0.618423,-1,-1,-1
969,33,848.318,339.612,63.610,205.188,0.695783,-1,-1,-1
969,35,928.226,325.018,67.926,207.518,0.728106,-1,-1,-1
969,37,394.186,421.568,72.320,202.914,0.521278,-1,-1,-1
969,39,1214.167,710.536,89.936,263.634,0.781674,-1,-1,-1
969,40,1742.322,669.499,91.404,254.632,0.697723,-1,-1,-1
969,41,315.955,434.280,63.139,191.866,0.569431,-1,-1,-1
970,4,1719.837,456.936,74.063,210.198,0.587967,-1,-1,-1
970,3,927.620,932.932,73.090,148.068,0.780955,-1,-1,-1
970,29,331.101,804.612,88.014,272.844,0.793590,-1,-1,-1
970,31,1577.204,592.226,101.379,233.110,0.618671,-1,-1,-1
970,33,848.180,339.136,63.577,206.064,0.699545,-1,-1,-1
970,35,928.041,324.023,67.818,207.841,0.703232,-1,-1,-1
970,37,391.804,419.302,74.482,208.814,0.519415,-1,-1,-1
970,39,1212.788,708.456,90.692,265.909,0.781111,-1,-1,-1
970,40,1742.105,669.370,91.290,253.558,0.694177,-1,-1,-1
970,41,313.446,436.558,63.537,189.488,0.456124,-1,-1,-1
971,4,1720.118,457.080,74.199,210.489,0.586033,-1,-1,-1
971,3,927.373,933.220,72.798,147.781,0.779307,-1,-1,-1
971,29,331.898,805.130,87.974,271.986,0.787112,-1,-1,-1
971,31,1577.148,591.663,101.821,233.646,0.585297,-1,-1,-1
971,33,847.954,338.686,63.641,207.434,0.705259,-1,-1,-1
971,35,928.085,323.454,67.574,207.661,0.711702,-1,-1,-1
971,37,392.187,422.631,75.583,212.440,0.519633,-1,-1,-1
971,39,1211.105,707.397,91.283,267.897,0.793236,-1,-1,-1
971,40,1741.857,670.823,90.986,252.368,0.685173,-1,-1,-1
971,41,312.077,436.305,64.922,189.989,0.381306,-1,-1,-1
972,4,1720.393,456.927,73.974,209.999,0.587030,-1,-1,-1
972,3,926.925,933.460,72.402,147.540,0.763745,-1,-1,-1
972,29,332.840,805.910,88.062,270.532,0.770353,-1,-1,-1
972,31,1576.959,591.381,102.030,233.741,0.574158,-1,-1,-1
972,33,847.801,338.567,63.530,208.205,0.676321,-1,-1,-1
972,35,927.946,322.842,67.267,207.224,0.694810,-1,-1,-1
972,37,389.686,420.824,76.940,215.895,0.528101,-1,-1,-1
972,39,1209.294,706.962,91.626,268.654,0.789761,-1,-1,-1
972,40,1741.655,670.192,91.766,254.479,0.696751,-1,-1,-1
972,41,320.939,438.255,64.018,188.057,0.357151,-1,-1,-1
973,4,1720.044,456.844,74.129,210.467,0.575214,-1,-1,-1
973,3,926.735,934.224,71.907,146.777,0.777639,-1,-1,-1
973,29,333.875,807.351,88.156,268.164,0.773814,-1,-1,-1
973,31,1576.757,591.842,102.074,233.422,0.606666,-1,-1,-1
973,33,847.521,337.381,63.381,208.230,0.685769,-1,-1,-1
973,35,927.869,322.309,67.051,207.266,0.698648,-1,-1,-1
973,37,388.778,420.704,77.783,218.471,0.547593,-1,-1,-1
973,39,1207.295,705.756,91.484,268.829,0.794069,-1,-1,-1
973,40,1741.782,669.617,91.930,254.539,0.694051,-1,-1,-1
973,41,324.074,436.891,64.420,190.647,0.468740,-1,-1,-1
974,4,1719.945,456.501,73.887,210.098,0.548137,-1,-1,-1
974,3,926.098,933.937,71.771,147.063,0.769357,-1,-1,-1
974,29,334.185,808.421,88.761,266.929,0.768276,-1,-1,-1
974,31,1577.362,590.614,102.460,234.460,0.629425,-1,-1,-1
974,33,847.490,336.367,63.274,208.565,0.666607,-1,-1,-1
974,35,927.394,322.203,66.797,207.044,0.710538,-1,-1,-1
974,37,388.098,422.412,77.824,219.035,0.567582,-1,-1,-1
974,39,1205.925,704.046,91.802,270.041,0.796467,-1,-1,-1
974,40,1741.658,671.040,91.643,253.537,0.688514,-1,-1,-1
974,41,325.382,437.179,64.016,190.675,0.475741,-1,-1,-1
975,4,1719.702,456.238,74.060,210.653,0.584310,-1,-1,-1
975,3,925.244,934.474,71.366,146.527,0.759467,-1,-1,-1
975,29,334.381,809.900,89.289,265.177,0.780198,-1,-1,-1
975,31,1578.167,590.698,102.360,234.444,0.604686,-1,-1,-1
975,33,847.226,334.616,63.130,208.609,0.663968,-1,-1,-1
975,35,926.793,321.684,66.958,208.474,0.690791,-1,-1,-1
975,37,388.074,424.443,77.622,218.666,0.570282,-1,-1,-1
975,39,1203.908,703.093,91.617,270.375,0.791393,-1,-1,-1
975,40,1740.777,670.441,92.368,254.347,0.691759,-1,-1,-1
975,41,325.630,438.196,63.682,190.933,0.497329,-1,-1,-1
976,4,1720.167,457.688,73.546,209.176,0.569789,-1,-1,-1
976,3,924.427,934.862,70.936,146.138,0.733726,-1,-1,-1
976,29,334.581,812.020,90.152,264.535,0.774199,-1,-1,-1
976,31,1578.816,589.964,102.470,235.066,0.603944,-1,-1,-1
976,33,847.189,333.320,62.310,205.921,0.672603,-1,-1,-1
976,35,925.478,321.118,67.380,210.589,0.692633,-1,-1,-1
976,37,388.175,426.756,77.458,218.762,0.574635,-1,-1,-1
976,39,1201.743,701.568,91.478,270.513,0.803783,-1,-1,-1
976,40,1740.695,671.726,92.265,252.708,0.711183,-1,-1,-1
976,41,324.998,438.059,63.451,191.177,0.509106,-1,-1,-1
977,4,1720.102,457.630,73.743,209.869,0.557796,-1,-1,-1
977,3,923.097,934.767,70.900,146.233,0.740466,-1,-1,-1
977,29,334.617,814.207,91.476,265.290,0.784301,-1,-1,-1
977,31,1578.540,589.410,102.855,235.903,0.610660,-1,-1,-1
977,33,847.230,331.533,61.659,203.714,0.666468,-1,-1,-1
977,35,923.194,318.890,67.842,213.061,0.680360,-1,-1,-1
977,37,387.753,429.089,76.907,217.488,0.571117,-1,-1,-1
977,39,1199.964,699.546,91.654,272.737,0.790532,-1,-1,-1
977,40,1740.093,670.841,92.634,252.644,0.713405,-1,-1,-1
977,41,324.294,437.748,64.275,193.890,0.486453,-1,-1,-1
978,4,1720.292,458.240,73.515,209.170,0.543978,-1,-1,-1
978,3,922.499,935.188,70.480,145.812,0.736382,-1,-1,-1
978,29,334.591,816.900,91.928,264.080,0.792004,-1,-1,-1
978,31,1578.534,590.067,102.575,235.229,0.609202,-1,-1,-1
978,33,847.153,329.377,60.969,200.704,0.666533,-1,-1,-1
978,35,922.808,317.900,67.288,212.027,0.679301,-1,-1,-1
978,37,387.663,430.638,76.386,216.741,0.547142,-1,-1,-1
978,39,1198.124,697.021,91.453,273.920,0.788243,-1,-1,-1
978,40,1739.505,670.850,92.910,252.706,0.710032,-1,-1,-1
978,41,323.534,439.337,65.000,195.593,0.435976,-1,-1,-1
979,4,1719.885,457.861,73.669,209.693,0.530944,-1,-1,-1
979,3,921.986,935.799,69.948,145.202,0.740011,-1,-1,-1
979,29,335.054,819.443,92.007,262.039,0.807637,-1,-1,-1
979,31,1577.873,590.996,102.258,233.981,0.614283,-1,-1,-1
979,33,847.013,326.620,60.669,199.006,0.650364,-1,-1,-1
979,35,922.410,316.996,66.370,209.871,0.680967,-1,-1,-1
979,37,388.302,432.706,75.878,215.510,0.597782,-1,-1,-1
979,39,1197.363,693.514,91.404,275.623,0.789813,-1,-1,-1
979,40,1739.344,670.367,93.249,252.804,0.705665,-1,-1,-1
979,41,317.971,440.041,67.581,199.622,0.516072,-1,-1,-1
980,4,1720.360,457.804,73.436,209.291,0.546454,-1,-1,-1
980,3,921.203,936.598,69.275,144.403,0.751444,-1,-1,-1
980,29,334.863,822.623,91.687,258.989,0.820641,-1,-1,-1
980,31,1577.422,591.528,102.488,233.687,0.625812,-1,-1,-1
980,33,846.424,325.442,60.479,198.376,0.629885,-1,-1,-1
980,35,921.883,315.829,65.748,208.681,0.686110,-1,-1,-1
980,37,388.571,433.086,76.017,216.208,0.637437,-1,-1,-1
980,39,1197.699,689.657,90.231,273.193,0.773383,-1,-1,-1
980,40,1739.624,669.176,94.072,254.224,0.696587,-1,-1,-1
980,41,314.829,439.535,70.473,205.701,0.604492,-1,-1,-1
981,4,1720.332,457.739,73.627,209.610,0.547544,-1,-1,-1
981,3,920.636,937.329,68.712,143.671,0.743826,-1,-1,-1
981,29,334.962,826.377,91.159,255.230,0.824155,-1,-1,-1
981,31,1577.208,591.341,102.834,234.041,0.627943,-1,-1,-1
981,33,845.502,323.602,60.663,199.312,0.614338,-1,-1,-1
981,35,920.758,314.237,65.259,207.625,0.662987,-1,-1,-1
981,37,388.122,434.098,75.696,215.872,0.530097,-1,-1,-1
981,39,1197.573,685.900,88.404,268.237,0.778581,-1,-1,-1
981,40,1739.859,670.156,93.438,253.038,0.698932,-1,-1,-1
981,41,314.175,440.994,71.536,206.661,0.514223,-1,-1,-1
982,4,1720.536,458.045,73.528,209.262,0.540743,-1,-1,-1
982,3,919.703,938.050,68.305,142.951,0.742090,-1,-1,-1
982,29,334.925,829.778,90.628,251.779,0.821101,-1,-1,-1
982,31,1577.484,591.048,103.090,233.911,0.624420,-1,-1,-1
982,33,844.187,320.933,60.857,198.484,0.602392,-1,-1,-1
982,35,921.372,312.142,64.150,204.840,0.653572,-1,-1,-1
982,37,390.382,440.359,73.401,209.739,0.509048,-1,-1,-1
982,39,1197.031,682.128,87.235,264.985,0.770303,-1,-1,-1
982,40,1739.586,669.498,94.168,254.143,0.703043,-1,-1,-1
982,41,314.425,443.353,72.355,207.383,0.483733,-1,-1,-1
983,4,1720.767,457.875,73.769,209.997,0.533958,-1,-1,-1
983,3,918.397,938.656,68.006,142.345,0.738934,-1,-1,-1
983,29,334.312,833.230,89.911,248.266,0.825888,-1,-1,-1
983,31,1577.255,590.205,103.661,234.816,0.606501,-1,-1,-1
983,33,842.522,318.852,62.349,202.759,0.648736,-1,-1,-1
983,35,921.912,310.139,63.761,204.556,0.671153,-1,-1,-1
983,37,389.077,438.108,74.068,212.549,0.504360,-1,-1,-1
983,39,1196.433,678.852,85.613,259.231,0.763637,-1,-1,-1
983,40,1739.551,671.139,93.020,251.815,0.679317,-1,-1,-1
983,41,312.906,446.264,72.419,206.622,0.506760,-1,-1,-1
984,4,1720.670,458.350,73.934,210.170,0.540918,-1,-1,-1
984,3,918.234,939.526,67.547,141.474,0.736974,-1,-1,-1
984,29,333.781,835.668,89.634,245.769,0.825656,-1,-1,-1
984,31,1576.941,587.993,104.682,236.824,0.621888,-1,-1,-1
984,33,842.342,317.885,62.655,201.962,0.654157,-1,-1,-1
984,35,921.792,309.083,63.369,203.768,0.678540,-1,-1,-1
984,37,391.502,442.932,72.048,207.336,0.521392,-1,-1,-1
984,39,1195.980,675.181,85.084,256.466,0.755233,-1,-1,-1
984,40,1740.157,670.466,93.132,252.344,0.693979,-1,-1,-1
984,41,312.772,450.422,71.831,204.325,0.461987,-1,-1,-1
985,4,1720.966,458.974,73.749,209.224,0.518042,-1,-1,-1
985,3,916.917,940.694,67.074,140.306,0.729384,-1,-1,-1
985,29,333.214,837.516,89.540,243.867,0.815782,-1,-1,-1
985,31,1577.097,588.248,104.866,236.642,0.609974,-1,-1,-1
985,33,841.475,317.061,63.365,201.926,0.629124,-1,-1,-1
985,35,921.219,307.024,63.424,204.405,0.660895,-1,-1,-1
985,37,391.738,444.862,71.436,205.721,0.531621,-1,-1,-1
985,39,1194.342,671.926,86.115,258.590,0.766066,-1,-1,-1
985,40,1739.946,671.431,92.482,251.300,0.674772,-1,-1,-1
985,41,310.242,455.684,69.941,196.903,0.434430,-1,-1,-1
986,4,1721.331,458.724,73.669,208.980,0.496613,-1,-1,-1
986,3,916.352,941.428,66.785,139.572,0.713767,-1,-1,-1
986,29,332.893,838.683,89.604,242.651,0.798391,-1,-1,-1
986,31,1576.647,586.140,105.979,238.908,0.614474,-1,-1,-1
986,33,840.578,317.226,64.411,204.696,0.641988,-1,-1,-1
986,35,920.847,305.030,63.740,205.577,0.664129,-1,-1,-1
986,37,392.015,445.970,71.164,205.256,0.541707,-1,-1,-1
986,39,1192.814,668.973,86.093,257.809,0.754357,-1,-1,-1
986,40,1740.072,671.288,92.546,251.989,0.685726,-1,-1,-1
986,41,307.993,458.846,69.733,193.845,0.442161,-1,-1,-1
987,4,1721.060,458.540,73.875,209.268,0.507082,-1,-1,-1
987,3,914.767,941.802,66.809,139.198,0.714199,-1,-1,-1
987,29,332.659,840.010,89.471,241.283,0.783448,-1,-1,-1
987,31,1576.197,586.352,106.107,239.013,0.624973,-1,-1,-1
987,33,839.497,316.444,64.829,203.758,0.632672,-1,-1,-1
987,35,920.772,303.375,63.893,205.533,0.675986,-1,-1,-1
987,37,391.913,446.445,71.187,205.562,0.545677,-1,-1,-1
987,39,1192.480,667.025,86.205,257.735,0.751652,-1,-1,-1
987,40,1740.426,671.422,92.344,251.833,0.677636,-1,-1,-1
987,41,306.492,459.157,70.726,194.377,0.465771,-1,-1,-1
988,4,1721.446,458.727,74.067,209.744,0.512973,-1,-1,-1
988,3,914.223,942.273,66.602,138.727,0.718066,-1,-1,-1
988,29,332.177,841.290,89.396,239.966,0.776380,-1,-1,-1
988,31,1576.150,586.829,105.870,238.518,0.624059,-1,-1,-1
988,33,838.830,315.666,65.566,204.341,0.624934,-1,-1,-1
988,35,920.867,302.032,64.613,207.337,0.650745,-1,-1,-1
988,37,389.346,443.518,73.228,211.677,0.569615,-1,-1,-1
988,39,1191.443,665.487,86.500,258.116,0.725513,-1,-1,-1
988,40,1740.428,670.459,92.435,252.430,0.680038,-1,-1,-1
988,41,304.905,460.294,71.427,194.165,0.469585,-1,-1,-1
989,4,1722.103,459.531,73.946,208.887,0.489924,-1,-1,-1
989,3,913.087,942.643,66.416,138.357,0.706029,-1,-1,-1
989,29,331.853,842.942,89.313,238.282,0.770372,-1,-1,-1
989,31,1576.125,586.011,106.097,239.418,0.646356,-1,-1,-1
989,33,838.291,314.588,65.981,204.105,0.620896,-1,-1,-1
989,35,920.992,301.336,65.036,207.872,0.621517,-1,-1,-1
989,37,388.123,443.911,74.462,216.049,0.614615,-1,-1,-1
989,39,1191.257,664.875,84.047,248.760,0.723119,-1,-1,-1
989,40,1740.770,670.553,92.377,252.566,0.684100,-1,-1,-1
989,41,303.690,461.186,71.984,193.876,0.484506,-1,-1,-1
990,4,1722.814,458.918,73.986,208.506,0.516567,-1,-1,-1
990,3,911.594,942.828,66.372,138.172,0.707659,-1,-1,-1
990,29,331.474,844.631,89.236,236.565,0.777190,-1,-1,-1
990,31,1575.442,586.006,106.062,239.406,0.641240,-1,-1,-1
990,33,838.040,313.599,66.584,204.608,0.635694,-1,-1,-1
990,35,921.677,301.067,64.976,207.098,0.608952,-1,-1,-1
990,37,388.002,445.339,74.776,217.563,0.631629,-1,-1,-1
990,39,1190.415,664.112,82.340,242.063,0.708917,-1,-1,-1
990,40,1740.547,669.868,92.304,252.963,0.672327,-1,-1,-1
990,41,302.520,461.347,72.712,194.416,0.483636,-1,-1,-1
991,4,1722.680,459.010,74.466,208.656,0.516422,-1,-1,-1
991,3,911.148,943.669,66.042,137.331,0.729518,-1,-1,-1
991,29,331.079,846.183,89.160,234.988,0.779376,-1,-1,-1
991,31,1575.965,586.404,106.130,239.118,0.662537,-1,-1,-1
991,33,837.928,312.812,66.568,203.527,0.616167,-1,-1,-1
991,35,921.354,300.386,65.924,210.308,0.566854,-1,-1,-1
991,37,387.039,446.120,75.306,219.742,0.590864,-1,-1,-1
991,39,1188.393,662.208,85.211,250.381,0.737368,-1,-1,-1
991,40,1739.629,669.144,92.482,254.074,0.691131,-1,-1,-1
991,41,301.879,460.474,73.333,194.917,0.432420,-1,-1,-1
992,4,1722.449,459.034,74.909,208.523,0.546514,-1,-1,-1
992,3,910.302,944.129,65.891,136.871,0.729066,-1,-1,-1
992,29,330.717,847.667,89.015,233.483,0.783792,-1,-1,-1
992,31,1576.355,586.105,106.297,239.333,0.679449,-1,-1,-1
992,33,838.030,312.000,65.514,199.049,0.617297,-1,-1,-1
992,35,921.052,300.543,66.195,210.979,0.610845,-1,-1,-1
992,37,386.128,448.748,74.980,219.035,0.612638,-1,-1,-1
992,39,1185.637,660.700,86.989,255.771,0.723221,-1,-1,-1
992,40,1739.490,669.487,92.234,254.258,0.679127,-1,-1,-1
992,41,301.961,458.936,74.202,196.283,0.475970,-1,-1,-1
993,4,1722.003,458.421,75.619,209.809,0.523994,-1,-1,-1
993,3,910.087,944.852,65.732,136.148,0.739717,-1,-1,-1
993,29,330.458,848.946,88.906,232.186,0.781624,-1,-1,-1
993,31,1576.240,586.279,106.197,238.919,0.682495,-1,-1,-1
993,33,838.378,311.338,65.303,197.970,0.612666,-1,-1,-1
993,35,921.506,299.934,66.025,211.154,0.586850,-1,-1,-1
993,37,384.887,452.304,74.996,218.967,0.613635,-1,-1,-1
993,39,1184.398,659.269,86.720,254.408,0.707197,-1,-1,-1
993,40,1740.181,668.807,92.477,255.282,0.682723,-1,-1,-1
993,41,303.724,461.619,73.781,194.512,0.512003,-1,-1,-1
994,4,1721.728,458.874,75.929,209.528,0.542648,-1,-1,-1
994,3,909.317,945.047,66.042,135.953,0.734542,-1,-1,-1
994,29,330.565,850.841,88.364,230.274,0.784957,-1,-1,-1
994,31,1576.427,586.286,106.143,238.943,0.677319,-1,-1,-1
994,33,838.619,308.997,65.543,199.638,0.628614,-1,-1,-1
994,35,922.888,298.644,65.847,210.521,0.590508,-1,-1,-1
994,37,383.469,454.917,74.769,217.806,0.619728,-1,-1,-1
994,39,1182.337,657.133,87.937,258.200,0.717333,-1,-1,-1
994,40,1740.728,670.861,92.615,253.989,0.676858,-1,-1,-1
994,41,305.178,463.548,73.608,194.308,0.531889,-1,-1,-1
995,4,1721.873,459.168,76.074,208.993,0.549450,-1,-1,-1
995,3,908.947,945.626,66.086,135.374,0.733104,-1,-1,-1
995,29,331.369,853.246,87.742,227.854,0.777826,-1,-1,-1
995,31,1576.853,587.126,105.600,238.088,0.663219,-1,-1,-1
995,33,839.530,307.182,64.594,197.333,0.583647,-1,-1,-1
995,35,923.116,296.756,65.920,210.517,0.585614,-1,-1,-1
995,37,382.819,456.408,74.819,217.901,0.615837,-1,-1,-1
995,39,1179.550,655.276,86.684,254.346,0.737168,-1,-1,-1
995,40,1740.604,671.233,93.147,254.390,0.679732,-1,-1,-1
995,41,305.472,464.406,74.148,196.459,0.561299,-1,-1,-1
996,4,1722.088,459.358,76.040,208.320,0.556586,-1,-1,-1
996,3,908.670,946.202,65.996,134.798,0.731339,-1,-1,-1
996,29,331.736,854.743,87.474,226.344,0.783433,-1,-1,-1
996,31,1576.578,587.035,105.447,238.030,0.655612,-1,-1,-1
996,33,840.241,305.401,63.934,195.870,0.633122,-1,-1,-1
996,35,924.006,294.977,66.048,209.986,0.569262,-1,-1,-1
996,37,382.003,457.396,74.787,217.374,0.626294,-1,-1,-1
996,39,1177.552,652.701,87.395,257.128,0.763630,-1,-1,-1
996,40,1740.512,671.080,92.503,253.242,0.677946,-1,-1,-1
996,41,305.311,464.536,75.539,202.126,0.575667,-1,-1,-1
997,4,1722.229,459.142,76.378,208.620,0.535365,-1,-1,-1
997,3,908.271,946.577,66.084,134.423,0.734754,-1,-1,-1
997,29,332.264,857.864,86.817,223.213,0.779428,-1,-1,-1
997,31,1576.527,587.422,105.013,237.468,0.655465,-1,-1,-1
997,33,840.953,303.430,63.308,194.959,0.610471,-1,-1,-1
997,35,923.748,292.425,66.273,210.988,0.584781,-1,-1,-1
997,37,382.212,458.115,74.780,216.949,0.629498,-1,-1,-1
997,39,1175.922,649.454,87.003,256.833,0.758833,-1,-1,-1
997,40,1740.654,671.295,91.773,252.224,0.675836,-1,-1,-1
997,41,305.590,465.807,75.718,204.182,0.593607,-1,-1,-1
998,4,1722.629,459.280,76.480,208.921,0.576427,-1,-1,-1
998,3,907.659,946.687,66.323,134.313,0.731496,-1,-1,-1
998,29,332.805,861.090,86.134,219.977,0.768661,-1,-1,-1
998,31,1576.909,587.585,105.036,237.769,0.673527,-1,-1,-1
998,33,841.840,300.323,63.355,195.956,0.572032,-1,-1,-1
998,35,924.308,289.983,66.257,210.660,0.579374,-1,-1,-1
998,37,382.214,458.798,74.988,216.545,0.585097,-1,-1,-1
998,39,1175.281,644.434,86.617,256.690,0.762532,-1,-1,-1
998,40,1740.378,671.076,91.958,254.023,0.683900,-1,-1,-1
998,41,306.348,468.826,75.001,203.221,0.581003,-1,-1,-1
999,4,1722.318,459.227,76.619,209.298,0.548652,-1,-1,-1
999,3,907.426,946.994,66.422,134.006,0.722670,-1,-1,-1
999,29,333.670,864.772,85.394,216.286,0.780016,-1,-1,-1
999,31,1577.812,587.776,104.602,237.304,0.647674,-1,-1,-1
999,33,842.431,297.914,63.390,197.060,0.563303,-1,-1,-1
999,35,925.848,287.590,66.558,210.696,0.577422,-1,-1,-1
999,37,381.864,458.773,75.516,216.749,0.532420,-1,-1,-1
999,39,1174.920,640.340,85.777,255.186,0.753319,-1,-1,-1
999,40,1740.752,670.549,91.716,254.231,0.678790,-1,-1,-1
999,41,306.399,468.854,75.234,205.273,0.590093,-1,-1,-1
1000,4,1722.044,458.788,76.614,209.636,0.549044,-1,-1,-1
1000,3,907.347,947.228,66.483,133.772,0.730574,-1,-1,-1
1000,29,334.616,868.249,84.749,212.801,0.794769,-1,-1,-1
1000,31,1577.198,587.351,104.544,237.700,0.652376,-1,-1,-1
1000,33,842.432,296.177,63.826,199.502,0.531225,-1,-1,-1
1000,35,926.781,285.675,65.556,207.408,0.548416,-1,-1,-1
1000,37,381.584,459.089,76.304,216.789,0.537368,-1,-1,-1
1000,39,1174.548,637.815,85.172,253.451,0.751302,-1,-1,-1
1000,40,1741.709,672.265,90.968,252.675,0.661710,-1,-1,-1
1000,41,306.562,471.243,74.581,204.208,0.624321,-1,-1,-1
1001,4,1721.454,459.345,76.381,209.234,0.560984,-1,-1,-1
1001,3,907.287,947.621,66.558,133.379,0.731878,-1,-1,-1
1001,29,336.407,871.155,84.291,209.889,0.796257,-1,-1,-1
1001,31,1576.196,587.235,104.664,237.756,0.656215,-1,-1,-1
1001,33,842.681,295.284,63.792,200.585,0.550894,-1,-1,-1
1001,35,927.824,284.045,64.541,203.731,0.557252,-1,-1,-1
1001,37,380.434,459.206,76.692,216.639,0.525432,-1,-1,-1
1001,39,1174.898,635.633,85.211,253.871,0.763404,-1,-1,-1
1001,40,1740.725,670.112,91.193,254.882,0.640164,-1,-1,-1
1001,41,306.855,472.863,73.948,202.728,0.570829,-1,-1,-1
1002,4,1721.021,459.253,76.393,210.039,0.552573,-1,-1,-1
1002,3,906.587,947.802,66.767,133.198,0.741148,-1,-1,-1
1002,29,338.405,874.369,83.761,206.669,0.789484,-1,-1,-1
1002,31,1575.510,587.634,104.839,237.548,0.661099,-1,-1,-1
1002,33,842.463,294.876,63.943,202.382,0.545302,-1,-1,-1
1002,35,927.863,282.870,64.260,203.465,0.563556,-1,-1,-1
1002,37,381.245,459.506,76.927,216.265,0.551982,-1,-1,-1
1002,39,1175.119,633.721,85.599,255.635,0.769226,-1,-1,-1
1002,40,1740.868,671.715,90.032,253.596,0.652018,-1,-1,-1
1002,41,306.747,476.466,73.008,199.536,0.533774,-1,-1,-1
1003,4,1720.647,460.302,75.913,209.460,0.556441,-1,-1,-1
1003,3,906.915,948.436,66.642,132.564,0.748741,-1,-1,-1
1003,29,340.065,876.895,83.345,204.138,0.792216,-1,-1,-1
1003,31,1575.919,588.705,104.589,236.406,0.674582,-1,-1,-1
1003,33,842.557,294.431,63.787,202.889,0.555611,-1,-1,-1
1003,35,928.277,280.966,64.153,202.882,0.579871,-1,-1,-1
1003,37,381.060,460.344,76.977,215.831,0.588763,-1,-1,-1
1003,39,1174.150,630.883,86.353,258.665,0.775987,-1,-1,-1
1003,40,1742.403,673.681,89.223,252.508,0.662440,-1,-1,-1
1003,41,305.664,475.526,73.617,200.343,0.540312,-1,-1,-1
1004,4,1719.995,459.666,76.075,210.345,0.525835,-1,-1,-1
1004,3,906.572,948.681,66.745,132.319,0.734989,-1,-1,-1
1004,29,342.123,879.060,83.107,201.969,0.799100,-1,-1,-1
1004,31,1575.984,588.843,104.772,236.410,0.667674,-1,-1,-1
1004,33,842.627,294.459,63.676,204.711,0.592975,-1,-1,-1
1004,35,927.837,280.930,63.910,202.339,0.602006,-1,-1,-1
1004,37,381.033,459.744,77.997,218.376,0.627324,-1,-1,-1
1004,39,1173.180,630.283,86.190,258.372,0.775015,-1,-1,-1
1004,40,1743.465,674.059,89.259,253.465,0.636648,-1,-1,-1
1004,41,304.243,475.191,73.639,199.664,0.445585,-1,-1,-1
1005,4,1719.727,459.179,76.222,211.643,0.542841,-1,-1,-1
1005,3,906.310,948.841,66.905,132.159,0.734850,-1,-1,-1
1005,29,344.249,880.313,83.170,200.712,0.800461,-1,-1,-1
1005,31,1576.234,588.779,105.051,236.777,0.647141,-1,-1,-1
1005,33,842.794,294.306,63.174,205.037,0.613660,-1,-1,-1
1005,35,928.334,280.135,63.856,202.467,0.622987,-1,-1,-1
1005,37,380.835,460.501,78.978,221.209,0.590904,-1,-1,-1
1005,39,1171.699,628.998,86.498,259.632,0.777735,-1,-1,-1
1005,40,1744.453,674.703,89.165,253.600,0.635989,-1,-1,-1
1005,41,312.370,481.663,69.798,191.803,0.401315,-1,-1,-1
1006,4,1719.578,458.985,75.865,211.169,0.525920,-1,-1,-1
1006,3,906.504,949.753,66.641,131.247,0.727700,-1,-1,-1
1006,29,346.207,882.112,83.126,198.910,0.802210,-1,-1,-1
1006,31,1576.290,589.481,104.917,236.096,0.667622,-1,-1,-1
1006,33,843.311,293.240,62.523,203.959,0.655409,-1,-1,-1
1006,35,929.037,279.729,63.559,202.135,0.594467,-1,-1,-1
1006,37,381.608,461.438,79.200,222.124,0.538954,-1,-1,-1
1006,39,1170.332,628.301,86.968,260.916,0.766063,-1,-1,-1
1006,40,1745.549,672.971,89.276,254.282,0.594923,-1,-1,-1
1006,41,316.356,484.022,67.558,188.148,0.402754,-1,-1,-1
1007,4,1719.869,459.263,75.805,210.955,0.548469,-1,-1,-1
1007,3,906.479,949.872,66.688,131.128,0.723924,-1,-1,-1
1007,29,348.282,883.836,83.242,197.183,0.814259,-1,-1,-1
1007,31,1576.640,590.569,104.408,234.812,0.664350,-1,-1,-1
1007,33,843.908,292.133,61.824,202.385,0.692755,-1,-1,-1
1007,35,929.448,276.843,63.827,204.982,0.656441,-1,-1,-1
1007,37,384.185,465.788,80.034,224.729,0.560493,-1,-1,-1
1007,39,1169.135,628.407,86.732,259.598,0.763211,-1,-1,-1
1007,40,1746.482,671.966,89.963,256.642,0.623274,-1,-1,-1
1007,41,317.669,483.979,66.783,187.972,0.447525,-1,-1,-1
1008,4,1719.698,459.351,75.862,211.231,0.549651,-1,-1,-1
1008,3,906.411,950.234,66.651,130.766,0.735317,-1,-1,-1
1008,29,349.928,884.956,83.666,196.060,0.808427,-1,-1,-1
1008,31,1576.618,590.040,104.860,235.721,0.671713,-1,-1,-1
1008,33,844.451,290.013,61.505,202.092,0.684498,-1,-1,-1
1008,35,929.610,275.074,63.830,207.188,0.662633,-1,-1,-1
1008,37,383.514,465.502,79.801,224.151,0.574099,-1,-1,-1
1008,39,1166.987,627.407,86.797,259.624,0.760042,-1,-1,-1
1008,40,1746.728,673.234,89.594,255.906,0.595300,-1,-1,-1
1008,41,317.875,484.803,66.602,188.772,0.497335,-1,-1,-1
1009,4,1720.555,459.167,76.212,212.002,0.556568,-1,-1,-1
1009,3,906.461,950.728,66.536,130.272,0.738842,-1,-1,-1
1009,29,351.986,887.156,84.047,193.859,0.810617,-1,-1,-1
1009,31,1576.825,590.322,104.922,235.615,0.686965,-1,-1,-1
1009,33,845.389,288.803,60.305,198.054,0.641804,-1,-1,-1
1009,35,929.401,277.081,63.031,205.258,0.610618,-1,-1,-1
1009,37,383.324,466.659,80.186,224.610,0.571334,-1,-1,-1
1009,39,1162.870,625.865,86.947,260.033,0.759845,-1,-1,-1
1009,40,1746.964,673.027,89.061,253.777,0.584097,-1,-1,-1
1009,41,317.887,485.429,66.489,189.418,0.491187,-1,-1,-1
1010,4,1720.691,458.861,76.542,212.277,0.537769,-1,-1,-1
1010,3,906.346,950.752,66.735,130.248,0.731619,-1,-1,-1
1010,29,353.214,889.022,84.500,191.991,0.809538,-1,-1,-1
1010,31,1576.936,590.162,104.817,235.179,0.675247,-1,-1,-1
1010,33,845.486,286.645,60.211,197.641,0.631843,-1,-1,-1
1010,35,929.547,277.135,63.059,206.072,0.628393,-1,-1,-1
1010,37,382.751,467.992,80.898,226.256,0.512572,-1,-1,-1
1010,39,1160.471,624.273,86.938,259.163,0.759017,-1,-1,-1
1010,40,1746.852,672.300,88.893,251.628,0.544764,-1,-1,-1
1010,41,317.158,485.453,66.915,191.425,0.484645,-1,-1,-1
1011,4,1720.158,458.081,77.038,213.039,0.552041,-1,-1,-1
1011,3,906.050,950.763,66.886,130.237,0.736389,-1,-1,-1
1011,29,355.044,891.353,84.759,189.658,0.799988,-1,-1,-1
1011,31,1576.544,590.916,104.684,234.741,0.666230,-1,-1,-1
1011,33,846.558,284.092,59.708,195.458,0.581253,-1,-1,-1
1011,35,929.491,277.056,62.857,205.503,0.617628,-1,-1,-1
1011,37,381.886,468.885,81.611,227.920,0.454327,-1,-1,-1
1011,39,1158.724,622.441,87.441,259.866,0.750126,-1,-1,-1
1011,40,1744.572,672.794,89.818,251.273,0.429561,-1,-1,-1
1011,41,316.094,485.965,67.642,194.480,0.434088,-1,-1,-1
1012,4,1719.910,457.517,77.265,213.182,0.541714,-1,-1,-1
1012,3,905.916,950.591,67.217,130.409,0.730403,-1,-1,-1
1012,29,356.652,893.958,85.197,187.052,0.809218,-1,-1,-1
1012,31,1575.880,589.859,105.239,235.832,0.659187,-1,-1,-1
1012,33,846.330,282.459,59.416,194.379,0.590352,-1,-1,-1
1012,35,930.436,275.230,62.737,205.745,0.572055,-1,-1,-1
1012,37,381.330,470.441,81.440,227.566,0.431556,-1,-1,-1
1012,39,1156.606,619.908,87.932,260.757,0.754248,-1,-1,-1
1012,40,1742.516,675.629,90.783,251.085,0.410828,-1,-1,-1
1012,41,315.209,487.127,68.972,199.414,0.408102,-1,-1,-1
1013,4,1719.632,457.223,77.510,213.070,0.571089,-1,-1,-1
1013,3,905.642,950.385,67.459,130.615,0.707067,-1,-1,-1
1013,29,358.222,896.640,85.611,184.368,0.803349,-1,-1,-1
1013,31,1576.267,590.389,105.110,235.294,0.664104,-1,-1,-1
1013,33,846.177,280.816,59.789,195.957,0.610626,-1,-1,-1
1013,35,930.477,273.308,62.750,206.235,0.583376,-1,-1,-1
1013,37,381.293,472.109,81.256,227.072,0.462982,-1,-1,-1
1013,39,1155.901,617.595,87.511,259.209,0.749830,-1,-1,-1
1013,40,1740.267,674.702,92.975,253.546,0.350617,-1,-1,-1
1013,41,313.549,488.189,70.279,204.632,0.397229,-1,-1,-1
1014,4,1719.798,457.188,77.761,212.845,0.549267,-1,-1,-1
1014,3,905.969,949.967,67.792,131.033,0.712056,-1,-1,-1
1014,29,359.020,898.676,86.311,182.331,0.802820,-1,-1,-1
1014,31,1574.951,589.048,105.683,236.331,0.649454,-1,-1,-1
1014,33,844.992,279.446,60.186,197.128,0.599355,-1,-1,-1
1014,35,930.747,271.875,61.275,201.333,0.535619,-1,-1,-1
1014,37,380.758,474.006,80.709,226.694,0.452308,-1,-1,-1
1014,39,1154.451,614.550,87.807,260.051,0.743644,-1,-1,-1
1014,40,1734.309,672.303,95.761,255.795,0.474075,-1,-1,-1
1014,41,304.639,489.756,72.332,206.917,0.448905,-1,-1,-1
1015,4,1719.915,456.914,78.144,212.848,0.546086,-1,-1,-1
1015,3,905.646,950.182,67.854,130.818,0.707984,-1,-1,-1
1015,29,359.902,901.541,86.518,179.465,0.793323,-1,-1,-1
1015,31,1575.213,589.838,105.672,235.938,0.660273,-1,-1,-1
1015,33,843.747,276.333,61.541,201.489,0.593445,-1,-1,-1
1015,35,930.094,271.079,60.885,200.797,0.547106,-1,-1,-1
1015,37,381.156,475.078,80.629,226.487,0.507345,-1,-1,-1
1015,39,1154.141,612.345,86.299,256.393,0.757377,-1,-1,-1
1015,40,1730.850,671.985,98.301,257.364,0.407222,-1,-1,-1
1015,41,300.124,492.515,73.474,207.426,0.484202,-1,-1,-1
1016,4,1719.758,457.038,78.321,212.265,0.517393,-1,-1,-1
1016,3,905.190,949.810,68.037,131.190,0.721781,-1,-1,-1
1016,29,360.902,904.428,86.743,176.444,0.808389,-1,-1,-1
1016,31,1574.802,589.140,106.099,236.746,0.653598,-1,-1,-1
1016,33,844.024,276.819,61.118,199.725,0.584954,-1,-1,-1
1016,35,930.007,269.826,60.003,198.454,0.546180,-1,-1,-1
1016,37,380.145,477.888,80.032,225.211,0.517927,-1,-1,-1
1016,39,1153.928,608.872,84.476,251.206,0.773218,-1,-1,-1
1016,40,1727.417,670.099,100.980,259.510,0.389334,-1,-1,-1
1016,41,298.258,495.913,73.801,206.196,0.495548,-1,-1,-1
1017,4,1719.545,457.519,78.790,212.755,0.471967,-1,-1,-1
1017,3,905.002,949.737,68.091,131.263,0.707961,-1,-1,-1
1017,29,362.089,908.109,86.357,172.204,0.814777,-1,-1,-1
1017,31,1574.512,589.251,106.121,236.944,0.668330,-1,-1,-1
1017,33,844.785,276.960,61.184,199.830,0.592882,-1,-1,-1
1017,35,930.100,267.311,59.616,197.324,0.528073,-1,-1,-1
1017,37,379.680,479.923,79.373,223.647,0.474351,-1,-1,-1
1017,39,1153.298,605.259,83.168,247.235,0.764810,-1,-1,-1
1017,40,1727.382,674.748,100.177,255.195,0.434815,-1,-1,-1
1017,41,297.085,503.164,73.173,201.616,0.468365,-1,-1,-1
1018,4,1719.617,458.313,78.599,210.759,0.467407,-1,-1,-1
1018,3,904.995,949.607,68.105,131.393,0.716530,-1,-1,-1
1018,29,363.329,911.929,86.083,167.982,0.802694,-1,-1,-1
1018,31,1574.522,591.241,105.196,234.949,0.646114,-1,-1,-1
1018,33,844.685,276.712,61.528,200.760,0.586025,-1,-1,-1
1018,35,930.737,263.971,60.194,199.170,0.520980,-1,-1,-1
1018,37,379.946,481.081,78.226,220.836,0.536864,-1,-1,-1
1018,39,1152.657,602.161,82.818,246.927,0.748372,-1,-1,-1
1018,40,1726.397,679.407,98.167,248.852,0.446736,-1,-1,-1
1018,41,295.785,507.406,73.632,199.931,0.496809,-1,-1,-1
1019,4,1719.479,458.407,78.786,209.994,0.486084,-1,-1,-1
1019,3,904.210,949.357,68.178,131.643,0.716355,-1,-1,-1
1019,29,363.803,915.308,85.964,164.223,0.801450,-1,-1,-1
1019,31,1574.208,591.486,105.162,235.155,0.663092,-1,-1,-1
1019,33,844.210,274.598,62.039,202.615,0.580368,-1,-1,-1
1019,35,929.962,261.729,60.954,200.123,0.577073,-1,-1,-1
1019,37,380.476,482.938,77.032,217.435,0.552410,-1,-1,-1
1019,39,1152.373,599.809,82.664,247.019,0.736277,-1,-1,-1
1019,40,1723.692,678.620,97.658,247.520,0.461400,-1,-1,-1
1019,41,294.371,509.563,74.266,199.073,0.536003,-1,-1,-1
1020,4,1720.465,456.601,77.830,206.372,0.487003,-1,-1,-1
1020,3,904.070,948.686,68.412,132.257,0.709420,-1,-1,-1
1020,29,364.226,918.147,86.310,161.595,0.804877,-1,-1,-1
1020,31,1574.758,590.811,105.344,236.050,0.643631,-1,-1,-1
1020,33,844.706,275.692,61.525,200.624,0.593199,-1,-1,-1
1020,35,928.700,260.784,61.256,199.135,0.533140,-1,-1,-1
1020,37,380.893,484.067,76.460,215.461,0.543482,-1,-1,-1
1020,39,1151.215,597.244,83.274,248.890,0.726989,-1,-1,-1
1020,40,1720.768,675.019,98.643,250.870,0.464381,-1,-1,-1
1020,41,292.816,510.211,74.789,198.049,0.430318,-1,-1,-1
1021,4,1721.321,455.903,77.263,203.723,0.503394,-1,-1,-1
1021,3,903.283,947.304,69.083,133.675,0.701502,-1,-1,-1
1021,29,364.572,919.758,86.900,159.967,0.807389,-1,-1,-1
1021,31,1574.823,590.607,105.511,236.975,0.652268,-1,-1,-1
1021,33,844.865,275.353,61.431,200.129,0.605995,-1,-1,-1
1021,35,929.351,259.260,61.107,196.979,0.537968,-1,-1,-1
1021,37,380.672,485.614,76.685,215.430,0.556502,-1,-1,-1
1021,39,1149.339,594.742,83.809,250.521,0.721312,-1,-1,-1
1021,40,1716.073,674.018,97.925,250.535,0.539869,-1,-1,-1
1021,41,290.997,509.171,76.293,198.741,0.531556,-1,-1,-1
1022,4,1721.841,455.685,76.279,199.811,0.512396,-1,-1,-1
1022,3,903.151,947.372,68.836,133.468,0.712218,-1,-1,-1
1022,29,365.316,921.538,87.213,158.297,0.816468,-1,-1,-1
1022,31,1575.526,590.329,105.263,237.360,0.649294,-1,-1,-1
1022,33,844.894,274.341,61.273,199.413,0.609335,-1,-1,-1
1022,35,929.001,258.929,61.648,196.983,0.572127,-1,-1,-1
1022,37,379.628,486.595,79.225,222.524,0.568464,-1,-1,-1
1022,39,1148.792,593.706,84.383,251.875,0.730147,-1,-1,-1
1022,40,1713.884,673.266,96.642,248.382,0.598645,-1,-1,-1
1022,41,299.628,510.290,74.249,196.241,0.416687,-1,-1,-1
1023,4,1722.775,455.879,75.182,195.199,0.530140,-1,-1,-1
1023,3,902.877,946.939,68.782,133.753,0.710614,-1,-1,-1
1023,29,365.657,923.676,87.228,156.081,0.809367,-1,-1,-1
1023,31,1574.914,589.209,105.618,238.654,0.594686,-1,-1,-1
1023,33,845.086,274.188,60.454,196.158,0.596786,-1,-1,-1
1023,35,928.996,258.174,62.380,198.601,0.537502,-1,-1,-1
1023,37,379.034,487.121,80.869,227.404,0.562236,-1,-1,-1
1023,39,1148.279,591.855,85.026,254.007,0.712452,-1,-1,-1
1023,40,1712.505,674.858,95.582,246.310,0.640223,-1,-1,-1
1023,41,294.163,507.296,76.259,199.684,0.444336,-1,-1,-1
1024,4,1722.868,455.647,74.489,191.979,0.564114,-1,-1,-1
1024,3,903.317,947.212,68.563,133.656,0.722570,-1,-1,-1
1024,29,366.112,925.868,87.353,154.116,0.808963,-1,-1,-1
1024,31,1574.739,588.775,105.560,239.059,0.599475,-1,-1,-1
1024,33,845.028,272.934,59.950,193.672,0.621822,-1,-1,-1
1024,35,928.974,257.843,63.193,201.144,0.588743,-1,-1,-1
1024,37,378.924,488.428,81.262,228.790,0.555314,-1,-1,-1
1024,39,1147.459,590.346,85.345,254.591,0.689667,-1,-1,-1
1024,40,1711.357,676.254,94.659,244.593,0.592848,-1,-1,-1
1024,41,291.581,506.843,77.084,200.062,0.465731,-1,-1,-1
1025,4,1722.710,455.396,75.010,191.803,0.543368,-1,-1,-1
1025,3,902.884,947.046,68.339,133.748,0.713816,-1,-1,-1
1025,29,366.591,927.494,87.746,152.917,0.811230,-1,-1,-1
1025,31,1574.280,588.555,105.404,239.429,0.571177,-1,-1,-1
1025,33,844.559,270.011,60.526,195.176,0.665601,-1,-1,-1
1025,35,929.781,257.915,63.518,203.311,0.579881,-1,-1,-1
1025,37,377.683,489.451,81.835,231.465,0.515672,-1,-1,-1
1025,39,1146.359,589.178,85.627,254.372,0.688028,-1,-1,-1
1025,40,1709.712,678.276,93.385,242.724,0.603065,-1,-1,-1
1025,41,290.363,507.600,77.217,199.004,0.478637,-1,-1,-1
1026,4,1722.653,455.182,75.077,190.507,0.566113,-1,-1,-1
1026,3,902.345,946.799,68.288,134.012,0.717699,-1,-1,-1
1026,29,367.615,929.256,87.606,150.955,0.807613,-1,-1,-1
1026,31,1575.267,589.570,104.715,238.581,0.618380,-1,-1,-1
1026,33,845.389,268.326,59.620,191.538,0.634248,-1,-1,-1
1026,35,931.119,257.511,63.252,203.825,0.599356,-1,-1,-1
1026,37,376.808,492.027,81.597,232.165,0.537466,-1,-1,-1
1026,39,1145.535,588.861,84.949,251.512,0.691172,-1,-1,-1
1026,40,1708.189,682.574,91.500,239.678,0.623134,-1,-1,-1
1026,41,290.524,506.205,77.669,199.662,0.484189,-1,-1,-1
1027,4,1722.909,455.531,75.406,189.726,0.536888,-1,-1,-1
1027,3,901.925,946.772,67.837,133.839,0.717894,-1,-1,-1
1027,29,369.471,931.089,87.371,148.812,0.812186,-1,-1,-1
1027,31,1575.443,590.173,104.389,238.130,0.672275,-1,-1,-1
1027,33,846.293,266.534,58.895,189.026,0.632854,-1,-1,-1
1027,35,932.178,257.208,63.055,205.032,0.579085,-1,-1,-1
1027,37,374.991,494.547,80.998,232.577,0.565460,-1,-1,-1
1027,39,1143.979,588.715,85.247,252.136,0.725088,-1,-1,-1
1027,40,1703.912,676.818,91.591,242.091,0.573102,-1,-1,-1
1027,41,291.487,506.511,77.448,199.466,0.561539,-1,-1,-1
1028,4,1720.810,457.634,78.680,197.386,0.574779,-1,-1,-1
1028,3,901.697,946.663,67.655,134.194,0.713158,-1,-1,-1
1028,29,370.593,932.985,87.274,147.088,0.820514,-1,-1,-1
1028,31,1575.140,590.265,104.203,238.151,0.673954,-1,-1,-1
1028,33,847.180,264.130,58.704,188.268,0.602419,-1,-1,-1
1028,35,934.561,256.916,61.402,200.564,0.585376,-1,-1,-1
1028,37,374.702,497.429,80.205,231.180,0.598143,-1,-1,-1
1028,39,1142.786,587.703,84.544,249.892,0.722781,-1,-1,-1
1028,40,1700.785,665.207,93.644,251.118,0.520430,-1,-1,-1
1028,41,293.670,509.619,76.123,197.447,0.564446,-1,-1,-1
1029,4,1720.561,459.327,79.990,199.814,0.582103,-1,-1,-1
1029,3,901.014,946.417,67.418,134.533,0.699145,-1,-1,-1
1029,29,372.254,934.170,87.190,145.573,0.812735,-1,-1,-1
1029,31,1574.894,590.574,104.003,237.890,0.688791,-1,-1,-1
1029,33,848.022,262.716,58.879,189.076,0.597073,-1,-1,-1
1029,35,935.748,256.372,61.383,201.499,0.622226,-1,-1,-1
1029,37,374.793,500.252,79.340,229.117,0.616602,-1,-1,-1
1029,39,1141.348,586.843,84.044,249.184,0.739395,-1,-1,-1
1029,40,1696.600,648.542,97.577,266.321,0.403751,-1,-1,-1
1029,41,293.757,512.558,75.542,197.252,0.598088,-1,-1,-1
1030,4,1719.967,459.161,80.726,201.207,0.578643,-1,-1,-1
1030,3,900.209,946.094,67.062,134.892,0.717273,-1,-1,-1
1030,29,373.499,936.635,86.568,142.932,0.800068,-1,-1,-1
1030,31,1574.063,589.764,104.239,239.097,0.645408,-1,-1,-1
1030,33,848.122,261.758,59.305,191.355,0.586428,-1,-1,-1
1030,35,936.638,255.427,60.954,200.656,0.562719,-1,-1,-1
1030,37,372.410,501.827,78.206,227.706,0.611445,-1,-1,-1
1030,39,1139.776,585.142,83.595,249.262,0.775172,-1,-1,-1
1030,40,1695.154,642.144,97.995,271.712,0.453157,-1,-1,-1
1030,41,293.325,513.242,76.283,200.729,0.649532,-1,-1,-1
1031,4,1719.349,459.496,81.911,204.021,0.601220,-1,-1,-1
1031,3,899.026,945.650,66.759,135.349,0.721155,-1,-1,-1
1031,29,375.333,938.419,86.066,140.938,0.795008,-1,-1,-1
1031,31,1573.947,591.021,103.650,237.717,0.656527,-1,-1,-1
1031,33,848.256,260.355,59.594,193.155,0.569612,-1,-1,-1
1031,35,938.066,252.702,60.004,198.258,0.568573,-1,-1,-1
1031,37,373.492,502.126,78.616,228.782,0.636920,-1,-1,-1
1031,39,1138.728,580.662,82.880,248.568,0.778532,-1,-1,-1
1031,40,1687.292,638.861,99.570,276.508,0.530203,-1,-1,-1
1031,41,292.023,514.696,78.142,207.923,0.680347,-1,-1,-1
1032,4,1718.916,459.608,82.907,206.631,0.596981,-1,-1,-1
1032,3,898.111,945.167,66.412,135.826,0.700150,-1,-1,-1
1032,29,377.057,941.548,84.848,137.794,0.770832,-1,-1,-1
1032,31,1573.736,591.258,103.403,237.591,0.639719,-1,-1,-1
1032,33,848.632,257.810,59.679,193.997,0.579246,-1,-1,-1
1032,35,939.371,250.309,58.926,195.351,0.619067,-1,-1,-1
1032,37,373.913,502.403,78.786,229.601,0.662097,-1,-1,-1
1032,39,1138.132,576.864,81.724,246.436,0.769946,-1,-1,-1
1032,40,1682.038,639.884,99.687,277.067,0.486848,-1,-1,-1
1032,41,291.838,516.728,78.695,211.626,0.686969,-1,-1,-1
1033,4,1718.890,459.515,82.976,207.049,0.588349,-1,-1,-1
1033,3,897.112,944.980,65.867,136.021,0.695780,-1,-1,-1
1033,29,378.501,944.546,83.611,134.270,0.760923,-1,-1,-1
1033,31,1573.852,592.305,102.718,236.913,0.624794,-1,-1,-1
1033,33,848.669,256.604,59.859,194.894,0.552490,-1,-1,-1
1033,35,940.723,248.473,58.686,194.626,0.634576,-1,-1,-1
1033,37,373.572,503.029,78.537,229.122,0.643969,-1,-1,-1
1033,39,1138.059,573.711,80.300,243.280,0.770452,-1,-1,-1
1033,40,1677.867,638.679,100.557,279.339,0.539159,-1,-1,-1
1033,41,291.678,518.744,78.571,213.336,0.667789,-1,-1,-1
1034,4,1718.423,459.039,82.835,206.732,0.585594,-1,-1,-1
1034,3,896.141,944.731,65.503,136.272,0.708666,-1,-1,-1
1034,29,380.268,947.961,82.511,131.457,0.754429,-1,-1,-1
1034,31,1574.507,595.007,101.298,233.558,0.589186,-1,-1,-1
1034,33,848.981,256.498,59.757,194.472,0.558338,-1,-1,-1
1034,35,940.912,245.998,58.687,194.970,0.602281,-1,-1,-1
1034,37,372.288,504.341,77.684,227.714,0.624594,-1,-1,-1
1034,39,1138.191,570.453,79.544,242.571,0.768667,-1,-1,-1
1034,40,1675.501,637.866,100.890,280.417,0.538180,-1,-1,-1
1034,41,292.215,521.375,78.088,213.368,0.670558,-1,-1,-1
1035,4,1718.722,459.437,81.860,204.598,0.595458,-1,-1,-1
1035,3,895.147,944.094,65.214,136.911,0.704777,-1,-1,-1
1035,29,382.186,951.380,81.629,128.801,0.744127,-1,-1,-1
1035,31,1573.859,595.276,101.014,233.017,0.606279,-1,-1,-1
1035,33,849.221,255.873,59.661,194.412,0.565266,-1,-1,-1
1035,35,940.869,244.037,59.133,196.630,0.644901,-1,-1,-1
1035,37,372.554,505.339,76.981,225.410,0.620561,-1,-1,-1
1035,39,1137.753,568.769,78.922,241.651,0.760709,-1,-1,-1
1035,40,1673.232,636.071,100.198,280.792,0.601995,-1,-1,-1
1035,41,292.619,524.004,78.013,212.456,0.642485,-1,-1,-1
1036,4,1719.217,460.947,81.196,203.083,0.584404,-1,-1,-1
1036,3,893.979,942.895,65.180,138.109,0.719796,-1,-1,-1
1036,29,384.794,954.526,80.860,126.229,0.731395,-1,-1,-1
1036,31,1573.878,596.122,100.585,232.319,0.605095,-1,-1,-1
1036,33,849.657,255.124,59.671,195.151,0.575885,-1,-1,-1
1036,35,940.575,242.194,59.147,197.186,0.658896,-1,-1,-1
1036,37,372.489,505.677,76.788,224.615,0.630676,-1,-1,-1
1036,39,1136.587,566.856,79.476,244.907,0.736427,-1,-1,-1
1036,40,1671.590,634.382,99.466,281.859,0.630432,-1,-1,-1
1036,41,293.149,526.419,77.414,210.483,0.582884,-1,-1,-1
1037,4,1719.186,461.132,81.009,202.938,0.630438,-1,-1,-1
1037,3,893.148,941.783,64.934,139.221,0.729672,-1,-1,-1
1037,29,387.944,957.302,80.054,123.660,0.757229,-1,-1,-1
1037,31,1573.421,596.409,100.201,231.798,0.629894,-1,-1,-1
1037,33,849.937,253.844,59.792,195.950,0.573172,-1,-1,-1
1037,35,940.709,241.450,59.166,197.733,0.686848,-1,-1,-1
1037,37,373.028,506.439,76.591,223.062,0.669258,-1,-1,-1
1037,39,1135.510,564.851,79.883,247.670,0.750060,-1,-1,-1
1037,40,1670.173,632.255,98.223,281.451,0.618949,-1,-1,-1
1037,41,291.637,528.616,77.245,208.369,0.551604,-1,-1,-1
1038,4,1719.369,461.449,80.548,202.055,0.630623,-1,-1,-1
1038,3,891.531,940.216,64.880,140.787,0.723002,-1,-1,-1
1038,29,390.877,959.798,79.635,121.233,0.781194,-1,-1,-1
1038,31,1573.368,596.364,99.949,231.757,0.631472,-1,-1,-1
1038,33,850.320,252.853,59.920,196.465,0.563294,-1,-1,-1
1038,35,940.520,240.672,59.204,198.576,0.683811,-1,-1,-1
1038,37,372.959,506.791,76.772,223.042,0.665287,-1,-1,-1
1038,39,1134.358,563.745,80.909,251.582,0.753738,-1,-1,-1
1038,40,1668.308,631.555,97.595,280.813,0.621482,-1,-1,-1
1038,41,294.419,531.669,75.337,205.204,0.490257,-1,-1,-1
1039,4,1719.066,461.231,80.855,203.332,0.635089,-1,-1,-1
1039,3,890.989,940.161,64.323,140.842,0.728151,-1,-1,-1
1039,29,393.549,960.898,79.704,120.153,0.746255,-1,-1,-1
1039,31,1572.988,595.316,100.109,232.576,0.604144,-1,-1,-1
1039,33,850.885,252.250,59.657,195.792,0.537292,-1,-1,-1
1039,35,940.282,239.694,59.144,199.183,0.658938,-1,-1,-1
1039,37,372.308,507.416,76.821,223.049,0.657394,-1,-1,-1
1039,39,1131.927,562.985,81.594,253.467,0.765557,-1,-1,-1
1039,40,1664.726,631.941,97.202,279.812,0.626006,-1,-1,-1
1039,41,296.185,533.430,73.406,203.139,0.535966,-1,-1,-1
1040,4,1718.955,460.940,81.010,204.430,0.653725,-1,-1,-1
1040,3,890.029,939.624,64.070,141.379,0.728792,-1,-1,-1
1040,29,396.540,962.628,79.415,118.426,0.724474,-1,-1,-1
1040,31,1573.222,596.357,99.469,231.209,0.602311,-1,-1,-1
1040,33,852.045,250.326,59.144,193.826,0.532863,-1,-1,-1
1040,35,939.994,239.075,59.044,199.322,0.625353,-1,-1,-1
1040,37,372.684,508.858,77.544,224.690,0.685992,-1,-1,-1
1040,39,1128.893,562.738,81.964,254.423,0.776475,-1,-1,-1
1040,40,1661.652,633.168,97.199,280.066,0.627922,-1,-1,-1
1040,41,296.985,536.252,71.319,200.625,0.455326,-1,-1,-1
1041,4,1719.016,460.643,81.180,205.439,0.657942,-1,-1,-1
1041,3,887.786,939.324,63.554,141.679,0.712903,-1,-1,-1
1041,29,400.542,964.797,79.071,116.253,0.747509,-1,-1,-1
1041,31,1573.496,595.300,99.662,231.733,0.603666,-1,-1,-1
1041,33,852.624,248.435,58.787,191.481,0.540109,-1,-1,-1
1041,35,940.043,238.347,59.126,200.078,0.649400,-1,-1,-1
1041,37,372.663,510.946,78.151,226.388,0.651939,-1,-1,-1
1041,39,1127.896,561.659,81.957,253.565,0.793390,-1,-1,-1
1041,40,1660.056,635.354,95.995,277.515,0.546049,-1,-1,-1
1041,41,297.927,536.571,69.775,199.608,0.448308,-1,-1,-1
1042,4,1718.871,461.204,80.842,205.518,0.619285,-1,-1,-1
1042,3,886.039,938.787,63.216,142.216,0.726491,-1,-1,-1
1042,29,403.962,966.000,79.626,114.979,0.753394,-1,-1,-1
1042,31,1573.549,593.910,99.888,232.279,0.583487,-1,-1,-1
1042,33,853.694,245.939,58.501,188.847,0.513174,-1,-1,-1
1042,35,940.540,238.269,58.965,200.023,0.635760,-1,-1,-1
1042,37,372.554,511.530,79.188,229.385,0.663517,-1,-1,-1
1042,39,1127.170,560.561,81.420,251.136,0.783863,-1,-1,-1
1042,40,1658.666,637.451,94.859,274.582,0.547834,-1,-1,-1
1042,41,297.665,537.589,67.798,196.574,0.384839,-1,-1,-1
1043,4,1718.888,460.137,81.108,207.197,0.604748,-1,-1,-1
1043,3,884.837,938.498,62.924,142.503,0.718055,-1,-1,-1
1043,29,405.801,967.331,80.328,113.684,0.755978,-1,-1,-1
1043,31,1573.470,593.983,99.968,231.938,0.541035,-1,-1,-1
1043,33,853.699,243.230,59.275,189.744,0.503532,-1,-1,-1
1043,35,940.983,238.008,58.605,199.600,0.631116,-1,-1,-1
1043,37,372.613,512.474,79.906,231.439,0.677166,-1,-1,-1
1043,39,1125.934,559.809,80.944,248.694,0.781585,-1,-1,-1
1043,40,1659.074,640.235,93.723,272.638,0.460419,-1,-1,-1
1043,41,298.265,537.488,66.905,196.426,0.383908,-1,-1,-1
1044,4,1718.675,460.139,80.858,207.573,0.603479,-1,-1,-1
1044,3,883.465,938.369,62.607,142.633,0.701470,-1,-1,-1
1044,29,407.754,969.208,80.767,111.818,0.745755,-1,-1,-1
1044,31,1573.476,591.776,100.841,233.255,0.458854,-1,-1,-1
1044,33,854.280,241.281,59.700,189.640,0.488280,-1,-1,-1
1044,35,941.242,237.348,58.253,199.281,0.626796,-1,-1,-1
1044,37,372.605,514.997,80.273,233.224,0.652610,-1,-1,-1
1044,39,1124.170,558.351,80.849,248.180,0.776045,-1,-1,-1
1044,40,1657.796,642.192,94.071,273.516,0.519694,-1,-1,-1
1044,41,290.733,535.663,69.444,199.564,0.348834,-1,-1,-1
1045,4,1718.783,461.569,80.275,206.939,0.602271,-1,-1,-1
1045,3,883.377,938.138,62.480,142.864,0.709081,-1,-1,-1
1045,29,409.697,970.307,82.038,110.720,0.748309,-1,-1,-1
1045,31,1573.415,592.933,100.598,231.793,0.472332,-1,-1,-1
1045,33,854.316,239.726,60.549,191.372,0.555952,-1,-1,-1
1045,35,941.225,236.165,58.081,199.592,0.604256,-1,-1,-1
1045,37,373.361,517.847,80.176,233.169,0.650563,-1,-1,-1
1045,39,1121.912,555.914,81.376,249.444,0.775620,-1,-1,-1
1045,40,1654.311,643.299,94.041,272.342,0.548241,-1,-1,-1
1045,41,295.137,538.267,68.526,198.981,0.401114,-1,-1,-1
1046,4,1718.482,461.960,79.925,206.644,0.602452,-1,-1,-1
1046,3,881.735,937.238,62.515,143.763,0.669274,-1,-1,-1
1046,29,411.132,972.031,82.933,108.994,0.744850,-1,-1,-1
1046,31,1575.360,593.712,100.478,231.547,0.432338,-1,-1,-1
1046,33,853.950,239.094,61.082,191.884,0.546544,-1,-1,-1
1046,35,940.858,235.311,57.877,200.078,0.594418,-1,-1,-1
1046,37,373.178,520.573,79.953,233.820,0.633308,-1,-1,-1
1046,39,1121.109,554.366,80.812,247.606,0.776933,-1,-1,-1
1046,40,1653.108,644.350,93.607,270.679,0.540512,-1,-1,-1
1046,41,290.252,538.587,70.997,204.199,0.496608,-1,-1,-1
1047,4,1718.336,463.203,79.292,205.352,0.615571,-1,-1,-1
1047,3,880.968,936.955,62.383,144.046,0.667109,-1,-1,-1
1047,29,412.712,974.809,83.265,106.214,0.739115,-1,-1,-1
1047,31,1575.054,592.532,100.937,232.776,0.395700,-1,-1,-1
1047,33,853.729,236.860,62.333,193.923,0.540975,-1,-1,-1
1047,35,939.804,234.290,57.694,199.966,0.574762,-1,-1,-1
1047,37,373.407,523.009,79.507,233.097,0.645489,-1,-1,-1
1047,39,1119.884,552.215,81.130,248.678,0.755467,-1,-1,-1
1047,40,1654.232,650.026,91.265,264.014,0.614989,-1,-1,-1
1047,41,285.273,540.371,73.635,208.613,0.534804,-1,-1,-1
1048,4,1718.702,463.102,79.010,205.324,0.585967,-1,-1,-1
1048,3,880.545,936.274,62.346,144.727,0.647290,-1,-1,-1
1048,29,415.163,978.114,83.222,102.906,0.736232,-1,-1,-1
1048,31,1575.477,591.755,101.043,233.387,0.393888,-1,-1,-1
1048,33,854.102,235.839,63.056,194.457,0.553594,-1,-1,-1
1048,35,939.918,232.379,56.093,194.519,0.580624,-1,-1,-1
1048,37,373.050,523.630,79.215,232.788,0.636997,-1,-1,-1
1048,39,1119.061,549.107,80.591,246.646,0.744768,-1,-1,-1
1048,40,1652.801,652.693,90.115,260.080,0.646736,-1,-1,-1
1048,41,281.957,542.318,75.769,211.724,0.587245,-1,-1,-1
1049,4,1718.691,463.241,79.025,205.891,0.621705,-1,-1,-1
1049,3,879.806,935.203,62.594,145.798,0.669471,-1,-1,-1
1049,29,416.650,980.564,83.781,100.452,0.747931,-1,-1,-1
1049,31,1574.246,593.567,100.510,232.143,0.439737,-1,-1,-1
1049,33,854.592,235.596,63.451,194.138,0.565982,-1,-1,-1
1049,35,939.577,230.601,55.564,192.409,0.609981,-1,-1,-1
1049,37,372.634,524.880,78.640,231.508,0.646465,-1,-1,-1
1049,39,1118.090,546.349,79.481,243.759,0.742759,-1,-1,-1
1049,40,1651.463,650.970,90.423,260.960,0.695679,-1,-1,-1
1049,41,281.944,544.746,76.368,211.853,0.553534,-1,-1,-1
1050,4,1718.620,462.560,79.165,206.637,0.644632,-1,-1,-1
1050,3,879.161,934.234,62.830,146.767,0.668414,-1,-1,-1
1050,29,419.226,983.705,83.497,97.310,0.751845,-1,-1,-1
1050,31,1573.178,593.656,100.706,232.008,0.442717,-1,-1,-1
1050,33,855.144,235.336,63.655,193.910,0.589883,-1,-1,-1
1050,35,939.373,229.046,55.273,191.000,0.608497,-1,-1,-1
1050,37,373.238,525.416,78.257,230.262,0.662931,-1,-1,-1
1050,39,1116.655,543.674,77.870,238.656,0.752833,-1,-1,-1
1050,40,1649.992,650.545,89.950,260.000,0.688038,-1,-1,-1
1050,41,281.704,547.927,76.737,212.032,0.613729,-1,-1,-1
