1,1,119.002,158.544,79.994,171.145,0.848426,-1,-1,-1
1,2,17.012,149.757,74.710,190.851,0.815866,-1,-1,-1
2,1,118.898,155.804,82.327,174.565,0.847432,-1,-1,-1
2,2,18.479,146.192,74.323,194.625,0.856423,-1,-1,-1
3,1,125.494,154.635,68.986,177.240,0.712507,-1,-1,-1
3,2,23.002,138.824,74.356,203.105,0.828883,-1,-1,-1
4,1,131.019,155.245,78.489,179.116,0.846653,-1,-1,-1
4,2,28.684,143.111,72.747,201.049,0.819663,-1,-1,-1
5,1,137.610,157.878,83.424,180.363,0.814256,-1,-1,-1
5,2,36.509,141.748,73.070,206.948,0.869750,-1,-1,-1
6,1,142.595,156.056,86.253,183.587,0.833754,-1,-1,-1
6,2,36.993,141.191,77.770,208.985,0.853112,-1,-1,-1
7,1,145.774,153.370,87.939,187.138,0.859531,-1,-1,-1
7,2,40.024,140.516,76.987,210.359,0.835683,-1,-1,-1
8,1,153.285,154.084,88.964,190.327,0.870460,-1,-1,-1
8,2,44.275,141.427,78.106,213.353,0.824607,-1,-1,-1
8,5,235.708,201.229,24.578,65.598,0.682666,-1,-1,-1
9,1,157.504,152.586,88.762,192.764,0.867244,-1,-1,-1
9,2,48.236,140.551,78.375,213.743,0.830420,-1,-1,-1
9,5,241.418,203.666,25.007,63.229,0.563579,-1,-1,-1
10,1,165.485,149.334,88.967,197.514,0.869948,-1,-1,-1
10,2,50.930,136.585,84.068,219.928,0.857006,-1,-1,-1
10,5,251.392,199.061,25.466,67.543,0.647617,-1,-1,-1
10,6,297.300,201.907,25.568,65.057,0.635104,-1,-1,-1
11,1,171.813,148.230,89.054,200.529,0.861125,-1,-1,-1
11,2,55.753,136.148,85.068,221.818,0.867736,-1,-1,-1
11,6,306.413,201.860,22.405,64.647,0.646868,-1,-1,-1
12,1,182.678,149.196,91.928,205.189,0.870413,-1,-1,-1
12,2,65.048,133.653,84.799,231.122,0.880906,-1,-1,-1
12,6,317.631,206.199,22.333,63.151,0.501636,-1,-1,-1
13,1,184.787,148.116,95.902,208.784,0.858674,-1,-1,-1
13,2,68.074,139.680,85.835,226.346,0.856256,-1,-1,-1
13,6,322.074,197.737,24.423,71.042,0.461711,-1,-1,-1
14,1,197.984,146.003,95.301,212.384,0.829015,-1,-1,-1
14,2,81.570,132.097,83.450,236.183,0.871458,-1,-1,-1
15,1,209.841,146.080,95.928,216.243,0.859884,-1,-1,-1
15,2,87.467,137.056,85.792,234.982,0.860194,-1,-1,-1
16,1,212.146,144.184,99.282,217.015,0.845777,-1,-1,-1
16,2,82.101,127.071,93.573,243.626,0.877576,-1,-1,-1
16,9,186.331,194.367,29.982,71.564,0.642592,-1,-1,-1
16,5,301.832,199.092,24.246,66.878,0.686775,-1,-1,-1
17,1,214.152,141.059,105.897,222.718,0.773833,-1,-1,-1
17,2,84.091,124.629,93.860,247.961,0.898232,-1,-1,-1
17,9,189.568,193.546,29.030,71.786,0.642216,-1,-1,-1
17,5,306.764,197.179,24.145,69.067,0.597974,-1,-1,-1
18,1,217.006,139.162,110.086,228.917,0.857159,-1,-1,-1
18,2,84.674,124.746,96.414,252.367,0.901282,-1,-1,-1
18,9,194.477,195.472,27.679,70.250,0.546391,-1,-1,-1
18,5,312.540,196.527,22.547,70.565,0.705771,-1,-1,-1
19,1,216.925,133.982,112.907,234.107,0.866633,-1,-1,-1
19,2,81.491,119.461,98.323,256.932,0.906353,-1,-1,-1
19,9,194.598,193.367,28.600,69.986,0.514508,-1,-1,-1
19,5,311.910,193.283,24.573,71.032,0.622068,-1,-1,-1
20,1,214.616,130.080,115.013,240.351,0.887692,-1,-1,-1
20,2,76.805,114.578,99.994,264.075,0.902882,-1,-1,-1
20,9,193.189,189.496,28.836,72.092,0.580331,-1,-1,-1
21,1,214.143,128.052,117.241,246.867,0.879080,-1,-1,-1
21,2,73.294,109.829,102.320,272.982,0.898770,-1,-1,-1
21,9,193.138,188.101,28.209,73.905,0.660215,-1,-1,-1
22,1,215.407,124.146,118.396,252.965,0.882935,-1,-1,-1
22,2,70.040,105.149,105.039,280.014,0.885032,-1,-1,-1
22,9,195.271,186.692,27.211,73.694,0.350914,-1,-1,-1
23,1,216.867,125.084,119.106,260.101,0.881205,-1,-1,-1
23,2,69.392,106.138,106.789,288.436,0.896520,-1,-1,-1
23,9,199.335,191.191,26.091,73.506,0.578857,-1,-1,-1
24,1,221.041,122.775,116.984,265.184,0.798820,-1,-1,-1
24,2,66.959,104.754,110.749,294.377,0.860200,-1,-1,-1
25,1,228.896,122.544,113.240,274.197,0.880978,-1,-1,-1
25,2,62.876,104.178,115.819,303.193,0.891136,-1,-1,-1
26,1,230.967,118.796,111.746,281.051,0.871189,-1,-1,-1
26,2,58.847,101.732,118.898,309.572,0.882551,-1,-1,-1
27,1,236.102,114.722,111.540,288.359,0.880890,-1,-1,-1
27,2,56.007,97.174,121.961,316.365,0.897218,-1,-1,-1
28,1,241.185,112.646,110.796,294.647,0.885104,-1,-1,-1
28,2,55.119,95.473,123.716,323.115,0.902177,-1,-1,-1
29,1,237.744,107.173,120.186,303.018,0.865869,-1,-1,-1
29,2,52.826,88.664,127.448,336.358,0.881693,-1,-1,-1
30,1,236.277,104.494,123.321,309.500,0.883864,-1,-1,-1
30,2,49.098,85.263,131.365,344.449,0.888850,-1,-1,-1
31,1,244.216,100.200,121.643,319.677,0.879050,-1,-1,-1
31,2,44.606,81.435,138.185,353.321,0.894636,-1,-1,-1
32,1,253.857,97.884,120.905,330.306,0.876942,-1,-1,-1
32,2,45.874,79.044,140.101,363.319,0.878988,-1,-1,-1
33,1,261.569,90.936,125.978,339.177,0.861402,-1,-1,-1
33,2,53.015,71.891,139.555,373.985,0.888709,-1,-1,-1
33,10,419.431,189.561,26.557,75.379,0.673912,-1,-1,-1
34,1,270.880,89.977,129.895,350.639,0.857904,-1,-1,-1
34,2,59.505,71.657,141.467,382.084,0.885136,-1,-1,-1
34,10,427.207,189.083,27.079,78.461,0.660495,-1,-1,-1
34,5,369.258,188.213,29.799,76.978,0.682793,-1,-1,-1
35,1,274.230,89.514,142.010,360.392,0.855145,-1,-1,-1
35,2,65.915,71.633,141.281,388.467,0.904246,-1,-1,-1
35,10,436.046,191.361,28.144,78.737,0.658069,-1,-1,-1
35,5,378.750,190.647,28.686,77.113,0.705356,-1,-1,-1
36,1,276.697,82.585,156.883,370.546,0.893658,-1,-1,-1
36,2,72.620,64.368,145.425,399.953,0.894650,-1,-1,-1
36,10,448.496,190.194,28.466,78.522,0.663602,-1,-1,-1
36,5,389.690,189.706,28.034,76.555,0.582402,-1,-1,-1
37,1,275.210,79.155,165.122,378.572,0.890757,-1,-1,-1
37,2,73.111,61.968,148.042,406.227,0.901447,-1,-1,-1
37,10,452.824,190.768,27.385,78.604,0.619237,-1,-1,-1
37,5,393.073,189.989,28.247,76.308,0.654741,-1,-1,-1
38,1,279.603,77.500,173.946,388.172,0.887810,-1,-1,-1
38,2,72.618,60.142,152.231,415.606,0.875933,-1,-1,-1
38,10,457.890,191.092,28.581,80.354,0.727856,-1,-1,-1
38,5,399.019,194.399,28.771,73.909,0.497017,-1,-1,-1
39,1,283.893,71.582,178.711,397.883,0.890246,-1,-1,-1
39,2,70.593,54.694,157.073,424.627,0.878946,-1,-1,-1
39,10,461.040,188.427,31.902,81.781,0.672653,-1,-1,-1
39,5,403.946,195.477,27.441,71.194,0.558170,-1,-1,-1
40,1,286.261,67.787,186.466,410.987,0.887581,-1,-1,-1
40,2,68.924,53.836,162.149,429.541,0.884654,-1,-1,-1
40,10,465.527,189.342,31.984,83.177,0.703159,-1,-1,-1
40,5,409.926,199.829,24.681,70.003,0.465363,-1,-1,-1
41,1,288.688,64.137,191.960,418.323,0.883233,-1,-1,-1
41,2,64.770,50.314,166.328,433.881,0.890321,-1,-1,-1
41,11,184.176,64.012,57.475,199.423,0.738507,-1,-1,-1
42,1,283.137,57.450,199.305,425.503,0.899859,-1,-1,-1
42,2,51.968,42.835,172.939,439.797,0.891521,-1,-1,-1
42,11,178.252,57.172,60.003,207.441,0.633583,-1,-1,-1
43,1,281.113,54.203,206.505,430.029,0.904476,-1,-1,-1
43,2,46.268,37.418,175.958,445.542,0.896318,-1,-1,-1
43,11,175.781,52.551,59.531,208.025,0.647754,-1,-1,-1
44,1,281.151,51.283,211.659,433.003,0.903994,-1,-1,-1
44,2,43.269,32.280,179.015,450.433,0.897634,-1,-1,-1
44,11,175.719,49.484,59.899,212.023,0.643321,-1,-1,-1
45,1,283.783,47.389,214.824,435.248,0.896412,-1,-1,-1
45,2,41.927,28.261,179.915,452.682,0.895077,-1,-1,-1
45,11,176.857,47.646,61.130,215.318,0.647643,-1,-1,-1
46,1,279.481,43.961,224.010,439.461,0.909354,-1,-1,-1
46,2,36.361,21.696,185.256,459.760,0.883587,-1,-1,-1
46,11,175.514,45.834,62.768,218.463,0.694217,-1,-1,-1
47,1,282.826,39.391,225.465,443.108,0.906392,-1,-1,-1
47,2,33.420,16.109,187.859,464.330,0.872500,-1,-1,-1
47,11,175.399,42.416,62.395,218.052,0.658151,-1,-1,-1
48,1,288.457,32.653,225.476,448.638,0.899883,-1,-1,-1
48,2,31.320,12.503,192.603,467.977,0.863594,-1,-1,-1
48,11,177.830,39.657,63.609,221.945,0.642754,-1,-1,-1
49,1,288.209,29.954,230.200,451.882,0.889513,-1,-1,-1
49,2,28.314,10.241,198.961,468.896,0.860324,-1,-1,-1
49,11,177.731,37.726,65.287,225.948,0.640544,-1,-1,-1
50,1,286.709,24.460,234.176,457.122,0.899487,-1,-1,-1
50,2,21.782,4.481,204.319,475.521,0.858464,-1,-1,-1
50,11,175.347,35.288,66.756,234.592,0.650022,-1,-1,-1
51,1,286.812,20.087,238.879,460.532,0.908587,-1,-1,-1
51,2,22.089,1.894,203.487,476.563,0.858766,-1,-1,-1
51,11,175.402,33.785,69.799,238.220,0.736184,-1,-1,-1
52,1,290.345,15.511,240.986,464.895,0.901855,-1,-1,-1
52,2,17.736,-0.184,206.408,479.786,0.846413,-1,-1,-1
52,11,174.478,30.528,71.405,241.292,0.595955,-1,-1,-1
53,1,290.235,13.696,248.298,467.842,0.904438,-1,-1,-1
53,2,14.230,-0.398,211.338,482.244,0.860460,-1,-1,-1
53,11,174.673,28.932,71.259,242.107,0.631814,-1,-1,-1
54,1,290.652,13.263,251.642,469.009,0.911634,-1,-1,-1
54,2,13.508,0.174,213.010,479.091,0.842437,-1,-1,-1
54,11,174.725,29.120,72.119,242.126,0.576567,-1,-1,-1
55,1,294.572,9.570,256.212,470.250,0.885809,-1,-1,-1
55,2,12.914,1.041,214.338,479.082,0.857144,-1,-1,-1
55,11,176.545,27.522,71.878,244.044,0.549126,-1,-1,-1
56,1,292.738,7.016,261.567,473.025,0.845687,-1,-1,-1
56,2,12.393,1.038,215.939,479.494,0.861990,-1,-1,-1
56,11,176.921,26.260,71.727,246.893,0.589010,-1,-1,-1
57,1,297.201,2.103,267.236,479.231,0.911513,-1,-1,-1
57,2,6.909,1.744,222.984,480.008,0.857832,-1,-1,-1
57,11,175.221,24.802,75.149,276.522,0.612204,-1,-1,-1
58,1,302.034,2.457,266.533,478.867,0.899676,-1,-1,-1
58,2,8.217,2.197,221.330,477.515,0.859375,-1,-1,-1
58,11,176.953,22.839,76.209,344.045,0.496561,-1,-1,-1
59,1,304.216,1.381,272.426,479.511,0.903473,-1,-1,-1
59,2,6.953,1.725,222.888,477.132,0.844697,-1,-1,-1
59,11,178.021,21.377,76.198,342.375,0.705095,-1,-1,-1
60,1,305.054,-0.679,279.706,479.900,0.900595,-1,-1,-1
60,2,5.519,0.544,225.151,478.118,0.818549,-1,-1,-1
60,11,176.387,19.066,79.138,388.486,0.571075,-1,-1,-1
61,1,307.884,-0.166,282.948,478.684,0.897113,-1,-1,-1
61,2,4.104,1.350,225.269,475.033,0.855650,-1,-1,-1
61,11,176.711,18.491,78.983,401.151,0.607680,-1,-1,-1
62,1,311.324,0.370,285.958,475.210,0.830705,-1,-1,-1
62,2,2.972,1.259,225.720,474.363,0.861093,-1,-1,-1
62,11,178.086,17.164,79.604,413.252,0.727741,-1,-1,-1
63,1,313.616,0.353,286.997,478.216,0.885750,-1,-1,-1
63,2,1.847,1.631,225.769,474.796,0.789619,-1,-1,-1
63,11,177.957,15.701,80.595,421.273,0.719582,-1,-1,-1
64,1,317.934,0.081,287.506,479.890,0.875684,-1,-1,-1
64,2,1.868,2.326,227.272,475.808,0.809896,-1,-1,-1
64,11,177.568,15.228,82.473,420.128,0.574097,-1,-1,-1
65,1,318.763,0.065,288.895,480.266,0.876583,-1,-1,-1
65,2,1.617,2.596,233.416,474.923,0.765706,-1,-1,-1
65,11,178.662,15.003,83.390,377.741,0.524687,-1,-1,-1
65,10,502.529,193.962,26.339,76.486,0.644301,-1,-1,-1
66,1,315.803,0.474,292.465,479.793,0.883923,-1,-1,-1
66,2,1.313,2.124,231.848,472.975,0.841767,-1,-1,-1
66,11,178.625,13.790,84.987,347.427,0.634091,-1,-1,-1
66,10,503.168,193.191,26.349,76.486,0.682390,-1,-1,-1
67,1,313.727,1.059,297.904,479.789,0.885195,-1,-1,-1
67,2,1.304,2.686,228.088,475.084,0.808658,-1,-1,-1
67,11,180.292,13.083,83.986,393.666,0.747888,-1,-1,-1
67,10,504.506,193.893,24.837,76.197,0.649013,-1,-1,-1
68,1,315.988,1.530,297.565,480.295,0.894158,-1,-1,-1
68,2,0.084,3.352,227.208,475.079,0.748680,-1,-1,-1
68,11,179.475,12.212,85.455,421.270,0.677914,-1,-1,-1
68,10,506.300,194.523,23.454,76.491,0.603743,-1,-1,-1
69,1,317.309,1.392,295.635,480.188,0.891451,-1,-1,-1
69,2,-0.451,3.100,226.611,475.441,0.738025,-1,-1,-1
69,11,178.908,10.641,86.439,433.062,0.603615,-1,-1,-1
69,10,506.517,194.746,22.302,75.610,0.636484,-1,-1,-1
70,1,318.354,1.545,294.458,480.057,0.892429,-1,-1,-1
70,2,-0.042,2.548,224.545,477.579,0.823451,-1,-1,-1
70,11,182.134,10.052,85.094,430.922,0.834775,-1,-1,-1
70,10,507.393,194.593,22.467,75.750,0.617249,-1,-1,-1
71,1,319.001,1.189,292.735,480.136,0.876086,-1,-1,-1
71,2,0.620,2.416,223.078,478.262,0.828635,-1,-1,-1
71,11,184.201,9.186,84.966,430.275,0.836546,-1,-1,-1
71,10,508.000,194.525,22.259,74.922,0.561712,-1,-1,-1
72,1,318.356,1.594,293.896,479.634,0.882651,-1,-1,-1
72,2,1.225,2.685,222.676,478.425,0.860002,-1,-1,-1
72,11,185.722,8.962,84.969,430.102,0.837540,-1,-1,-1
72,10,508.423,194.230,22.308,75.728,0.583436,-1,-1,-1
73,1,316.076,1.587,296.568,479.492,0.892030,-1,-1,-1
73,2,1.234,2.574,222.763,478.394,0.854334,-1,-1,-1
73,11,186.204,10.508,86.825,427.717,0.839406,-1,-1,-1
73,10,507.486,193.604,22.684,77.246,0.506198,-1,-1,-1
74,1,315.025,1.064,295.900,479.756,0.850016,-1,-1,-1
74,2,1.446,2.793,223.014,477.765,0.847670,-1,-1,-1
74,11,186.707,10.262,88.393,427.059,0.848580,-1,-1,-1
74,10,507.046,193.835,22.508,76.174,0.565337,-1,-1,-1
75,1,310.308,1.869,294.638,477.660,0.871111,-1,-1,-1
75,2,2.987,2.488,221.591,476.131,0.827862,-1,-1,-1
75,11,188.188,10.799,88.691,424.046,0.845827,-1,-1,-1
76,1,307.855,1.387,296.343,477.931,0.888341,-1,-1,-1
76,2,2.602,2.303,221.257,477.097,0.818412,-1,-1,-1
76,11,188.421,11.019,88.967,424.518,0.855320,-1,-1,-1
77,1,305.681,0.525,297.312,478.799,0.874361,-1,-1,-1
77,2,1.984,2.591,223.079,477.913,0.826930,-1,-1,-1
77,11,188.489,11.108,90.246,424.629,0.845231,-1,-1,-1
77,12,291.137,177.927,31.972,81.487,0.655330,-1,-1,-1
78,1,303.796,0.307,298.286,478.183,0.893119,-1,-1,-1
78,2,1.784,2.325,223.528,479.219,0.833501,-1,-1,-1
78,11,189.756,10.258,88.253,424.629,0.844287,-1,-1,-1
78,12,290.748,178.175,31.271,81.153,0.494607,-1,-1,-1
79,1,305.335,0.764,291.212,478.946,0.871705,-1,-1,-1
79,2,2.230,1.948,222.576,478.212,0.832479,-1,-1,-1
79,11,189.846,10.772,85.773,423.882,0.837282,-1,-1,-1
79,12,289.675,178.622,32.808,80.567,0.467106,-1,-1,-1
80,1,311.966,0.451,278.935,480.087,0.875902,-1,-1,-1
80,2,1.356,1.965,223.833,479.051,0.851641,-1,-1,-1
80,11,189.504,11.368,85.391,424.757,0.829428,-1,-1,-1
81,1,313.356,0.949,276.173,479.356,0.879776,-1,-1,-1
81,2,2.072,2.011,225.516,477.950,0.843232,-1,-1,-1
81,11,190.141,11.857,84.399,420.479,0.793658,-1,-1,-1
82,1,317.785,0.923,270.485,480.384,0.862370,-1,-1,-1
82,2,1.471,2.287,229.311,477.602,0.840349,-1,-1,-1
82,11,190.115,12.788,84.074,420.534,0.739236,-1,-1,-1
83,1,313.058,0.567,275.797,478.814,0.878152,-1,-1,-1
83,2,0.665,2.322,227.588,479.210,0.817282,-1,-1,-1
83,11,189.093,13.771,84.302,424.334,0.817155,-1,-1,-1
84,1,309.344,1.460,274.031,477.581,0.902818,-1,-1,-1
84,2,1.500,2.691,225.071,475.598,0.769063,-1,-1,-1
84,11,185.867,13.587,85.618,425.098,0.798337,-1,-1,-1
85,1,308.927,1.110,278.048,478.668,0.892328,-1,-1,-1
85,2,0.690,1.918,229.922,475.601,0.758416,-1,-1,-1
85,11,183.294,15.028,85.240,424.390,0.747106,-1,-1,-1
86,1,308.076,1.321,278.617,475.846,0.867863,-1,-1,-1
86,2,1.447,2.238,229.168,474.860,0.740507,-1,-1,-1
86,11,179.856,17.396,85.061,422.371,0.750686,-1,-1,-1
87,1,310.267,1.048,276.793,478.409,0.887979,-1,-1,-1
87,2,0.892,2.599,231.343,474.961,0.702095,-1,-1,-1
87,11,175.926,17.955,84.718,414.357,0.668882,-1,-1,-1
87,10,504.705,193.994,23.722,75.804,0.658756,-1,-1,-1
88,1,308.772,1.947,279.923,479.196,0.898839,-1,-1,-1
88,2,1.267,3.924,228.881,475.726,0.812885,-1,-1,-1
88,11,175.370,22.629,83.486,411.737,0.745068,-1,-1,-1
88,10,506.171,194.389,23.524,76.903,0.525836,-1,-1,-1
89,1,311.999,1.662,276.539,479.195,0.895496,-1,-1,-1
89,2,1.482,3.283,226.874,476.177,0.804182,-1,-1,-1
89,11,173.610,24.016,83.548,406.660,0.713803,-1,-1,-1
89,10,506.945,193.847,22.385,77.012,0.505374,-1,-1,-1
90,1,310.466,1.537,277.991,479.025,0.897684,-1,-1,-1
90,2,1.348,2.447,224.287,476.753,0.795368,-1,-1,-1
90,11,170.870,24.328,86.090,403.629,0.751288,-1,-1,-1
90,10,506.963,193.729,21.389,77.015,0.427666,-1,-1,-1
91,1,310.141,1.982,279.218,478.867,0.894335,-1,-1,-1
91,2,1.397,2.669,222.826,477.013,0.790901,-1,-1,-1
91,11,169.207,25.013,88.625,402.792,0.720437,-1,-1,-1
91,10,506.697,193.453,21.101,76.604,0.301372,-1,-1,-1
92,1,307.536,1.950,281.875,478.780,0.904486,-1,-1,-1
92,2,1.734,3.036,229.841,476.118,0.765540,-1,-1,-1
92,11,168.260,25.823,92.131,400.672,0.692480,-1,-1,-1
92,10,507.609,193.869,20.697,76.737,0.328696,-1,-1,-1
93,1,307.162,1.577,279.978,478.857,0.891693,-1,-1,-1
93,2,1.226,2.538,225.387,475.338,0.843292,-1,-1,-1
93,11,167.953,24.965,100.326,407.034,0.788313,-1,-1,-1
94,1,307.510,1.323,278.321,479.080,0.902760,-1,-1,-1
94,2,1.524,2.484,223.903,474.625,0.846875,-1,-1,-1
94,11,168.642,24.841,104.005,408.733,0.788918,-1,-1,-1
95,1,308.607,0.780,276.943,478.005,0.900951,-1,-1,-1
95,2,1.850,2.455,223.237,474.933,0.860328,-1,-1,-1
95,11,170.953,23.351,104.369,411.784,0.788649,-1,-1,-1
96,1,308.290,0.887,275.746,478.964,0.899939,-1,-1,-1
96,2,1.756,2.664,222.453,474.175,0.835748,-1,-1,-1
96,11,172.834,23.004,102.422,411.242,0.791422,-1,-1,-1
97,1,308.506,1.267,275.714,477.440,0.903111,-1,-1,-1
97,2,1.764,2.620,222.176,472.586,0.863998,-1,-1,-1
97,11,175.641,22.177,99.258,412.036,0.817894,-1,-1,-1
98,1,309.604,1.001,275.335,478.069,0.906363,-1,-1,-1
98,2,1.692,2.079,222.451,472.967,0.874497,-1,-1,-1
98,11,181.177,21.276,94.117,412.609,0.835110,-1,-1,-1
99,1,310.120,1.047,274.798,478.115,0.908889,-1,-1,-1
99,2,1.612,2.028,222.259,474.043,0.885549,-1,-1,-1
99,11,184.993,21.679,91.481,411.873,0.848399,-1,-1,-1
100,1,310.685,1.021,273.627,477.532,0.902699,-1,-1,-1
100,2,1.625,2.061,221.405,474.862,0.882042,-1,-1,-1
100,11,187.778,19.972,90.129,413.154,0.840650,-1,-1,-1
101,1,311.426,1.164,273.702,479.068,0.908610,-1,-1,-1
101,2,1.870,2.169,221.317,475.022,0.876735,-1,-1,-1
101,11,190.516,18.756,91.214,413.617,0.851075,-1,-1,-1
102,1,312.787,1.124,272.033,478.395,0.902164,-1,-1,-1
102,2,1.534,1.891,221.470,475.485,0.873407,-1,-1,-1
102,11,190.920,17.344,93.203,413.414,0.847863,-1,-1,-1
103,1,314.190,1.103,271.607,479.572,0.912158,-1,-1,-1
103,2,1.396,1.981,221.596,476.338,0.870229,-1,-1,-1
103,11,192.113,17.880,93.281,414.557,0.840192,-1,-1,-1
104,1,315.322,1.068,273.205,480.033,0.910780,-1,-1,-1
104,2,1.291,2.015,222.232,476.867,0.889270,-1,-1,-1
104,11,193.239,18.488,90.960,414.986,0.841856,-1,-1,-1
105,1,315.212,0.934,274.310,480.338,0.908698,-1,-1,-1
105,2,0.849,1.714,222.754,477.047,0.862697,-1,-1,-1
105,11,193.045,18.116,89.566,412.149,0.837517,-1,-1,-1
106,1,315.318,0.817,275.967,479.901,0.904370,-1,-1,-1
106,2,0.867,1.401,223.222,477.955,0.880035,-1,-1,-1
106,11,193.505,17.562,87.025,414.481,0.826920,-1,-1,-1
107,1,315.057,1.120,278.683,479.344,0.895350,-1,-1,-1
107,2,0.957,1.330,224.365,478.503,0.880322,-1,-1,-1
107,11,193.661,17.677,86.312,415.053,0.818552,-1,-1,-1
108,1,313.812,0.601,283.014,478.270,0.899591,-1,-1,-1
108,2,0.736,0.967,225.565,478.332,0.874163,-1,-1,-1
108,11,193.139,17.018,86.271,415.709,0.823406,-1,-1,-1
109,1,313.363,0.141,285.392,476.665,0.831283,-1,-1,-1
109,2,0.492,0.959,225.672,479.128,0.885651,-1,-1,-1
109,11,191.109,17.354,88.267,414.582,0.831031,-1,-1,-1
110,1,313.541,0.221,288.283,477.961,0.759900,-1,-1,-1
110,2,0.674,1.080,224.721,478.983,0.907234,-1,-1,-1
110,11,189.754,17.550,90.726,414.307,0.839487,-1,-1,-1
111,1,312.631,0.589,290.813,477.772,0.798423,-1,-1,-1
111,2,0.595,0.700,223.487,479.748,0.896095,-1,-1,-1
111,11,189.213,17.693,92.226,414.913,0.844351,-1,-1,-1
112,1,324.763,1.045,280.340,479.676,0.794870,-1,-1,-1
112,2,-0.017,0.851,223.271,480.270,0.907212,-1,-1,-1
112,11,188.357,17.791,94.867,416.458,0.849257,-1,-1,-1
113,1,316.535,1.240,283.789,480.130,0.864676,-1,-1,-1
113,2,0.001,1.102,223.024,480.000,0.902754,-1,-1,-1
113,11,188.265,18.747,94.576,417.395,0.853110,-1,-1,-1
114,1,312.350,1.389,287.056,479.058,0.896992,-1,-1,-1
114,2,1.308,1.555,222.202,478.445,0.895452,-1,-1,-1
114,11,188.765,20.430,94.865,414.107,0.853834,-1,-1,-1
115,1,310.068,1.381,285.720,477.781,0.881508,-1,-1,-1
115,2,0.849,0.764,222.591,478.674,0.889790,-1,-1,-1
115,11,188.795,20.891,95.388,414.655,0.866638,-1,-1,-1
116,1,308.032,1.471,285.501,477.878,0.894871,-1,-1,-1
116,2,2.074,1.135,221.114,477.483,0.879366,-1,-1,-1
116,11,192.069,21.624,93.424,414.509,0.859503,-1,-1,-1
117,1,306.276,1.568,283.703,477.493,0.883480,-1,-1,-1
117,2,1.807,0.833,222.326,476.656,0.870275,-1,-1,-1
117,11,192.972,21.391,94.990,414.994,0.854705,-1,-1,-1
118,1,296.528,-5.239,291.970,476.860,0.889824,-1,-1,-1
118,2,-3.171,-13.858,236.783,474.635,0.867946,-1,-1,-1
118,11,186.642,15.683,109.785,403.071,0.858849,-1,-1,-1
119,1,301.355,-0.230,282.647,477.930,0.911324,-1,-1,-1
119,2,-0.147,-2.336,230.541,477.015,0.885381,-1,-1,-1
119,11,194.725,20.833,97.040,407.552,0.816407,-1,-1,-1
119,10,499.852,194.255,29.870,78.255,0.699812,-1,-1,-1
120,1,302.502,0.973,280.515,479.285,0.910280,-1,-1,-1
120,2,0.603,1.145,230.792,478.764,0.872710,-1,-1,-1
120,11,199.937,22.776,89.813,409.000,0.809363,-1,-1,-1
120,10,499.721,194.250,29.742,78.813,0.720251,-1,-1,-1
121,1,303.979,1.906,279.773,479.071,0.887263,-1,-1,-1
121,2,1.484,2.368,233.876,479.240,0.877221,-1,-1,-1
121,11,201.332,23.446,88.121,412.851,0.819579,-1,-1,-1
121,10,499.773,194.026,30.018,79.363,0.661659,-1,-1,-1
122,1,307.278,2.173,279.977,477.556,0.888736,-1,-1,-1
122,2,2.614,2.878,237.120,479.396,0.857400,-1,-1,-1
122,11,203.707,24.579,83.564,415.325,0.823168,-1,-1,-1
122,10,500.105,194.918,29.620,78.314,0.663980,-1,-1,-1
123,1,304.774,2.399,280.891,478.355,0.896111,-1,-1,-1
123,2,2.381,3.222,241.033,479.106,0.872199,-1,-1,-1
123,11,203.659,23.850,83.312,414.633,0.833790,-1,-1,-1
123,10,500.112,195.119,30.201,77.965,0.680368,-1,-1,-1
124,1,305.686,2.034,278.982,478.899,0.904253,-1,-1,-1
124,2,2.241,3.267,244.132,478.700,0.864502,-1,-1,-1
124,11,204.359,24.550,81.677,410.141,0.839754,-1,-1,-1
124,10,500.553,195.330,29.902,77.811,0.653090,-1,-1,-1
125,1,306.491,2.199,276.828,478.735,0.902488,-1,-1,-1
125,2,2.114,3.305,246.687,478.394,0.853319,-1,-1,-1
125,11,204.704,24.910,80.466,407.052,0.818923,-1,-1,-1
125,10,501.430,194.961,28.967,77.660,0.640600,-1,-1,-1
126,1,306.940,2.231,275.194,478.841,0.899816,-1,-1,-1
126,2,1.570,3.230,249.631,469.456,0.789183,-1,-1,-1
126,11,205.214,24.857,79.374,406.353,0.789537,-1,-1,-1
126,10,501.889,195.165,28.119,77.731,0.626912,-1,-1,-1
127,1,308.037,1.958,275.040,479.159,0.896836,-1,-1,-1
127,2,2.028,3.143,249.378,473.322,0.842849,-1,-1,-1
127,11,206.617,24.738,77.927,406.258,0.808733,-1,-1,-1
127,10,503.314,194.483,27.146,77.680,0.587812,-1,-1,-1
128,1,307.782,2.009,275.631,479.010,0.903638,-1,-1,-1
128,2,1.653,2.921,252.313,473.431,0.832893,-1,-1,-1
128,11,206.554,24.623,78.290,406.775,0.736904,-1,-1,-1
128,10,503.870,194.986,26.470,76.913,0.601960,-1,-1,-1
129,1,308.303,1.804,274.588,478.758,0.896443,-1,-1,-1
129,2,1.577,2.914,252.983,473.814,0.855281,-1,-1,-1
129,11,206.341,24.752,78.427,407.360,0.741966,-1,-1,-1
129,10,503.985,195.126,26.283,76.980,0.589018,-1,-1,-1
130,1,307.877,1.717,275.312,478.903,0.909006,-1,-1,-1
130,2,2.616,2.793,249.884,473.158,0.832689,-1,-1,-1
130,11,206.291,25.367,78.399,407.260,0.766165,-1,-1,-1
130,10,504.833,194.872,26.246,76.929,0.602236,-1,-1,-1
130,14,1.150,81.311,48.657,399.748,0.694239,-1,-1,-1
131,1,307.508,1.774,275.051,478.833,0.899690,-1,-1,-1
131,2,9.779,2.745,240.943,471.292,0.809571,-1,-1,-1
131,11,205.545,24.995,79.288,405.561,0.797440,-1,-1,-1
131,10,503.567,194.748,27.294,77.440,0.651148,-1,-1,-1
132,1,307.852,1.539,273.487,479.175,0.896075,-1,-1,-1
132,2,11.629,2.544,237.275,471.508,0.787993,-1,-1,-1
132,11,203.812,24.660,80.806,405.870,0.825369,-1,-1,-1
132,10,503.421,194.120,27.367,77.680,0.640956,-1,-1,-1
133,1,307.544,1.445,272.819,477.197,0.898536,-1,-1,-1
133,2,10.753,2.400,236.437,473.885,0.835997,-1,-1,-1
133,11,202.659,24.384,81.888,406.529,0.832070,-1,-1,-1
133,10,503.086,194.058,27.809,78.233,0.593357,-1,-1,-1
134,1,306.798,1.519,271.040,476.583,0.903389,-1,-1,-1
134,2,11.002,2.372,234.447,476.389,0.855026,-1,-1,-1
134,11,202.404,24.286,81.183,409.942,0.837117,-1,-1,-1
134,10,502.327,193.846,28.620,79.027,0.628534,-1,-1,-1
135,1,307.399,1.325,269.654,478.760,0.889101,-1,-1,-1
135,2,9.519,2.332,233.969,477.536,0.878456,-1,-1,-1
135,11,202.996,24.192,80.694,411.758,0.835974,-1,-1,-1
135,10,501.949,193.948,28.204,78.894,0.625876,-1,-1,-1
136,1,306.936,1.216,269.250,479.693,0.889076,-1,-1,-1
136,2,7.570,2.309,231.699,477.726,0.858071,-1,-1,-1
136,11,201.452,24.779,82.172,411.054,0.828801,-1,-1,-1
136,10,501.478,193.695,28.557,79.349,0.636435,-1,-1,-1
137,1,306.855,1.047,269.206,480.107,0.891953,-1,-1,-1
137,2,7.440,2.154,226.936,478.350,0.856589,-1,-1,-1
137,11,197.570,24.307,86.614,410.165,0.827622,-1,-1,-1
137,10,501.635,194.028,28.561,78.939,0.600078,-1,-1,-1
138,1,305.691,0.997,270.773,480.168,0.905905,-1,-1,-1
138,2,6.601,1.761,223.078,479.447,0.871095,-1,-1,-1
138,11,194.064,24.399,90.172,411.791,0.840834,-1,-1,-1
138,10,502.417,193.913,28.089,78.931,0.573430,-1,-1,-1
139,1,305.999,1.032,271.817,480.191,0.910511,-1,-1,-1
139,2,5.418,1.658,222.236,479.807,0.871271,-1,-1,-1
139,11,192.129,23.845,92.488,410.972,0.846930,-1,-1,-1
139,10,502.967,194.409,27.767,78.271,0.550865,-1,-1,-1
140,1,306.370,1.401,273.297,479.498,0.910286,-1,-1,-1
140,2,3.979,1.749,220.386,479.508,0.879686,-1,-1,-1
140,11,190.674,23.525,94.439,410.792,0.852490,-1,-1,-1
140,10,503.601,193.917,27.869,78.456,0.543622,-1,-1,-1
141,1,305.467,1.068,275.514,476.338,0.899717,-1,-1,-1
141,2,2.998,1.860,218.082,479.044,0.887229,-1,-1,-1
141,11,188.829,22.481,96.494,412.008,0.856162,-1,-1,-1
141,10,503.294,193.799,27.532,78.325,0.585341,-1,-1,-1
142,1,305.163,1.152,276.891,478.344,0.909257,-1,-1,-1
142,2,2.409,2.013,216.055,479.260,0.883634,-1,-1,-1
142,11,188.150,21.898,97.223,413.319,0.858494,-1,-1,-1
142,10,503.563,193.345,27.210,78.790,0.565551,-1,-1,-1
143,1,306.084,0.898,278.082,479.637,0.905776,-1,-1,-1
143,2,1.598,2.033,215.818,479.489,0.886145,-1,-1,-1
143,11,186.598,21.383,99.200,414.281,0.861824,-1,-1,-1
143,10,504.911,193.000,25.339,78.537,0.596979,-1,-1,-1
144,1,306.134,0.936,280.745,479.933,0.913982,-1,-1,-1
144,2,1.205,2.026,215.860,478.900,0.892719,-1,-1,-1
144,11,185.870,21.396,99.830,413.840,0.855591,-1,-1,-1
144,10,505.430,192.481,24.059,78.706,0.534050,-1,-1,-1
145,1,307.301,0.488,285.697,480.937,0.900496,-1,-1,-1
145,2,0.597,2.000,215.755,479.260,0.901095,-1,-1,-1
145,11,183.706,21.054,102.465,414.031,0.854244,-1,-1,-1
145,10,506.796,192.727,23.217,78.216,0.552579,-1,-1,-1
146,1,308.837,0.724,286.455,480.606,0.860143,-1,-1,-1
146,2,0.671,1.841,215.490,478.486,0.896281,-1,-1,-1
146,11,183.268,20.961,102.990,413.295,0.851242,-1,-1,-1
147,1,319.657,0.276,283.983,478.878,0.839937,-1,-1,-1
147,2,0.686,1.627,215.637,477.840,0.891115,-1,-1,-1
147,11,183.662,20.668,101.908,413.314,0.853850,-1,-1,-1
148,1,317.963,0.401,291.016,477.746,0.872945,-1,-1,-1
148,2,1.349,2.037,216.795,478.369,0.864736,-1,-1,-1
148,11,185.600,21.231,99.961,412.843,0.858252,-1,-1,-1
149,1,317.287,0.883,294.719,477.226,0.884892,-1,-1,-1
149,2,2.416,2.015,219.864,478.858,0.858384,-1,-1,-1
149,11,188.408,21.947,96.743,411.354,0.856435,-1,-1,-1
150,1,317.077,0.872,298.250,479.299,0.877503,-1,-1,-1
150,2,2.533,1.671,222.393,479.588,0.866568,-1,-1,-1
150,11,190.250,22.282,94.935,413.058,0.852640,-1,-1,-1
151,1,317.476,0.521,297.737,480.455,0.843694,-1,-1,-1
151,2,3.347,0.726,224.557,480.073,0.856137,-1,-1,-1
151,11,192.545,22.131,92.497,414.561,0.859114,-1,-1,-1
152,1,317.150,1.006,293.240,479.665,0.783912,-1,-1,-1
152,2,7.026,0.449,224.458,479.785,0.858573,-1,-1,-1
152,11,193.727,22.452,91.429,413.335,0.866510,-1,-1,-1
153,1,312.461,1.547,292.507,476.079,0.818093,-1,-1,-1
153,2,9.194,0.437,225.568,475.455,0.839942,-1,-1,-1
153,11,193.729,22.560,91.233,410.359,0.863596,-1,-1,-1
154,1,308.618,1.748,290.109,477.945,0.876642,-1,-1,-1
154,2,7.610,1.095,227.461,474.956,0.828387,-1,-1,-1
154,11,193.622,22.523,90.770,412.513,0.852262,-1,-1,-1
154,10,504.020,189.753,26.005,79.530,0.672035,-1,-1,-1
155,1,306.727,1.868,286.653,478.797,0.891641,-1,-1,-1
155,2,8.670,1.475,226.789,475.897,0.826869,-1,-1,-1
155,11,193.601,22.995,90.387,413.647,0.844100,-1,-1,-1
155,10,502.042,192.663,27.233,77.471,0.631963,-1,-1,-1
156,1,306.077,1.896,281.892,478.950,0.902361,-1,-1,-1
156,2,8.269,2.219,227.515,476.731,0.863833,-1,-1,-1
156,11,193.465,23.385,89.764,413.417,0.865968,-1,-1,-1
156,10,500.339,195.217,27.936,75.531,0.565330,-1,-1,-1
157,1,304.391,1.697,267.446,478.896,0.915102,-1,-1,-1
157,2,8.680,2.000,226.573,475.111,0.836704,-1,-1,-1
157,11,192.852,22.690,89.098,414.635,0.865138,-1,-1,-1
157,10,498.941,195.476,29.064,76.277,0.583229,-1,-1,-1
158,1,304.943,1.121,242.086,479.802,0.917205,-1,-1,-1
158,2,7.258,1.427,225.570,477.363,0.840065,-1,-1,-1
158,11,192.068,21.005,88.959,418.116,0.858602,-1,-1,-1
158,10,498.577,196.410,29.716,75.622,0.518510,-1,-1,-1
159,1,302.029,1.104,224.051,479.969,0.909461,-1,-1,-1
159,2,5.467,1.291,226.716,478.250,0.846344,-1,-1,-1
159,11,191.664,20.032,90.782,418.627,0.846602,-1,-1,-1
159,10,497.912,188.910,30.991,84.083,0.701265,-1,-1,-1
160,1,302.968,1.913,204.931,475.754,0.918296,-1,-1,-1
160,2,2.651,2.373,227.590,478.062,0.864510,-1,-1,-1
160,11,191.333,20.268,90.618,419.510,0.849493,-1,-1,-1
160,10,497.321,186.998,31.926,86.328,0.720441,-1,-1,-1
161,1,297.707,1.347,203.379,478.415,0.910560,-1,-1,-1
161,2,1.499,2.013,228.019,478.983,0.862031,-1,-1,-1
161,11,190.252,19.400,91.176,420.596,0.848025,-1,-1,-1
161,10,496.734,186.793,32.361,86.497,0.694641,-1,-1,-1
162,1,292.938,1.135,207.749,476.275,0.905668,-1,-1,-1
162,2,1.174,1.346,229.194,479.195,0.834133,-1,-1,-1
162,11,189.695,16.992,93.555,422.326,0.852901,-1,-1,-1
162,10,498.001,185.299,32.503,88.021,0.715917,-1,-1,-1
163,1,290.043,1.377,209.978,475.707,0.906335,-1,-1,-1
163,2,0.887,1.664,228.382,476.560,0.829921,-1,-1,-1
163,11,188.925,16.571,93.540,425.706,0.849998,-1,-1,-1
163,10,497.893,184.725,33.488,88.648,0.719051,-1,-1,-1
164,1,289.660,1.594,209.572,474.762,0.903922,-1,-1,-1
164,2,0.660,1.884,225.823,475.566,0.804712,-1,-1,-1
164,11,187.747,15.190,93.694,428.024,0.836637,-1,-1,-1
164,10,496.874,183.655,33.127,89.752,0.722113,-1,-1,-1
165,1,293.507,1.163,206.514,478.497,0.919598,-1,-1,-1
165,2,0.570,1.583,224.404,475.856,0.819383,-1,-1,-1
165,11,187.851,14.566,93.494,428.954,0.845565,-1,-1,-1
165,10,497.263,183.889,33.417,89.824,0.714417,-1,-1,-1
166,1,295.893,1.060,205.166,479.416,0.921595,-1,-1,-1
166,2,1.094,1.493,223.139,476.354,0.816456,-1,-1,-1
166,11,187.194,13.454,94.382,430.640,0.841241,-1,-1,-1
166,10,497.581,183.440,33.327,89.913,0.719239,-1,-1,-1
167,1,295.556,1.432,205.309,479.666,0.916639,-1,-1,-1
167,2,0.954,2.172,221.616,473.773,0.795554,-1,-1,-1
167,11,185.987,12.620,94.554,432.076,0.818203,-1,-1,-1
167,10,497.019,184.307,33.853,89.327,0.721232,-1,-1,-1
168,1,294.848,1.309,205.685,479.745,0.912912,-1,-1,-1
168,2,1.040,2.045,220.805,473.976,0.819298,-1,-1,-1
168,11,185.018,11.982,94.714,432.485,0.843632,-1,-1,-1
168,10,496.880,183.824,34.155,89.567,0.722743,-1,-1,-1
169,1,289.619,2.025,211.475,475.927,0.902604,-1,-1,-1
169,2,1.164,2.089,220.703,474.116,0.754748,-1,-1,-1
169,11,184.483,11.851,95.801,433.623,0.843191,-1,-1,-1
169,10,497.465,184.487,33.798,89.405,0.732292,-1,-1,-1
170,1,283.512,1.964,217.845,475.574,0.899051,-1,-1,-1
170,2,0.094,2.245,221.104,473.450,0.760045,-1,-1,-1
170,11,183.256,11.659,97.043,436.202,0.843797,-1,-1,-1
170,10,497.456,184.094,34.015,90.095,0.713879,-1,-1,-1
171,1,279.598,0.758,220.720,475.526,0.902230,-1,-1,-1
171,2,-0.975,-0.377,220.753,474.193,0.794459,-1,-1,-1
171,11,181.560,9.565,98.021,437.639,0.846166,-1,-1,-1
172,1,281.162,1.551,219.999,475.170,0.897070,-1,-1,-1
172,2,0.732,1.482,219.931,474.966,0.844804,-1,-1,-1
172,11,182.884,10.955,97.854,437.558,0.846667,-1,-1,-1
173,1,265.358,-6.677,233.438,492.017,0.899054,-1,-1,-1
173,2,-25.896,-1.170,234.766,492.331,0.815494,-1,-1,-1
173,11,159.570,14.901,110.380,446.336,0.848467,-1,-1,-1
174,1,276.660,-1.025,221.979,482.669,0.902988,-1,-1,-1
174,2,-9.502,0.508,224.044,482.255,0.827427,-1,-1,-1
174,11,173.114,14.197,102.308,440.034,0.848770,-1,-1,-1
175,1,280.328,1.905,219.124,478.603,0.851775,-1,-1,-1
175,2,-1.701,2.124,219.909,478.235,0.859165,-1,-1,-1
175,11,178.620,14.530,100.948,441.288,0.849160,-1,-1,-1
176,1,285.142,2.250,214.540,475.673,0.898324,-1,-1,-1
176,2,3.955,1.084,217.103,474.105,0.827140,-1,-1,-1
176,11,183.220,13.439,99.084,437.176,0.839994,-1,-1,-1
177,1,293.242,12.286,209.043,456.648,0.892517,-1,-1,-1
177,2,23.970,9.355,211.416,455.702,0.794012,-1,-1,-1
177,11,197.176,25.121,96.987,420.121,0.855113,-1,-1,-1
178,1,287.597,6.934,212.855,466.533,0.904253,-1,-1,-1
178,2,12.444,5.513,212.933,465.635,0.828015,-1,-1,-1
178,11,188.405,18.106,97.185,427.479,0.860391,-1,-1,-1
179,1,275.099,3.191,225.641,473.976,0.859873,-1,-1,-1
179,2,5.121,2.080,215.417,472.640,0.836617,-1,-1,-1
179,11,184.435,13.490,97.165,436.464,0.865727,-1,-1,-1
179,15,497.244,184.306,33.978,89.590,0.731337,-1,-1,-1
180,1,281.268,1.562,219.908,478.024,0.903054,-1,-1,-1
180,2,2.335,1.044,216.507,476.488,0.841658,-1,-1,-1
180,11,182.632,11.924,97.479,438.421,0.856050,-1,-1,-1
180,15,497.313,184.288,33.449,89.497,0.704424,-1,-1,-1
181,1,282.588,0.886,219.457,479.836,0.906655,-1,-1,-1
181,2,1.504,0.419,216.982,477.191,0.820559,-1,-1,-1
181,11,183.218,11.540,96.490,438.502,0.860731,-1,-1,-1
181,15,497.552,184.435,32.926,89.325,0.702479,-1,-1,-1
182,1,283.476,0.956,219.987,477.750,0.903171,-1,-1,-1
182,2,0.805,0.368,216.998,476.090,0.831485,-1,-1,-1
182,11,182.620,11.009,96.352,437.621,0.843546,-1,-1,-1
182,15,497.603,184.622,32.600,88.732,0.711245,-1,-1,-1
183,1,284.235,1.126,220.245,477.110,0.903456,-1,-1,-1
183,2,0.849,0.761,217.526,476.597,0.845119,-1,-1,-1
183,11,183.070,11.432,95.658,437.367,0.851361,-1,-1,-1
183,15,498.005,185.352,31.440,87.954,0.718906,-1,-1,-1
184,1,285.944,1.431,220.205,476.428,0.905227,-1,-1,-1
184,2,0.987,1.073,217.666,475.973,0.822006,-1,-1,-1
184,11,182.634,11.668,96.183,436.778,0.848277,-1,-1,-1
184,15,498.797,185.258,30.068,88.279,0.704369,-1,-1,-1
185,1,288.853,1.554,218.958,475.691,0.897019,-1,-1,-1
185,2,1.028,1.110,217.701,475.971,0.831098,-1,-1,-1
185,11,182.196,11.786,96.539,436.376,0.848997,-1,-1,-1
185,15,499.427,185.469,29.347,87.700,0.701658,-1,-1,-1
186,1,294.005,1.912,215.514,474.954,0.913651,-1,-1,-1
186,2,1.191,1.198,217.861,476.514,0.859292,-1,-1,-1
186,11,182.500,11.852,96.491,436.478,0.852496,-1,-1,-1
186,15,499.744,186.263,28.678,86.378,0.698771,-1,-1,-1
187,1,295.680,1.994,214.893,475.062,0.909722,-1,-1,-1
187,2,1.042,1.131,217.967,476.397,0.870838,-1,-1,-1
187,11,183.146,11.893,95.701,436.534,0.849125,-1,-1,-1
187,15,500.254,186.705,27.961,85.559,0.670635,-1,-1,-1
188,1,297.065,1.938,213.882,474.666,0.912447,-1,-1,-1
188,2,1.000,1.178,218.027,476.317,0.859031,-1,-1,-1
188,11,182.543,11.840,96.332,436.337,0.851463,-1,-1,-1
188,15,500.694,186.474,27.856,86.032,0.680918,-1,-1,-1
189,1,297.927,1.787,213.036,474.331,0.913228,-1,-1,-1
189,2,0.975,1.024,218.170,476.013,0.838277,-1,-1,-1
189,11,182.464,11.494,96.283,436.470,0.853565,-1,-1,-1
189,15,500.604,185.819,28.306,86.679,0.681952,-1,-1,-1
190,1,298.104,1.710,212.868,474.781,0.912861,-1,-1,-1
190,2,0.926,1.064,218.128,475.861,0.849789,-1,-1,-1
190,11,182.683,11.537,95.967,435.705,0.842316,-1,-1,-1
190,15,500.336,186.368,28.664,86.043,0.671105,-1,-1,-1
191,1,298.193,1.823,212.480,474.865,0.914583,-1,-1,-1
191,2,0.908,1.214,218.055,475.996,0.855188,-1,-1,-1
191,11,182.587,11.508,96.095,436.156,0.846789,-1,-1,-1
191,15,500.062,186.034,29.107,86.902,0.686543,-1,-1,-1
192,1,297.380,1.843,213.261,474.766,0.910277,-1,-1,-1
192,2,0.837,1.195,218.068,475.964,0.847342,-1,-1,-1
192,11,182.037,11.618,96.810,436.236,0.852314,-1,-1,-1
192,15,499.934,185.700,29.281,86.952,0.671637,-1,-1,-1
193,1,296.287,1.722,214.327,474.835,0.908555,-1,-1,-1
193,2,0.823,1.213,217.796,475.112,0.833471,-1,-1,-1
193,11,182.222,11.765,96.629,436.648,0.851095,-1,-1,-1
193,15,499.980,185.809,29.099,87.287,0.691929,-1,-1,-1
194,1,293.008,1.469,217.370,475.628,0.897180,-1,-1,-1
194,2,0.888,1.176,217.342,475.784,0.834694,-1,-1,-1
194,11,181.509,11.677,97.236,437.070,0.855212,-1,-1,-1
194,15,500.164,185.711,28.982,87.551,0.694911,-1,-1,-1
195,1,288.440,1.323,221.517,476.183,0.881218,-1,-1,-1
195,2,0.789,1.222,217.101,475.904,0.848951,-1,-1,-1
195,11,180.974,11.608,97.279,437.227,0.855591,-1,-1,-1
195,15,499.806,185.356,28.650,88.184,0.676255,-1,-1,-1
196,1,285.156,1.391,224.816,476.435,0.890131,-1,-1,-1
196,2,1.076,1.343,216.716,474.920,0.797330,-1,-1,-1
196,11,180.255,11.716,98.188,437.281,0.855315,-1,-1,-1
196,15,500.436,184.900,28.710,88.846,0.664274,-1,-1,-1
197,1,283.061,1.409,227.807,476.932,0.897768,-1,-1,-1
197,2,1.191,1.506,217.082,474.758,0.844314,-1,-1,-1
197,11,179.517,11.426,99.024,437.815,0.851724,-1,-1,-1
197,15,500.373,185.310,29.083,88.204,0.644718,-1,-1,-1
198,1,281.995,1.575,228.331,476.467,0.911345,-1,-1,-1
198,2,1.012,1.517,216.472,474.844,0.863574,-1,-1,-1
198,11,178.448,11.334,98.874,438.538,0.859026,-1,-1,-1
198,15,500.131,185.644,29.730,87.871,0.691522,-1,-1,-1
199,1,280.456,1.613,229.555,476.745,0.909442,-1,-1,-1
199,2,0.824,2.217,216.541,473.990,0.807185,-1,-1,-1
199,11,177.108,11.951,98.663,438.242,0.850154,-1,-1,-1
199,15,499.328,185.681,30.414,86.909,0.687061,-1,-1,-1
200,1,278.434,1.678,231.377,476.322,0.905026,-1,-1,-1
200,2,0.776,4.945,216.406,470.939,0.786139,-1,-1,-1
200,11,175.807,12.620,97.314,438.150,0.848473,-1,-1,-1
200,15,499.209,186.081,30.690,87.166,0.719080,-1,-1,-1
201,1,275.742,1.198,233.234,478.988,0.907483,-1,-1,-1
201,2,0.714,4.555,216.411,471.078,0.775010,-1,-1,-1
201,11,171.910,13.449,98.522,438.791,0.834354,-1,-1,-1
201,15,498.652,186.210,30.362,87.364,0.700894,-1,-1,-1
202,1,274.153,0.904,233.840,480.111,0.908655,-1,-1,-1
202,2,0.439,6.911,216.704,469.793,0.726892,-1,-1,-1
202,11,166.678,15.215,99.927,437.146,0.810348,-1,-1,-1
202,15,498.174,186.288,30.053,87.311,0.688394,-1,-1,-1
203,1,273.663,0.893,233.557,479.483,0.895959,-1,-1,-1
203,2,0.526,12.786,215.285,464.263,0.643224,-1,-1,-1
203,11,159.236,16.988,104.322,434.261,0.775873,-1,-1,-1
203,15,497.835,186.010,29.862,87.919,0.702964,-1,-1,-1
204,1,273.211,1.666,233.222,476.484,0.890161,-1,-1,-1
204,2,0.483,6.480,214.699,468.054,0.696245,-1,-1,-1
204,11,156.557,19.258,103.048,424.862,0.809415,-1,-1,-1
204,15,496.404,187.155,29.693,87.354,0.761009,-1,-1,-1
205,1,272.927,1.779,234.554,474.878,0.881827,-1,-1,-1
205,2,0.921,3.540,214.395,469.478,0.669187,-1,-1,-1
205,11,154.991,21.158,99.709,416.505,0.810245,-1,-1,-1
205,15,497.095,187.385,28.998,86.456,0.739620,-1,-1,-1
206,1,270.851,1.576,236.664,474.507,0.889620,-1,-1,-1
206,2,0.786,3.011,213.038,470.857,0.622204,-1,-1,-1
206,11,153.740,23.429,96.938,409.364,0.780599,-1,-1,-1
206,15,496.431,187.386,29.255,85.772,0.705097,-1,-1,-1
207,1,271.632,1.915,235.733,474.170,0.883782,-1,-1,-1
207,2,0.994,3.291,212.023,469.970,0.566620,-1,-1,-1
207,11,155.361,25.749,93.772,399.450,0.715423,-1,-1,-1
207,15,496.122,187.166,28.853,86.010,0.739854,-1,-1,-1
208,1,266.469,1.738,241.394,474.732,0.886852,-1,-1,-1
208,2,1.100,2.179,211.353,472.635,0.774813,-1,-1,-1
208,11,163.098,30.090,87.881,381.197,0.792235,-1,-1,-1
208,15,495.043,187.497,29.528,86.718,0.703667,-1,-1,-1
209,1,263.420,1.911,244.785,474.982,0.891294,-1,-1,-1
209,2,1.331,1.647,209.587,473.682,0.768759,-1,-1,-1
209,11,168.601,33.853,82.690,368.483,0.793145,-1,-1,-1
209,15,495.337,187.234,29.197,86.701,0.729176,-1,-1,-1
210,1,259.077,2.028,247.914,475.809,0.862579,-1,-1,-1
210,2,1.458,2.107,205.733,474.083,0.873124,-1,-1,-1
210,11,172.591,42.989,80.044,355.693,0.838174,-1,-1,-1
210,15,494.012,186.954,30.084,87.717,0.728291,-1,-1,-1
211,1,265.092,2.140,241.309,476.082,0.811272,-1,-1,-1
211,2,1.584,2.223,202.178,475.008,0.879864,-1,-1,-1
211,11,173.242,48.017,82.516,348.977,0.847365,-1,-1,-1
211,15,493.094,185.243,31.065,89.053,0.739894,-1,-1,-1
212,1,264.930,2.685,241.080,476.184,0.835531,-1,-1,-1
212,2,1.677,2.552,198.522,473.087,0.826010,-1,-1,-1
212,11,172.005,54.569,89.407,344.235,0.859289,-1,-1,-1
212,15,492.332,186.777,30.460,89.371,0.719732,-1,-1,-1
213,1,256.906,2.235,247.556,476.449,0.869743,-1,-1,-1
213,2,1.735,2.885,190.854,473.210,0.796948,-1,-1,-1
213,11,170.041,55.454,98.473,342.405,0.861417,-1,-1,-1
213,15,491.259,185.810,29.654,89.398,0.665346,-1,-1,-1
214,1,254.649,1.367,247.225,477.182,0.878675,-1,-1,-1
214,2,0.668,0.925,185.784,476.304,0.809615,-1,-1,-1
214,11,160.374,56.664,114.000,349.039,0.870891,-1,-1,-1
214,15,490.328,185.617,29.062,89.929,0.714007,-1,-1,-1
215,1,255.636,1.340,243.895,475.760,0.897841,-1,-1,-1
215,2,1.291,0.480,183.000,476.241,0.763825,-1,-1,-1
215,11,161.457,57.644,117.387,345.146,0.881784,-1,-1,-1
215,15,487.345,185.755,31.741,89.656,0.706579,-1,-1,-1
216,1,255.697,0.705,241.401,475.967,0.876878,-1,-1,-1
216,2,1.365,-0.101,179.994,474.733,0.717636,-1,-1,-1
216,11,165.855,59.333,116.726,340.861,0.886046,-1,-1,-1
216,15,487.855,185.109,29.659,89.893,0.732918,-1,-1,-1
217,1,278.440,1.798,216.942,477.475,0.818260,-1,-1,-1
217,2,1.703,0.895,178.153,476.188,0.802598,-1,-1,-1
217,11,169.543,62.622,116.106,338.325,0.884107,-1,-1,-1
217,15,486.665,183.880,30.899,91.162,0.729428,-1,-1,-1
218,1,269.307,2.442,222.347,478.189,0.799182,-1,-1,-1
218,2,1.520,1.486,179.159,477.396,0.790572,-1,-1,-1
218,11,172.726,68.821,115.266,332.182,0.868853,-1,-1,-1
218,15,483.736,183.409,31.211,93.739,0.721263,-1,-1,-1
219,1,286.980,1.863,202.392,478.733,0.827216,-1,-1,-1
219,2,2.008,1.526,180.696,476.299,0.815573,-1,-1,-1
219,11,179.417,74.633,112.387,326.145,0.870295,-1,-1,-1
219,15,482.648,182.159,31.002,94.214,0.753312,-1,-1,-1
220,1,292.999,8.346,193.184,471.474,0.750248,-1,-1,-1
220,2,2.337,1.977,183.878,475.852,0.810500,-1,-1,-1
220,11,185.633,80.675,107.927,318.151,0.861328,-1,-1,-1
220,15,481.557,181.732,31.082,95.468,0.770146,-1,-1,-1
221,1,277.443,18.825,209.120,461.647,0.868261,-1,-1,-1
221,2,1.573,2.233,189.449,475.792,0.759479,-1,-1,-1
221,11,189.402,87.715,105.578,305.116,0.871271,-1,-1,-1
221,15,483.399,182.533,27.508,94.411,0.741270,-1,-1,-1
222,1,282.418,26.662,208.567,453.630,0.912958,-1,-1,-1
222,2,2.355,3.202,195.315,476.783,0.548200,-1,-1,-1
222,11,196.505,91.787,103.225,292.824,0.868788,-1,-1,-1
222,15,486.906,183.451,24.947,92.616,0.650460,-1,-1,-1
223,1,288.599,32.015,206.518,448.976,0.890582,-1,-1,-1
223,2,1.398,1.937,206.334,474.263,0.769387,-1,-1,-1
223,11,202.398,94.295,98.760,277.525,0.862269,-1,-1,-1
223,15,489.127,183.456,22.559,96.086,0.452411,-1,-1,-1
224,1,291.840,35.840,205.273,445.437,0.912361,-1,-1,-1
224,2,1.185,2.138,213.157,474.918,0.664153,-1,-1,-1
224,11,208.025,96.900,94.563,270.769,0.863556,-1,-1,-1
224,15,489.764,183.588,22.996,95.938,0.520771,-1,-1,-1
225,1,293.994,39.604,203.139,441.094,0.917869,-1,-1,-1
225,2,1.443,1.862,218.795,477.256,0.839188,-1,-1,-1
225,11,214.227,102.493,90.809,265.226,0.874043,-1,-1,-1
225,15,488.426,184.620,26.858,95.313,0.624264,-1,-1,-1
226,1,296.147,43.728,196.162,437.423,0.912666,-1,-1,-1
226,2,1.012,2.766,225.178,475.530,0.822879,-1,-1,-1
226,11,219.876,108.106,86.913,259.868,0.876128,-1,-1,-1
226,15,486.648,182.276,29.084,97.643,0.667295,-1,-1,-1
227,1,299.461,49.639,186.630,431.574,0.902586,-1,-1,-1
227,2,1.119,2.762,227.508,475.746,0.815947,-1,-1,-1
227,11,223.274,112.469,86.622,250.588,0.869931,-1,-1,-1
227,15,483.643,181.613,31.858,99.645,0.717855,-1,-1,-1
228,1,302.926,55.075,176.203,426.224,0.912350,-1,-1,-1
228,2,0.226,2.270,231.271,476.924,0.913466,-1,-1,-1
228,11,230.104,113.668,84.450,245.521,0.842770,-1,-1,-1
228,15,483.220,181.666,33.525,102.229,0.738828,-1,-1,-1
229,1,307.038,61.857,163.032,419.910,0.903791,-1,-1,-1
229,2,1.375,3.317,229.336,476.766,0.902329,-1,-1,-1
229,11,237.082,113.562,85.394,233.872,0.860773,-1,-1,-1
229,15,485.241,184.065,32.805,101.770,0.698084,-1,-1,-1
230,1,310.099,66.750,153.330,414.246,0.885451,-1,-1,-1
230,2,1.172,2.733,226.344,477.793,0.890761,-1,-1,-1
230,11,240.912,112.919,84.481,228.885,0.848556,-1,-1,-1
230,15,486.557,184.007,32.534,102.841,0.696182,-1,-1,-1
231,1,310.382,68.053,148.111,412.814,0.886594,-1,-1,-1
231,2,1.100,4.115,224.561,473.242,0.719951,-1,-1,-1
231,11,245.878,112.282,83.382,227.132,0.864718,-1,-1,-1
231,15,489.192,184.204,30.640,103.275,0.723312,-1,-1,-1
231,17,454.571,167.007,37.596,125.922,0.772804,-1,-1,-1
231,18,552.057,200.545,22.139,59.083,0.663975,-1,-1,-1
232,1,322.693,68.145,137.428,411.804,0.869107,-1,-1,-1
232,2,2.079,5.511,223.018,472.867,0.802063,-1,-1,-1
232,11,252.694,114.441,81.334,225.495,0.851731,-1,-1,-1
232,15,493.905,184.152,26.936,102.270,0.656271,-1,-1,-1
232,17,457.163,164.511,40.933,129.475,0.757284,-1,-1,-1
232,18,554.075,200.707,25.678,60.180,0.528214,-1,-1,-1
232,19,578.784,156.791,62.668,190.613,0.659236,-1,-1,-1
233,1,332.494,67.125,131.438,412.880,0.869866,-1,-1,-1
233,2,2.863,3.766,222.317,471.135,0.580959,-1,-1,-1
233,11,259.892,118.677,79.298,222.002,0.826959,-1,-1,-1
233,17,466.302,161.599,39.298,132.786,0.688938,-1,-1,-1
233,18,558.564,200.056,25.947,61.224,0.611749,-1,-1,-1
233,19,579.112,162.899,63.250,190.601,0.339121,-1,-1,-1
234,1,328.694,70.482,152.834,409.967,0.899915,-1,-1,-1
234,2,3.420,2.581,223.031,470.584,0.660371,-1,-1,-1
234,11,267.646,121.856,76.314,216.630,0.807917,-1,-1,-1
234,17,477.001,160.939,37.848,132.819,0.521822,-1,-1,-1
234,18,566.493,202.861,22.752,58.560,0.503781,-1,-1,-1
234,19,585.874,167.691,56.317,209.860,0.455420,-1,-1,-1
235,1,335.652,74.580,162.081,406.304,0.895757,-1,-1,-1
235,2,6.939,1.654,221.415,475.661,0.844327,-1,-1,-1
235,11,273.117,122.976,76.468,212.692,0.810415,-1,-1,-1
235,17,485.659,159.679,37.006,131.041,0.393717,-1,-1,-1
235,18,571.703,200.259,26.775,62.259,0.499253,-1,-1,-1
236,1,343.712,78.918,166.512,401.752,0.897686,-1,-1,-1
236,2,8.810,1.059,223.270,476.971,0.886614,-1,-1,-1
236,11,280.416,120.197,73.948,206.462,0.791560,-1,-1,-1
236,18,576.650,193.965,28.746,67.940,0.555090,-1,-1,-1
237,1,359.223,87.204,165.477,394.321,0.905775,-1,-1,-1
237,2,10.272,5.713,229.859,474.521,0.875221,-1,-1,-1
237,11,288.535,120.892,73.920,203.543,0.839362,-1,-1,-1
237,18,585.390,193.989,28.352,69.510,0.566787,-1,-1,-1
237,19,610.707,201.387,31.401,269.955,0.643114,-1,-1,-1
238,1,371.825,88.127,163.359,393.058,0.902633,-1,-1,-1
238,2,11.599,7.576,234.081,473.243,0.870644,-1,-1,-1
238,11,292.679,121.627,75.472,201.396,0.821197,-1,-1,-1
238,18,590.262,195.274,29.378,69.040,0.536932,-1,-1,-1
238,19,610.824,208.367,30.213,275.732,0.599105,-1,-1,-1
239,1,388.374,90.080,159.365,391.347,0.898436,-1,-1,-1
239,2,7.203,13.136,245.689,469.175,0.833749,-1,-1,-1
239,11,304.617,125.232,68.631,198.263,0.785978,-1,-1,-1
239,18,596.572,198.841,29.999,65.702,0.359010,-1,-1,-1
240,1,398.494,87.600,160.480,378.942,0.885982,-1,-1,-1
240,2,14.977,14.942,246.370,466.351,0.760595,-1,-1,-1
240,11,307.589,125.570,68.948,194.500,0.756093,-1,-1,-1
241,1,408.826,86.147,156.155,375.647,0.892720,-1,-1,-1
241,2,5.150,15.947,260.106,462.458,0.714133,-1,-1,-1
241,11,310.069,125.311,73.803,192.983,0.798865,-1,-1,-1
242,1,414.986,88.139,150.973,375.676,0.876867,-1,-1,-1
242,2,32.437,12.800,239.156,467.502,0.834333,-1,-1,-1
242,11,298.732,124.152,87.152,191.655,0.822138,-1,-1,-1
243,1,417.296,89.898,147.234,377.798,0.891998,-1,-1,-1
243,2,46.112,9.978,230.027,469.458,0.837802,-1,-1,-1
243,11,303.027,123.542,81.958,188.771,0.847238,-1,-1,-1
243,21,580.068,49.483,61.119,431.369,0.733758,-1,-1,-1
244,1,424.640,91.258,143.643,378.503,0.887299,-1,-1,-1
244,2,66.668,8.927,215.143,470.234,0.783509,-1,-1,-1
244,11,313.074,122.542,72.070,188.585,0.700478,-1,-1,-1
244,21,555.868,13.672,87.035,467.670,0.833176,-1,-1,-1
245,1,429.889,90.032,136.279,381.945,0.859370,-1,-1,-1
245,2,70.579,10.320,214.123,456.311,0.855230,-1,-1,-1
245,11,312.957,122.516,71.906,190.406,0.787742,-1,-1,-1
245,21,537.295,-0.019,104.705,480.080,0.725811,-1,-1,-1
246,1,435.027,88.436,123.321,381.145,0.857134,-1,-1,-1
246,2,74.702,9.789,212.687,463.843,0.902229,-1,-1,-1
246,11,309.423,121.904,74.206,189.598,0.812908,-1,-1,-1
246,21,530.863,-3.643,110.291,483.451,0.749588,-1,-1,-1
247,1,437.893,87.603,117.794,368.895,0.835259,-1,-1,-1
247,2,79.935,11.505,208.920,465.160,0.903388,-1,-1,-1
247,11,308.277,123.423,73.027,189.007,0.813439,-1,-1,-1
247,21,509.327,-3.782,131.115,483.080,0.808073,-1,-1,-1
247,23,0.851,167.084,19.987,88.421,0.691841,-1,-1,-1
247,24,410.037,172.361,34.359,107.340,0.749617,-1,-1,-1
248,1,438.865,88.928,124.829,357.275,0.847567,-1,-1,-1
248,2,87.062,10.331,203.191,467.797,0.832277,-1,-1,-1
248,11,307.899,123.753,72.927,188.947,0.840976,-1,-1,-1
248,21,514.464,-2.055,125.750,482.710,0.861523,-1,-1,-1
248,24,408.937,172.950,34.281,107.847,0.769441,-1,-1,-1
248,25,385.321,175.950,27.923,86.807,0.675402,-1,-1,-1
249,1,448.006,88.020,123.080,358.549,0.763371,-1,-1,-1
249,2,97.702,8.846,199.127,471.204,0.888621,-1,-1,-1
249,11,313.153,123.205,73.036,187.151,0.836064,-1,-1,-1
249,21,502.680,-2.534,140.669,482.258,0.852704,-1,-1,-1
249,24,412.149,171.537,34.966,110.505,0.771903,-1,-1,-1
249,25,388.173,175.253,29.279,87.982,0.686474,-1,-1,-1
250,1,460.190,89.205,122.358,362.783,0.654994,-1,-1,-1
250,2,110.035,9.819,195.117,471.023,0.917472,-1,-1,-1
250,11,319.900,124.668,72.093,183.115,0.853007,-1,-1,-1
250,21,501.070,-1.092,143.592,482.104,0.821591,-1,-1,-1
250,24,415.719,172.969,35.358,112.951,0.779691,-1,-1,-1
250,25,391.745,176.291,30.291,90.545,0.679022,-1,-1,-1
251,2,120.318,10.732,189.825,470.134,0.912811,-1,-1,-1
251,11,324.694,124.977,68.632,181.721,0.860431,-1,-1,-1
251,21,504.856,-0.712,137.812,481.560,0.843819,-1,-1,-1
251,24,415.993,171.847,36.590,115.778,0.777182,-1,-1,-1
251,25,394.815,176.084,28.094,91.445,0.613341,-1,-1,-1
252,2,128.182,16.617,188.632,465.518,0.890298,-1,-1,-1
252,11,328.900,129.255,66.473,180.937,0.859253,-1,-1,-1
252,21,512.415,2.702,129.805,475.307,0.870997,-1,-1,-1
252,24,417.472,175.199,36.276,117.221,0.735164,-1,-1,-1
252,25,398.050,178.512,27.368,92.393,0.537819,-1,-1,-1
253,2,138.150,25.100,187.443,457.791,0.899812,-1,-1,-1
253,11,335.017,131.020,67.956,182.003,0.857409,-1,-1,-1
253,21,519.244,3.817,125.497,470.966,0.881863,-1,-1,-1
253,24,421.854,175.087,37.274,120.309,0.689564,-1,-1,-1
253,25,402.629,175.975,27.574,95.153,0.531852,-1,-1,-1
254,2,147.495,28.822,182.339,452.120,0.891392,-1,-1,-1
254,11,339.007,133.966,64.290,179.811,0.849664,-1,-1,-1
254,21,524.389,4.710,116.880,472.072,0.878309,-1,-1,-1
254,24,422.082,173.385,37.737,123.074,0.679772,-1,-1,-1
254,25,405.018,176.349,26.278,95.487,0.411051,-1,-1,-1
254,27,461.494,142.768,57.005,181.475,0.737927,-1,-1,-1
254,28,68.444,181.243,45.840,93.401,0.666250,-1,-1,-1
255,2,137.175,36.649,201.374,445.606,0.865069,-1,-1,-1
255,11,342.451,138.094,60.982,178.690,0.838799,-1,-1,-1
255,21,525.848,5.468,114.518,474.996,0.898948,-1,-1,-1
255,24,420.112,173.963,37.983,126.087,0.640353,-1,-1,-1
255,27,446.332,143.890,70.593,186.505,0.848830,-1,-1,-1
255,28,61.239,182.418,41.649,96.715,0.640984,-1,-1,-1
256,2,155.488,36.063,192.463,444.446,0.896011,-1,-1,-1
256,11,343.254,136.148,59.114,177.409,0.764675,-1,-1,-1
256,21,522.726,2.655,116.291,477.479,0.906996,-1,-1,-1
256,24,415.502,170.425,37.248,130.023,0.556388,-1,-1,-1
256,27,430.162,142.583,83.881,190.719,0.810014,-1,-1,-1
256,29,87.172,136.796,69.661,168.176,0.630798,-1,-1,-1
257,2,166.821,37.557,186.855,441.388,0.883736,-1,-1,-1
257,11,345.737,134.965,53.717,175.706,0.782243,-1,-1,-1
257,21,522.138,1.799,116.308,477.823,0.903885,-1,-1,-1
257,27,425.001,140.562,86.968,195.363,0.873386,-1,-1,-1
257,29,66.200,133.818,80.667,174.866,0.794891,-1,-1,-1
257,28,18.006,179.858,62.942,101.437,0.637877,-1,-1,-1
258,2,157.478,31.765,197.075,446.714,0.861208,-1,-1,-1
258,11,343.581,134.558,54.553,177.968,0.798453,-1,-1,-1
258,21,493.985,0.926,143.880,480.254,0.837918,-1,-1,-1
258,27,412.859,134.837,83.930,205.349,0.820507,-1,-1,-1
258,29,38.741,132.960,95.066,180.097,0.858928,-1,-1,-1
258,30,484.819,165.854,53.317,148.361,0.686770,-1,-1,-1
259,2,153.330,30.209,199.666,449.071,0.873720,-1,-1,-1
259,11,343.925,136.740,51.682,177.115,0.799228,-1,-1,-1
259,21,476.837,0.547,161.077,481.676,0.855261,-1,-1,-1
259,27,399.117,130.646,78.591,212.570,0.871115,-1,-1,-1
259,29,14.522,130.229,108.839,185.199,0.881345,-1,-1,-1
259,30,481.146,164.979,57.696,150.027,0.614953,-1,-1,-1
260,2,145.227,29.447,198.506,451.786,0.907239,-1,-1,-1
260,11,336.768,141.093,52.335,174.749,0.781115,-1,-1,-1
260,21,484.284,1.595,151.795,480.835,0.891520,-1,-1,-1
260,27,388.656,128.784,75.449,223.064,0.748638,-1,-1,-1
260,29,-4.084,128.664,109.842,192.122,0.899921,-1,-1,-1
260,30,473.666,148.007,58.737,172.065,0.693401,-1,-1,-1
261,2,136.452,28.885,195.310,452.998,0.899541,-1,-1,-1
261,11,326.309,146.033,55.863,172.538,0.807466,-1,-1,-1
261,21,482.490,2.604,153.908,479.417,0.911141,-1,-1,-1
261,27,364.262,129.577,93.281,232.190,0.835469,-1,-1,-1
261,29,-9.337,126.076,92.825,196.097,0.862461,-1,-1,-1
261,30,467.036,146.477,50.524,179.484,0.619122,-1,-1,-1
262,2,121.958,25.107,194.769,455.916,0.841509,-1,-1,-1
262,11,317.793,147.704,55.752,169.516,0.645724,-1,-1,-1
262,21,462.431,2.411,172.959,477.486,0.890985,-1,-1,-1
262,27,337.210,128.672,106.772,240.285,0.833706,-1,-1,-1
263,2,112.696,16.742,195.229,464.139,0.895295,-1,-1,-1
263,21,446.495,1.636,190.388,477.993,0.925013,-1,-1,-1
263,27,321.131,123.463,106.593,254.274,0.872518,-1,-1,-1
264,2,106.327,13.050,193.624,465.850,0.847715,-1,-1,-1
264,21,436.986,1.222,199.892,477.727,0.904963,-1,-1,-1
264,27,314.044,118.804,108.310,262.831,0.848658,-1,-1,-1
265,2,81.778,9.615,210.822,470.596,0.850959,-1,-1,-1
265,21,428.367,1.196,208.568,477.768,0.910216,-1,-1,-1
265,27,290.833,111.332,91.337,277.033,0.772304,-1,-1,-1
266,2,79.460,9.064,211.633,469.483,0.852322,-1,-1,-1
266,21,421.575,1.160,215.161,475.489,0.869780,-1,-1,-1
266,27,281.425,102.559,73.146,285.859,0.769892,-1,-1,-1
266,31,370.625,157.810,47.037,159.159,0.784541,-1,-1,-1
267,2,63.013,4.857,223.943,471.648,0.825734,-1,-1,-1
267,21,417.867,-1.027,219.905,476.333,0.914332,-1,-1,-1
267,27,259.096,90.035,80.555,294.261,0.785609,-1,-1,-1
267,31,361.026,148.555,59.660,164.480,0.785479,-1,-1,-1
267,24,315.754,141.825,51.014,158.120,0.824744,-1,-1,-1
268,2,45.363,0.420,239.872,477.191,0.772707,-1,-1,-1
268,21,419.267,-1.951,221.011,476.065,0.918082,-1,-1,-1
268,27,244.314,78.550,88.181,301.934,0.500173,-1,-1,-1
268,31,356.801,141.824,66.335,166.730,0.779792,-1,-1,-1
268,24,309.974,134.310,53.830,161.130,0.849437,-1,-1,-1
269,2,34.885,-1.373,256.812,479.849,0.808136,-1,-1,-1
269,21,415.855,0.302,224.402,474.466,0.911728,-1,-1,-1
269,31,348.556,137.288,64.643,170.442,0.776363,-1,-1,-1
269,24,306.121,130.241,54.299,160.182,0.799965,-1,-1,-1
270,2,33.492,-5.031,257.165,479.694,0.881388,-1,-1,-1
270,21,405.842,-3.980,233.196,475.434,0.908811,-1,-1,-1
270,31,338.726,116.923,60.357,175.761,0.799148,-1,-1,-1
270,24,306.392,111.581,45.805,160.670,0.738699,-1,-1,-1
270,18,590.566,180.445,50.358,227.662,0.683258,-1,-1,-1
271,2,30.708,-9.517,260.160,477.241,0.883440,-1,-1,-1
271,21,400.036,-8.158,240.179,478.178,0.913283,-1,-1,-1
271,31,330.104,87.927,60.971,181.294,0.788941,-1,-1,-1
272,2,24.983,-14.694,256.361,456.651,0.782117,-1,-1,-1
272,21,391.790,-11.676,248.886,482.332,0.915837,-1,-1,-1
272,31,315.712,49.736,67.440,190.966,0.808560,-1,-1,-1
273,2,25.443,-1.667,250.323,448.044,0.698523,-1,-1,-1
273,21,394.830,-1.454,246.031,479.673,0.911839,-1,-1,-1
273,31,311.975,42.877,66.806,194.929,0.750979,-1,-1,-1
273,11,253.540,61.688,61.588,148.017,0.754828,-1,-1,-1
274,2,60.929,8.442,206.357,468.937,0.707983,-1,-1,-1
274,21,395.180,7.672,246.997,477.259,0.903396,-1,-1,-1
274,31,306.406,55.549,69.607,200.131,0.775246,-1,-1,-1
274,11,256.610,80.878,54.573,143.828,0.757129,-1,-1,-1
275,2,42.661,13.122,216.922,473.093,0.845418,-1,-1,-1
275,21,393.494,11.311,246.331,474.852,0.867560,-1,-1,-1
275,31,298.858,73.693,68.595,203.064,0.790018,-1,-1,-1
275,24,266.696,99.071,40.347,141.743,0.651020,-1,-1,-1
276,2,41.376,17.079,213.303,469.801,0.808993,-1,-1,-1
276,21,400.945,15.044,241.576,477.426,0.904318,-1,-1,-1
276,31,294.426,102.013,71.613,205.975,0.809410,-1,-1,-1
276,24,261.832,132.888,45.731,134.335,0.492983,-1,-1,-1
277,2,43.971,10.294,203.021,447.933,0.831109,-1,-1,-1
277,21,403.527,9.501,238.570,479.704,0.918568,-1,-1,-1
277,31,285.893,112.553,71.243,210.765,0.723760,-1,-1,-1
277,24,260.094,143.121,39.758,135.117,0.369885,-1,-1,-1
278,2,29.056,4.283,208.539,469.236,0.849964,-1,-1,-1
278,21,400.728,2.747,229.696,480.936,0.904103,-1,-1,-1
278,31,272.658,113.346,73.634,218.206,0.779139,-1,-1,-1
279,2,11.061,21.112,205.866,460.664,0.879571,-1,-1,-1
279,21,384.411,5.476,223.231,480.616,0.897439,-1,-1,-1
279,31,254.943,129.082,75.339,224.287,0.778744,-1,-1,-1
279,25,189.220,144.285,64.264,194.671,0.739231,-1,-1,-1
279,18,578.445,74.925,62.653,310.496,0.809505,-1,-1,-1
280,2,-0.859,21.266,189.840,455.687,0.889895,-1,-1,-1
280,21,361.748,1.377,221.726,477.068,0.889542,-1,-1,-1
280,31,232.825,127.439,75.272,228.015,0.787540,-1,-1,-1
280,34,298.594,150.176,54.498,146.234,0.805067,-1,-1,-1
280,25,168.501,144.381,70.218,200.784,0.806553,-1,-1,-1
280,18,564.659,63.606,71.829,315.213,0.829013,-1,-1,-1
281,2,-9.181,4.852,158.566,468.918,0.905369,-1,-1,-1
281,21,331.252,-3.119,230.078,479.095,0.906870,-1,-1,-1
281,31,195.227,109.145,78.181,240.414,0.788118,-1,-1,-1
281,34,269.013,139.308,52.668,145.916,0.832813,-1,-1,-1
281,25,137.297,132.102,73.990,203.340,0.836350,-1,-1,-1
281,18,541.830,54.509,80.595,313.624,0.829259,-1,-1,-1
281,30,318.102,102.409,58.036,219.984,0.675722,-1,-1,-1
282,2,-7.728,11.945,128.019,465.773,0.891040,-1,-1,-1
282,21,321.813,3.800,238.587,480.667,0.903011,-1,-1,-1
282,31,164.352,111.482,83.486,253.431,0.802252,-1,-1,-1
282,34,257.345,147.457,45.389,144.371,0.806525,-1,-1,-1
282,18,528.895,86.931,83.583,302.903,0.412668,-1,-1,-1
283,2,1.142,22.118,118.266,457.505,0.859459,-1,-1,-1
283,21,341.080,6.799,238.260,479.809,0.882960,-1,-1,-1
283,31,152.621,118.364,91.564,264.334,0.831553,-1,-1,-1
283,34,264.043,159.909,37.984,143.923,0.723475,-1,-1,-1
283,18,530.971,127.568,81.654,287.355,0.384784,-1,-1,-1
283,30,306.122,133.051,73.105,264.954,0.667789,-1,-1,-1
284,2,5.439,18.535,121.950,460.949,0.816860,-1,-1,-1
284,21,373.275,3.096,231.123,479.255,0.891252,-1,-1,-1
284,31,152.330,114.739,95.082,272.709,0.848883,-1,-1,-1
284,34,276.240,160.864,39.067,144.636,0.729575,-1,-1,-1
284,30,318.095,131.273,81.403,284.350,0.743834,-1,-1,-1
284,25,117.111,165.022,52.427,161.490,0.725311,-1,-1,-1
285,2,7.605,15.452,128.016,463.723,0.886772,-1,-1,-1
285,21,408.629,-2.387,227.594,480.364,0.917498,-1,-1,-1
285,31,160.504,105.952,93.024,279.521,0.854949,-1,-1,-1
285,34,292.393,157.954,36.468,143.052,0.702854,-1,-1,-1
285,30,337.877,98.858,88.432,320.312,0.851297,-1,-1,-1
285,25,123.715,161.602,48.022,159.068,0.672063,-1,-1,-1
286,2,7.118,25.504,135.780,456.919,0.902389,-1,-1,-1
286,21,439.374,-1.314,207.934,478.746,0.910029,-1,-1,-1
286,31,165.492,106.010,94.232,285.444,0.864407,-1,-1,-1
286,30,353.598,84.075,101.624,351.820,0.875535,-1,-1,-1
286,25,130.838,166.259,43.507,159.351,0.671230,-1,-1,-1
287,2,5.650,34.113,141.050,448.749,0.894668,-1,-1,-1
287,21,470.396,-0.711,178.077,478.461,0.889162,-1,-1,-1
287,31,168.918,104.640,99.064,291.791,0.816124,-1,-1,-1
287,30,367.866,70.937,116.827,379.738,0.885480,-1,-1,-1
287,25,137.122,165.675,39.967,163.351,0.625880,-1,-1,-1
288,2,5.848,38.257,144.927,442.468,0.899555,-1,-1,-1
288,21,501.910,-0.208,144.190,476.488,0.858739,-1,-1,-1
288,31,174.136,100.182,97.083,301.386,0.831258,-1,-1,-1
288,30,383.212,58.740,135.266,402.906,0.884435,-1,-1,-1
288,25,140.524,162.406,44.014,164.918,0.609440,-1,-1,-1
288,36,340.256,66.571,84.525,302.371,0.819547,-1,-1,-1
289,2,8.274,48.887,153.944,432.408,0.902400,-1,-1,-1
289,21,552.832,5.679,93.441,468.866,0.815130,-1,-1,-1
289,31,185.926,101.366,99.492,313.669,0.815132,-1,-1,-1
289,30,405.754,52.096,148.291,422.509,0.881663,-1,-1,-1
289,36,357.702,62.720,86.885,312.946,0.768986,-1,-1,-1
289,11,260.804,159.349,48.465,176.438,0.680752,-1,-1,-1
290,2,9.498,57.033,166.084,423.985,0.894834,-1,-1,-1
290,31,198.266,99.360,102.731,326.152,0.800226,-1,-1,-1
290,30,431.096,40.187,161.703,442.776,0.874537,-1,-1,-1
290,36,376.665,54.060,90.035,335.102,0.841010,-1,-1,-1
290,11,289.009,160.651,42.754,178.781,0.581795,-1,-1,-1
290,25,161.596,158.618,46.800,175.683,0.692534,-1,-1,-1
291,2,9.468,56.736,173.646,423.700,0.869079,-1,-1,-1
291,31,210.715,92.641,104.687,342.793,0.838584,-1,-1,-1
291,30,451.671,25.968,176.512,456.824,0.885573,-1,-1,-1
291,36,392.549,43.557,103.724,352.784,0.833026,-1,-1,-1
291,11,308.511,160.630,48.331,178.764,0.688807,-1,-1,-1
291,25,168.367,152.693,49.509,180.413,0.706708,-1,-1,-1
292,2,14.094,56.492,177.344,424.468,0.884966,-1,-1,-1
292,31,222.238,89.850,110.521,361.158,0.838549,-1,-1,-1
292,30,473.281,14.746,175.160,471.638,0.891978,-1,-1,-1
292,36,408.449,38.353,111.451,371.448,0.880516,-1,-1,-1
292,11,325.364,166.010,55.221,177.257,0.787483,-1,-1,-1
292,25,173.227,155.479,54.522,179.847,0.710053,-1,-1,-1
293,2,14.716,48.449,180.104,430.751,0.907419,-1,-1,-1
293,31,230.070,79.498,111.833,373.442,0.847706,-1,-1,-1
293,30,489.025,1.489,163.904,484.130,0.887119,-1,-1,-1
293,36,418.399,27.260,121.198,397.952,0.861878,-1,-1,-1
293,11,335.199,167.173,61.380,175.894,0.856570,-1,-1,-1
293,25,170.606,150.350,61.281,184.038,0.539538,-1,-1,-1
294,2,24.471,47.611,178.744,432.696,0.877686,-1,-1,-1
294,31,239.651,71.074,116.668,392.065,0.838583,-1,-1,-1
294,30,513.558,-1.967,141.352,486.506,0.818310,-1,-1,-1
294,36,432.181,18.458,131.535,421.810,0.843311,-1,-1,-1
294,11,351.501,167.367,64.747,176.602,0.811453,-1,-1,-1
295,2,37.150,48.378,177.796,431.259,0.747723,-1,-1,-1
295,31,245.875,61.575,120.967,410.221,0.883268,-1,-1,-1
295,30,535.509,42.389,115.289,441.409,0.852585,-1,-1,-1
295,36,443.651,10.199,141.244,441.486,0.881681,-1,-1,-1
295,11,369.527,166.591,61.938,173.822,0.777963,-1,-1,-1
296,2,15.398,54.033,205.479,425.089,0.822109,-1,-1,-1
296,31,250.516,53.300,124.523,424.374,0.888389,-1,-1,-1
296,30,555.447,56.048,92.363,426.607,0.701372,-1,-1,-1
296,36,452.239,2.328,152.389,460.410,0.869041,-1,-1,-1
296,11,384.876,165.515,59.115,176.082,0.812765,-1,-1,-1
296,38,220.883,195.864,40.302,115.011,0.764496,-1,-1,-1
297,2,7.025,54.301,219.215,423.408,0.867220,-1,-1,-1
297,31,248.976,38.033,131.570,440.859,0.880913,-1,-1,-1
297,36,459.384,-3.971,165.073,471.542,0.879852,-1,-1,-1
297,11,390.326,161.531,66.144,176.724,0.862699,-1,-1,-1
297,38,223.863,195.463,38.625,112.720,0.485611,-1,-1,-1
298,2,33.203,55.556,199.902,424.366,0.786633,-1,-1,-1
298,31,241.931,22.597,141.181,461.088,0.879719,-1,-1,-1
298,36,468.049,-4.192,173.770,485.642,0.915002,-1,-1,-1
298,11,400.488,165.095,79.034,174.269,0.857263,-1,-1,-1
298,39,0.092,122.759,57.736,199.538,0.838773,-1,-1,-1
299,2,54.573,55.858,186.040,421.133,0.857213,-1,-1,-1
299,31,240.018,11.616,140.599,470.700,0.884331,-1,-1,-1
299,36,472.124,-2.323,172.057,485.639,0.908446,-1,-1,-1
299,11,405.772,167.757,84.221,170.123,0.867064,-1,-1,-1
299,39,1.305,118.996,52.937,201.822,0.859773,-1,-1,-1
300,2,73.708,53.772,171.127,425.029,0.813119,-1,-1,-1
300,31,230.680,1.513,145.592,480.236,0.859424,-1,-1,-1
300,36,484.717,-2.212,162.242,486.944,0.895920,-1,-1,-1
300,11,413.806,166.131,84.730,170.865,0.889439,-1,-1,-1
300,39,1.272,133.371,57.488,199.947,0.811788,-1,-1,-1
301,2,85.237,50.899,155.162,426.639,0.862443,-1,-1,-1
301,31,215.263,-1.761,161.034,483.654,0.903377,-1,-1,-1
301,36,492.751,-0.975,151.960,484.384,0.906139,-1,-1,-1
301,11,419.609,165.031,81.234,171.283,0.842979,-1,-1,-1
301,39,0.715,147.204,60.981,182.056,0.726389,-1,-1,-1
301,40,366.872,167.471,54.810,139.199,0.759376,-1,-1,-1
302,2,95.477,45.961,141.538,429.422,0.794458,-1,-1,-1
302,31,189.241,-4.137,175.893,485.151,0.828292,-1,-1,-1
302,36,506.831,-1.710,139.099,484.724,0.907507,-1,-1,-1
302,11,437.575,161.665,70.666,172.248,0.780183,-1,-1,-1
302,39,1.265,148.549,56.152,171.571,0.639738,-1,-1,-1
302,40,364.147,165.465,67.538,142.166,0.659937,-1,-1,-1
303,31,130.142,-5.062,208.067,487.064,0.679857,-1,-1,-1
303,36,521.661,-1.148,123.018,484.468,0.899981,-1,-1,-1
303,11,449.134,160.068,70.199,173.361,0.780363,-1,-1,-1
304,31,109.299,-5.246,201.282,485.501,0.752634,-1,-1,-1
304,36,536.504,-0.401,107.726,483.336,0.845936,-1,-1,-1
304,11,459.348,157.721,67.391,173.577,0.805647,-1,-1,-1
304,41,336.701,192.175,47.303,122.593,0.636597,-1,-1,-1
304,42,10.463,94.089,113.393,300.659,0.824550,-1,-1,-1
304,40,381.010,161.526,57.740,140.990,0.663858,-1,-1,-1
305,31,86.880,-2.757,195.012,479.501,0.360119,-1,-1,-1
305,36,553.484,3.956,89.277,479.749,0.759552,-1,-1,-1
305,11,464.517,161.295,66.503,172.388,0.832181,-1,-1,-1
305,41,334.982,191.143,55.410,126.610,0.711200,-1,-1,-1
305,42,0.537,92.694,136.119,304.200,0.874510,-1,-1,-1
305,40,386.279,161.988,51.444,146.818,0.733858,-1,-1,-1
305,34,525.912,142.758,72.549,234.044,0.776164,-1,-1,-1
306,36,574.304,2.710,66.615,480.405,0.457754,-1,-1,-1
306,11,466.459,162.109,69.879,170.208,0.804940,-1,-1,-1
306,40,385.643,160.493,54.446,148.540,0.764921,-1,-1,-1
306,34,517.473,137.379,87.312,242.009,0.804295,-1,-1,-1
307,11,468.722,164.757,64.409,168.929,0.717296,-1,-1,-1
307,40,386.536,160.084,61.659,148.922,0.786453,-1,-1,-1
307,34,511.909,131.641,102.656,248.537,0.813161,-1,-1,-1
307,44,305.178,154.089,52.030,165.913,0.766272,-1,-1,-1
308,11,476.851,172.040,61.133,158.148,0.311746,-1,-1,-1
308,40,386.668,160.029,69.780,148.513,0.804023,-1,-1,-1
308,34,503.278,126.460,116.362,257.245,0.826246,-1,-1,-1
308,44,307.490,152.506,51.460,168.178,0.790272,-1,-1,-1
308,2,146.658,58.095,138.153,419.165,0.863143,-1,-1,-1
308,41,352.647,186.878,38.221,129.393,0.703226,-1,-1,-1
309,40,389.990,159.497,71.052,150.434,0.814027,-1,-1,-1
309,34,496.131,121.266,130.698,276.046,0.872826,-1,-1,-1
309,44,309.531,151.513,66.267,170.028,0.843263,-1,-1,-1
309,2,125.950,57.543,168.589,422.782,0.875995,-1,-1,-1
309,41,363.307,185.937,36.597,129.362,0.636997,-1,-1,-1
310,40,394.007,160.701,65.098,152.860,0.761541,-1,-1,-1
310,34,495.826,120.759,137.050,289.124,0.844043,-1,-1,-1
310,44,306.944,153.365,76.979,171.719,0.853726,-1,-1,-1
310,2,113.702,77.992,181.373,403.556,0.867275,-1,-1,-1
310,41,364.896,187.120,49.386,131.165,0.641469,-1,-1,-1
310,45,464.964,175.833,37.097,118.607,0.679290,-1,-1,-1
310,25,77.946,86.476,86.161,319.149,0.647419,-1,-1,-1
311,40,395.136,160.587,61.954,156.721,0.774061,-1,-1,-1
311,34,492.635,117.288,144.445,311.131,0.884740,-1,-1,-1
311,44,299.075,153.511,85.139,174.197,0.854107,-1,-1,-1
311,2,113.387,81.883,177.369,399.807,0.841663,-1,-1,-1
311,41,364.412,187.829,54.561,133.344,0.660503,-1,-1,-1
311,45,459.879,178.038,38.185,117.192,0.747096,-1,-1,-1
311,25,44.634,76.230,104.922,355.512,0.823979,-1,-1,-1
312,40,396.288,156.861,61.300,162.429,0.722384,-1,-1,-1
312,34,489.288,109.501,147.627,329.470,0.892615,-1,-1,-1
312,44,293.334,152.511,89.681,178.069,0.881875,-1,-1,-1
312,2,112.787,70.690,172.366,410.686,0.881091,-1,-1,-1
312,41,363.733,189.543,56.325,134.526,0.615862,-1,-1,-1
312,45,454.643,178.642,36.996,116.371,0.732759,-1,-1,-1
312,25,9.653,65.831,119.381,383.670,0.899816,-1,-1,-1
313,40,397.385,157.284,60.231,163.179,0.733406,-1,-1,-1
313,34,484.258,99.867,148.330,345.627,0.880447,-1,-1,-1
313,44,293.211,151.524,88.310,180.663,0.842458,-1,-1,-1
313,2,109.152,70.650,171.312,410.188,0.878510,-1,-1,-1
313,41,361.113,189.693,55.066,137.183,0.682023,-1,-1,-1
313,45,447.543,179.199,37.815,114.247,0.711991,-1,-1,-1
313,25,-3.652,56.129,108.824,406.203,0.886386,-1,-1,-1
314,40,400.067,156.577,60.799,164.379,0.781301,-1,-1,-1
314,34,480.072,87.942,155.202,360.831,0.871424,-1,-1,-1
314,44,298.156,151.002,87.622,183.044,0.818956,-1,-1,-1
314,2,108.866,70.417,176.312,412.381,0.871355,-1,-1,-1
314,41,365.065,187.317,52.252,139.305,0.703922,-1,-1,-1
314,45,445.028,178.326,36.669,113.532,0.656728,-1,-1,-1
314,25,-7.168,50.133,98.226,425.371,0.819113,-1,-1,-1
315,40,406.424,159.964,65.572,164.215,0.740589,-1,-1,-1
315,34,479.477,80.973,162.492,387.086,0.898281,-1,-1,-1
315,44,309.939,153.743,74.581,186.266,0.802923,-1,-1,-1
315,2,113.106,72.354,177.385,411.542,0.888269,-1,-1,-1
315,41,374.682,190.639,50.066,143.637,0.678889,-1,-1,-1
316,40,415.811,156.832,63.212,163.299,0.718762,-1,-1,-1
316,34,481.069,68.670,163.229,408.712,0.901791,-1,-1,-1
316,44,318.177,147.839,70.515,191.256,0.782440,-1,-1,-1
316,2,118.332,66.827,179.052,413.935,0.893625,-1,-1,-1
316,41,377.534,187.949,65.833,146.255,0.817959,-1,-1,-1
316,46,16.435,147.473,69.675,180.163,0.800281,-1,-1,-1
317,40,427.812,156.410,59.985,166.571,0.729037,-1,-1,-1
317,34,487.726,55.628,158.763,426.939,0.921623,-1,-1,-1
317,44,325.423,144.905,77.606,196.509,0.840981,-1,-1,-1
317,2,125.237,65.961,179.708,414.107,0.897017,-1,-1,-1
317,41,387.788,188.261,73.768,148.853,0.547353,-1,-1,-1
317,46,28.836,147.259,58.911,179.245,0.841005,-1,-1,-1
318,40,437.159,156.472,58.968,166.884,0.745002,-1,-1,-1
318,34,492.929,44.050,153.725,439.338,0.919275,-1,-1,-1
318,44,330.115,142.532,82.923,200.091,0.861705,-1,-1,-1
318,2,131.534,67.138,183.496,412.704,0.845854,-1,-1,-1
318,41,398.976,185.967,74.551,151.615,0.763144,-1,-1,-1
318,46,34.280,147.262,58.224,179.361,0.835003,-1,-1,-1
319,40,447.340,150.613,59.337,170.657,0.666463,-1,-1,-1
319,34,503.517,21.156,145.266,460.243,0.912876,-1,-1,-1
319,44,335.488,129.918,93.199,212.776,0.866371,-1,-1,-1
319,2,139.782,69.028,181.870,409.268,0.876547,-1,-1,-1
319,41,410.846,183.038,74.457,153.037,0.563413,-1,-1,-1
319,46,39.281,146.375,60.461,178.111,0.826352,-1,-1,-1
320,40,460.791,146.537,58.562,174.437,0.471815,-1,-1,-1
320,34,517.558,4.466,128.989,477.703,0.884943,-1,-1,-1
320,44,338.627,129.753,100.490,211.711,0.886154,-1,-1,-1
320,2,151.280,72.325,177.612,405.309,0.864861,-1,-1,-1
320,41,423.477,175.216,67.917,159.734,0.689327,-1,-1,-1
320,46,37.805,143.507,69.016,177.381,0.817839,-1,-1,-1
321,44,347.590,124.983,103.226,215.384,0.886110,-1,-1,-1
321,2,170.721,58.757,170.440,418.402,0.870533,-1,-1,-1
321,46,46.331,136.937,70.288,178.779,0.863447,-1,-1,-1
322,44,358.823,116.934,104.544,219.392,0.858797,-1,-1,-1
322,2,185.478,47.706,169.648,429.638,0.880189,-1,-1,-1
322,46,57.527,130.321,67.413,178.212,0.822999,-1,-1,-1
322,11,594.376,63.573,47.276,260.410,0.748778,-1,-1,-1
322,41,470.315,161.472,66.219,169.159,0.678028,-1,-1,-1
323,44,381.034,115.337,98.299,224.288,0.861192,-1,-1,-1
323,2,199.601,43.260,171.992,436.489,0.901053,-1,-1,-1
323,46,72.914,127.750,61.890,176.363,0.820101,-1,-1,-1
323,47,144.162,106.165,77.365,214.023,0.835415,-1,-1,-1
323,41,485.119,162.995,64.294,169.840,0.573466,-1,-1,-1
324,44,399.244,109.595,87.780,228.986,0.824803,-1,-1,-1
324,2,206.897,34.733,176.163,444.759,0.903401,-1,-1,-1
324,46,79.051,123.597,60.300,176.135,0.795028,-1,-1,-1
324,47,138.985,99.380,82.602,221.912,0.833507,-1,-1,-1
324,41,492.705,158.574,89.225,173.821,0.786096,-1,-1,-1
324,48,474.846,163.963,35.475,108.603,0.674769,-1,-1,-1
325,44,417.827,102.915,80.857,236.749,0.808915,-1,-1,-1
325,2,216.181,32.865,179.597,448.235,0.906577,-1,-1,-1
325,46,71.973,122.971,71.852,176.921,0.795022,-1,-1,-1
325,47,128.579,93.619,87.196,239.056,0.838099,-1,-1,-1
325,41,509.736,154.366,91.830,178.232,0.768000,-1,-1,-1
326,44,430.738,99.720,77.348,243.265,0.865644,-1,-1,-1
326,2,218.986,35.262,182.540,446.412,0.899256,-1,-1,-1
326,46,68.750,124.555,81.560,178.196,0.712658,-1,-1,-1
326,47,118.590,90.527,90.828,248.768,0.817775,-1,-1,-1
326,41,527.652,152.422,84.243,180.719,0.698131,-1,-1,-1
326,49,387.204,143.763,51.031,177.840,0.669778,-1,-1,-1
327,44,435.393,95.132,84.176,248.877,0.887999,-1,-1,-1
327,2,220.788,36.542,186.186,443.908,0.883277,-1,-1,-1
327,46,70.722,124.611,75.486,177.009,0.638660,-1,-1,-1
327,47,102.182,83.539,95.762,259.288,0.870890,-1,-1,-1
327,41,555.029,146.769,74.413,184.165,0.815877,-1,-1,-1
327,49,392.765,141.373,52.828,179.054,0.728897,-1,-1,-1
327,40,517.901,114.634,84.541,200.829,0.767884,-1,-1,-1
328,44,433.160,94.767,95.842,251.690,0.878765,-1,-1,-1
328,2,213.658,40.431,199.693,438.138,0.839601,-1,-1,-1
328,47,89.230,79.648,94.520,274.947,0.785242,-1,-1,-1
328,41,567.350,145.815,72.540,189.771,0.782349,-1,-1,-1
328,50,-0.975,126.223,31.895,159.950,0.758308,-1,-1,-1
328,40,519.660,113.092,88.745,209.814,0.425005,-1,-1,-1
329,44,427.586,93.511,104.118,255.335,0.893919,-1,-1,-1
329,2,219.070,40.741,197.050,439.908,0.823168,-1,-1,-1
329,47,59.094,70.679,107.517,290.454,0.875289,-1,-1,-1
329,41,567.805,146.873,74.971,190.798,0.807733,-1,-1,-1
330,44,424.023,95.025,106.663,260.148,0.887278,-1,-1,-1
330,2,234.242,38.558,186.165,444.041,0.850576,-1,-1,-1
330,47,42.254,64.948,109.410,306.256,0.838103,-1,-1,-1
330,41,565.240,150.482,78.834,191.859,0.777976,-1,-1,-1
330,51,-1.997,131.430,47.599,157.033,0.636523,-1,-1,-1
330,45,504.526,139.276,60.443,161.109,0.662841,-1,-1,-1
331,44,428.319,94.546,104.698,263.981,0.869344,-1,-1,-1
331,2,241.778,35.226,183.843,446.688,0.865893,-1,-1,-1
331,47,24.783,57.101,115.021,319.774,0.863923,-1,-1,-1
331,45,501.206,138.936,62.722,163.069,0.572395,-1,-1,-1
331,49,392.480,143.265,72.776,191.971,0.665678,-1,-1,-1
331,40,554.997,112.409,64.439,226.618,0.740054,-1,-1,-1
332,44,441.501,89.376,100.129,267.213,0.864803,-1,-1,-1
332,2,241.934,28.875,185.441,452.609,0.912584,-1,-1,-1
332,47,3.640,44.410,114.342,338.411,0.885059,-1,-1,-1
332,49,405.969,138.067,64.085,197.855,0.683560,-1,-1,-1
332,40,561.391,107.604,70.960,223.325,0.799834,-1,-1,-1
333,44,453.865,88.382,90.834,267.381,0.839530,-1,-1,-1
333,2,245.417,26.620,182.767,454.497,0.892975,-1,-1,-1
333,47,-4.037,35.940,105.770,352.161,0.916481,-1,-1,-1
333,49,420.119,134.078,56.829,204.782,0.800090,-1,-1,-1
333,40,563.056,108.652,77.213,226.403,0.870216,-1,-1,-1
334,44,460.540,84.489,92.073,271.219,0.878801,-1,-1,-1
334,2,242.569,28.345,181.027,451.737,0.895438,-1,-1,-1
334,47,-7.323,25.562,80.071,366.742,0.886768,-1,-1,-1
334,49,419.776,130.973,59.895,210.657,0.847305,-1,-1,-1
334,40,556.742,108.635,84.039,224.496,0.900703,-1,-1,-1
334,46,40.117,121.285,61.075,177.240,0.697716,-1,-1,-1
335,44,465.224,85.193,90.928,272.276,0.835992,-1,-1,-1
335,2,243.212,30.029,179.313,448.360,0.905928,-1,-1,-1
335,47,-4.130,37.097,56.197,363.062,0.832964,-1,-1,-1
335,49,419.587,132.617,58.516,213.354,0.696333,-1,-1,-1
335,40,553.396,111.140,88.857,222.342,0.895555,-1,-1,-1
335,46,31.184,121.749,68.708,180.277,0.737608,-1,-1,-1
336,44,466.311,79.000,97.196,273.372,0.848680,-1,-1,-1
336,2,243.313,24.589,177.406,450.541,0.905034,-1,-1,-1
336,49,414.692,128.449,73.938,218.144,0.655330,-1,-1,-1
336,40,553.441,105.636,88.019,224.295,0.882562,-1,-1,-1
336,46,28.209,116.899,63.833,178.537,0.752070,-1,-1,-1
337,44,467.904,71.725,108.873,274.273,0.844320,-1,-1,-1
337,2,243.792,15.400,180.012,460.222,0.912874,-1,-1,-1
337,49,414.160,120.614,87.424,226.631,0.762423,-1,-1,-1
337,40,567.060,98.245,75.186,223.393,0.872350,-1,-1,-1
337,46,29.530,111.575,58.341,175.707,0.842272,-1,-1,-1
338,44,470.894,70.967,113.028,281.389,0.840790,-1,-1,-1
338,2,243.973,19.847,183.575,458.748,0.902714,-1,-1,-1
338,49,422.734,118.993,78.832,227.326,0.768841,-1,-1,-1
338,40,587.949,98.883,54.050,222.575,0.801105,-1,-1,-1
338,46,27.210,114.353,61.054,177.846,0.827480,-1,-1,-1
339,44,470.434,69.261,117.175,287.455,0.868120,-1,-1,-1
339,2,243.969,18.203,185.384,461.599,0.906161,-1,-1,-1
339,49,431.391,116.660,74.940,224.851,0.768011,-1,-1,-1
339,40,596.208,96.071,46.052,227.317,0.848636,-1,-1,-1
339,46,25.118,113.897,62.417,180.348,0.827619,-1,-1,-1
340,44,471.502,67.791,126.304,289.885,0.876978,-1,-1,-1
340,2,245.066,14.313,189.160,465.417,0.886304,-1,-1,-1
340,49,453.297,116.460,61.530,218.259,0.712783,-1,-1,-1
340,40,604.345,95.116,37.642,229.050,0.817499,-1,-1,-1
340,46,18.065,113.189,84.149,182.034,0.841287,-1,-1,-1
340,48,429.979,111.205,53.740,195.948,0.766817,-1,-1,-1
341,44,491.457,67.091,122.374,293.929,0.861786,-1,-1,-1
341,2,252.494,15.715,186.526,464.799,0.871460,-1,-1,-1
341,49,473.467,119.949,56.116,222.709,0.719108,-1,-1,-1
341,40,612.316,112.589,30.269,215.278,0.662539,-1,-1,-1
341,46,11.207,116.875,102.110,182.216,0.864015,-1,-1,-1
341,48,434.142,109.382,53.911,206.591,0.780002,-1,-1,-1
342,44,512.932,61.580,118.139,298.898,0.815361,-1,-1,-1
342,2,256.237,14.083,191.771,465.710,0.840051,-1,-1,-1
342,49,487.664,114.655,59.410,232.680,0.800257,-1,-1,-1
342,46,6.566,116.740,110.658,182.186,0.886538,-1,-1,-1
342,48,435.177,104.525,62.009,216.256,0.718234,-1,-1,-1
342,52,1.047,114.769,34.987,177.186,0.706906,-1,-1,-1
343,44,540.553,60.563,103.383,306.364,0.851097,-1,-1,-1
343,2,255.309,16.515,208.784,465.320,0.824486,-1,-1,-1
343,49,500.054,116.590,68.526,239.278,0.778316,-1,-1,-1
343,46,19.451,120.823,99.063,177.144,0.843249,-1,-1,-1
343,48,448.793,104.401,60.660,220.980,0.799846,-1,-1,-1
343,52,1.231,120.533,47.150,182.333,0.769333,-1,-1,-1
343,53,225.705,174.576,37.966,88.697,0.760011,-1,-1,-1
344,44,557.576,60.130,88.690,314.080,0.887512,-1,-1,-1
344,2,260.330,16.213,213.083,465.532,0.838154,-1,-1,-1
344,49,505.714,120.172,76.992,240.487,0.853660,-1,-1,-1
344,46,31.974,120.904,83.457,177.457,0.814173,-1,-1,-1
344,48,458.099,104.136,58.880,228.358,0.739208,-1,-1,-1
344,52,0.726,122.481,54.641,179.700,0.761257,-1,-1,-1
344,53,222.110,174.456,37.443,90.289,0.769991,-1,-1,-1
345,44,575.544,56.776,70.902,319.942,0.878338,-1,-1,-1
345,2,272.533,8.172,215.622,470.931,0.808662,-1,-1,-1
345,49,517.016,118.089,79.975,242.763,0.828471,-1,-1,-1
345,46,54.082,116.971,61.938,179.288,0.804990,-1,-1,-1
345,48,466.115,99.095,53.209,234.823,0.473110,-1,-1,-1
345,52,0.959,122.983,65.660,173.993,0.840303,-1,-1,-1
345,53,211.727,170.895,43.772,93.819,0.745628,-1,-1,-1
346,44,596.434,60.803,49.011,326.553,0.763333,-1,-1,-1
346,2,295.156,8.968,203.351,472.632,0.796777,-1,-1,-1
346,49,540.626,119.471,83.129,251.941,0.794172,-1,-1,-1
346,46,72.606,125.372,52.671,178.986,0.777334,-1,-1,-1
346,52,3.967,133.086,75.043,170.794,0.844667,-1,-1,-1
346,53,210.452,177.105,47.245,95.531,0.792888,-1,-1,-1
347,2,307.612,3.417,206.825,477.979,0.832645,-1,-1,-1
347,49,568.627,115.076,75.831,261.802,0.813004,-1,-1,-1
347,46,85.782,128.676,59.960,178.483,0.837503,-1,-1,-1
347,52,9.797,133.173,79.416,173.602,0.824409,-1,-1,-1
347,53,214.276,177.265,46.528,97.062,0.756633,-1,-1,-1
348,2,315.808,0.089,206.491,479.940,0.776415,-1,-1,-1
348,49,585.319,108.135,63.879,261.493,0.847299,-1,-1,-1
348,46,88.405,128.273,71.993,175.811,0.869028,-1,-1,-1
348,52,20.898,128.924,72.405,173.904,0.770120,-1,-1,-1
348,53,214.215,172.385,43.397,99.764,0.656987,-1,-1,-1
349,2,320.242,1.957,208.597,478.297,0.806228,-1,-1,-1
349,49,598.738,113.102,49.001,260.312,0.719932,-1,-1,-1
349,46,89.327,132.572,81.033,171.443,0.835673,-1,-1,-1
349,52,40.858,129.919,63.050,173.992,0.785169,-1,-1,-1
349,53,208.729,172.244,43.985,102.023,0.547949,-1,-1,-1
350,2,322.553,1.775,208.093,478.563,0.855553,-1,-1,-1
350,46,89.548,132.232,84.455,173.021,0.851427,-1,-1,-1
350,52,50.365,131.096,58.631,171.245,0.785890,-1,-1,-1
350,53,204.082,171.182,43.935,103.995,0.674754,-1,-1,-1
350,48,508.880,81.515,58.024,295.177,0.798231,-1,-1,-1
351,2,325.116,0.516,211.404,480.443,0.840068,-1,-1,-1
351,46,110.510,128.735,65.463,171.323,0.805063,-1,-1,-1
351,52,52.431,129.203,77.345,170.836,0.845923,-1,-1,-1
351,53,199.386,168.538,45.206,104.550,0.691616,-1,-1,-1
351,48,514.667,68.608,64.633,320.578,0.769827,-1,-1,-1
352,2,329.424,0.974,201.971,478.872,0.830501,-1,-1,-1
352,46,130.562,126.894,55.112,170.494,0.823951,-1,-1,-1
352,52,55.739,130.360,92.835,167.328,0.887140,-1,-1,-1
352,53,196.377,166.434,46.247,107.543,0.771755,-1,-1,-1
353,2,333.937,-0.876,204.383,479.970,0.840286,-1,-1,-1
353,46,144.994,122.621,54.674,171.331,0.817832,-1,-1,-1
353,52,61.073,130.849,96.095,163.570,0.876029,-1,-1,-1
353,53,197.449,161.540,44.640,109.677,0.569346,-1,-1,-1
353,48,521.832,50.840,96.820,363.791,0.868803,-1,-1,-1
354,2,333.907,1.395,209.781,479.089,0.839416,-1,-1,-1
354,46,153.270,126.924,60.300,171.703,0.832245,-1,-1,-1
354,52,66.381,135.236,93.325,162.846,0.842648,-1,-1,-1
354,53,196.784,165.130,40.282,107.851,0.684163,-1,-1,-1
354,54,1.184,90.212,42.122,263.577,0.761139,-1,-1,-1
354,48,526.345,46.216,109.517,380.308,0.904056,-1,-1,-1
355,2,333.126,3.897,218.078,473.238,0.704908,-1,-1,-1
355,46,158.689,134.466,78.234,166.960,0.861919,-1,-1,-1
355,52,91.384,137.190,82.032,161.035,0.836846,-1,-1,-1
355,54,4.283,77.042,62.946,291.524,0.849313,-1,-1,-1
355,48,541.424,40.163,99.598,395.541,0.892371,-1,-1,-1
356,2,330.586,0.008,229.230,470.647,0.662106,-1,-1,-1
356,46,155.904,130.278,86.276,165.784,0.862844,-1,-1,-1
356,52,108.145,129.567,67.956,161.816,0.790231,-1,-1,-1
356,54,1.121,48.719,75.689,315.282,0.870350,-1,-1,-1
356,48,553.545,21.082,89.113,413.479,0.895176,-1,-1,-1
357,2,327.915,0.581,232.955,475.185,0.751111,-1,-1,-1
357,46,158.784,128.516,82.808,165.461,0.838062,-1,-1,-1
357,52,122.353,127.212,59.414,160.355,0.795125,-1,-1,-1
357,54,-0.803,37.718,96.993,317.379,0.911576,-1,-1,-1
357,48,569.016,14.386,73.230,449.697,0.795527,-1,-1,-1
358,2,328.865,3.113,235.358,475.498,0.797372,-1,-1,-1
358,46,170.442,131.708,69.215,163.929,0.714285,-1,-1,-1
358,52,128.160,132.626,59.766,160.273,0.841312,-1,-1,-1
358,54,0.206,41.261,107.511,314.194,0.906148,-1,-1,-1
358,48,581.333,47.255,60.052,408.100,0.790631,-1,-1,-1
358,45,535.956,21.811,79.862,374.387,0.824430,-1,-1,-1
359,2,328.176,22.903,233.463,461.648,0.833063,-1,-1,-1
359,46,184.008,155.744,53.848,162.243,0.784171,-1,-1,-1
359,52,123.930,159.810,70.721,157.293,0.843528,-1,-1,-1
359,54,0.591,73.009,107.254,308.499,0.911647,-1,-1,-1
359,48,589.520,85.026,49.915,380.058,0.789681,-1,-1,-1
359,45,531.462,45.651,82.275,382.061,0.859981,-1,-1,-1
360,2,332.826,29.303,231.984,453.341,0.813077,-1,-1,-1
360,46,193.804,162.606,45.132,163.962,0.801104,-1,-1,-1
360,52,122.737,164.867,74.827,161.712,0.840292,-1,-1,-1
360,54,0.053,82.130,103.304,310.675,0.907445,-1,-1,-1
360,45,536.223,45.072,93.623,400.763,0.853440,-1,-1,-1
361,2,333.801,20.207,228.307,455.235,0.806722,-1,-1,-1
361,46,191.591,157.825,46.810,164.412,0.830621,-1,-1,-1
361,52,119.291,161.126,72.577,160.929,0.803336,-1,-1,-1
361,54,-2.149,74.622,97.023,316.123,0.918099,-1,-1,-1
361,45,529.876,25.762,107.028,418.529,0.887475,-1,-1,-1
362,2,334.658,12.894,224.248,461.448,0.821868,-1,-1,-1
362,46,185.449,154.074,52.239,162.969,0.864954,-1,-1,-1
362,52,130.054,155.296,57.027,156.800,0.719380,-1,-1,-1
362,54,-2.352,65.904,95.013,321.877,0.899527,-1,-1,-1
362,45,526.714,5.924,112.136,437.888,0.887067,-1,-1,-1
363,2,340.510,13.765,221.516,462.101,0.870582,-1,-1,-1
363,46,183.931,157.689,58.681,162.511,0.810902,-1,-1,-1
363,52,139.284,156.706,49.976,155.601,0.785081,-1,-1,-1
363,54,-0.183,67.265,99.539,326.431,0.898529,-1,-1,-1
363,45,532.154,1.423,109.655,450.930,0.873720,-1,-1,-1
364,2,350.705,19.395,211.160,458.561,0.830847,-1,-1,-1
364,46,185.667,164.982,59.118,163.033,0.828932,-1,-1,-1
364,52,147.061,164.084,47.461,156.071,0.806773,-1,-1,-1
364,54,0.667,75.194,105.035,328.790,0.879777,-1,-1,-1
364,45,542.218,3.044,99.999,470.478,0.825616,-1,-1,-1
364,55,95.577,181.263,46.943,137.514,0.711613,-1,-1,-1
365,2,352.372,21.775,206.085,459.593,0.864081,-1,-1,-1
365,46,190.379,170.012,53.015,161.577,0.836774,-1,-1,-1
365,52,144.735,169.560,51.541,157.176,0.837503,-1,-1,-1
365,54,-2.204,82.672,107.304,328.214,0.884675,-1,-1,-1
365,45,546.942,24.009,95.635,457.413,0.824627,-1,-1,-1
365,55,84.075,180.921,50.016,144.150,0.385353,-1,-1,-1
366,2,351.081,14.764,203.626,464.724,0.808955,-1,-1,-1
366,46,191.448,156.693,50.632,161.480,0.853528,-1,-1,-1
366,52,133.727,159.559,73.502,156.666,0.854892,-1,-1,-1
366,54,-5.711,70.192,108.021,327.679,0.883251,-1,-1,-1
366,45,563.452,23.458,80.218,455.064,0.854427,-1,-1,-1
367,2,358.759,11.766,201.855,465.353,0.783148,-1,-1,-1
367,46,201.973,148.575,49.839,159.212,0.811794,-1,-1,-1
367,52,137.242,152.547,76.180,152.824,0.868312,-1,-1,-1
367,54,0.487,62.567,113.656,323.947,0.688691,-1,-1,-1
368,2,370.855,13.361,205.597,464.237,0.797241,-1,-1,-1
368,46,213.900,150.050,54.159,159.576,0.836683,-1,-1,-1
368,52,145.220,155.517,75.393,151.858,0.873674,-1,-1,-1
368,54,2.750,65.224,122.101,325.659,0.908390,-1,-1,-1
369,2,382.802,15.667,208.567,464.661,0.799232,-1,-1,-1
369,46,224.768,156.629,62.935,159.932,0.879216,-1,-1,-1
369,52,160.278,161.667,71.935,152.097,0.836047,-1,-1,-1
369,54,4.501,75.852,133.942,316.563,0.908117,-1,-1,-1
370,2,405.397,13.665,191.361,466.261,0.704137,-1,-1,-1
370,46,224.376,161.146,66.597,157.856,0.873028,-1,-1,-1
370,52,172.643,163.286,63.068,149.568,0.804893,-1,-1,-1
370,54,2.324,78.192,137.568,309.271,0.904546,-1,-1,-1
371,2,389.347,8.717,219.089,471.386,0.723879,-1,-1,-1
371,46,225.022,160.716,66.603,157.545,0.860272,-1,-1,-1
371,52,185.641,159.582,54.210,151.665,0.810275,-1,-1,-1
371,54,0.966,75.804,138.271,309.082,0.893397,-1,-1,-1
372,2,395.003,2.117,233.585,476.041,0.773872,-1,-1,-1
372,46,232.340,160.241,64.228,156.388,0.830914,-1,-1,-1
372,52,195.684,159.598,51.958,151.669,0.838663,-1,-1,-1
372,54,5.858,74.469,137.384,309.549,0.888388,-1,-1,-1
373,2,395.110,0.694,244.735,476.854,0.773032,-1,-1,-1
373,46,248.127,158.939,58.767,156.499,0.810201,-1,-1,-1
373,52,207.388,160.143,53.890,150.338,0.786533,-1,-1,-1
373,54,18.932,79.093,135.321,307.640,0.876772,-1,-1,-1
374,2,398.480,0.586,245.393,477.725,0.805168,-1,-1,-1
374,46,265.134,159.769,49.817,155.985,0.815040,-1,-1,-1
374,52,215.337,164.429,58.147,147.440,0.829073,-1,-1,-1
374,54,27.431,84.718,135.733,308.757,0.913463,-1,-1,-1
375,2,412.764,0.499,230.894,478.428,0.833079,-1,-1,-1
375,46,274.084,158.530,45.852,156.332,0.819229,-1,-1,-1
375,52,218.218,164.581,59.465,146.541,0.825224,-1,-1,-1
375,54,30.961,81.574,131.438,315.207,0.908722,-1,-1,-1
375,57,1.660,103.751,50.609,280.019,0.840801,-1,-1,-1
376,2,424.780,1.155,217.881,478.371,0.870223,-1,-1,-1
376,46,279.371,159.527,44.851,154.352,0.811363,-1,-1,-1
376,52,223.168,163.364,56.464,147.946,0.827649,-1,-1,-1
376,54,34.801,80.544,131.012,313.148,0.899472,-1,-1,-1
376,57,1.648,101.173,58.074,281.058,0.847060,-1,-1,-1
377,2,446.983,13.190,194.472,465.350,0.827136,-1,-1,-1
377,46,281.878,160.763,46.249,153.375,0.821736,-1,-1,-1
377,52,230.076,161.072,50.608,145.626,0.841082,-1,-1,-1
377,54,37.020,75.871,135.269,313.609,0.903619,-1,-1,-1
377,57,1.816,98.229,64.318,287.570,0.869098,-1,-1,-1
377,59,446.759,193.255,39.930,89.390,0.694606,-1,-1,-1
378,2,472.715,23.799,168.223,454.361,0.782663,-1,-1,-1
378,46,283.916,160.855,47.312,154.593,0.788638,-1,-1,-1
378,52,235.128,160.532,46.424,146.325,0.808785,-1,-1,-1
378,54,42.869,74.338,133.071,307.735,0.904202,-1,-1,-1
378,57,1.353,97.443,67.440,290.576,0.841680,-1,-1,-1
378,59,448.506,193.772,39.778,90.968,0.746945,-1,-1,-1
379,2,498.866,36.069,142.451,443.034,0.823528,-1,-1,-1
379,46,288.255,157.341,47.234,154.536,0.824974,-1,-1,-1
379,52,238.621,159.076,44.602,147.061,0.758085,-1,-1,-1
379,54,44.210,71.489,131.464,310.223,0.908989,-1,-1,-1
379,57,0.098,96.204,61.093,281.437,0.831611,-1,-1,-1
379,59,448.001,192.014,41.275,89.330,0.735832,-1,-1,-1
380,2,526.978,52.297,113.623,428.443,0.798176,-1,-1,-1
380,46,292.179,160.360,45.541,153.585,0.853388,-1,-1,-1
380,52,239.523,162.762,50.552,147.424,0.777654,-1,-1,-1
380,54,42.287,73.417,130.368,315.483,0.909150,-1,-1,-1
380,57,-0.261,100.794,57.538,279.777,0.830762,-1,-1,-1
380,59,445.807,194.593,41.171,91.097,0.760108,-1,-1,-1
381,2,550.296,74.215,90.159,406.600,0.851400,-1,-1,-1
381,46,294.197,163.129,45.819,154.574,0.839341,-1,-1,-1
381,52,237.543,169.074,56.399,145.698,0.803305,-1,-1,-1
381,54,39.147,76.638,128.622,321.758,0.900960,-1,-1,-1
381,57,-0.515,110.582,52.455,273.824,0.809878,-1,-1,-1
381,59,443.981,197.093,42.025,91.739,0.652842,-1,-1,-1
381,60,509.492,166.109,64.822,167.011,0.799243,-1,-1,-1
382,2,573.730,107.621,67.121,371.436,0.817227,-1,-1,-1
382,46,293.650,160.738,50.239,156.776,0.830195,-1,-1,-1
382,52,234.031,170.000,58.278,144.807,0.787218,-1,-1,-1
382,54,34.208,75.806,125.842,329.261,0.892843,-1,-1,-1
382,57,-1.199,121.531,43.906,228.447,0.774497,-1,-1,-1
382,59,446.916,195.911,39.360,91.039,0.553783,-1,-1,-1
382,60,509.160,164.618,74.533,171.921,0.820532,-1,-1,-1
383,2,592.880,200.707,47.518,279.420,0.673616,-1,-1,-1
383,46,291.219,162.513,55.673,159.133,0.860766,-1,-1,-1
383,52,229.956,172.905,58.928,144.877,0.832455,-1,-1,-1
383,54,24.597,76.906,125.668,335.755,0.902386,-1,-1,-1
383,57,-0.964,135.668,38.901,204.046,0.727135,-1,-1,-1
383,59,443.612,200.726,37.136,87.724,0.516386,-1,-1,-1
383,60,504.733,164.826,86.292,178.707,0.843041,-1,-1,-1
384,46,284.899,161.278,56.308,159.074,0.881978,-1,-1,-1
384,52,228.010,168.096,58.960,145.397,0.816526,-1,-1,-1
384,54,7.652,73.047,126.933,337.535,0.899270,-1,-1,-1
384,59,435.051,197.511,41.566,88.279,0.595400,-1,-1,-1
384,60,506.466,155.506,86.365,186.202,0.869254,-1,-1,-1
385,46,285.179,160.696,56.005,158.340,0.869603,-1,-1,-1
385,52,234.449,164.604,54.221,145.862,0.823332,-1,-1,-1
385,54,2.185,68.789,127.032,335.751,0.916535,-1,-1,-1
385,59,433.850,195.557,42.331,87.019,0.724203,-1,-1,-1
385,60,511.736,149.744,82.850,192.430,0.848293,-1,-1,-1
386,46,284.965,158.815,54.613,158.373,0.867556,-1,-1,-1
386,52,237.455,161.722,51.560,148.658,0.810418,-1,-1,-1
386,54,-1.341,64.776,123.374,338.086,0.917700,-1,-1,-1
386,59,429.504,193.295,43.190,86.910,0.696381,-1,-1,-1
386,60,521.076,145.152,66.277,203.820,0.851525,-1,-1,-1
387,46,286.833,155.136,49.743,159.375,0.839945,-1,-1,-1
387,52,235.451,160.365,53.423,149.339,0.819299,-1,-1,-1
387,54,-3.265,59.550,120.095,347.725,0.915418,-1,-1,-1
387,59,423.346,191.824,42.500,87.179,0.685961,-1,-1,-1
387,60,523.693,138.863,68.261,218.385,0.872507,-1,-1,-1
388,46,288.678,156.317,45.765,160.012,0.804214,-1,-1,-1
388,52,235.373,163.962,52.168,147.716,0.859389,-1,-1,-1
388,54,-1.980,58.545,113.786,355.716,0.908027,-1,-1,-1
388,59,419.157,192.316,40.790,88.904,0.598058,-1,-1,-1
388,60,523.616,137.214,69.513,228.945,0.861761,-1,-1,-1
389,46,286.144,163.435,45.520,159.992,0.768209,-1,-1,-1
389,52,230.895,171.681,52.655,145.503,0.868064,-1,-1,-1
389,54,-2.003,61.580,108.607,358.690,0.900799,-1,-1,-1
389,60,524.173,137.858,72.531,241.891,0.878436,-1,-1,-1
390,46,278.837,162.559,49.803,156.714,0.828172,-1,-1,-1
390,52,224.409,168.320,53.799,148.249,0.840410,-1,-1,-1
390,54,-2.571,58.665,99.217,348.889,0.881355,-1,-1,-1
390,60,521.302,127.725,75.413,253.097,0.874336,-1,-1,-1
390,59,405.796,195.176,39.596,86.453,0.697010,-1,-1,-1
391,46,270.027,162.922,49.162,154.986,0.789970,-1,-1,-1
391,52,216.751,165.750,51.071,145.247,0.855529,-1,-1,-1
391,54,-2.932,82.114,83.710,324.530,0.884335,-1,-1,-1
391,60,510.128,117.451,91.916,266.088,0.881760,-1,-1,-1
391,59,396.525,193.186,37.083,85.045,0.672353,-1,-1,-1
392,46,265.895,159.611,49.884,156.854,0.747946,-1,-1,-1
392,52,214.616,162.993,48.185,145.226,0.830799,-1,-1,-1
392,54,-0.349,93.141,68.203,315.125,0.857292,-1,-1,-1
392,60,503.040,110.080,110.970,275.616,0.890255,-1,-1,-1
392,59,389.921,193.010,36.723,80.493,0.752952,-1,-1,-1
393,46,261.116,164.031,51.831,154.430,0.806933,-1,-1,-1
393,52,211.236,165.633,46.597,148.236,0.818748,-1,-1,-1
393,54,0.422,102.963,53.970,310.957,0.782842,-1,-1,-1
393,60,494.911,108.001,136.780,296.841,0.902468,-1,-1,-1
393,59,383.824,197.220,36.976,81.808,0.725642,-1,-1,-1
394,46,262.843,163.367,51.223,154.000,0.796559,-1,-1,-1
394,52,213.698,166.052,45.827,149.282,0.823912,-1,-1,-1
394,54,2.405,105.727,61.962,311.204,0.697876,-1,-1,-1
394,60,495.288,104.168,145.647,310.965,0.911244,-1,-1,-1
394,59,384.062,197.124,37.255,82.586,0.737999,-1,-1,-1
395,46,257.104,159.657,51.239,154.570,0.839839,-1,-1,-1
395,52,209.061,162.357,50.052,149.843,0.852969,-1,-1,-1
395,54,0.595,104.820,42.456,252.534,0.657314,-1,-1,-1
395,60,489.511,95.044,153.132,331.682,0.914244,-1,-1,-1
395,59,378.482,193.871,37.093,83.535,0.764358,-1,-1,-1
396,46,254.550,162.337,49.272,155.336,0.837347,-1,-1,-1
396,52,204.847,166.651,54.700,150.060,0.839422,-1,-1,-1
396,54,0.595,111.037,27.037,228.139,0.688337,-1,-1,-1
396,60,488.320,90.498,155.927,356.168,0.919292,-1,-1,-1
396,59,374.123,198.080,36.077,82.894,0.730211,-1,-1,-1
397,46,254.312,165.799,48.248,154.965,0.837313,-1,-1,-1
397,52,201.038,170.059,54.824,148.279,0.851730,-1,-1,-1
397,60,491.201,81.778,153.321,381.125,0.914675,-1,-1,-1
397,59,371.147,201.286,33.020,81.140,0.487100,-1,-1,-1
398,46,255.151,169.404,47.107,154.508,0.832391,-1,-1,-1
398,52,200.741,173.446,52.905,147.270,0.832506,-1,-1,-1
398,60,505.813,67.599,139.639,405.837,0.897050,-1,-1,-1
398,59,370.366,203.237,32.595,80.420,0.584308,-1,-1,-1
399,46,254.776,167.152,48.657,155.141,0.818891,-1,-1,-1
399,52,201.483,170.983,52.173,147.343,0.810382,-1,-1,-1
399,60,518.987,46.369,127.180,433.831,0.884860,-1,-1,-1
399,59,369.601,198.411,34.634,82.713,0.574793,-1,-1,-1
400,46,252.151,165.740,48.719,153.311,0.858370,-1,-1,-1
400,52,204.333,166.877,47.002,147.547,0.816339,-1,-1,-1
400,60,534.648,29.644,109.834,454.544,0.850180,-1,-1,-1
400,59,365.562,196.473,33.263,83.689,0.702815,-1,-1,-1
401,46,249.249,165.708,48.742,151.035,0.830597,-1,-1,-1
401,52,200.857,165.439,50.154,147.405,0.837008,-1,-1,-1
401,60,555.931,26.486,86.786,459.404,0.855362,-1,-1,-1
401,59,360.181,198.986,32.706,81.991,0.477558,-1,-1,-1
402,46,247.245,161.597,46.483,149.849,0.826477,-1,-1,-1
402,52,198.287,161.493,50.142,148.229,0.839659,-1,-1,-1
402,60,580.053,57.289,62.499,427.249,0.828559,-1,-1,-1
403,46,246.627,166.902,49.268,148.896,0.847125,-1,-1,-1
403,52,199.145,165.885,50.168,147.936,0.856517,-1,-1,-1
404,46,246.052,167.211,51.030,149.010,0.815192,-1,-1,-1
404,52,199.609,167.555,49.071,145.972,0.851958,-1,-1,-1
405,46,245.485,165.900,51.559,148.341,0.825498,-1,-1,-1
405,52,197.522,167.642,50.738,143.944,0.855141,-1,-1,-1
406,46,245.455,165.852,49.822,145.435,0.827011,-1,-1,-1
406,52,196.638,167.169,51.777,140.957,0.837594,-1,-1,-1
406,59,348.777,192.572,33.023,82.398,0.669224,-1,-1,-1
407,46,248.759,162.197,47.564,144.050,0.803465,-1,-1,-1
407,52,196.907,162.109,50.927,142.097,0.829217,-1,-1,-1
407,59,347.891,192.091,31.997,80.073,0.698770,-1,-1,-1
408,46,250.951,160.523,46.174,143.809,0.827034,-1,-1,-1
408,52,198.818,158.044,47.540,145.226,0.822415,-1,-1,-1
408,59,346.791,191.886,32.364,78.831,0.789140,-1,-1,-1
409,46,250.859,158.284,46.124,144.471,0.813709,-1,-1,-1
409,52,198.101,156.733,46.274,144.901,0.837998,-1,-1,-1
409,59,346.160,188.860,33.130,79.559,0.791768,-1,-1,-1
410,46,247.559,158.221,46.609,144.952,0.826406,-1,-1,-1
410,52,193.024,158.601,47.747,143.031,0.835583,-1,-1,-1
410,59,340.224,186.241,34.288,80.299,0.561335,-1,-1,-1
411,46,243.757,158.970,45.479,144.957,0.817208,-1,-1,-1
411,52,186.090,159.539,50.555,140.457,0.848493,-1,-1,-1
411,59,335.195,188.881,34.298,76.695,0.380263,-1,-1,-1
412,46,239.273,162.490,45.301,142.935,0.800874,-1,-1,-1
412,52,183.370,163.073,46.078,140.074,0.824186,-1,-1,-1
412,59,328.822,190.246,33.511,77.116,0.697910,-1,-1,-1
413,46,237.747,160.999,46.784,142.281,0.773543,-1,-1,-1
413,52,183.769,162.891,44.619,139.456,0.821993,-1,-1,-1
413,59,326.372,188.526,33.961,76.711,0.534898,-1,-1,-1
414,46,234.294,163.625,46.453,140.147,0.784841,-1,-1,-1
414,52,179.698,163.191,46.986,139.651,0.827342,-1,-1,-1
414,59,319.208,189.678,35.879,76.728,0.613837,-1,-1,-1
415,46,228.856,162.092,45.719,140.091,0.807753,-1,-1,-1
415,52,174.175,161.856,47.829,139.802,0.828234,-1,-1,-1
415,59,312.535,191.924,34.106,74.768,0.462403,-1,-1,-1
415,61,550.126,146.141,89.717,274.795,0.850720,-1,-1,-1
416,46,223.269,165.884,45.855,139.107,0.781217,-1,-1,-1
416,52,170.569,163.595,49.571,138.948,0.822866,-1,-1,-1
416,59,305.534,196.147,29.939,72.946,0.341005,-1,-1,-1
416,61,544.563,108.849,94.754,319.294,0.890218,-1,-1,-1
417,46,220.618,170.267,43.613,137.535,0.735113,-1,-1,-1
417,52,169.851,165.322,49.095,139.594,0.835172,-1,-1,-1
417,59,301.886,195.743,30.795,75.768,0.670598,-1,-1,-1
417,61,544.635,57.650,95.858,377.225,0.859040,-1,-1,-1
418,46,213.595,168.211,48.937,136.071,0.822238,-1,-1,-1
418,52,167.452,163.710,48.471,137.998,0.847311,-1,-1,-1
418,59,297.715,193.857,30.957,73.741,0.601884,-1,-1,-1
418,61,544.334,27.038,96.673,408.624,0.870679,-1,-1,-1
419,46,211.330,170.073,49.289,134.778,0.802111,-1,-1,-1
419,52,166.029,166.829,49.226,135.693,0.838512,-1,-1,-1
419,59,295.397,193.351,31.411,74.632,0.749402,-1,-1,-1
419,61,531.581,17.087,108.969,421.069,0.896223,-1,-1,-1
420,46,208.545,169.577,46.285,133.162,0.791838,-1,-1,-1
420,52,161.488,166.892,49.309,135.165,0.804020,-1,-1,-1
420,59,289.126,193.520,32.116,71.753,0.750038,-1,-1,-1
420,61,505.217,11.903,134.501,432.669,0.918475,-1,-1,-1
421,46,203.181,169.245,44.050,130.157,0.757356,-1,-1,-1
421,52,154.510,168.032,48.194,131.309,0.840182,-1,-1,-1
421,59,281.182,193.233,32.423,73.208,0.813783,-1,-1,-1
421,61,481.320,15.758,157.945,435.246,0.918871,-1,-1,-1
422,46,200.396,165.693,43.124,131.367,0.785747,-1,-1,-1
422,52,152.484,165.457,47.128,130.865,0.832529,-1,-1,-1
422,59,278.206,191.309,31.421,74.083,0.736362,-1,-1,-1
422,61,468.373,19.949,171.998,431.888,0.919071,-1,-1,-1
423,46,196.571,161.589,42.550,131.433,0.796051,-1,-1,-1
423,52,148.075,161.784,46.776,132.663,0.822944,-1,-1,-1
423,59,272.721,190.540,31.090,72.457,0.631880,-1,-1,-1
423,61,457.191,25.419,178.458,428.796,0.916913,-1,-1,-1
424,46,194.019,162.421,40.791,131.233,0.799405,-1,-1,-1
424,52,143.602,161.411,45.525,133.992,0.804127,-1,-1,-1
424,59,267.490,189.457,30.189,73.851,0.752408,-1,-1,-1
424,61,444.572,34.075,182.892,421.938,0.887390,-1,-1,-1
425,46,187.491,160.392,40.604,131.772,0.788891,-1,-1,-1
425,52,136.978,160.880,45.925,132.113,0.808018,-1,-1,-1
425,59,260.315,186.685,30.050,73.263,0.706282,-1,-1,-1
425,61,429.795,37.871,186.040,412.833,0.898189,-1,-1,-1
426,46,184.513,159.850,39.196,129.944,0.794229,-1,-1,-1
426,52,132.561,159.362,47.764,131.418,0.779748,-1,-1,-1
426,59,255.949,184.361,28.813,72.960,0.691423,-1,-1,-1
426,61,419.387,41.447,188.367,405.504,0.871317,-1,-1,-1
427,46,178.533,157.843,42.543,129.947,0.767856,-1,-1,-1
427,52,126.056,158.739,49.337,129.947,0.787776,-1,-1,-1
427,59,249.724,180.383,28.129,74.857,0.729097,-1,-1,-1
427,61,408.572,41.986,171.893,400.053,0.880492,-1,-1,-1
428,46,174.736,154.227,42.284,129.840,0.795115,-1,-1,-1
428,52,120.531,158.136,51.048,128.840,0.816316,-1,-1,-1
428,59,242.514,179.753,28.862,73.839,0.668660,-1,-1,-1
428,61,403.605,41.041,147.235,386.533,0.901822,-1,-1,-1
429,46,171.933,153.428,42.409,128.857,0.799406,-1,-1,-1
429,52,117.799,157.295,49.374,127.117,0.795396,-1,-1,-1
429,59,236.327,179.715,28.208,73.914,0.757238,-1,-1,-1
429,61,397.968,43.266,124.755,365.434,0.905372,-1,-1,-1
429,62,487.610,2.127,151.299,477.155,0.836574,-1,-1,-1
430,46,167.630,154.412,41.932,127.944,0.785510,-1,-1,-1
430,52,113.447,156.476,50.166,126.709,0.817768,-1,-1,-1
430,59,230.487,182.117,27.449,72.234,0.569577,-1,-1,-1
430,61,373.478,47.360,127.633,355.970,0.895393,-1,-1,-1
430,62,433.516,0.771,204.442,479.265,0.896516,-1,-1,-1
431,46,165.719,154.148,43.709,126.507,0.783246,-1,-1,-1
431,52,110.767,153.689,51.433,126.951,0.793395,-1,-1,-1
431,59,225.692,180.021,29.607,72.463,0.743546,-1,-1,-1
431,61,351.562,48.848,137.298,349.794,0.895631,-1,-1,-1
431,62,399.661,-0.723,240.901,481.218,0.879312,-1,-1,-1
432,46,163.644,155.561,42.363,123.347,0.676006,-1,-1,-1
432,52,109.749,152.668,51.871,125.901,0.817566,-1,-1,-1
432,59,223.063,175.814,30.138,75.371,0.756252,-1,-1,-1
432,61,338.816,50.903,130.691,325.913,0.870618,-1,-1,-1
432,62,401.309,-0.719,240.958,478.589,0.888112,-1,-1,-1
432,63,0.788,132.406,58.770,198.478,0.687243,-1,-1,-1
433,46,159.566,155.446,42.074,123.228,0.705319,-1,-1,-1
433,52,108.058,154.369,51.097,124.242,0.829300,-1,-1,-1
433,59,219.569,176.712,30.322,74.208,0.818633,-1,-1,-1
433,61,333.861,55.614,112.235,315.701,0.856488,-1,-1,-1
433,62,402.313,1.676,237.406,477.578,0.854181,-1,-1,-1
433,63,0.787,109.953,67.932,242.091,0.665199,-1,-1,-1
434,46,155.972,154.602,40.979,122.906,0.795193,-1,-1,-1
434,52,102.165,156.049,50.197,122.269,0.836078,-1,-1,-1
434,59,213.324,174.501,30.669,75.837,0.760605,-1,-1,-1
434,61,328.228,58.268,92.937,312.594,0.794966,-1,-1,-1
434,62,385.234,2.299,206.048,477.543,0.795541,-1,-1,-1
435,46,153.540,153.033,40.602,120.926,0.776203,-1,-1,-1
435,52,98.787,154.401,51.185,122.755,0.835027,-1,-1,-1
435,59,210.353,175.815,30.534,73.696,0.659700,-1,-1,-1
435,61,315.751,85.649,72.864,286.270,0.710690,-1,-1,-1
435,62,353.943,1.898,182.537,477.690,0.855190,-1,-1,-1
436,46,150.886,149.411,40.808,120.380,0.793812,-1,-1,-1
436,52,94.312,152.162,48.904,121.489,0.804431,-1,-1,-1
436,59,206.184,173.977,29.211,72.786,0.691367,-1,-1,-1
436,62,310.994,1.666,186.866,475.926,0.896162,-1,-1,-1
437,46,149.766,151.212,41.887,120.311,0.741379,-1,-1,-1
437,52,91.083,151.801,47.611,121.831,0.818027,-1,-1,-1
437,59,204.868,173.868,28.660,74.753,0.749338,-1,-1,-1
437,62,263.804,1.265,215.635,479.222,0.925883,-1,-1,-1
437,64,598.324,92.963,42.624,305.967,0.732092,-1,-1,-1
438,46,146.561,150.839,42.562,120.148,0.758232,-1,-1,-1
438,52,86.085,152.834,47.012,119.420,0.828866,-1,-1,-1
438,59,202.615,171.018,26.480,77.409,0.645211,-1,-1,-1
438,62,214.530,1.063,257.516,481.099,0.904345,-1,-1,-1
438,64,559.412,74.372,81.122,327.549,0.862375,-1,-1,-1
439,46,144.334,150.087,39.864,119.264,0.813167,-1,-1,-1
439,52,83.304,149.841,46.851,120.849,0.839894,-1,-1,-1
439,62,185.230,1.891,274.230,480.330,0.862949,-1,-1,-1
439,64,533.134,74.775,107.414,328.743,0.899323,-1,-1,-1
440,62,101.258,-7.081,331.237,496.007,0.843314,-1,-1,-1
440,64,510.817,76.247,135.226,335.072,0.911931,-1,-1,-1
440,65,370.732,135.636,57.181,181.098,0.703782,-1,-1,-1
441,62,26.755,-0.732,313.825,485.159,0.862050,-1,-1,-1
441,64,510.953,80.058,132.656,330.816,0.888893,-1,-1,-1
441,65,369.151,138.437,54.933,178.835,0.712081,-1,-1,-1
441,66,283.865,64.940,107.544,312.108,0.794829,-1,-1,-1
442,62,-1.317,2.141,275.653,479.352,0.704217,-1,-1,-1
442,64,520.672,80.322,116.240,319.699,0.863091,-1,-1,-1
442,65,368.227,138.862,51.172,177.840,0.760910,-1,-1,-1
442,66,265.797,66.577,121.430,326.779,0.881110,-1,-1,-1
443,62,-11.067,1.822,233.448,473.521,0.745884,-1,-1,-1
443,64,516.331,77.898,111.224,309.499,0.748816,-1,-1,-1
443,65,366.103,134.757,47.881,177.193,0.737993,-1,-1,-1
443,66,255.632,63.203,125.432,332.893,0.887491,-1,-1,-1
444,64,534.568,80.395,101.550,310.980,0.734129,-1,-1,-1
444,65,360.449,137.206,47.692,179.505,0.731588,-1,-1,-1
444,66,247.864,65.711,124.751,327.556,0.892449,-1,-1,-1
444,59,147.318,155.629,36.826,115.920,0.746961,-1,-1,-1
445,64,572.339,86.723,67.851,270.352,0.683563,-1,-1,-1
445,65,359.181,139.572,49.161,179.646,0.797969,-1,-1,-1
445,66,247.462,64.791,119.781,321.410,0.893747,-1,-1,-1
445,69,189.560,180.061,30.027,71.007,0.703210,-1,-1,-1
445,59,144.010,157.925,39.308,117.287,0.774450,-1,-1,-1
445,46,99.824,153.575,36.585,120.983,0.751010,-1,-1,-1
446,64,581.891,78.728,59.264,282.254,0.848335,-1,-1,-1
446,65,349.453,140.096,58.254,178.685,0.775027,-1,-1,-1
446,66,247.249,62.361,112.342,319.220,0.897915,-1,-1,-1
446,69,193.551,178.602,29.463,71.716,0.619838,-1,-1,-1
446,59,146.846,158.353,40.601,116.262,0.749201,-1,-1,-1
446,46,96.693,154.792,43.575,118.832,0.807688,-1,-1,-1
446,52,2.456,10.369,98.336,280.665,0.767694,-1,-1,-1
447,64,578.864,81.509,62.683,284.537,0.819090,-1,-1,-1
447,65,344.837,144.181,62.724,179.227,0.789118,-1,-1,-1
447,66,241.583,63.480,111.398,324.630,0.894790,-1,-1,-1
447,69,195.136,182.211,30.268,70.696,0.549886,-1,-1,-1
447,59,147.959,161.894,42.081,115.619,0.708150,-1,-1,-1
447,46,97.842,157.856,46.379,118.849,0.788203,-1,-1,-1
447,70,470.177,87.093,159.470,316.449,0.847494,-1,-1,-1
447,52,0.860,2.831,102.937,304.988,0.739924,-1,-1,-1
448,64,576.696,82.364,64.733,287.549,0.802744,-1,-1,-1
448,65,344.296,142.470,62.246,180.214,0.787978,-1,-1,-1
448,66,238.113,61.901,108.407,328.702,0.892002,-1,-1,-1
448,69,194.612,181.773,32.349,69.342,0.585805,-1,-1,-1
448,59,148.615,159.334,42.017,115.224,0.769277,-1,-1,-1
448,46,99.364,155.000,47.340,117.783,0.817375,-1,-1,-1
448,70,474.132,85.185,135.588,313.622,0.856873,-1,-1,-1
448,52,0.071,-2.572,107.304,414.415,0.884460,-1,-1,-1
449,65,345.380,143.752,61.760,179.404,0.787934,-1,-1,-1
449,66,240.976,66.069,102.809,330.087,0.894135,-1,-1,-1
449,69,198.198,183.886,32.734,69.435,0.607603,-1,-1,-1
449,59,151.512,160.437,39.234,114.273,0.793352,-1,-1,-1
449,46,104.173,158.949,46.500,114.499,0.828304,-1,-1,-1
449,70,485.694,85.658,100.874,306.424,0.842399,-1,-1,-1
449,52,0.799,-3.276,111.636,457.366,0.893307,-1,-1,-1
450,65,355.013,140.926,58.530,177.560,0.835339,-1,-1,-1
450,66,244.965,67.151,101.722,328.331,0.890149,-1,-1,-1
450,69,206.944,183.583,32.487,69.921,0.694256,-1,-1,-1
450,59,160.708,159.882,38.115,113.556,0.806034,-1,-1,-1
450,46,114.768,160.391,45.672,113.543,0.785617,-1,-1,-1
450,70,500.122,82.986,96.747,311.847,0.829793,-1,-1,-1
450,52,3.227,-3.592,120.270,476.756,0.870987,-1,-1,-1
451,65,359.726,141.217,58.101,178.067,0.825586,-1,-1,-1
451,66,238.380,67.549,111.113,329.597,0.877849,-1,-1,-1
451,69,210.775,184.946,31.410,69.552,0.581751,-1,-1,-1
451,59,166.045,162.054,38.775,112.734,0.789782,-1,-1,-1
451,46,121.442,162.328,43.989,112.873,0.802371,-1,-1,-1
451,70,494.049,85.442,105.955,316.022,0.849874,-1,-1,-1
451,52,2.461,-0.341,128.105,482.387,0.907475,-1,-1,-1
451,64,560.546,86.950,82.543,279.776,0.689999,-1,-1,-1
452,65,362.338,139.681,60.229,180.188,0.761277,-1,-1,-1
452,66,231.062,63.923,120.208,326.259,0.897625,-1,-1,-1
452,59,175.396,161.912,37.286,112.888,0.804865,-1,-1,-1
452,46,132.018,161.099,42.695,112.353,0.805668,-1,-1,-1
452,70,485.063,86.797,124.340,319.956,0.843876,-1,-1,-1
452,52,3.683,0.672,135.839,483.034,0.911097,-1,-1,-1
452,64,574.414,85.179,69.997,276.597,0.692326,-1,-1,-1
453,65,364.429,137.919,67.660,180.730,0.773173,-1,-1,-1
453,66,233.459,56.912,123.148,326.935,0.882116,-1,-1,-1
453,59,183.947,160.542,35.363,111.722,0.790001,-1,-1,-1
453,46,140.763,158.335,41.617,111.595,0.819309,-1,-1,-1
453,70,487.636,84.329,129.514,324.376,0.852178,-1,-1,-1
453,52,4.248,-1.240,146.173,483.309,0.906416,-1,-1,-1
453,64,581.436,78.512,62.246,291.435,0.739016,-1,-1,-1
454,65,371.771,143.961,70.220,181.125,0.814482,-1,-1,-1
454,66,240.292,60.534,125.467,330.000,0.903013,-1,-1,-1
454,59,193.373,165.147,35.134,111.906,0.799993,-1,-1,-1
454,46,151.951,161.670,38.730,112.849,0.788390,-1,-1,-1
454,70,499.488,86.494,121.013,328.496,0.865412,-1,-1,-1
454,52,4.811,2.424,156.553,481.355,0.914064,-1,-1,-1
454,64,588.262,81.533,54.584,298.756,0.758027,-1,-1,-1
455,65,378.544,140.722,70.459,183.160,0.828085,-1,-1,-1
455,66,251.472,58.632,122.150,337.617,0.896204,-1,-1,-1
455,59,199.644,162.884,37.898,111.420,0.763694,-1,-1,-1
455,46,160.909,160.657,37.678,110.877,0.807706,-1,-1,-1
455,70,505.573,79.565,109.254,322.117,0.872954,-1,-1,-1
455,52,3.684,-1.831,168.112,484.915,0.887062,-1,-1,-1
455,64,578.251,78.546,64.740,307.699,0.752136,-1,-1,-1
456,65,382.119,141.711,69.011,185.585,0.773148,-1,-1,-1
456,66,258.072,62.256,119.621,341.443,0.883785,-1,-1,-1
456,59,205.656,163.611,38.018,111.454,0.777653,-1,-1,-1
456,46,169.073,163.554,33.928,108.148,0.690771,-1,-1,-1
456,70,505.732,80.705,104.142,320.961,0.872354,-1,-1,-1
456,52,2.339,-0.491,177.570,482.822,0.885940,-1,-1,-1
456,64,583.427,82.578,58.179,292.863,0.774823,-1,-1,-1
457,65,389.679,143.037,65.640,184.991,0.740501,-1,-1,-1
457,66,266.220,66.293,120.532,348.335,0.882054,-1,-1,-1
457,59,214.526,165.767,37.303,111.289,0.762705,-1,-1,-1
457,46,179.395,167.982,33.861,106.528,0.736601,-1,-1,-1
457,70,490.617,85.076,122.952,326.542,0.882400,-1,-1,-1
457,52,3.880,3.849,189.173,477.648,0.883406,-1,-1,-1
457,64,598.421,87.220,44.218,291.300,0.748906,-1,-1,-1
458,65,394.218,138.794,61.760,185.129,0.817189,-1,-1,-1
458,66,272.449,63.351,120.285,350.324,0.883613,-1,-1,-1
458,59,223.699,162.756,34.850,110.699,0.765282,-1,-1,-1
458,46,188.444,165.113,31.865,104.827,0.536035,-1,-1,-1
458,70,480.960,84.147,139.969,330.538,0.893030,-1,-1,-1
458,52,12.722,1.389,191.619,477.375,0.872820,-1,-1,-1
458,64,606.440,81.365,34.905,298.504,0.727218,-1,-1,-1
459,65,401.579,144.670,60.432,186.845,0.787770,-1,-1,-1
459,66,276.254,68.762,123.155,355.021,0.880286,-1,-1,-1
459,59,233.281,169.628,32.467,109.738,0.759472,-1,-1,-1
459,70,485.448,90.524,148.343,334.319,0.895707,-1,-1,-1
459,52,32.011,5.340,191.081,477.081,0.838511,-1,-1,-1
459,64,605.250,85.571,35.858,292.513,0.614475,-1,-1,-1
460,65,402.115,143.686,60.865,188.317,0.796756,-1,-1,-1
460,66,274.957,65.942,127.956,355.980,0.895634,-1,-1,-1
460,59,235.985,168.092,31.756,109.426,0.727403,-1,-1,-1
460,70,489.816,88.242,146.861,339.229,0.878477,-1,-1,-1
460,52,37.632,2.130,194.569,479.597,0.856928,-1,-1,-1
460,64,605.329,80.730,34.184,300.503,0.639191,-1,-1,-1
461,65,406.561,141.947,59.271,191.060,0.803239,-1,-1,-1
461,66,277.908,58.576,130.595,350.443,0.905289,-1,-1,-1
461,59,242.171,165.888,31.467,109.946,0.718179,-1,-1,-1
461,70,505.020,82.439,119.651,328.730,0.867599,-1,-1,-1
461,52,47.232,-0.886,195.369,482.922,0.882075,-1,-1,-1
461,64,603.208,76.718,37.681,305.220,0.670439,-1,-1,-1
462,65,405.258,144.656,61.357,192.788,0.833169,-1,-1,-1
462,66,279.169,58.299,127.937,347.634,0.893486,-1,-1,-1
462,59,242.816,167.147,34.994,111.390,0.721474,-1,-1,-1
462,70,511.313,82.850,107.061,330.161,0.847572,-1,-1,-1
462,52,51.112,0.001,193.581,480.675,0.868104,-1,-1,-1
462,64,593.049,79.503,46.365,302.115,0.702947,-1,-1,-1
463,65,407.529,148.768,55.804,195.337,0.821041,-1,-1,-1
463,66,279.662,61.722,122.944,350.927,0.894310,-1,-1,-1
463,59,243.155,168.838,34.462,112.083,0.709184,-1,-1,-1
463,70,505.295,89.860,118.332,334.670,0.884176,-1,-1,-1
463,52,51.788,3.301,195.545,480.398,0.851680,-1,-1,-1
463,64,586.285,87.613,51.620,298.784,0.666887,-1,-1,-1
464,65,406.760,147.062,54.989,194.579,0.783045,-1,-1,-1
464,66,280.172,59.324,115.849,356.777,0.884093,-1,-1,-1
464,59,241.965,169.267,33.580,109.898,0.738202,-1,-1,-1
464,70,488.847,90.041,135.875,338.750,0.872740,-1,-1,-1
464,52,48.646,-0.254,197.656,483.103,0.876804,-1,-1,-1
464,64,586.244,88.550,51.103,298.619,0.747799,-1,-1,-1
465,65,407.016,143.896,55.059,192.109,0.747787,-1,-1,-1
465,66,281.995,57.013,108.181,361.522,0.880158,-1,-1,-1
465,59,240.689,169.765,34.349,107.089,0.713477,-1,-1,-1
465,70,479.226,90.676,142.139,338.696,0.883520,-1,-1,-1
465,52,47.108,-1.177,197.845,483.422,0.887398,-1,-1,-1
465,64,588.655,86.835,49.012,306.049,0.792623,-1,-1,-1
466,65,406.972,142.826,55.223,191.752,0.761219,-1,-1,-1
466,66,280.746,57.903,105.040,362.574,0.884805,-1,-1,-1
466,59,242.242,167.229,34.236,110.294,0.695435,-1,-1,-1
466,70,478.741,90.963,134.982,339.975,0.883325,-1,-1,-1
466,52,47.175,-0.639,197.563,482.775,0.853937,-1,-1,-1
466,64,593.154,86.058,45.217,309.796,0.824695,-1,-1,-1
467,65,401.558,142.597,63.403,192.986,0.769370,-1,-1,-1
467,66,275.186,59.126,109.405,364.911,0.893153,-1,-1,-1
467,59,244.236,168.548,35.067,109.233,0.691483,-1,-1,-1
467,70,480.928,88.471,117.406,332.294,0.881898,-1,-1,-1
467,52,47.153,-0.577,199.755,482.907,0.886087,-1,-1,-1
467,64,589.879,84.546,50.106,315.621,0.873343,-1,-1,-1
468,65,401.085,141.249,63.577,192.820,0.742429,-1,-1,-1
468,66,268.364,53.146,113.647,370.973,0.877786,-1,-1,-1
468,59,239.549,167.120,35.933,107.216,0.525353,-1,-1,-1
468,70,470.902,83.446,109.996,325.265,0.866230,-1,-1,-1
468,52,42.883,-2.133,202.330,482.685,0.891184,-1,-1,-1
468,64,575.816,81.893,63.350,321.542,0.872942,-1,-1,-1
469,65,400.905,140.401,62.308,193.516,0.710939,-1,-1,-1
469,66,258.429,46.209,122.819,366.950,0.872348,-1,-1,-1
469,70,448.355,82.443,122.611,328.599,0.849394,-1,-1,-1
469,52,39.834,-1.919,205.839,477.897,0.856055,-1,-1,-1
469,64,563.307,83.126,76.242,322.730,0.859405,-1,-1,-1
470,65,402.391,141.284,62.843,189.912,0.767190,-1,-1,-1
470,66,255.305,44.242,131.448,366.369,0.875037,-1,-1,-1
470,70,435.683,85.636,130.722,331.161,0.891897,-1,-1,-1
470,52,41.121,0.598,211.076,481.106,0.856175,-1,-1,-1
470,64,556.068,83.043,85.674,310.061,0.873328,-1,-1,-1
471,65,403.707,138.722,63.032,191.163,0.591995,-1,-1,-1
471,66,256.282,41.683,137.791,366.484,0.879190,-1,-1,-1
471,70,434.837,87.300,132.658,330.698,0.888101,-1,-1,-1
471,52,46.043,0.864,213.181,481.509,0.874928,-1,-1,-1
471,64,552.273,79.513,90.400,308.980,0.752284,-1,-1,-1
472,65,402.976,134.670,65.014,193.454,0.625808,-1,-1,-1
472,66,258.301,37.202,139.752,370.535,0.885224,-1,-1,-1
472,70,437.421,84.594,128.377,332.355,0.880923,-1,-1,-1
472,52,51.282,0.420,213.679,481.698,0.880232,-1,-1,-1
472,64,556.995,75.193,85.736,317.031,0.859081,-1,-1,-1
473,65,402.519,131.119,61.919,194.434,0.629633,-1,-1,-1
473,66,261.052,33.700,132.763,380.456,0.872109,-1,-1,-1
473,70,438.745,79.912,117.269,327.196,0.892735,-1,-1,-1
473,52,54.767,-0.792,217.744,477.873,0.850572,-1,-1,-1
473,64,564.460,72.686,75.644,321.520,0.880892,-1,-1,-1
474,65,405.942,131.818,57.573,195.105,0.748951,-1,-1,-1
474,66,269.660,34.184,124.450,384.739,0.880728,-1,-1,-1
474,70,443.728,78.056,108.061,322.113,0.847029,-1,-1,-1
474,52,63.816,0.415,219.504,478.529,0.841055,-1,-1,-1
474,64,549.390,72.545,90.430,322.162,0.847726,-1,-1,-1
475,65,413.035,131.120,55.953,197.340,0.390852,-1,-1,-1
475,66,277.152,36.214,121.566,388.368,0.883819,-1,-1,-1
475,70,450.244,75.700,108.830,327.452,0.848203,-1,-1,-1
475,52,72.288,1.401,220.597,476.928,0.860561,-1,-1,-1
475,64,535.248,72.298,106.862,307.037,0.907110,-1,-1,-1
476,66,282.244,41.036,120.442,389.748,0.885175,-1,-1,-1
476,70,452.484,79.269,113.854,330.096,0.885440,-1,-1,-1
476,52,76.889,2.977,220.282,476.437,0.877238,-1,-1,-1
476,64,531.632,74.660,110.415,303.082,0.900490,-1,-1,-1
477,66,281.986,40.877,122.213,393.006,0.894496,-1,-1,-1
477,70,449.677,82.055,118.366,333.835,0.788293,-1,-1,-1
477,52,78.559,2.580,220.232,468.873,0.776500,-1,-1,-1
477,64,531.763,73.526,109.478,306.810,0.902596,-1,-1,-1
478,66,281.499,36.806,121.612,391.660,0.898088,-1,-1,-1
478,70,445.521,80.524,118.566,338.340,0.813614,-1,-1,-1
478,52,73.749,1.024,223.637,467.285,0.786705,-1,-1,-1
478,64,533.534,72.729,105.916,310.210,0.889422,-1,-1,-1
479,66,279.150,40.571,121.989,379.349,0.894545,-1,-1,-1
479,70,442.853,86.910,115.665,333.558,0.851690,-1,-1,-1
479,52,71.146,3.138,227.919,475.809,0.812730,-1,-1,-1
479,64,537.473,76.584,101.558,319.460,0.909104,-1,-1,-1
480,66,276.709,40.737,122.558,382.699,0.886559,-1,-1,-1
480,70,441.098,87.918,115.384,324.302,0.870751,-1,-1,-1
480,52,72.690,2.338,225.628,477.213,0.842771,-1,-1,-1
480,64,544.223,77.556,93.712,326.183,0.829980,-1,-1,-1
481,66,273.573,34.781,117.988,388.258,0.883566,-1,-1,-1
481,70,435.390,83.736,109.860,320.104,0.862509,-1,-1,-1
481,52,67.629,-0.212,227.922,475.548,0.803566,-1,-1,-1
481,64,537.043,73.822,97.232,333.126,0.847988,-1,-1,-1
482,66,266.243,34.781,113.275,393.603,0.888304,-1,-1,-1
482,70,417.754,84.583,113.950,322.043,0.868938,-1,-1,-1
482,52,57.469,0.570,233.492,469.885,0.751050,-1,-1,-1
482,64,519.550,76.274,112.621,338.429,0.840248,-1,-1,-1
483,66,261.510,42.966,107.125,395.055,0.876927,-1,-1,-1
483,70,401.637,93.046,119.281,325.451,0.871887,-1,-1,-1
483,52,49.625,4.802,239.114,472.484,0.781137,-1,-1,-1
483,64,510.486,85.378,115.988,337.066,0.881539,-1,-1,-1
484,66,255.926,48.115,103.192,393.492,0.858969,-1,-1,-1
484,70,387.201,95.565,125.378,329.002,0.843795,-1,-1,-1
484,52,40.483,8.118,243.520,473.091,0.653725,-1,-1,-1
484,64,508.648,87.402,113.043,336.900,0.876196,-1,-1,-1
485,66,252.241,50.156,101.228,396.287,0.841308,-1,-1,-1
485,70,390.538,94.417,119.395,331.838,0.808942,-1,-1,-1
485,52,34.871,4.815,248.720,477.658,0.735480,-1,-1,-1
485,64,509.167,87.200,102.010,329.191,0.838364,-1,-1,-1
486,66,247.028,44.339,101.026,392.209,0.882808,-1,-1,-1
486,70,394.821,91.001,105.407,325.498,0.870938,-1,-1,-1
486,52,29.164,1.331,252.104,478.775,0.783942,-1,-1,-1
486,64,504.107,84.838,91.006,321.779,0.873254,-1,-1,-1
487,66,241.751,41.936,101.521,390.704,0.884746,-1,-1,-1
487,70,391.961,92.194,99.714,322.816,0.871188,-1,-1,-1
487,52,23.983,1.850,256.855,479.007,0.844214,-1,-1,-1
487,64,491.631,87.614,91.474,325.090,0.885039,-1,-1,-1
488,66,242.296,39.534,99.494,385.490,0.860538,-1,-1,-1
488,70,389.732,93.948,101.051,325.099,0.851952,-1,-1,-1
488,52,25.471,1.279,259.831,479.213,0.816394,-1,-1,-1
488,64,467.724,89.578,111.506,331.093,0.851857,-1,-1,-1
489,66,243.415,36.577,93.608,379.697,0.867234,-1,-1,-1
489,70,389.047,94.667,101.865,329.452,0.784312,-1,-1,-1
489,52,18.838,-0.138,266.606,480.272,0.687120,-1,-1,-1
489,64,454.418,88.734,126.630,335.216,0.895198,-1,-1,-1
490,66,246.418,36.338,84.329,354.519,0.645770,-1,-1,-1
490,70,383.014,96.429,106.954,330.326,0.830555,-1,-1,-1
490,52,6.482,-1.412,277.297,481.385,0.619740,-1,-1,-1
490,64,450.911,90.898,134.533,334.249,0.881415,-1,-1,-1
491,66,251.051,41.240,75.941,330.568,0.814392,-1,-1,-1
491,70,378.298,99.418,110.503,334.174,0.850432,-1,-1,-1
491,52,2.281,0.963,282.105,479.009,0.824759,-1,-1,-1
491,64,455.133,94.966,125.392,327.156,0.867603,-1,-1,-1
492,66,251.540,40.707,73.834,304.279,0.818699,-1,-1,-1
492,70,377.969,96.727,106.907,330.149,0.868705,-1,-1,-1
492,52,0.967,0.556,279.830,477.803,0.739104,-1,-1,-1
492,64,461.947,91.657,108.917,320.757,0.814026,-1,-1,-1
493,66,248.502,42.284,77.378,287.569,0.809291,-1,-1,-1
493,70,377.869,95.380,101.453,322.285,0.868069,-1,-1,-1
493,52,1.654,1.766,278.377,476.313,0.724419,-1,-1,-1
493,64,467.261,90.555,103.260,324.474,0.835045,-1,-1,-1
494,66,244.145,43.304,84.129,321.016,0.851351,-1,-1,-1
494,70,375.051,96.835,100.295,321.974,0.832060,-1,-1,-1
494,52,1.874,2.305,279.633,477.047,0.753204,-1,-1,-1
494,64,467.345,92.533,97.106,328.966,0.772427,-1,-1,-1
495,66,235.882,31.580,96.352,345.189,0.855174,-1,-1,-1
495,70,367.718,91.318,108.505,328.752,0.876366,-1,-1,-1
495,52,-0.015,-1.592,277.834,479.807,0.370983,-1,-1,-1
495,64,464.333,88.770,97.649,335.882,0.835638,-1,-1,-1
496,66,233.364,29.653,103.077,352.010,0.853485,-1,-1,-1
496,70,366.646,93.617,109.633,331.797,0.889166,-1,-1,-1
496,52,1.584,0.293,276.439,478.877,0.437313,-1,-1,-1
496,64,464.149,91.034,97.670,336.880,0.844667,-1,-1,-1
497,66,231.850,27.959,106.927,350.866,0.847323,-1,-1,-1
497,70,370.459,94.331,105.512,336.423,0.846944,-1,-1,-1
497,52,1.628,0.495,275.682,478.051,0.471062,-1,-1,-1
497,64,465.103,90.637,102.069,340.077,0.803331,-1,-1,-1
497,65,346.623,138.771,54.896,205.947,0.654789,-1,-1,-1
498,66,230.612,26.801,105.761,354.847,0.812224,-1,-1,-1
498,70,377.866,94.713,96.637,337.972,0.827787,-1,-1,-1
498,52,0.536,0.472,276.814,479.944,0.679763,-1,-1,-1
498,64,467.944,90.393,96.894,337.947,0.797585,-1,-1,-1
498,65,340.389,139.825,61.289,204.256,0.650041,-1,-1,-1
499,66,232.250,25.282,100.706,331.175,0.839123,-1,-1,-1
499,70,381.113,90.921,94.582,335.586,0.840848,-1,-1,-1
499,52,0.586,0.850,280.165,481.077,0.628570,-1,-1,-1
499,64,471.723,85.997,96.728,330.599,0.774384,-1,-1,-1
499,65,341.266,141.351,61.227,201.102,0.544454,-1,-1,-1
500,66,235.494,28.486,93.110,324.558,0.826954,-1,-1,-1
500,70,383.289,90.823,97.802,328.454,0.853437,-1,-1,-1
500,52,0.864,1.670,281.939,479.464,0.589514,-1,-1,-1
500,64,473.753,85.627,88.734,330.241,0.734478,-1,-1,-1
500,65,344.008,139.081,57.942,206.229,0.692540,-1,-1,-1
501,66,241.401,29.927,85.460,322.008,0.799258,-1,-1,-1
501,70,387.136,89.623,102.171,329.852,0.783078,-1,-1,-1
501,52,1.467,1.453,288.931,477.217,0.723194,-1,-1,-1
501,64,467.320,83.325,98.415,335.691,0.766335,-1,-1,-1
501,65,351.188,137.769,53.064,209.163,0.652817,-1,-1,-1
502,66,245.742,30.968,78.742,318.035,0.673513,-1,-1,-1
502,70,390.503,90.367,106.918,335.490,0.796198,-1,-1,-1
502,52,5.984,1.628,293.031,478.754,0.781472,-1,-1,-1
502,64,461.474,84.900,121.852,342.833,0.683506,-1,-1,-1
502,65,351.345,136.386,62.311,214.126,0.675976,-1,-1,-1
503,70,393.578,86.325,110.391,339.357,0.846422,-1,-1,-1
503,52,11.913,-1.645,300.042,479.788,0.554292,-1,-1,-1
503,64,465.699,80.600,127.822,343.094,0.867763,-1,-1,-1
504,70,394.480,85.194,109.861,338.729,0.855993,-1,-1,-1
504,52,6.403,-0.120,310.197,478.390,0.656144,-1,-1,-1
504,64,472.222,78.188,124.384,343.129,0.877401,-1,-1,-1
505,70,395.987,86.924,103.300,334.890,0.839293,-1,-1,-1
505,52,12.195,3.746,316.699,476.587,0.506099,-1,-1,-1
505,64,479.196,79.165,117.541,336.533,0.863484,-1,-1,-1
506,70,391.082,82.848,100.223,324.578,0.859492,-1,-1,-1
506,52,13.575,1.639,320.290,473.841,0.565255,-1,-1,-1
506,64,482.122,75.523,114.827,332.708,0.874284,-1,-1,-1
506,65,353.420,128.537,56.153,217.199,0.664097,-1,-1,-1
507,70,389.399,85.288,98.096,321.107,0.824275,-1,-1,-1
507,52,33.862,4.068,306.666,475.016,0.628632,-1,-1,-1
507,64,484.603,78.243,113.310,335.817,0.848764,-1,-1,-1
507,65,342.473,132.044,63.572,217.418,0.645086,-1,-1,-1
508,70,382.870,84.200,105.476,324.558,0.826812,-1,-1,-1
508,52,57.985,3.217,289.396,470.913,0.625048,-1,-1,-1
508,64,487.234,78.438,111.472,337.789,0.854322,-1,-1,-1
508,65,343.397,129.751,63.184,214.208,0.714143,-1,-1,-1
509,70,372.942,81.228,115.718,328.209,0.855268,-1,-1,-1
509,52,72.965,2.451,278.697,469.524,0.620495,-1,-1,-1
509,64,488.505,76.390,106.567,340.998,0.849178,-1,-1,-1
509,65,345.315,125.026,61.237,213.249,0.658769,-1,-1,-1
510,70,372.360,85.890,116.118,332.771,0.844082,-1,-1,-1
510,52,89.604,4.145,271.981,471.111,0.389003,-1,-1,-1
510,64,491.185,81.560,107.368,339.248,0.811719,-1,-1,-1
510,65,351.432,129.070,56.419,210.887,0.570385,-1,-1,-1
511,70,381.340,85.271,106.979,335.505,0.834769,-1,-1,-1
511,52,106.767,3.811,226.100,473.556,0.371142,-1,-1,-1
511,64,496.153,79.824,101.782,341.499,0.771791,-1,-1,-1
511,65,363.498,128.198,48.438,213.194,0.331736,-1,-1,-1
511,71,4.924,66.527,122.343,279.474,0.679175,-1,-1,-1
512,70,388.240,88.267,102.385,336.807,0.862210,-1,-1,-1
512,52,123.915,5.366,256.829,476.088,0.587037,-1,-1,-1
512,64,502.550,83.178,96.809,333.430,0.759411,-1,-1,-1
512,71,22.090,68.948,123.331,286.141,0.709529,-1,-1,-1
513,70,403.159,92.014,93.849,325.790,0.833718,-1,-1,-1
513,52,150.966,4.940,266.361,472.799,0.684407,-1,-1,-1
513,64,508.833,84.936,91.004,331.577,0.838521,-1,-1,-1
513,71,63.115,72.838,106.280,317.119,0.841569,-1,-1,-1
514,70,412.143,89.381,82.769,318.430,0.866236,-1,-1,-1
514,52,160.154,2.441,271.525,470.896,0.551666,-1,-1,-1
514,64,505.188,81.542,92.469,333.866,0.837777,-1,-1,-1
514,71,83.298,69.518,95.131,329.870,0.885569,-1,-1,-1
514,72,5.255,116.403,81.844,238.064,0.844969,-1,-1,-1
515,70,426.469,94.162,69.447,231.554,0.815666,-1,-1,-1
515,52,182.106,2.515,271.121,472.193,0.715319,-1,-1,-1
515,64,491.841,85.817,107.534,338.112,0.841710,-1,-1,-1
515,71,95.334,74.073,104.606,333.686,0.887835,-1,-1,-1
515,72,2.841,110.719,73.627,251.981,0.852855,-1,-1,-1
516,52,212.809,1.699,267.120,474.168,0.707227,-1,-1,-1
516,64,486.898,88.414,123.438,342.608,0.821885,-1,-1,-1
516,71,100.750,77.689,113.244,334.553,0.878512,-1,-1,-1
516,72,1.704,104.838,62.933,266.989,0.854788,-1,-1,-1
517,52,239.277,2.699,270.915,471.309,0.744189,-1,-1,-1
517,64,494.145,90.738,126.643,342.943,0.885861,-1,-1,-1
517,71,103.742,85.407,111.719,328.980,0.872462,-1,-1,-1
517,72,1.581,101.047,53.964,268.537,0.860706,-1,-1,-1
518,52,259.318,2.243,276.855,473.029,0.753415,-1,-1,-1
518,64,506.848,94.089,115.818,339.807,0.842462,-1,-1,-1
518,71,103.078,87.217,113.347,325.372,0.874254,-1,-1,-1
518,72,1.063,94.537,43.628,275.007,0.793443,-1,-1,-1
519,52,274.179,0.622,293.377,478.121,0.718997,-1,-1,-1
519,71,109.855,82.737,104.657,314.464,0.866836,-1,-1,-1
519,73,181.856,26.712,120.669,394.768,0.874919,-1,-1,-1
520,52,292.932,-0.185,304.390,481.049,0.822345,-1,-1,-1
520,71,126.049,78.727,91.449,314.800,0.833970,-1,-1,-1
520,73,183.053,22.165,133.725,434.439,0.877401,-1,-1,-1
521,52,324.175,-1.104,314.441,479.914,0.863968,-1,-1,-1
521,71,122.664,80.534,102.551,313.362,0.842389,-1,-1,-1
521,73,184.301,17.589,150.365,445.454,0.879182,-1,-1,-1
522,52,347.371,1.094,300.428,475.473,0.779211,-1,-1,-1
522,71,119.248,87.171,106.927,312.860,0.823608,-1,-1,-1
522,73,187.388,19.294,155.634,446.922,0.887558,-1,-1,-1
523,52,361.317,1.850,288.254,477.367,0.814927,-1,-1,-1
523,71,111.971,89.699,110.633,312.722,0.771342,-1,-1,-1
523,73,188.412,16.866,155.557,453.344,0.899763,-1,-1,-1
524,52,375.054,-0.224,274.115,477.941,0.800575,-1,-1,-1
524,71,108.011,83.770,113.431,310.744,0.832548,-1,-1,-1
524,73,190.590,10.945,153.290,463.136,0.894773,-1,-1,-1
525,52,395.081,0.729,256.394,480.054,0.893378,-1,-1,-1
525,71,115.748,85.317,112.395,301.957,0.832543,-1,-1,-1
525,73,202.538,15.360,150.786,467.039,0.889515,-1,-1,-1
526,52,410.069,0.142,240.499,479.820,0.894166,-1,-1,-1
526,71,133.299,80.814,101.879,291.470,0.852942,-1,-1,-1
526,73,209.876,15.523,153.325,467.911,0.873841,-1,-1,-1
527,52,420.761,0.038,227.029,481.113,0.869821,-1,-1,-1
527,71,143.578,77.106,91.224,293.205,0.848883,-1,-1,-1
527,73,206.737,13.720,159.263,470.855,0.866127,-1,-1,-1
528,52,439.560,4.696,207.914,481.424,0.906131,-1,-1,-1
528,71,159.879,89.973,79.958,293.457,0.861406,-1,-1,-1
528,73,204.171,23.690,169.263,465.251,0.860472,-1,-1,-1
528,65,393.027,98.961,71.230,316.399,0.693429,-1,-1,-1
529,52,451.268,5.779,192.135,476.030,0.893624,-1,-1,-1
529,71,163.991,98.933,78.464,289.097,0.843835,-1,-1,-1
529,73,204.701,29.274,171.223,455.991,0.882868,-1,-1,-1
529,74,127.434,165.823,47.247,145.438,0.792407,-1,-1,-1
529,65,385.259,105.974,83.358,318.085,0.811680,-1,-1,-1
530,52,468.680,2.929,173.606,476.489,0.902525,-1,-1,-1
530,71,162.099,102.223,83.835,286.233,0.863047,-1,-1,-1
530,73,210.510,29.115,169.949,444.248,0.874922,-1,-1,-1
530,74,121.325,162.815,47.887,151.106,0.784801,-1,-1,-1
530,65,384.190,108.427,90.537,320.627,0.738509,-1,-1,-1
531,52,478.398,2.692,162.846,476.509,0.896457,-1,-1,-1
531,71,159.864,105.235,89.075,285.877,0.851089,-1,-1,-1
531,73,217.289,30.578,165.245,446.129,0.879143,-1,-1,-1
531,74,113.757,161.369,53.605,156.915,0.811425,-1,-1,-1
531,65,384.236,111.819,95.453,324.079,0.824015,-1,-1,-1
532,52,487.767,1.145,153.175,476.381,0.885186,-1,-1,-1
532,71,164.874,102.984,85.858,277.486,0.840612,-1,-1,-1
532,73,223.826,28.671,154.012,449.854,0.893591,-1,-1,-1
532,74,98.004,158.765,62.514,164.017,0.751776,-1,-1,-1
532,65,378.989,106.339,98.742,324.665,0.840207,-1,-1,-1
533,52,487.004,0.045,152.716,477.529,0.888954,-1,-1,-1
533,71,169.794,95.858,77.201,276.500,0.797824,-1,-1,-1
533,73,220.153,23.643,147.482,455.266,0.879939,-1,-1,-1
533,74,77.886,153.655,71.856,169.445,0.794930,-1,-1,-1
533,65,371.100,99.195,99.452,317.570,0.843846,-1,-1,-1
534,52,487.139,1.634,151.871,478.263,0.888043,-1,-1,-1
534,71,153.021,90.436,85.202,280.999,0.794568,-1,-1,-1
534,73,204.974,23.146,146.340,457.086,0.885439,-1,-1,-1
534,74,55.317,147.218,71.572,179.814,0.798445,-1,-1,-1
534,65,357.348,95.792,99.974,317.611,0.787649,-1,-1,-1
535,52,494.476,3.359,146.426,476.290,0.877914,-1,-1,-1
535,71,142.867,90.837,90.623,290.209,0.514175,-1,-1,-1
535,73,194.373,24.230,149.352,457.973,0.878176,-1,-1,-1
535,74,41.600,140.967,71.568,190.435,0.786888,-1,-1,-1
535,65,343.120,96.125,106.246,320.502,0.780497,-1,-1,-1
535,75,449.732,89.902,69.481,320.748,0.845064,-1,-1,-1
536,52,502.766,2.582,139.346,476.553,0.880955,-1,-1,-1
536,73,195.613,20.824,146.435,457.169,0.879415,-1,-1,-1
536,74,31.422,134.132,75.425,200.005,0.796788,-1,-1,-1
536,65,329.852,96.642,116.124,323.980,0.851665,-1,-1,-1
536,75,447.545,89.608,76.065,317.841,0.842925,-1,-1,-1
537,52,509.052,5.261,133.272,472.463,0.882387,-1,-1,-1
537,73,195.172,8.692,147.860,457.148,0.881718,-1,-1,-1
537,74,14.736,120.908,82.351,210.380,0.802619,-1,-1,-1
537,65,321.806,92.270,121.059,330.235,0.849259,-1,-1,-1
537,75,444.104,84.960,83.818,317.164,0.873155,-1,-1,-1
538,52,514.712,4.727,126.912,474.807,0.878912,-1,-1,-1
538,73,196.694,5.581,151.384,454.020,0.894674,-1,-1,-1
538,74,6.856,118.467,84.512,221.592,0.845597,-1,-1,-1
538,65,325.518,92.434,113.715,333.828,0.800673,-1,-1,-1
538,75,441.188,86.471,90.311,331.274,0.851290,-1,-1,-1
539,52,532.375,3.872,110.697,473.654,0.862016,-1,-1,-1
539,73,200.345,2.899,158.113,463.082,0.885642,-1,-1,-1
539,74,1.243,113.448,87.329,234.965,0.877524,-1,-1,-1
539,65,334.528,89.225,104.462,331.010,0.863351,-1,-1,-1
539,75,447.820,84.782,93.514,325.355,0.849047,-1,-1,-1
539,76,123.262,141.484,45.557,145.949,0.793230,-1,-1,-1
540,52,543.655,6.592,99.367,466.512,0.812199,-1,-1,-1
540,73,205.077,2.515,161.008,471.551,0.877747,-1,-1,-1
540,74,-0.638,115.121,89.864,245.335,0.868084,-1,-1,-1
540,65,341.688,89.488,98.695,326.141,0.868591,-1,-1,-1
540,75,451.429,80.330,100.146,334.556,0.835096,-1,-1,-1
540,76,123.842,140.279,51.998,151.180,0.781210,-1,-1,-1
540,77,413.948,128.615,51.766,222.551,0.729227,-1,-1,-1
540,71,171.067,118.878,68.255,247.149,0.754645,-1,-1,-1
541,52,564.045,19.628,80.715,423.089,0.754437,-1,-1,-1
541,73,216.092,1.487,161.264,473.611,0.865401,-1,-1,-1
541,74,-0.719,111.147,85.426,261.776,0.860090,-1,-1,-1
541,65,351.857,85.487,95.604,334.657,0.838411,-1,-1,-1
541,75,458.628,75.184,111.635,343.848,0.746143,-1,-1,-1
541,76,121.202,140.344,61.321,155.991,0.857384,-1,-1,-1
541,77,424.503,126.651,50.242,232.862,0.671121,-1,-1,-1
541,71,189.306,124.980,58.247,246.642,0.732717,-1,-1,-1
542,73,228.878,2.632,155.905,473.505,0.876738,-1,-1,-1
542,74,-0.872,102.172,77.447,278.990,0.843799,-1,-1,-1
542,65,361.180,85.071,90.812,339.162,0.793035,-1,-1,-1
542,75,453.354,72.755,121.288,352.750,0.621473,-1,-1,-1
542,76,112.583,140.035,71.293,161.435,0.866404,-1,-1,-1
542,71,206.641,125.226,47.067,248.799,0.487672,-1,-1,-1
543,73,236.724,7.979,157.413,471.225,0.847417,-1,-1,-1
543,74,-1.106,95.406,74.047,292.873,0.864500,-1,-1,-1
543,65,368.341,90.596,86.665,342.508,0.688645,-1,-1,-1
543,75,445.732,76.337,125.203,360.668,0.811384,-1,-1,-1
543,76,105.419,143.726,77.262,162.960,0.875456,-1,-1,-1
543,71,215.164,126.746,43.772,253.822,0.525687,-1,-1,-1
544,73,244.854,4.204,158.486,475.475,0.863336,-1,-1,-1
544,74,-0.841,86.464,61.835,302.915,0.803067,-1,-1,-1
544,65,383.821,89.227,76.783,325.152,0.515588,-1,-1,-1
544,75,447.951,75.261,132.036,366.802,0.822330,-1,-1,-1
544,76,100.619,137.460,80.886,168.389,0.878191,-1,-1,-1
544,71,221.430,130.357,44.022,248.070,0.638205,-1,-1,-1
545,73,247.401,2.507,164.314,477.188,0.855306,-1,-1,-1
545,74,0.074,101.674,61.345,288.975,0.793534,-1,-1,-1
545,65,396.105,89.819,68.871,338.198,0.513222,-1,-1,-1
545,75,454.233,75.221,132.012,370.467,0.801581,-1,-1,-1
545,76,101.163,135.341,81.487,171.052,0.872631,-1,-1,-1
545,71,228.603,141.214,42.638,235.783,0.389894,-1,-1,-1
545,78,187.151,149.140,51.878,151.549,0.713682,-1,-1,-1
546,73,255.852,1.571,171.380,478.573,0.898472,-1,-1,-1
546,74,0.998,114.017,55.565,282.869,0.762242,-1,-1,-1
546,75,469.719,72.843,126.238,373.269,0.783559,-1,-1,-1
546,76,105.319,132.218,81.223,176.221,0.860205,-1,-1,-1
546,78,194.671,150.049,52.020,153.416,0.757924,-1,-1,-1
547,73,254.115,0.444,185.601,479.877,0.888274,-1,-1,-1
547,75,484.955,68.054,123.036,368.546,0.737973,-1,-1,-1
547,76,110.218,123.924,73.363,183.612,0.789386,-1,-1,-1
547,78,194.984,143.715,54.926,159.727,0.817120,-1,-1,-1
547,65,398.106,83.058,85.177,341.936,0.685278,-1,-1,-1
548,73,253.947,0.997,193.903,473.923,0.881366,-1,-1,-1
548,75,500.790,66.219,120.798,374.184,0.709602,-1,-1,-1
548,76,115.903,122.404,67.169,187.897,0.815700,-1,-1,-1
548,78,196.917,140.292,60.791,165.570,0.839385,-1,-1,-1
548,65,402.854,82.957,85.619,347.693,0.536476,-1,-1,-1
549,73,255.460,1.015,195.377,471.176,0.859434,-1,-1,-1
549,75,512.672,64.027,123.516,384.059,0.768518,-1,-1,-1
549,76,117.235,119.320,66.309,192.350,0.822456,-1,-1,-1
549,78,196.200,136.165,63.948,170.659,0.826096,-1,-1,-1
549,77,481.116,123.839,49.809,245.033,0.684584,-1,-1,-1
550,73,260.339,-3.776,194.438,478.349,0.773058,-1,-1,-1
550,75,526.507,49.102,117.459,397.347,0.885434,-1,-1,-1
550,76,109.761,104.636,70.739,201.122,0.735283,-1,-1,-1
550,78,196.452,119.006,64.807,177.762,0.832798,-1,-1,-1
550,77,486.856,111.463,55.823,249.090,0.789494,-1,-1,-1
551,73,264.828,-0.588,184.929,478.034,0.798093,-1,-1,-1
551,75,532.610,45.729,110.347,404.906,0.901865,-1,-1,-1
551,76,96.935,98.786,77.165,208.168,0.837200,-1,-1,-1
551,78,194.117,113.394,64.259,182.393,0.825434,-1,-1,-1
551,77,488.286,109.505,61.239,250.810,0.748249,-1,-1,-1
552,73,263.336,3.360,205.613,465.371,0.767560,-1,-1,-1
552,75,538.272,52.035,103.995,408.111,0.893992,-1,-1,-1
552,76,81.468,103.272,83.290,216.487,0.866907,-1,-1,-1
552,78,183.579,116.374,72.991,191.874,0.869524,-1,-1,-1
552,77,491.609,117.345,60.371,250.059,0.807787,-1,-1,-1
552,65,418.768,68.320,66.146,256.404,0.649171,-1,-1,-1
553,73,256.830,7.948,211.311,470.664,0.859761,-1,-1,-1
553,75,544.268,54.398,98.640,410.554,0.876633,-1,-1,-1
553,76,71.447,101.390,84.570,225.656,0.871702,-1,-1,-1
553,78,172.823,117.520,80.230,197.208,0.871616,-1,-1,-1
553,77,494.902,119.880,61.780,250.204,0.803889,-1,-1,-1
553,65,413.476,69.456,68.248,247.683,0.696346,-1,-1,-1
554,73,250.461,5.016,199.194,474.980,0.895285,-1,-1,-1
554,75,549.851,53.959,90.911,404.461,0.893642,-1,-1,-1
554,76,64.722,98.842,81.791,233.421,0.852169,-1,-1,-1
554,78,167.702,117.528,82.187,203.766,0.860391,-1,-1,-1
554,77,499.609,120.672,62.007,248.315,0.767781,-1,-1,-1
555,73,258.006,1.643,191.555,478.433,0.912532,-1,-1,-1
555,75,559.760,47.781,82.961,401.059,0.891230,-1,-1,-1
555,76,61.155,92.185,75.081,241.495,0.839077,-1,-1,-1
555,78,167.465,111.431,79.666,213.559,0.878326,-1,-1,-1
555,77,507.353,114.433,65.526,248.357,0.763459,-1,-1,-1
555,65,408.220,105.081,66.363,246.521,0.630034,-1,-1,-1
556,73,254.496,3.685,192.871,478.271,0.908234,-1,-1,-1
556,75,565.106,49.533,76.108,400.557,0.862918,-1,-1,-1
556,76,49.714,91.450,77.609,247.884,0.833086,-1,-1,-1
556,78,164.765,112.182,77.773,220.475,0.876202,-1,-1,-1
556,77,509.522,117.014,69.314,249.055,0.772246,-1,-1,-1
556,65,411.014,114.061,66.737,251.872,0.694819,-1,-1,-1
557,73,258.259,7.464,192.087,478.024,0.920254,-1,-1,-1
557,75,556.505,61.706,85.164,394.524,0.831973,-1,-1,-1
557,76,26.710,93.343,88.765,258.560,0.868151,-1,-1,-1
557,78,157.100,114.044,79.591,231.486,0.878867,-1,-1,-1
557,77,515.521,130.178,67.321,245.696,0.821390,-1,-1,-1
557,65,416.453,122.548,75.661,276.464,0.721588,-1,-1,-1
558,73,260.691,4.281,189.730,476.002,0.908156,-1,-1,-1
558,75,550.987,60.900,89.801,383.814,0.845066,-1,-1,-1
558,76,5.299,84.961,98.761,267.964,0.895239,-1,-1,-1
558,78,151.699,107.560,80.874,238.142,0.872139,-1,-1,-1
558,77,520.021,130.665,63.422,235.932,0.812757,-1,-1,-1
558,65,417.751,118.091,86.522,290.243,0.815772,-1,-1,-1
559,73,270.566,-0.620,188.453,476.226,0.921709,-1,-1,-1
559,75,559.115,49.795,86.560,375.427,0.857907,-1,-1,-1
559,76,-1.156,78.578,100.017,275.081,0.903714,-1,-1,-1
559,78,150.760,96.416,86.900,246.928,0.866656,-1,-1,-1
559,77,533.449,118.458,63.750,246.412,0.742081,-1,-1,-1
559,65,428.338,104.211,103.531,315.094,0.819066,-1,-1,-1
560,73,272.223,0.279,185.748,477.594,0.913569,-1,-1,-1
560,75,570.972,46.346,71.444,376.312,0.858458,-1,-1,-1
560,76,-4.858,77.172,95.413,281.708,0.921447,-1,-1,-1
560,78,144.809,91.060,91.173,259.858,0.878105,-1,-1,-1
560,77,538.370,115.069,60.099,243.630,0.739503,-1,-1,-1
560,65,439.308,94.430,106.525,336.444,0.800618,-1,-1,-1
561,73,256.719,0.362,194.930,479.806,0.899001,-1,-1,-1
561,75,571.397,41.501,68.223,384.865,0.886614,-1,-1,-1
561,76,-9.985,68.001,83.682,288.587,0.884844,-1,-1,-1
561,78,126.442,79.852,96.872,277.738,0.809651,-1,-1,-1
561,65,441.987,76.622,112.117,362.031,0.657174,-1,-1,-1
562,73,244.978,-0.110,202.220,479.343,0.898485,-1,-1,-1
562,75,567.931,36.091,70.933,394.633,0.904814,-1,-1,-1
562,76,-8.821,78.585,66.985,274.020,0.856039,-1,-1,-1
562,78,111.325,71.251,100.952,288.844,0.875272,-1,-1,-1
562,65,448.530,60.525,116.379,379.510,0.798795,-1,-1,-1
563,73,235.428,3.677,214.498,478.627,0.924333,-1,-1,-1
563,75,573.945,42.410,65.372,400.658,0.831324,-1,-1,-1
563,78,97.015,65.753,108.134,311.173,0.817692,-1,-1,-1
564,73,234.301,4.001,215.597,477.162,0.903601,-1,-1,-1
564,75,582.544,42.268,57.602,406.684,0.663560,-1,-1,-1
564,78,88.021,59.531,114.805,327.922,0.868675,-1,-1,-1
565,73,235.734,2.760,215.485,477.523,0.922071,-1,-1,-1
565,78,77.803,51.057,118.032,348.290,0.858379,-1,-1,-1
565,79,415.665,75.474,82.391,296.900,0.792004,-1,-1,-1
565,65,476.450,31.764,155.075,447.453,0.827244,-1,-1,-1
566,73,233.803,2.823,212.939,477.865,0.917479,-1,-1,-1
566,78,62.789,41.461,125.137,365.817,0.891730,-1,-1,-1
566,79,421.164,67.149,82.990,314.247,0.840302,-1,-1,-1
566,65,495.632,62.920,146.461,420.572,0.517181,-1,-1,-1
567,73,232.801,2.412,206.885,475.510,0.919427,-1,-1,-1
567,78,45.034,27.779,132.596,388.940,0.900658,-1,-1,-1
567,79,425.357,55.622,89.121,334.792,0.858446,-1,-1,-1
567,65,522.150,72.046,123.751,411.887,0.825544,-1,-1,-1
568,73,230.823,1.933,202.860,472.084,0.918662,-1,-1,-1
568,78,26.634,16.712,141.624,408.878,0.912205,-1,-1,-1
568,79,426.420,44.812,102.360,355.991,0.864836,-1,-1,-1
568,77,540.229,61.350,100.320,414.015,0.695149,-1,-1,-1
569,73,223.270,-0.354,205.136,477.618,0.923599,-1,-1,-1
569,78,3.495,2.283,151.493,443.639,0.909991,-1,-1,-1
569,79,422.997,25.904,124.289,383.466,0.864943,-1,-1,-1
570,73,215.211,0.403,207.432,475.730,0.917778,-1,-1,-1
570,78,-2.610,-1.647,146.722,442.855,0.915884,-1,-1,-1
570,79,425.696,12.157,132.635,402.615,0.862223,-1,-1,-1
571,73,197.170,1.233,223.878,478.382,0.907934,-1,-1,-1
571,78,-7.462,-3.380,134.930,451.769,0.897830,-1,-1,-1
571,79,430.658,2.708,144.029,428.921,0.868611,-1,-1,-1
571,77,564.395,53.977,84.015,382.309,0.879819,-1,-1,-1
572,73,186.062,1.362,232.594,475.957,0.915701,-1,-1,-1
572,78,-6.004,-2.734,119.012,458.219,0.882625,-1,-1,-1
572,79,436.958,-1.634,152.859,448.490,0.879595,-1,-1,-1
572,77,570.699,60.808,72.445,330.055,0.734110,-1,-1,-1
573,73,180.000,2.976,239.822,476.462,0.916154,-1,-1,-1
573,78,-3.932,11.027,102.461,459.617,0.832344,-1,-1,-1
573,79,442.259,-1.483,172.461,474.776,0.848685,-1,-1,-1
574,73,180.680,2.000,247.303,476.811,0.913531,-1,-1,-1
574,79,454.175,-3.629,181.024,486.048,0.904425,-1,-1,-1
575,73,187.898,1.521,245.979,475.175,0.904909,-1,-1,-1
575,79,464.047,-3.868,180.149,487.105,0.914475,-1,-1,-1
576,73,196.871,0.837,244.219,477.339,0.918401,-1,-1,-1
576,79,477.999,-3.794,170.023,488.103,0.907051,-1,-1,-1
577,73,204.794,0.545,243.455,478.328,0.922535,-1,-1,-1
577,79,492.951,-3.124,155.850,486.072,0.895701,-1,-1,-1
578,73,214.526,-0.713,242.895,481.175,0.924470,-1,-1,-1
578,79,517.150,-3.847,135.198,487.683,0.729149,-1,-1,-1
579,73,223.213,-2.115,237.483,480.124,0.907239,-1,-1,-1
580,73,232.455,0.629,232.368,475.858,0.916560,-1,-1,-1
580,79,508.503,46.909,128.831,383.265,0.844325,-1,-1,-1
581,73,249.450,3.543,231.849,475.003,0.924316,-1,-1,-1
581,80,218.002,152.046,46.732,131.838,0.786408,-1,-1,-1
581,79,508.332,66.729,97.270,337.777,0.714235,-1,-1,-1
582,73,256.706,4.084,234.158,472.166,0.921791,-1,-1,-1
582,80,213.353,151.894,52.579,135.506,0.826039,-1,-1,-1
582,79,500.521,72.841,87.059,323.432,0.602580,-1,-1,-1
583,73,262.335,6.406,245.128,471.990,0.917089,-1,-1,-1
583,80,208.624,160.715,58.042,137.893,0.731994,-1,-1,-1
583,79,499.529,84.943,78.098,316.621,0.686281,-1,-1,-1
584,73,265.732,3.421,262.503,474.163,0.915456,-1,-1,-1
584,80,204.381,160.414,60.063,142.793,0.719233,-1,-1,-1
585,73,270.435,0.517,274.792,473.987,0.907159,-1,-1,-1
585,80,200.653,151.885,58.369,149.977,0.736106,-1,-1,-1
586,73,276.494,2.615,276.470,470.962,0.901086,-1,-1,-1
586,80,198.952,147.845,59.712,158.789,0.808164,-1,-1,-1
587,73,277.240,0.448,266.898,470.053,0.912737,-1,-1,-1
587,80,189.405,143.199,61.464,161.759,0.818001,-1,-1,-1
587,82,524.440,118.285,69.764,256.619,0.656029,-1,-1,-1
588,73,275.555,2.652,256.087,474.275,0.915775,-1,-1,-1
588,80,181.097,146.162,60.809,164.609,0.834484,-1,-1,-1
588,82,516.255,124.281,70.985,252.068,0.725697,-1,-1,-1
588,83,0.343,1.697,104.799,477.692,0.646511,-1,-1,-1
589,73,250.172,2.053,254.861,477.016,0.905072,-1,-1,-1
589,80,155.710,144.270,64.308,171.366,0.722918,-1,-1,-1
589,82,477.128,129.075,90.054,246.039,0.639363,-1,-1,-1
590,73,236.574,0.119,256.017,477.202,0.883441,-1,-1,-1
590,80,141.772,139.966,68.420,177.839,0.821645,-1,-1,-1
590,82,459.827,126.756,97.845,245.041,0.795894,-1,-1,-1
591,73,211.516,-0.080,263.570,478.418,0.873336,-1,-1,-1
591,80,125.192,139.422,68.111,183.327,0.812196,-1,-1,-1
591,82,446.038,124.234,95.864,243.839,0.648915,-1,-1,-1
591,83,-1.544,-0.079,115.398,471.922,0.662933,-1,-1,-1
592,73,192.527,2.886,262.144,477.876,0.874510,-1,-1,-1
592,80,107.172,144.433,71.886,193.499,0.858474,-1,-1,-1
592,82,413.096,128.188,106.007,255.679,0.755927,-1,-1,-1
592,83,0.362,3.725,84.823,398.876,0.769617,-1,-1,-1
593,73,188.975,-0.382,256.928,479.923,0.893857,-1,-1,-1
593,80,86.075,134.026,76.149,206.108,0.811728,-1,-1,-1
594,73,189.870,-0.502,250.091,479.264,0.899084,-1,-1,-1
594,80,73.492,125.707,78.117,214.357,0.833317,-1,-1,-1
595,73,190.570,2.190,244.277,479.984,0.907756,-1,-1,-1
595,80,49.569,121.939,88.743,227.700,0.786400,-1,-1,-1
596,73,191.376,1.732,237.283,479.661,0.907804,-1,-1,-1
596,80,37.097,113.734,91.968,237.294,0.821701,-1,-1,-1
597,73,195.143,0.929,226.807,479.273,0.900436,-1,-1,-1
597,80,26.543,106.939,91.190,246.322,0.797954,-1,-1,-1
598,73,200.373,2.194,219.494,478.006,0.910824,-1,-1,-1
598,80,16.657,106.758,88.961,252.849,0.766763,-1,-1,-1
598,84,159.362,155.650,53.439,149.455,0.775366,-1,-1,-1
599,73,200.848,1.465,222.028,476.917,0.903210,-1,-1,-1
599,80,3.612,102.189,91.978,274.108,0.824458,-1,-1,-1
599,84,152.391,153.570,58.295,151.405,0.805095,-1,-1,-1
600,73,202.143,2.538,229.990,476.253,0.912106,-1,-1,-1
600,80,-1.409,98.600,79.328,278.531,0.868021,-1,-1,-1
600,84,147.005,154.664,60.833,158.453,0.811587,-1,-1,-1
601,73,200.527,2.106,235.614,478.020,0.920855,-1,-1,-1
601,84,142.220,154.150,62.301,163.331,0.820447,-1,-1,-1
602,73,196.207,-0.163,243.653,480.380,0.911234,-1,-1,-1
602,84,140.167,151.405,60.702,167.758,0.820058,-1,-1,-1
603,73,195.041,1.074,240.605,480.464,0.908442,-1,-1,-1
603,84,133.932,152.938,62.969,173.098,0.862245,-1,-1,-1
604,73,195.374,0.161,234.371,480.255,0.905736,-1,-1,-1
604,84,131.296,148.917,67.442,178.631,0.812707,-1,-1,-1
605,73,199.137,0.343,222.145,479.230,0.908514,-1,-1,-1
605,84,129.750,145.284,68.527,183.237,0.807380,-1,-1,-1
606,73,202.628,0.052,212.999,478.507,0.911005,-1,-1,-1
606,84,126.942,140.892,70.153,185.845,0.811323,-1,-1,-1
607,73,200.276,-0.359,211.306,479.893,0.903942,-1,-1,-1
607,84,118.605,133.858,76.243,194.516,0.830233,-1,-1,-1
608,73,196.963,1.412,213.299,480.938,0.908637,-1,-1,-1
608,84,102.972,132.989,87.915,202.673,0.843722,-1,-1,-1
609,73,200.698,-0.932,219.659,481.899,0.900264,-1,-1,-1
609,84,96.496,125.858,94.556,212.329,0.868372,-1,-1,-1
610,73,208.697,0.536,220.829,480.913,0.799283,-1,-1,-1
610,84,94.771,124.003,90.217,220.593,0.849869,-1,-1,-1
611,73,222.175,2.899,213.841,479.736,0.865909,-1,-1,-1
611,84,92.361,125.783,85.805,227.360,0.852727,-1,-1,-1
612,73,229.653,0.148,219.530,481.198,0.884741,-1,-1,-1
612,84,81.600,117.678,87.114,238.517,0.863241,-1,-1,-1
613,73,230.224,-0.472,226.657,480.126,0.877505,-1,-1,-1
613,84,61.497,109.094,97.120,245.136,0.860401,-1,-1,-1
613,86,154.358,163.288,43.470,124.794,0.729793,-1,-1,-1
614,73,241.515,1.154,228.629,479.902,0.881590,-1,-1,-1
614,84,48.307,102.211,96.477,262.984,0.884760,-1,-1,-1
614,86,142.570,160.343,47.910,130.363,0.753663,-1,-1,-1
614,87,-0.853,28.313,75.570,308.820,0.706447,-1,-1,-1
615,73,257.345,2.401,222.088,477.714,0.889405,-1,-1,-1
615,84,47.003,97.900,91.445,273.026,0.838351,-1,-1,-1
615,86,137.795,158.718,49.766,132.980,0.791710,-1,-1,-1
615,87,0.584,23.544,72.867,370.139,0.793798,-1,-1,-1
615,88,180.612,107.594,85.621,264.814,0.863291,-1,-1,-1
616,73,272.035,0.808,224.186,481.063,0.892444,-1,-1,-1
616,84,47.776,92.478,82.929,272.950,0.753733,-1,-1,-1
616,86,131.337,153.837,53.616,138.796,0.822010,-1,-1,-1
616,87,0.432,11.785,78.650,434.382,0.631657,-1,-1,-1
616,88,186.344,108.104,81.230,270.169,0.840046,-1,-1,-1
617,73,280.163,-1.132,224.624,478.464,0.888126,-1,-1,-1
617,86,127.879,144.800,55.887,142.641,0.797326,-1,-1,-1
617,87,1.841,1.196,85.248,463.169,0.468174,-1,-1,-1
617,88,186.411,102.173,79.354,270.798,0.854068,-1,-1,-1
618,73,278.750,-0.638,227.978,479.908,0.893719,-1,-1,-1
618,86,111.077,139.130,64.160,149.494,0.792070,-1,-1,-1
618,87,-1.443,-3.194,90.584,489.500,0.814911,-1,-1,-1
618,88,179.855,98.480,76.027,273.293,0.854911,-1,-1,-1
618,89,262.862,97.704,52.293,244.824,0.724901,-1,-1,-1
619,73,275.135,1.236,231.102,481.122,0.901016,-1,-1,-1
619,86,100.375,137.086,59.227,152.486,0.806565,-1,-1,-1
619,87,-3.308,-3.962,97.225,496.557,0.844512,-1,-1,-1
619,88,171.375,97.726,75.135,270.429,0.863158,-1,-1,-1
619,89,259.602,94.790,57.963,259.308,0.792629,-1,-1,-1
620,73,276.926,2.435,227.760,480.014,0.856450,-1,-1,-1
620,86,93.367,136.685,61.512,157.470,0.808107,-1,-1,-1
620,87,-0.174,-0.862,102.683,493.990,0.845541,-1,-1,-1
620,88,169.671,96.905,71.927,264.796,0.833568,-1,-1,-1
620,89,259.434,93.180,63.541,267.321,0.810355,-1,-1,-1
621,73,291.567,4.028,211.643,478.341,0.890940,-1,-1,-1
621,86,92.057,142.832,64.239,162.204,0.795538,-1,-1,-1
621,87,1.476,4.356,107.122,492.940,0.880417,-1,-1,-1
621,88,171.990,105.491,71.241,264.934,0.797602,-1,-1,-1
621,89,261.431,101.702,68.036,266.397,0.815103,-1,-1,-1
621,90,238.954,135.131,40.378,176.380,0.701042,-1,-1,-1
622,73,308.847,4.587,195.486,477.915,0.904670,-1,-1,-1
622,86,92.936,146.429,63.701,163.305,0.802061,-1,-1,-1
622,87,3.122,3.809,117.276,492.918,0.890502,-1,-1,-1
622,88,176.328,113.807,70.673,265.408,0.854515,-1,-1,-1
622,89,266.423,111.440,65.026,267.981,0.825275,-1,-1,-1
622,90,244.016,144.517,36.271,170.125,0.681064,-1,-1,-1
623,73,312.483,3.057,187.859,478.593,0.913898,-1,-1,-1
623,86,91.208,145.409,58.097,151.873,0.731605,-1,-1,-1
623,87,0.839,3.786,123.427,489.348,0.823869,-1,-1,-1
623,88,173.327,118.972,71.511,266.820,0.856188,-1,-1,-1
623,89,264.843,118.163,63.052,267.215,0.825920,-1,-1,-1
623,90,241.835,152.068,32.452,165.621,0.712931,-1,-1,-1
624,73,310.983,1.714,184.712,478.632,0.919699,-1,-1,-1
624,87,0.065,1.293,121.636,489.310,0.656353,-1,-1,-1
624,88,169.041,122.780,74.915,266.831,0.821339,-1,-1,-1
624,89,260.715,120.485,67.212,266.237,0.827337,-1,-1,-1
624,90,240.470,156.549,29.699,164.861,0.510683,-1,-1,-1
625,73,311.595,-0.782,185.265,479.800,0.917146,-1,-1,-1
625,87,1.087,47.845,100.635,437.110,0.696467,-1,-1,-1
625,88,166.800,118.284,80.655,268.406,0.798515,-1,-1,-1
625,89,252.747,116.606,76.071,258.537,0.859245,-1,-1,-1
626,73,313.401,-0.857,192.307,479.393,0.913289,-1,-1,-1
626,87,2.628,67.473,95.623,414.999,0.616672,-1,-1,-1
626,88,161.861,114.749,93.075,267.920,0.822846,-1,-1,-1
626,89,253.788,112.025,76.091,254.867,0.852913,-1,-1,-1
627,73,314.783,-1.094,204.607,479.109,0.904384,-1,-1,-1
627,88,171.545,108.260,84.416,261.724,0.783855,-1,-1,-1
627,89,256.043,106.763,72.200,256.732,0.854166,-1,-1,-1
628,73,321.135,-1.117,221.055,480.554,0.919386,-1,-1,-1
628,88,176.606,101.278,82.825,261.985,0.836273,-1,-1,-1
628,89,258.795,103.483,74.243,259.624,0.870427,-1,-1,-1
629,73,332.025,1.924,244.060,479.796,0.893224,-1,-1,-1
629,88,187.429,108.146,81.676,262.610,0.809858,-1,-1,-1
629,89,268.021,112.224,76.330,258.625,0.829679,-1,-1,-1
630,73,347.396,-4.179,275.996,493.574,0.892973,-1,-1,-1
630,88,193.457,114.522,93.485,267.759,0.773836,-1,-1,-1
630,89,279.672,115.137,82.489,261.616,0.809902,-1,-1,-1
630,91,163.511,136.247,55.921,185.095,0.746688,-1,-1,-1
630,87,0.488,10.843,173.718,484.024,0.812352,-1,-1,-1
631,73,356.015,0.140,273.665,478.391,0.893885,-1,-1,-1
631,88,211.994,117.818,76.924,260.935,0.826292,-1,-1,-1
631,89,286.356,115.845,78.461,254.134,0.825629,-1,-1,-1
631,91,168.063,132.292,58.419,192.033,0.745999,-1,-1,-1
631,87,2.927,2.182,191.000,482.793,0.890318,-1,-1,-1
632,73,365.978,3.435,265.155,473.768,0.916551,-1,-1,-1
632,88,222.402,121.088,65.908,257.964,0.847923,-1,-1,-1
632,89,290.219,118.717,75.672,244.443,0.849526,-1,-1,-1
632,87,3.624,0.217,197.423,482.210,0.893426,-1,-1,-1
633,73,380.885,3.083,255.022,469.167,0.904569,-1,-1,-1
633,88,231.756,118.836,61.866,249.617,0.841039,-1,-1,-1
633,89,297.927,116.454,73.227,241.345,0.850547,-1,-1,-1
633,87,21.267,-0.210,193.475,476.087,0.863414,-1,-1,-1
634,73,399.195,2.421,242.108,470.426,0.910636,-1,-1,-1
634,88,237.834,114.688,62.924,249.890,0.829449,-1,-1,-1
634,89,307.170,115.326,71.237,243.801,0.835547,-1,-1,-1
634,87,33.247,-1.453,180.419,478.532,0.775749,-1,-1,-1
635,73,415.287,2.321,227.427,472.673,0.911253,-1,-1,-1
635,88,244.289,115.325,62.693,247.311,0.812789,-1,-1,-1
635,89,315.408,117.589,71.667,244.590,0.846800,-1,-1,-1
635,87,39.621,-0.466,194.801,479.499,0.872859,-1,-1,-1
636,73,418.023,3.617,219.986,470.388,0.912753,-1,-1,-1
636,88,238.869,116.370,66.155,244.085,0.775721,-1,-1,-1
636,89,314.822,117.211,70.134,241.272,0.822921,-1,-1,-1
636,87,40.391,-0.520,203.773,475.275,0.850094,-1,-1,-1
637,73,421.034,4.026,216.964,471.500,0.924270,-1,-1,-1
637,88,243.633,119.011,61.031,239.013,0.758378,-1,-1,-1
637,89,315.083,117.406,68.543,237.923,0.809371,-1,-1,-1
637,87,48.608,-0.095,200.321,476.211,0.832622,-1,-1,-1
638,73,421.309,3.093,218.502,474.661,0.915239,-1,-1,-1
638,88,247.964,118.954,58.652,231.062,0.827684,-1,-1,-1
638,89,314.207,115.784,69.049,233.338,0.809565,-1,-1,-1
638,87,58.482,-0.777,196.200,479.183,0.836410,-1,-1,-1
639,73,411.412,2.309,228.385,476.159,0.897802,-1,-1,-1
639,88,248.649,116.509,56.785,230.408,0.817152,-1,-1,-1
639,89,310.876,113.879,71.293,234.899,0.849750,-1,-1,-1
639,87,63.732,-0.430,188.624,479.917,0.791599,-1,-1,-1
640,73,406.052,3.470,235.337,481.901,0.885221,-1,-1,-1
640,88,242.372,115.114,59.735,235.324,0.811334,-1,-1,-1
640,89,302.908,115.188,76.696,238.518,0.837889,-1,-1,-1
640,87,30.378,-1.589,216.747,485.769,0.831649,-1,-1,-1
641,73,410.838,3.956,227.700,478.548,0.924846,-1,-1,-1
641,88,237.666,119.164,60.197,236.309,0.744340,-1,-1,-1
641,89,297.024,119.369,75.337,236.623,0.826890,-1,-1,-1
641,87,22.940,0.156,220.751,482.341,0.821076,-1,-1,-1
642,73,408.909,3.737,228.855,478.315,0.918822,-1,-1,-1
642,88,237.685,123.257,59.174,237.997,0.745557,-1,-1,-1
642,89,294.797,122.340,75.084,234.861,0.835136,-1,-1,-1
642,87,20.843,0.755,221.370,479.567,0.858904,-1,-1,-1
643,73,405.355,2.357,230.599,476.936,0.926550,-1,-1,-1
643,88,235.909,123.231,59.664,236.673,0.714475,-1,-1,-1
643,89,294.266,121.356,73.948,232.884,0.812205,-1,-1,-1
643,87,29.020,1.650,210.773,477.245,0.725765,-1,-1,-1
644,73,400.796,2.927,234.927,476.147,0.929031,-1,-1,-1
644,88,223.485,127.821,67.217,235.266,0.647353,-1,-1,-1
644,89,293.250,125.176,72.447,227.960,0.834297,-1,-1,-1
644,87,21.695,7.165,213.157,473.937,0.902804,-1,-1,-1
645,73,396.108,1.169,241.171,474.826,0.931029,-1,-1,-1
645,88,222.458,127.423,61.318,229.012,0.790334,-1,-1,-1
645,89,289.767,122.315,70.343,228.817,0.856155,-1,-1,-1
645,87,35.710,3.900,194.032,475.567,0.868607,-1,-1,-1
646,73,390.307,1.607,248.962,476.827,0.914455,-1,-1,-1
646,88,219.409,126.432,57.046,215.148,0.790438,-1,-1,-1
646,89,284.239,123.470,67.840,230.325,0.791414,-1,-1,-1
646,87,52.309,0.676,172.208,479.887,0.893861,-1,-1,-1
647,73,388.762,2.905,250.420,475.039,0.919056,-1,-1,-1
647,88,219.443,127.424,52.878,197.280,0.815273,-1,-1,-1
647,89,281.616,126.556,66.117,229.531,0.796659,-1,-1,-1
647,87,64.201,1.235,159.634,478.667,0.897641,-1,-1,-1
648,73,390.837,3.059,248.957,473.328,0.914418,-1,-1,-1
648,88,219.859,130.832,50.445,193.196,0.735266,-1,-1,-1
648,89,281.583,130.130,64.837,227.552,0.782251,-1,-1,-1
648,87,69.486,1.934,154.438,477.736,0.902751,-1,-1,-1
648,95,256.043,152.452,33.703,153.038,0.655207,-1,-1,-1
649,73,391.318,2.936,248.844,474.307,0.920334,-1,-1,-1
649,88,219.510,137.603,50.675,199.425,0.717215,-1,-1,-1
649,89,280.646,133.516,65.055,225.996,0.779923,-1,-1,-1
649,87,68.373,4.128,155.037,475.901,0.897995,-1,-1,-1
649,95,256.215,155.977,32.908,149.785,0.680693,-1,-1,-1
650,73,391.162,1.879,248.191,474.424,0.920593,-1,-1,-1
650,88,217.302,139.138,52.205,201.532,0.807003,-1,-1,-1
650,89,276.799,132.227,67.699,222.114,0.799128,-1,-1,-1
650,87,63.979,5.997,157.542,473.189,0.895609,-1,-1,-1
651,73,388.606,-1.375,249.428,477.287,0.896904,-1,-1,-1
651,88,208.828,127.963,54.176,213.238,0.767889,-1,-1,-1
651,89,263.394,123.478,73.180,219.930,0.802884,-1,-1,-1
651,87,45.535,-0.175,167.437,477.292,0.888547,-1,-1,-1
652,73,391.622,2.041,247.167,475.041,0.902315,-1,-1,-1
652,88,206.233,130.223,56.480,217.635,0.817538,-1,-1,-1
652,89,259.847,127.953,74.080,220.059,0.835392,-1,-1,-1
652,87,42.138,2.717,169.772,476.016,0.896600,-1,-1,-1
653,73,394.911,4.880,243.990,476.067,0.896559,-1,-1,-1
653,88,205.744,136.850,56.871,219.487,0.814542,-1,-1,-1
653,89,259.889,135.991,72.100,221.101,0.848935,-1,-1,-1
653,87,42.113,7.378,171.566,473.915,0.876154,-1,-1,-1
654,73,395.190,-0.245,245.522,479.800,0.911566,-1,-1,-1
654,88,202.411,132.211,57.561,221.436,0.788561,-1,-1,-1
654,89,259.319,130.866,70.743,222.941,0.831498,-1,-1,-1
654,87,34.974,-0.436,178.157,479.920,0.888716,-1,-1,-1
655,73,395.338,0.552,244.055,479.378,0.917471,-1,-1,-1
655,88,197.208,134.378,64.383,221.074,0.841364,-1,-1,-1
655,89,263.127,132.047,69.212,222.644,0.848174,-1,-1,-1
655,87,26.184,-0.103,190.207,480.393,0.875000,-1,-1,-1
656,73,392.547,0.557,245.537,478.626,0.897667,-1,-1,-1
656,88,202.822,134.981,59.004,219.972,0.775238,-1,-1,-1
656,89,266.884,131.276,66.949,219.872,0.844769,-1,-1,-1
656,87,17.703,0.913,202.412,479.005,0.891319,-1,-1,-1
657,73,381.692,-1.647,258.703,477.966,0.891259,-1,-1,-1
657,88,211.154,127.170,54.502,213.905,0.778038,-1,-1,-1
657,89,272.366,122.805,68.466,215.429,0.860742,-1,-1,-1
657,87,17.852,2.503,207.052,474.210,0.912353,-1,-1,-1
658,73,383.196,-0.368,256.780,476.887,0.892670,-1,-1,-1
658,88,218.260,126.270,52.650,209.150,0.804206,-1,-1,-1
658,89,277.177,120.457,68.700,213.601,0.846076,-1,-1,-1
658,87,27.357,7.836,201.558,468.897,0.896537,-1,-1,-1
659,73,386.335,0.015,246.317,478.030,0.904894,-1,-1,-1
659,88,220.961,127.664,55.422,200.708,0.776518,-1,-1,-1
659,89,282.034,120.489,68.686,214.216,0.833425,-1,-1,-1
659,87,51.560,10.345,179.222,468.922,0.909231,-1,-1,-1
660,73,387.252,3.490,238.132,477.621,0.898499,-1,-1,-1
660,88,212.268,135.518,58.378,194.029,0.754524,-1,-1,-1
660,89,276.702,129.693,68.308,212.757,0.841319,-1,-1,-1
660,87,70.566,13.330,152.764,464.777,0.886461,-1,-1,-1
661,73,390.831,2.289,237.681,475.827,0.918355,-1,-1,-1
661,88,210.626,137.757,60.055,191.191,0.622239,-1,-1,-1
661,89,276.212,131.843,68.356,208.991,0.818459,-1,-1,-1
661,87,83.585,8.264,141.595,469.884,0.885861,-1,-1,-1
662,73,389.319,2.204,245.943,478.164,0.898770,-1,-1,-1
662,89,274.854,132.943,67.058,211.508,0.851001,-1,-1,-1
662,87,88.403,5.613,137.403,474.715,0.876382,-1,-1,-1
663,73,391.615,1.879,247.367,476.346,0.874313,-1,-1,-1
663,89,275.675,132.485,66.721,207.334,0.858591,-1,-1,-1
663,87,91.661,5.562,141.623,475.222,0.868004,-1,-1,-1
663,96,37.729,131.078,67.398,211.120,0.791912,-1,-1,-1
664,73,393.346,1.858,247.040,475.096,0.913136,-1,-1,-1
664,89,275.845,132.558,67.393,204.671,0.864423,-1,-1,-1
664,87,93.001,9.099,139.124,450.598,0.885711,-1,-1,-1
664,96,12.770,126.949,91.203,217.881,0.786914,-1,-1,-1
664,88,222.311,136.970,53.408,162.237,0.691331,-1,-1,-1
665,73,401.648,1.284,240.770,478.172,0.905559,-1,-1,-1
665,89,278.707,130.860,68.826,203.516,0.824072,-1,-1,-1
665,87,96.957,13.681,137.460,459.118,0.870529,-1,-1,-1
665,96,6.167,115.974,91.372,230.159,0.836419,-1,-1,-1
665,88,226.982,133.665,52.411,162.159,0.804092,-1,-1,-1
666,73,412.355,1.191,229.334,477.843,0.878070,-1,-1,-1
666,89,279.346,128.389,67.576,205.411,0.820948,-1,-1,-1
666,87,98.925,14.066,136.485,462.339,0.839125,-1,-1,-1
666,96,0.950,107.464,88.309,239.192,0.889579,-1,-1,-1
666,88,228.171,132.042,52.145,163.086,0.819295,-1,-1,-1
667,73,428.534,1.367,213.968,479.309,0.894740,-1,-1,-1
667,89,280.872,128.732,67.229,206.587,0.800989,-1,-1,-1
667,87,101.357,13.245,133.832,466.711,0.872067,-1,-1,-1
667,96,-2.137,99.077,86.049,249.758,0.891794,-1,-1,-1
667,88,233.781,133.222,47.611,160.820,0.724122,-1,-1,-1
668,73,446.776,3.169,196.204,479.547,0.909089,-1,-1,-1
668,89,285.422,132.534,66.708,205.007,0.848415,-1,-1,-1
668,87,110.884,14.359,132.836,467.950,0.866889,-1,-1,-1
668,96,-1.374,97.187,80.151,259.178,0.874559,-1,-1,-1
668,88,237.749,137.406,48.749,164.606,0.760170,-1,-1,-1
668,97,72.947,97.311,50.721,255.876,0.795727,-1,-1,-1
669,73,457.895,0.762,184.336,480.055,0.920864,-1,-1,-1
669,89,288.592,126.862,65.554,199.634,0.884100,-1,-1,-1
669,87,100.633,6.736,146.589,458.973,0.875031,-1,-1,-1
669,96,-1.932,89.213,69.716,266.084,0.855979,-1,-1,-1
669,88,236.329,132.316,53.246,159.838,0.528510,-1,-1,-1
669,97,64.017,90.643,58.237,266.579,0.784316,-1,-1,-1
670,73,464.319,1.458,177.973,479.988,0.915831,-1,-1,-1
670,89,291.438,125.489,65.203,198.573,0.868852,-1,-1,-1
670,87,93.621,7.354,158.835,459.692,0.868380,-1,-1,-1
670,96,-1.172,90.350,57.806,269.210,0.852112,-1,-1,-1
670,88,236.859,130.526,55.758,180.916,0.752125,-1,-1,-1
670,97,53.123,85.827,69.260,283.829,0.681681,-1,-1,-1
670,98,400.537,103.770,89.389,265.180,0.837525,-1,-1,-1
671,73,467.223,5.002,173.464,477.837,0.912636,-1,-1,-1
671,89,291.481,132.788,65.908,198.274,0.854922,-1,-1,-1
671,87,81.145,18.705,173.775,455.732,0.838438,-1,-1,-1
671,96,-0.892,111.825,47.577,257.708,0.816897,-1,-1,-1
671,88,242.352,137.682,49.922,188.646,0.735850,-1,-1,-1
671,97,40.675,87.307,80.656,303.556,0.792753,-1,-1,-1
671,98,394.981,113.938,93.873,267.055,0.781516,-1,-1,-1
672,73,467.904,7.555,171.886,478.055,0.893017,-1,-1,-1
672,89,290.956,143.750,65.027,199.780,0.858264,-1,-1,-1
672,87,92.036,37.383,163.570,443.406,0.766734,-1,-1,-1
672,96,-1.415,127.181,30.244,259.364,0.656366,-1,-1,-1
672,88,247.737,149.310,43.938,186.654,0.723920,-1,-1,-1
672,97,23.878,87.318,95.617,325.883,0.846389,-1,-1,-1
672,98,397.822,127.628,88.290,270.497,0.836835,-1,-1,-1
673,73,466.583,-1.462,175.477,480.677,0.863890,-1,-1,-1
673,89,295.836,134.007,63.758,198.916,0.840415,-1,-1,-1
673,87,106.718,29.724,149.790,447.390,0.871042,-1,-1,-1
673,88,254.249,139.908,42.330,182.893,0.772366,-1,-1,-1
673,97,6.548,62.635,112.790,349.649,0.867948,-1,-1,-1
673,98,404.505,113.464,88.844,275.309,0.854255,-1,-1,-1
674,73,464.293,-2.223,176.638,481.256,0.883755,-1,-1,-1
674,89,293.306,128.308,60.638,198.398,0.856584,-1,-1,-1
674,87,91.769,24.650,156.677,454.484,0.776468,-1,-1,-1
674,88,250.445,135.148,44.887,184.193,0.783416,-1,-1,-1
674,97,-4.679,43.170,117.759,373.275,0.891284,-1,-1,-1
674,98,401.681,104.448,84.138,273.462,0.835612,-1,-1,-1
675,73,476.996,3.057,161.638,479.864,0.905234,-1,-1,-1
675,89,288.083,136.207,58.612,190.859,0.859735,-1,-1,-1
675,87,92.663,25.725,146.472,456.662,0.881982,-1,-1,-1
675,88,236.274,140.009,55.326,185.131,0.628186,-1,-1,-1
675,97,-9.227,33.963,105.264,392.841,0.886939,-1,-1,-1
675,98,394.617,110.277,81.886,268.348,0.835444,-1,-1,-1
676,73,476.981,4.680,161.969,479.022,0.827886,-1,-1,-1
676,89,284.117,140.464,57.593,189.320,0.851013,-1,-1,-1
676,87,94.833,26.361,142.545,449.946,0.895811,-1,-1,-1
676,88,237.521,143.310,49.736,187.783,0.813398,-1,-1,-1
676,97,-7.934,24.050,86.138,409.972,0.858761,-1,-1,-1
676,98,385.954,116.439,86.829,265.987,0.758691,-1,-1,-1
677,73,479.452,2.719,160.574,477.710,0.898672,-1,-1,-1
677,89,286.242,139.915,57.764,188.759,0.824144,-1,-1,-1
677,87,97.314,22.387,144.929,448.176,0.888626,-1,-1,-1
677,88,242.210,141.703,46.694,187.259,0.818808,-1,-1,-1
677,97,-3.244,24.216,62.739,413.545,0.716537,-1,-1,-1
677,98,388.677,116.488,86.083,268.117,0.780501,-1,-1,-1
678,73,476.274,0.742,163.545,477.641,0.906040,-1,-1,-1
678,89,282.680,137.856,59.244,190.470,0.852664,-1,-1,-1
678,87,102.678,18.957,137.667,454.322,0.865139,-1,-1,-1
678,88,240.812,140.414,44.411,184.325,0.825556,-1,-1,-1
678,98,387.108,114.059,86.609,272.961,0.841028,-1,-1,-1
679,73,472.600,3.242,167.070,477.936,0.895208,-1,-1,-1
679,89,282.276,143.093,58.988,191.041,0.856468,-1,-1,-1
679,87,107.371,28.277,130.768,450.909,0.827964,-1,-1,-1
679,88,240.179,147.854,44.131,192.784,0.714159,-1,-1,-1
679,98,383.893,119.479,90.952,274.539,0.771985,-1,-1,-1
680,73,470.545,3.704,169.195,477.931,0.908488,-1,-1,-1
680,89,281.487,146.030,59.064,191.709,0.863157,-1,-1,-1
680,87,107.172,37.658,130.989,427.512,0.817712,-1,-1,-1
680,88,238.794,153.146,45.824,197.355,0.746699,-1,-1,-1
680,98,381.241,122.243,93.110,277.273,0.758389,-1,-1,-1
681,73,469.124,2.195,170.429,478.914,0.914001,-1,-1,-1
681,89,277.273,144.228,60.659,188.358,0.854092,-1,-1,-1
681,87,104.673,41.132,132.446,424.436,0.796574,-1,-1,-1
681,88,235.993,151.482,45.298,184.738,0.785743,-1,-1,-1
681,98,376.558,119.572,92.853,279.879,0.832819,-1,-1,-1
682,73,473.074,1.290,166.757,478.724,0.911482,-1,-1,-1
682,89,275.978,141.501,59.713,188.055,0.866727,-1,-1,-1
682,87,100.700,36.387,137.945,438.331,0.853094,-1,-1,-1
682,88,231.927,147.994,46.476,182.684,0.796738,-1,-1,-1
682,98,372.409,115.729,91.987,275.840,0.819814,-1,-1,-1
682,99,49.979,128.816,68.620,211.501,0.784217,-1,-1,-1
683,73,480.075,2.274,159.895,476.735,0.911045,-1,-1,-1
683,89,276.189,142.077,58.532,185.628,0.863530,-1,-1,-1
683,87,99.228,37.367,141.909,441.048,0.858276,-1,-1,-1
683,88,234.838,147.980,42.575,181.391,0.765039,-1,-1,-1
683,98,356.483,114.926,99.869,274.635,0.690781,-1,-1,-1
683,99,46.329,126.852,67.828,222.779,0.794794,-1,-1,-1
684,73,489.026,0.324,152.207,479.383,0.915470,-1,-1,-1
684,89,272.798,138.715,60.638,188.416,0.864037,-1,-1,-1
684,87,95.654,29.083,143.088,439.296,0.865699,-1,-1,-1
684,88,229.711,144.379,45.702,184.544,0.654707,-1,-1,-1
684,98,352.956,109.692,100.097,280.894,0.730467,-1,-1,-1
684,99,34.679,115.321,77.487,239.658,0.771400,-1,-1,-1
685,73,495.687,1.319,145.229,478.134,0.913208,-1,-1,-1
685,89,274.054,137.616,60.812,188.949,0.861551,-1,-1,-1
685,87,88.188,26.358,151.767,441.594,0.881456,-1,-1,-1
685,88,218.016,142.666,58.299,197.771,0.706162,-1,-1,-1
685,98,350.844,110.886,102.372,280.842,0.759504,-1,-1,-1
685,99,20.412,108.436,89.370,250.992,0.574846,-1,-1,-1
686,73,497.672,0.703,143.138,478.564,0.896793,-1,-1,-1
686,89,272.306,136.116,59.780,189.261,0.821219,-1,-1,-1
686,87,80.381,26.015,157.925,450.081,0.890898,-1,-1,-1
686,88,218.814,142.516,55.998,196.216,0.422875,-1,-1,-1
686,98,354.935,110.581,96.350,283.716,0.794341,-1,-1,-1
686,99,13.128,95.694,89.169,265.077,0.796350,-1,-1,-1
687,73,498.209,1.346,142.265,478.929,0.910414,-1,-1,-1
687,89,272.402,136.369,58.940,185.628,0.840352,-1,-1,-1
687,87,78.805,30.424,159.183,448.918,0.883351,-1,-1,-1
687,98,358.669,109.461,91.630,287.923,0.842653,-1,-1,-1
687,99,1.915,85.051,91.535,279.252,0.885081,-1,-1,-1
688,73,494.352,0.983,145.104,478.504,0.920349,-1,-1,-1
688,89,268.109,132.443,58.799,184.814,0.783220,-1,-1,-1
688,87,68.105,32.203,164.658,447.791,0.868066,-1,-1,-1
688,98,357.405,105.043,92.829,288.154,0.847264,-1,-1,-1
688,99,-2.547,75.106,85.175,289.858,0.824807,-1,-1,-1
689,73,483.344,1.480,156.537,478.279,0.896496,-1,-1,-1
689,89,266.032,133.618,59.118,184.706,0.824104,-1,-1,-1
689,87,81.721,35.352,148.623,446.166,0.826243,-1,-1,-1
689,98,357.984,105.964,89.980,283.573,0.843729,-1,-1,-1
689,99,-2.262,70.707,75.586,295.379,0.767399,-1,-1,-1
689,88,222.193,142.322,46.016,179.644,0.715140,-1,-1,-1
690,73,457.325,1.010,183.562,480.455,0.862311,-1,-1,-1
690,89,263.688,134.591,57.642,185.847,0.840999,-1,-1,-1
690,87,82.274,34.391,145.911,448.200,0.866326,-1,-1,-1
690,98,358.140,104.440,86.164,280.493,0.848612,-1,-1,-1
690,99,-2.432,75.319,67.349,298.952,0.683742,-1,-1,-1
690,88,220.312,142.087,45.906,179.732,0.636354,-1,-1,-1
691,73,453.130,0.137,189.232,479.815,0.851672,-1,-1,-1
691,89,262.542,137.587,59.039,186.568,0.825617,-1,-1,-1
691,87,98.436,34.029,133.643,443.910,0.891430,-1,-1,-1
691,98,355.195,103.182,87.513,283.034,0.824421,-1,-1,-1
691,88,219.295,144.825,46.704,201.742,0.453963,-1,-1,-1
691,100,309.849,154.306,47.762,139.905,0.800439,-1,-1,-1
692,73,480.934,3.548,162.083,477.484,0.847873,-1,-1,-1
692,89,260.694,142.144,59.549,185.643,0.839402,-1,-1,-1
692,87,106.403,32.853,127.542,439.026,0.895848,-1,-1,-1
692,98,353.637,105.287,87.674,287.042,0.850235,-1,-1,-1
692,100,310.969,154.097,49.724,143.316,0.773025,-1,-1,-1
692,101,52.169,136.498,61.044,182.688,0.758600,-1,-1,-1
693,73,498.562,0.677,143.989,476.745,0.881381,-1,-1,-1
693,89,263.530,134.038,59.570,185.897,0.840680,-1,-1,-1
693,87,115.461,25.930,125.668,444.365,0.883366,-1,-1,-1
693,98,354.186,100.847,93.672,289.102,0.783088,-1,-1,-1
693,100,317.142,146.112,48.996,146.330,0.652749,-1,-1,-1
693,101,44.062,129.906,68.178,191.100,0.731882,-1,-1,-1
694,73,446.521,0.078,193.897,474.887,0.862341,-1,-1,-1
694,89,262.645,130.193,60.815,182.006,0.817280,-1,-1,-1
694,87,120.947,25.543,118.679,445.319,0.848882,-1,-1,-1
694,98,351.432,96.821,92.963,290.376,0.777407,-1,-1,-1
694,100,318.840,138.141,46.095,129.857,0.494374,-1,-1,-1
694,101,25.582,125.978,79.189,196.070,0.781904,-1,-1,-1
695,73,435.967,0.871,204.391,477.336,0.893488,-1,-1,-1
695,89,262.137,128.186,59.755,178.907,0.831123,-1,-1,-1
695,87,125.083,26.912,127.205,449.980,0.802532,-1,-1,-1
695,98,342.554,95.129,96.457,292.269,0.708811,-1,-1,-1
695,100,319.341,134.292,49.256,114.387,0.450922,-1,-1,-1
695,101,12.794,121.873,81.666,208.264,0.824990,-1,-1,-1
695,102,95.415,142.126,40.601,149.382,0.733396,-1,-1,-1
696,73,443.170,4.777,197.318,477.162,0.851089,-1,-1,-1
696,89,262.986,134.367,61.455,178.862,0.789124,-1,-1,-1
696,87,123.842,39.502,136.401,442.159,0.795821,-1,-1,-1
696,98,343.348,100.212,93.094,289.832,0.792392,-1,-1,-1
696,101,7.279,120.389,80.525,221.384,0.826966,-1,-1,-1
696,102,95.243,145.959,42.361,153.327,0.772309,-1,-1,-1
697,73,463.479,3.357,176.893,476.684,0.905769,-1,-1,-1
697,89,266.040,134.063,60.390,180.642,0.840623,-1,-1,-1
697,87,127.629,41.267,137.914,439.391,0.870689,-1,-1,-1
697,98,345.024,98.551,89.111,282.917,0.833471,-1,-1,-1
697,101,4.002,116.965,77.413,227.762,0.829386,-1,-1,-1
697,102,94.563,143.765,42.821,157.758,0.726255,-1,-1,-1
698,73,462.528,1.648,177.092,477.197,0.910821,-1,-1,-1
698,89,265.961,134.411,58.973,179.473,0.805880,-1,-1,-1
698,87,138.268,36.552,129.993,434.232,0.873343,-1,-1,-1
698,98,334.092,94.081,95.473,283.397,0.818724,-1,-1,-1
698,101,-1.610,108.576,77.474,237.189,0.807439,-1,-1,-1
698,102,87.673,139.781,44.505,160.630,0.522395,-1,-1,-1
699,73,459.592,3.905,179.635,476.920,0.909136,-1,-1,-1
699,89,268.392,141.349,55.035,178.508,0.827192,-1,-1,-1
699,87,145.581,40.786,125.510,417.003,0.898544,-1,-1,-1
699,98,334.190,99.077,92.647,284.767,0.834469,-1,-1,-1
699,101,-1.724,110.002,74.617,243.181,0.845311,-1,-1,-1
699,102,84.736,144.814,42.000,152.241,0.528962,-1,-1,-1
700,73,457.047,5.967,183.184,477.320,0.909685,-1,-1,-1
700,89,273.366,148.745,50.765,174.905,0.800572,-1,-1,-1
700,87,138.349,47.117,138.053,410.944,0.878388,-1,-1,-1
700,98,333.674,107.242,91.420,288.722,0.848433,-1,-1,-1
700,101,-1.931,111.927,68.010,257.821,0.740809,-1,-1,-1
700,103,93.846,175.099,57.991,196.313,0.692061,-1,-1,-1
701,73,456.972,-0.342,183.259,478.961,0.921063,-1,-1,-1
701,89,272.223,139.079,47.594,162.386,0.794427,-1,-1,-1
701,87,131.781,36.375,147.406,419.206,0.866759,-1,-1,-1
701,98,327.625,100.641,91.557,292.620,0.833607,-1,-1,-1
701,103,79.368,160.092,62.040,209.657,0.679591,-1,-1,-1
702,73,450.444,1.184,188.518,477.324,0.924993,-1,-1,-1
702,89,269.077,138.684,46.985,156.304,0.778465,-1,-1,-1
702,87,127.473,39.705,152.011,422.436,0.860168,-1,-1,-1
702,98,312.640,100.856,105.475,294.957,0.796565,-1,-1,-1
702,103,65.260,157.650,63.628,219.116,0.735637,-1,-1,-1
702,104,15.415,147.952,52.587,160.358,0.736147,-1,-1,-1
703,73,443.030,4.431,196.200,474.731,0.926562,-1,-1,-1
703,89,269.401,141.625,45.792,146.463,0.707147,-1,-1,-1
703,87,124.220,48.326,156.998,425.137,0.843685,-1,-1,-1
703,98,314.717,103.890,96.887,293.036,0.820789,-1,-1,-1
703,103,50.258,157.679,73.005,234.170,0.808786,-1,-1,-1
703,104,7.333,149.679,56.839,157.845,0.703320,-1,-1,-1
704,73,436.679,2.897,202.524,475.909,0.920052,-1,-1,-1
704,89,266.751,143.487,45.361,149.508,0.648893,-1,-1,-1
704,87,122.450,52.283,156.541,424.013,0.854505,-1,-1,-1
704,98,314.695,102.735,88.682,288.564,0.829203,-1,-1,-1
704,103,32.412,155.008,78.846,250.891,0.725065,-1,-1,-1
704,104,0.865,151.478,55.391,161.175,0.720840,-1,-1,-1
705,73,429.189,0.312,211.564,479.162,0.922755,-1,-1,-1
705,89,263.023,142.043,46.193,157.028,0.672364,-1,-1,-1
705,87,127.178,49.585,148.072,427.764,0.872557,-1,-1,-1
705,98,311.847,98.144,88.052,283.847,0.850231,-1,-1,-1
705,103,8.710,149.085,90.482,271.374,0.804236,-1,-1,-1
705,105,383.257,111.317,63.773,220.021,0.680742,-1,-1,-1
705,106,84.614,116.626,65.675,236.608,0.797921,-1,-1,-1
706,73,418.855,1.125,222.607,480.505,0.920022,-1,-1,-1
706,89,259.447,141.968,44.749,134.147,0.736112,-1,-1,-1
706,87,135.905,45.020,135.429,428.064,0.862869,-1,-1,-1
706,98,303.292,96.962,88.896,288.130,0.832432,-1,-1,-1
706,103,-3.178,144.193,85.877,288.937,0.879819,-1,-1,-1
706,105,380.251,104.506,58.426,231.384,0.508317,-1,-1,-1
706,106,65.925,109.423,78.697,250.420,0.844838,-1,-1,-1
707,73,402.071,2.436,237.526,477.778,0.895081,-1,-1,-1
707,89,256.486,143.407,43.370,116.779,0.643633,-1,-1,-1
707,87,136.980,43.766,131.353,413.582,0.894073,-1,-1,-1
707,98,298.282,99.318,87.493,289.308,0.856512,-1,-1,-1
707,103,-5.072,140.437,72.251,302.460,0.831538,-1,-1,-1
707,105,375.136,103.170,61.890,238.283,0.634370,-1,-1,-1
707,106,43.466,104.808,94.609,266.088,0.772607,-1,-1,-1
708,73,369.969,1.893,270.013,479.108,0.869335,-1,-1,-1
708,89,253.283,142.629,43.532,113.776,0.623514,-1,-1,-1
708,87,133.717,38.544,129.593,414.395,0.875405,-1,-1,-1
708,98,290.519,100.707,89.585,292.984,0.837808,-1,-1,-1
708,103,-5.469,131.571,52.949,316.852,0.759865,-1,-1,-1
708,106,16.509,98.857,109.638,277.396,0.704569,-1,-1,-1
709,73,370.569,2.084,264.697,479.460,0.864950,-1,-1,-1
709,89,250.425,140.896,45.016,119.311,0.715151,-1,-1,-1
709,87,130.808,36.603,131.496,415.858,0.868930,-1,-1,-1
709,98,284.936,101.251,90.657,294.825,0.803252,-1,-1,-1
709,106,0.236,91.894,112.991,331.615,0.710884,-1,-1,-1
710,73,344.487,2.361,276.885,478.806,0.893882,-1,-1,-1
710,89,249.131,140.277,45.707,117.171,0.743065,-1,-1,-1
710,87,129.108,38.358,132.168,423.983,0.864801,-1,-1,-1
710,98,278.768,99.304,95.374,297.085,0.758099,-1,-1,-1
710,106,-5.271,81.897,111.088,367.579,0.675824,-1,-1,-1
711,73,317.617,2.062,281.348,474.279,0.885982,-1,-1,-1
711,89,246.510,138.476,41.250,114.826,0.684875,-1,-1,-1
711,87,125.693,39.129,130.090,409.210,0.820686,-1,-1,-1
711,98,274.075,93.852,92.420,297.891,0.781044,-1,-1,-1
711,106,-4.532,64.781,103.539,343.965,0.885491,-1,-1,-1
712,73,300.647,2.132,288.528,474.825,0.894829,-1,-1,-1
712,89,244.313,141.687,40.286,112.166,0.608494,-1,-1,-1
712,87,122.401,41.206,130.651,422.771,0.886921,-1,-1,-1
712,98,268.941,90.546,93.452,294.596,0.823556,-1,-1,-1
712,106,-5.305,48.718,83.111,363.798,0.707666,-1,-1,-1
713,73,322.346,0.543,274.378,477.840,0.916639,-1,-1,-1
713,89,246.369,141.922,37.171,109.393,0.694482,-1,-1,-1
713,87,119.967,38.032,133.994,430.367,0.900375,-1,-1,-1
713,98,268.474,87.813,92.859,294.902,0.816552,-1,-1,-1
713,106,-3.737,33.644,67.737,409.976,0.737108,-1,-1,-1
714,73,331.152,-1.051,298.689,482.753,0.901533,-1,-1,-1
714,89,251.346,143.381,36.657,104.375,0.745944,-1,-1,-1
714,87,116.168,36.510,142.219,429.090,0.896799,-1,-1,-1
714,98,271.671,88.674,95.626,299.094,0.815770,-1,-1,-1
715,73,330.152,0.614,307.433,475.373,0.912960,-1,-1,-1
715,89,253.256,140.816,36.377,103.611,0.635069,-1,-1,-1
715,87,111.951,34.064,148.066,409.332,0.902201,-1,-1,-1
715,98,273.701,89.596,94.437,297.953,0.830916,-1,-1,-1
715,106,-1.543,68.523,69.716,300.891,0.739396,-1,-1,-1
716,73,334.368,2.594,305.642,473.937,0.885657,-1,-1,-1
716,89,257.229,143.307,35.780,101.697,0.674798,-1,-1,-1
716,87,107.749,36.232,155.073,403.992,0.898387,-1,-1,-1
716,98,275.509,92.825,95.653,304.779,0.840091,-1,-1,-1
716,106,19.417,83.876,77.671,261.499,0.829711,-1,-1,-1
717,73,344.546,2.764,297.201,475.461,0.871420,-1,-1,-1
717,89,261.525,144.004,38.219,100.747,0.728713,-1,-1,-1
717,87,103.960,41.185,161.880,399.978,0.887824,-1,-1,-1
717,98,278.655,94.926,98.905,305.179,0.847433,-1,-1,-1
717,106,14.100,83.007,92.997,261.642,0.888430,-1,-1,-1
718,73,363.760,3.338,279.412,475.009,0.897156,-1,-1,-1
718,89,267.306,149.534,38.279,104.174,0.765230,-1,-1,-1
718,87,102.519,50.138,167.393,406.909,0.891656,-1,-1,-1
718,98,287.331,98.143,98.177,307.161,0.812530,-1,-1,-1
718,106,9.010,83.129,101.079,279.797,0.883776,-1,-1,-1
719,73,377.157,3.448,264.350,474.098,0.905074,-1,-1,-1
719,89,272.916,152.197,36.686,106.087,0.707103,-1,-1,-1
719,87,103.067,56.789,163.405,408.449,0.887989,-1,-1,-1
719,98,294.738,98.676,92.978,305.452,0.579612,-1,-1,-1
719,106,4.969,81.228,109.660,288.599,0.900388,-1,-1,-1
720,73,385.839,2.760,254.761,474.279,0.916374,-1,-1,-1
720,89,277.562,151.614,35.911,112.577,0.670572,-1,-1,-1
720,87,105.050,57.565,161.378,405.199,0.888604,-1,-1,-1
720,98,300.817,97.849,90.063,299.567,0.846581,-1,-1,-1
720,106,5.166,77.307,112.269,302.055,0.896218,-1,-1,-1
721,73,392.050,1.320,247.869,474.882,0.926064,-1,-1,-1
721,89,282.195,148.143,36.689,107.418,0.612229,-1,-1,-1
721,87,110.660,53.368,150.983,392.154,0.891150,-1,-1,-1
721,98,304.442,95.094,90.757,296.688,0.850144,-1,-1,-1
721,106,2.082,63.339,112.958,325.020,0.920162,-1,-1,-1
722,73,398.857,2.045,241.112,474.756,0.925326,-1,-1,-1
722,89,288.149,149.236,34.040,101.483,0.599523,-1,-1,-1
722,87,119.971,54.272,139.998,380.011,0.901551,-1,-1,-1
722,98,307.886,96.244,92.129,298.943,0.877613,-1,-1,-1
722,106,1.382,55.859,111.114,340.804,0.921703,-1,-1,-1
723,73,400.171,2.655,242.708,478.465,0.914678,-1,-1,-1
723,89,295.701,153.858,32.676,99.601,0.630315,-1,-1,-1
723,87,133.534,55.282,129.743,382.901,0.895160,-1,-1,-1
723,98,316.097,100.223,91.151,303.821,0.677816,-1,-1,-1
723,106,1.102,49.426,111.374,357.687,0.925222,-1,-1,-1
724,73,396.134,1.963,245.570,478.610,0.903297,-1,-1,-1
724,89,299.457,155.184,31.538,100.350,0.661179,-1,-1,-1
724,87,142.449,56.443,121.518,385.703,0.897835,-1,-1,-1
724,98,318.197,102.120,91.693,304.370,0.846074,-1,-1,-1
724,106,0.046,41.299,109.936,371.460,0.916462,-1,-1,-1
725,73,396.393,0.827,247.081,481.903,0.876433,-1,-1,-1
725,89,301.953,153.260,31.519,101.949,0.426771,-1,-1,-1
725,87,147.414,55.673,117.778,392.469,0.894736,-1,-1,-1
725,98,316.271,100.200,96.957,306.904,0.819784,-1,-1,-1
725,106,-2.918,25.109,105.831,390.902,0.901075,-1,-1,-1
726,73,408.959,2.070,232.441,479.350,0.923215,-1,-1,-1
726,89,305.471,154.834,31.461,100.160,0.547243,-1,-1,-1
726,87,156.009,62.075,109.101,394.328,0.877574,-1,-1,-1
726,98,319.131,100.949,92.809,304.482,0.823162,-1,-1,-1
726,106,-1.405,13.687,95.711,411.030,0.891844,-1,-1,-1
726,108,264.888,157.333,43.035,152.343,0.792957,-1,-1,-1
727,73,407.309,0.020,232.237,477.785,0.925128,-1,-1,-1
727,89,307.521,151.004,29.163,97.254,0.499928,-1,-1,-1
727,87,161.077,61.666,105.214,392.844,0.888607,-1,-1,-1
727,98,319.419,95.430,90.402,300.363,0.826355,-1,-1,-1
727,106,-0.673,4.793,83.702,422.523,0.877835,-1,-1,-1
727,108,267.047,153.826,41.942,151.958,0.813208,-1,-1,-1
727,109,93.439,187.819,24.792,70.719,0.639400,-1,-1,-1
728,73,396.623,0.400,240.313,476.559,0.928320,-1,-1,-1
728,89,305.729,149.303,29.169,90.403,0.517496,-1,-1,-1
728,87,161.270,61.141,103.729,390.423,0.886721,-1,-1,-1
728,98,316.258,93.169,94.890,293.695,0.806206,-1,-1,-1
728,106,-1.004,25.071,64.631,407.627,0.728006,-1,-1,-1
728,108,266.347,152.808,41.522,152.033,0.836327,-1,-1,-1
728,109,91.022,188.162,22.742,70.319,0.542476,-1,-1,-1
729,73,387.528,1.006,250.466,476.280,0.930167,-1,-1,-1
729,89,305.821,149.593,26.944,85.075,0.570409,-1,-1,-1
729,87,160.764,58.537,104.540,381.288,0.896721,-1,-1,-1
729,98,315.118,91.198,92.859,296.974,0.849405,-1,-1,-1
729,108,265.963,153.128,42.248,151.042,0.854240,-1,-1,-1
729,109,84.135,187.174,24.624,71.154,0.596151,-1,-1,-1
730,73,378.413,4.545,261.043,478.094,0.926307,-1,-1,-1
730,89,305.782,157.974,27.895,84.234,0.453912,-1,-1,-1
730,87,160.032,64.747,106.368,371.051,0.901332,-1,-1,-1
730,98,314.308,100.641,93.375,300.624,0.813388,-1,-1,-1
730,108,266.115,162.034,43.315,149.830,0.818240,-1,-1,-1
731,73,374.834,3.783,264.855,476.791,0.926849,-1,-1,-1
731,89,307.493,162.141,30.774,82.857,0.440245,-1,-1,-1
731,87,161.584,69.354,107.448,368.557,0.901304,-1,-1,-1
731,98,315.790,103.369,93.490,308.172,0.834579,-1,-1,-1
731,108,269.104,166.401,41.107,146.476,0.787696,-1,-1,-1
731,109,82.053,195.698,25.820,75.355,0.645948,-1,-1,-1
732,73,373.565,2.475,265.996,476.562,0.918944,-1,-1,-1
732,89,307.646,164.215,31.949,84.197,0.409326,-1,-1,-1
732,87,156.161,73.769,113.196,372.121,0.900208,-1,-1,-1
732,98,315.596,108.968,93.878,308.815,0.860540,-1,-1,-1
732,108,269.809,167.261,40.039,143.573,0.778241,-1,-1,-1
732,109,77.453,195.847,27.471,77.185,0.647025,-1,-1,-1
733,73,377.438,3.011,262.502,478.088,0.909486,-1,-1,-1
733,87,148.307,82.281,116.050,376.431,0.871099,-1,-1,-1
733,98,314.846,112.787,92.892,308.134,0.862977,-1,-1,-1
733,108,267.194,167.973,40.802,142.201,0.799174,-1,-1,-1
733,109,67.475,196.075,31.329,80.411,0.605934,-1,-1,-1
734,73,385.728,2.946,254.823,478.007,0.910134,-1,-1,-1
734,87,141.837,90.528,116.657,377.523,0.883205,-1,-1,-1
734,98,316.238,117.501,91.055,304.133,0.835245,-1,-1,-1
734,108,267.288,171.384,41.085,136.355,0.752874,-1,-1,-1
734,109,62.434,201.499,32.945,79.815,0.611530,-1,-1,-1
735,73,393.752,-1.213,247.048,478.731,0.913971,-1,-1,-1
735,87,133.782,85.978,119.752,375.646,0.849204,-1,-1,-1
735,98,317.359,110.086,90.134,296.117,0.826859,-1,-1,-1
735,108,267.076,166.000,41.583,139.081,0.754970,-1,-1,-1
735,109,59.347,196.201,31.843,81.299,0.609388,-1,-1,-1
736,73,398.774,-1.609,241.267,478.339,0.893105,-1,-1,-1
736,87,145.069,80.881,110.385,365.964,0.824897,-1,-1,-1
736,98,316.863,105.152,89.936,295.443,0.830117,-1,-1,-1
736,108,265.934,164.660,41.294,140.128,0.788816,-1,-1,-1
736,109,56.309,192.235,31.211,82.549,0.581704,-1,-1,-1
737,73,400.257,-0.007,239.014,476.092,0.913369,-1,-1,-1
737,87,146.532,77.035,110.051,351.843,0.849001,-1,-1,-1
737,98,315.229,106.011,90.067,296.739,0.827916,-1,-1,-1
737,108,262.439,165.841,42.591,141.557,0.794577,-1,-1,-1
737,109,48.773,190.043,31.493,84.019,0.617027,-1,-1,-1
737,110,111.356,139.310,53.373,183.015,0.801167,-1,-1,-1
738,73,401.197,0.851,238.158,475.618,0.918893,-1,-1,-1
738,87,145.906,75.323,109.420,350.155,0.838986,-1,-1,-1
738,98,314.359,108.125,91.352,298.085,0.823431,-1,-1,-1
738,108,260.214,165.234,44.223,143.224,0.788670,-1,-1,-1
738,109,43.981,187.213,32.185,85.795,0.707609,-1,-1,-1
738,110,106.335,135.721,54.427,189.971,0.793368,-1,-1,-1
739,73,399.406,1.881,240.975,477.370,0.914113,-1,-1,-1
739,87,144.027,77.073,102.953,352.956,0.866128,-1,-1,-1
739,98,311.310,111.659,92.604,301.106,0.840866,-1,-1,-1
739,108,256.445,164.995,47.629,143.711,0.762116,-1,-1,-1
739,109,37.278,185.992,31.891,87.604,0.607696,-1,-1,-1
739,110,95.130,133.149,60.619,196.535,0.809279,-1,-1,-1
740,73,397.484,1.975,243.373,477.087,0.914374,-1,-1,-1
740,87,144.122,82.529,103.250,355.190,0.877475,-1,-1,-1
740,98,311.522,112.752,91.617,301.037,0.846947,-1,-1,-1
740,108,256.267,163.608,52.216,144.074,0.752187,-1,-1,-1
740,109,32.088,184.455,33.685,89.571,0.712306,-1,-1,-1
740,110,85.539,131.475,66.354,209.310,0.833727,-1,-1,-1
741,73,392.355,0.997,248.038,477.194,0.898567,-1,-1,-1
741,87,144.545,84.306,101.628,355.502,0.878858,-1,-1,-1
741,98,308.470,108.223,93.084,302.662,0.823803,-1,-1,-1
741,108,255.966,160.855,52.604,144.077,0.742675,-1,-1,-1
741,109,27.288,180.406,34.019,91.080,0.687137,-1,-1,-1
741,110,77.384,124.308,74.588,217.551,0.839054,-1,-1,-1
742,73,395.619,1.982,244.920,479.161,0.914787,-1,-1,-1
742,87,143.158,88.302,101.878,349.302,0.883714,-1,-1,-1
742,98,307.715,107.145,91.082,296.601,0.830845,-1,-1,-1
742,108,258.481,161.980,49.584,143.220,0.766046,-1,-1,-1
742,109,23.123,179.614,32.067,92.636,0.692080,-1,-1,-1
742,110,70.949,117.721,78.335,227.858,0.803898,-1,-1,-1
743,73,397.574,1.593,242.127,479.530,0.902840,-1,-1,-1
743,87,139.661,86.567,105.281,348.225,0.871008,-1,-1,-1
743,98,310.014,105.937,85.129,288.182,0.806148,-1,-1,-1
743,108,259.374,161.562,48.788,142.588,0.762627,-1,-1,-1
743,109,15.158,176.649,33.316,93.057,0.617217,-1,-1,-1
743,110,52.515,107.537,92.693,239.453,0.687258,-1,-1,-1
744,73,392.955,2.053,240.460,479.492,0.892688,-1,-1,-1
744,87,147.988,84.829,99.477,336.903,0.863930,-1,-1,-1
744,98,308.116,105.496,86.609,290.758,0.831496,-1,-1,-1
744,108,259.328,162.630,51.913,142.144,0.710669,-1,-1,-1
744,109,9.716,174.284,35.241,96.603,0.603876,-1,-1,-1
744,110,42.876,99.822,96.574,252.417,0.855589,-1,-1,-1
745,73,398.885,1.673,233.375,478.755,0.924084,-1,-1,-1
745,87,154.393,81.571,95.533,327.523,0.871522,-1,-1,-1
745,98,308.945,101.892,91.509,297.202,0.830845,-1,-1,-1
745,108,264.137,161.014,48.897,139.187,0.685315,-1,-1,-1
745,110,22.486,94.977,110.693,265.537,0.860937,-1,-1,-1
746,73,397.025,1.404,241.641,479.825,0.906977,-1,-1,-1
746,87,161.535,84.081,95.577,328.411,0.874784,-1,-1,-1
746,98,311.131,138.846,91.722,267.654,0.788046,-1,-1,-1
746,108,270.406,161.010,49.705,139.315,0.544394,-1,-1,-1
746,110,6.424,93.166,116.165,286.083,0.870401,-1,-1,-1
746,111,115.718,132.189,60.054,184.828,0.857725,-1,-1,-1
747,73,394.270,0.806,245.214,477.507,0.895845,-1,-1,-1
747,87,165.239,84.310,96.058,329.264,0.869488,-1,-1,-1
747,98,312.882,118.019,92.034,290.148,0.852206,-1,-1,-1
747,108,269.732,159.193,52.203,139.318,0.690523,-1,-1,-1
747,110,-0.381,86.705,115.585,299.875,0.890678,-1,-1,-1
747,111,113.709,128.465,62.947,190.634,0.814264,-1,-1,-1
748,73,393.267,1.535,247.332,476.978,0.918213,-1,-1,-1
748,87,166.577,88.388,99.655,332.453,0.867143,-1,-1,-1
748,98,315.856,112.576,90.634,297.387,0.837641,-1,-1,-1
748,108,271.839,161.142,52.400,139.881,0.660389,-1,-1,-1
748,110,-3.591,78.674,103.644,315.048,0.887324,-1,-1,-1
748,111,113.110,125.654,62.496,198.040,0.824829,-1,-1,-1
749,73,393.845,2.928,247.547,478.255,0.921592,-1,-1,-1
749,87,166.126,94.024,103.410,335.841,0.855903,-1,-1,-1
749,98,318.398,111.972,93.344,299.146,0.794706,-1,-1,-1
749,108,274.055,166.996,53.305,138.496,0.649854,-1,-1,-1
749,110,-4.976,69.044,93.389,330.061,0.890982,-1,-1,-1
749,111,109.012,122.944,65.737,208.085,0.859739,-1,-1,-1
750,73,404.201,1.761,238.365,476.924,0.913803,-1,-1,-1
750,87,172.634,93.626,103.427,330.092,0.871634,-1,-1,-1
750,98,326.404,107.907,89.976,291.445,0.841345,-1,-1,-1
750,108,282.195,165.639,53.495,138.754,0.716701,-1,-1,-1
750,110,-2.277,53.363,83.713,359.137,0.868276,-1,-1,-1
750,111,108.569,115.751,67.542,216.108,0.860916,-1,-1,-1
751,73,414.215,0.845,227.685,477.223,0.910901,-1,-1,-1
751,87,180.481,90.482,89.482,324.779,0.829941,-1,-1,-1
751,98,335.309,100.273,87.147,290.493,0.802042,-1,-1,-1
751,108,290.790,161.663,51.288,134.672,0.735189,-1,-1,-1
751,110,-0.954,38.171,74.812,369.745,0.776001,-1,-1,-1
751,111,104.836,107.574,77.241,222.700,0.868270,-1,-1,-1
751,112,263.875,148.411,42.131,143.041,0.727157,-1,-1,-1
752,73,420.249,1.283,221.711,477.252,0.918091,-1,-1,-1
752,87,187.003,87.974,96.300,310.653,0.892712,-1,-1,-1
752,98,339.161,100.631,88.844,293.865,0.846284,-1,-1,-1
752,108,297.197,161.517,51.711,128.739,0.620398,-1,-1,-1
752,110,-0.576,15.614,77.990,392.690,0.735783,-1,-1,-1
752,111,99.085,101.192,84.636,233.713,0.873167,-1,-1,-1
752,112,270.229,148.167,41.338,136.160,0.689539,-1,-1,-1
753,73,416.259,1.570,224.770,476.991,0.917527,-1,-1,-1
753,87,189.740,85.221,98.028,307.772,0.896359,-1,-1,-1
753,98,341.643,101.958,91.771,295.922,0.825258,-1,-1,-1
753,108,303.993,160.096,49.321,125.489,0.440149,-1,-1,-1
753,111,93.729,95.274,90.114,245.208,0.875965,-1,-1,-1
753,112,275.216,150.772,39.915,128.668,0.760184,-1,-1,-1
754,73,416.403,2.397,224.906,476.629,0.917002,-1,-1,-1
754,87,197.516,85.530,97.665,310.397,0.875160,-1,-1,-1
754,98,347.788,105.388,92.416,298.228,0.777563,-1,-1,-1
754,111,83.716,91.078,100.682,262.061,0.893409,-1,-1,-1
754,112,283.894,150.817,39.587,134.366,0.725375,-1,-1,-1
755,73,424.893,2.850,213.523,474.453,0.913158,-1,-1,-1
755,87,203.375,86.618,93.082,309.986,0.867952,-1,-1,-1
755,98,349.258,104.051,91.965,296.751,0.835787,-1,-1,-1
755,111,75.568,85.578,106.303,271.872,0.901250,-1,-1,-1
755,112,286.516,152.518,39.853,131.674,0.734292,-1,-1,-1
756,73,455.587,3.278,184.972,475.532,0.904603,-1,-1,-1
756,87,212.552,90.158,89.758,313.334,0.866487,-1,-1,-1
756,98,351.512,101.222,95.283,303.344,0.709794,-1,-1,-1
756,111,70.304,80.813,110.500,291.199,0.901869,-1,-1,-1
756,112,293.630,153.358,36.599,132.265,0.732511,-1,-1,-1
756,109,0.652,156.307,29.012,124.003,0.707410,-1,-1,-1
757,73,481.598,2.063,158.468,475.876,0.898989,-1,-1,-1
757,87,210.663,90.819,95.591,312.744,0.861989,-1,-1,-1
757,98,353.351,96.958,94.193,302.180,0.800547,-1,-1,-1
757,111,60.518,69.544,113.539,310.047,0.891762,-1,-1,-1
757,112,297.346,150.801,36.174,130.982,0.743213,-1,-1,-1
757,109,0.644,154.868,22.924,124.495,0.602211,-1,-1,-1
758,87,214.604,87.944,93.526,317.203,0.868262,-1,-1,-1
758,98,351.193,94.446,98.327,302.414,0.783617,-1,-1,-1
758,111,44.877,54.224,119.439,333.300,0.899415,-1,-1,-1
758,112,299.983,148.752,33.157,130.801,0.549342,-1,-1,-1
759,87,207.533,88.892,102.287,307.942,0.873706,-1,-1,-1
759,98,351.826,96.172,98.431,301.403,0.782042,-1,-1,-1
759,111,23.985,42.538,131.534,353.577,0.909986,-1,-1,-1
759,112,303.050,150.892,33.757,133.108,0.595400,-1,-1,-1
760,87,202.384,84.966,108.001,302.443,0.868989,-1,-1,-1
760,98,349.952,93.077,99.782,304.242,0.815651,-1,-1,-1
760,111,3.314,27.975,139.416,372.286,0.917388,-1,-1,-1
760,112,304.972,147.398,32.368,132.050,0.563268,-1,-1,-1
761,87,206.430,83.659,107.596,300.699,0.870224,-1,-1,-1
761,98,351.690,95.277,98.273,305.431,0.852465,-1,-1,-1
761,111,-2.136,13.636,127.583,390.147,0.931352,-1,-1,-1
761,112,309.338,152.703,31.654,124.568,0.504227,-1,-1,-1
761,73,505.552,1.166,138.165,482.452,0.835252,-1,-1,-1
762,87,190.290,80.610,126.154,302.694,0.869115,-1,-1,-1
762,98,353.238,94.362,95.792,305.338,0.855847,-1,-1,-1
762,111,-3.083,1.917,112.875,401.450,0.914666,-1,-1,-1
762,112,311.220,148.361,27.877,123.703,0.612332,-1,-1,-1
762,73,495.214,1.163,144.883,478.837,0.889736,-1,-1,-1
763,87,188.220,74.891,127.884,306.538,0.889694,-1,-1,-1
763,98,353.670,85.258,94.878,305.538,0.854479,-1,-1,-1
763,111,-5.927,10.410,93.757,393.701,0.885836,-1,-1,-1
763,112,309.294,137.907,29.004,121.113,0.586130,-1,-1,-1
763,73,473.501,-1.835,166.887,481.583,0.876871,-1,-1,-1
764,87,202.246,82.941,117.612,307.158,0.878640,-1,-1,-1
764,98,358.592,90.981,91.642,298.987,0.828453,-1,-1,-1
764,111,-2.854,20.409,72.935,395.552,0.799486,-1,-1,-1
764,112,311.006,141.626,31.010,121.156,0.608584,-1,-1,-1
764,73,462.822,2.310,178.348,461.877,0.788387,-1,-1,-1
764,114,83.993,164.943,39.208,86.273,0.689494,-1,-1,-1
764,115,163.565,149.932,39.153,125.187,0.725793,-1,-1,-1
764,116,125.158,171.711,25.282,71.689,0.632985,-1,-1,-1
765,87,214.769,88.966,109.540,303.231,0.875574,-1,-1,-1
765,98,362.059,93.970,93.334,293.803,0.849492,-1,-1,-1
765,112,313.056,146.190,33.272,119.606,0.678075,-1,-1,-1
765,73,459.649,3.011,182.073,472.329,0.861646,-1,-1,-1
765,114,92.521,170.435,32.850,86.063,0.654464,-1,-1,-1
765,115,151.693,156.086,48.875,125.539,0.788747,-1,-1,-1
765,116,126.419,177.113,24.320,72.812,0.631993,-1,-1,-1
766,87,223.216,88.853,100.031,301.626,0.889652,-1,-1,-1
766,98,361.887,93.627,92.705,291.352,0.767613,-1,-1,-1
766,73,456.543,2.482,182.923,475.030,0.878535,-1,-1,-1
766,114,95.768,168.675,28.938,88.852,0.689694,-1,-1,-1
766,115,141.988,156.180,53.941,127.046,0.832902,-1,-1,-1
766,116,124.107,176.507,23.661,73.912,0.619935,-1,-1,-1
767,87,227.100,83.558,92.723,293.882,0.888213,-1,-1,-1
767,98,357.050,92.311,96.331,296.065,0.794582,-1,-1,-1
767,73,455.205,1.775,185.002,478.683,0.901203,-1,-1,-1
767,114,92.686,165.494,26.173,90.656,0.491920,-1,-1,-1
767,115,128.289,154.945,59.070,127.329,0.824574,-1,-1,-1
767,118,189.845,152.936,40.153,124.830,0.800887,-1,-1,-1
768,87,227.203,84.500,90.258,290.007,0.878071,-1,-1,-1
768,98,352.940,95.858,97.653,300.755,0.788888,-1,-1,-1
768,73,454.263,3.673,185.236,478.891,0.885282,-1,-1,-1
768,115,119.509,158.403,59.947,126.488,0.801326,-1,-1,-1
768,118,185.384,156.109,41.935,126.687,0.835862,-1,-1,-1
769,87,228.756,85.356,88.171,292.151,0.883430,-1,-1,-1
769,98,353.167,98.744,95.314,302.984,0.785963,-1,-1,-1
769,73,460.005,3.750,180.107,478.025,0.871321,-1,-1,-1
769,115,115.403,157.183,51.829,128.699,0.733727,-1,-1,-1
769,118,184.018,156.210,44.513,129.835,0.851133,-1,-1,-1
769,119,54.008,162.442,32.258,100.063,0.662178,-1,-1,-1
770,87,229.379,84.944,90.127,294.286,0.887788,-1,-1,-1
770,98,353.042,95.453,95.116,303.869,0.788063,-1,-1,-1
770,73,472.030,1.464,168.374,476.697,0.833470,-1,-1,-1
770,115,112.064,154.714,45.091,128.908,0.548958,-1,-1,-1
770,118,182.239,153.872,46.789,132.313,0.840792,-1,-1,-1
770,119,54.159,161.674,35.008,100.732,0.627586,-1,-1,-1
771,87,223.865,89.135,90.980,297.349,0.873105,-1,-1,-1
771,98,348.760,94.824,90.721,301.755,0.829358,-1,-1,-1
771,73,492.729,1.797,145.481,473.095,0.851813,-1,-1,-1
771,115,101.529,153.787,39.628,132.046,0.552823,-1,-1,-1
771,118,170.582,151.404,50.171,138.422,0.829799,-1,-1,-1
771,119,48.516,160.853,36.626,102.935,0.686796,-1,-1,-1
772,87,216.390,89.710,96.299,296.185,0.895228,-1,-1,-1
772,98,345.644,93.156,89.175,295.327,0.817065,-1,-1,-1
772,73,494.643,0.392,143.972,472.838,0.811139,-1,-1,-1
772,115,86.390,151.956,46.729,132.881,0.716757,-1,-1,-1
772,118,164.819,146.339,51.948,141.224,0.831419,-1,-1,-1
772,119,46.343,157.317,37.843,104.199,0.633851,-1,-1,-1
773,87,214.395,90.107,96.734,293.290,0.892508,-1,-1,-1
773,98,340.256,89.463,93.310,291.463,0.860439,-1,-1,-1
773,73,494.079,0.509,144.363,472.514,0.782228,-1,-1,-1
773,115,74.634,151.546,47.384,132.661,0.788953,-1,-1,-1
773,118,152.881,141.720,59.061,146.163,0.845356,-1,-1,-1
773,119,43.647,156.025,38.677,103.635,0.662556,-1,-1,-1
774,87,219.199,89.427,94.098,287.857,0.891121,-1,-1,-1
774,98,337.862,88.786,95.195,292.699,0.850398,-1,-1,-1
774,73,496.018,3.813,143.698,471.071,0.845094,-1,-1,-1
774,115,67.142,151.399,48.916,133.903,0.666107,-1,-1,-1
774,118,153.003,138.439,55.267,152.656,0.833600,-1,-1,-1
774,119,45.017,158.476,38.870,96.603,0.419890,-1,-1,-1
775,87,218.108,89.106,96.870,279.540,0.873431,-1,-1,-1
775,98,338.226,89.328,94.043,296.624,0.795678,-1,-1,-1
775,73,475.280,14.934,128.982,444.290,0.788655,-1,-1,-1
775,115,64.694,153.924,44.541,133.054,0.478073,-1,-1,-1
775,118,152.100,138.598,53.591,158.029,0.853900,-1,-1,-1
775,119,44.737,157.011,39.514,105.909,0.444033,-1,-1,-1
776,87,215.239,89.971,100.934,278.828,0.875878,-1,-1,-1
776,98,338.906,93.879,92.541,299.974,0.850727,-1,-1,-1
776,73,490.840,6.507,137.403,466.598,0.802073,-1,-1,-1
776,118,146.658,139.989,54.600,161.685,0.823045,-1,-1,-1
776,114,90.731,173.505,34.712,91.705,0.675738,-1,-1,-1
777,87,211.599,91.886,105.520,279.266,0.875382,-1,-1,-1
777,98,337.981,95.950,91.616,301.188,0.843211,-1,-1,-1
777,73,494.537,3.147,141.567,474.870,0.778675,-1,-1,-1
777,118,142.686,139.030,55.078,166.638,0.822475,-1,-1,-1
777,120,403.318,31.555,169.930,410.028,0.758181,-1,-1,-1
777,114,93.061,172.214,33.076,93.403,0.662256,-1,-1,-1
778,87,210.713,97.222,111.420,280.932,0.837540,-1,-1,-1
778,98,341.764,97.587,89.111,300.659,0.853383,-1,-1,-1
778,73,510.251,2.661,129.706,475.055,0.730632,-1,-1,-1
778,118,135.871,136.887,61.107,174.161,0.830110,-1,-1,-1
778,120,407.218,29.028,159.924,421.100,0.835743,-1,-1,-1
778,114,94.299,168.536,37.885,99.225,0.673908,-1,-1,-1
778,115,29.261,154.421,59.189,139.078,0.798265,-1,-1,-1
779,87,229.129,105.642,100.610,278.526,0.814191,-1,-1,-1
779,98,350.048,99.314,88.090,278.651,0.622784,-1,-1,-1
779,73,512.608,4.930,130.037,474.487,0.773353,-1,-1,-1
779,118,138.905,135.945,60.787,180.963,0.835551,-1,-1,-1
779,120,416.516,27.414,148.021,446.049,0.853777,-1,-1,-1
779,114,105.519,170.327,33.466,101.329,0.760235,-1,-1,-1
779,121,210.642,142.501,47.239,178.654,0.721251,-1,-1,-1
779,115,25.462,158.527,59.973,138.932,0.834420,-1,-1,-1
780,87,236.589,107.751,95.212,274.087,0.838721,-1,-1,-1
780,98,352.987,97.086,86.097,282.569,0.568761,-1,-1,-1
780,73,502.643,2.334,139.508,476.976,0.853041,-1,-1,-1
780,118,134.753,131.915,65.627,185.688,0.855769,-1,-1,-1
780,120,420.798,22.282,123.847,453.346,0.741372,-1,-1,-1
780,114,109.926,168.237,32.295,104.126,0.784625,-1,-1,-1
780,121,213.159,138.121,47.275,186.295,0.747548,-1,-1,-1
780,115,20.256,157.736,62.068,139.623,0.796952,-1,-1,-1
781,87,239.897,105.237,93.769,269.027,0.850646,-1,-1,-1
781,73,480.177,1.927,161.331,477.102,0.881490,-1,-1,-1
781,118,129.220,127.127,69.214,195.454,0.848331,-1,-1,-1
781,120,396.118,17.736,131.150,457.789,0.742587,-1,-1,-1
781,114,112.005,166.128,27.538,104.245,0.656655,-1,-1,-1
781,121,211.911,131.737,48.197,197.915,0.759843,-1,-1,-1
781,115,16.508,154.898,61.526,141.516,0.757480,-1,-1,-1
781,119,69.113,161.048,42.877,113.082,0.669031,-1,-1,-1
782,87,244.561,105.306,89.926,264.826,0.866160,-1,-1,-1
782,73,461.565,3.072,179.984,478.675,0.859044,-1,-1,-1
782,118,118.888,126.349,77.606,201.437,0.854362,-1,-1,-1
782,120,392.245,24.373,114.102,445.713,0.672512,-1,-1,-1
782,121,204.078,127.577,56.736,206.730,0.803486,-1,-1,-1
782,115,11.877,153.623,59.750,144.097,0.825053,-1,-1,-1
782,119,72.102,161.247,45.408,114.098,0.720381,-1,-1,-1
783,87,251.313,105.302,82.481,257.771,0.878024,-1,-1,-1
783,73,454.129,3.058,185.630,477.416,0.766949,-1,-1,-1
783,118,112.399,125.169,81.793,208.789,0.876581,-1,-1,-1
783,120,389.975,27.853,110.122,444.711,0.679933,-1,-1,-1
783,121,200.686,123.137,59.727,212.498,0.824145,-1,-1,-1
783,115,8.688,151.811,54.710,145.336,0.780014,-1,-1,-1
783,119,75.757,161.556,45.555,114.083,0.713240,-1,-1,-1
784,87,257.752,108.805,77.557,255.608,0.873439,-1,-1,-1
784,73,455.599,3.040,184.325,477.716,0.821326,-1,-1,-1
784,118,108.231,124.814,80.319,217.990,0.851420,-1,-1,-1
784,120,363.964,32.856,123.897,427.344,0.799567,-1,-1,-1
784,121,196.292,121.831,65.517,219.632,0.847445,-1,-1,-1
784,115,6.826,154.075,50.759,147.791,0.722514,-1,-1,-1
784,119,78.587,161.263,41.171,118.135,0.671584,-1,-1,-1
785,87,258.048,109.905,72.541,256.260,0.859446,-1,-1,-1
785,73,460.947,1.484,178.877,454.346,0.683438,-1,-1,-1
785,118,94.723,118.407,85.120,229.579,0.883573,-1,-1,-1
785,120,353.883,32.515,130.562,440.535,0.815455,-1,-1,-1
785,121,184.758,116.353,75.113,230.022,0.865731,-1,-1,-1
785,115,-0.302,155.789,42.921,146.938,0.669386,-1,-1,-1
786,87,254.027,115.954,72.743,251.228,0.858529,-1,-1,-1
786,73,472.117,1.230,166.909,448.168,0.698254,-1,-1,-1
786,118,72.558,111.554,95.492,239.369,0.866905,-1,-1,-1
786,120,345.080,33.907,132.874,428.445,0.577927,-1,-1,-1
786,121,167.531,113.542,83.194,241.225,0.859550,-1,-1,-1
787,87,255.416,120.363,70.218,247.788,0.866984,-1,-1,-1
787,73,487.704,1.150,152.015,466.507,0.691963,-1,-1,-1
787,118,58.305,107.404,100.952,247.488,0.849262,-1,-1,-1
787,120,339.671,34.179,152.527,424.678,0.776012,-1,-1,-1
787,121,155.837,112.365,90.528,249.518,0.875159,-1,-1,-1
788,87,254.070,120.979,71.145,248.699,0.829645,-1,-1,-1
788,73,498.332,0.838,141.712,474.089,0.722966,-1,-1,-1
788,118,41.355,102.115,107.631,263.573,0.861068,-1,-1,-1
788,120,332.143,34.170,178.212,431.864,0.844417,-1,-1,-1
788,121,141.625,107.719,97.213,268.275,0.848793,-1,-1,-1
789,87,251.046,120.225,71.086,242.076,0.837191,-1,-1,-1
789,73,500.641,1.537,138.988,476.326,0.818191,-1,-1,-1
789,118,20.194,99.121,115.581,276.894,0.886001,-1,-1,-1
789,120,322.935,42.648,141.358,432.433,0.693707,-1,-1,-1
789,121,129.246,102.777,95.409,285.515,0.842590,-1,-1,-1
790,87,241.867,123.348,77.408,236.257,0.817322,-1,-1,-1
790,73,496.176,4.775,143.530,451.684,0.714386,-1,-1,-1
790,118,0.484,97.076,118.115,296.013,0.884381,-1,-1,-1
790,120,312.396,47.840,164.796,435.065,0.828654,-1,-1,-1
790,121,115.761,97.462,93.438,303.255,0.875663,-1,-1,-1
790,122,432.215,37.746,106.102,428.136,0.775727,-1,-1,-1
791,87,234.481,125.028,82.009,230.764,0.809748,-1,-1,-1
791,73,491.730,3.327,148.799,470.780,0.833727,-1,-1,-1
791,118,-7.023,91.127,117.751,319.055,0.888139,-1,-1,-1
791,120,306.000,55.450,156.373,427.328,0.842280,-1,-1,-1
791,121,102.808,88.874,95.207,318.115,0.866117,-1,-1,-1
791,122,429.992,43.468,106.518,429.185,0.794991,-1,-1,-1
792,87,228.427,130.704,84.462,237.003,0.786989,-1,-1,-1
792,73,492.246,6.340,149.363,473.797,0.742126,-1,-1,-1
792,118,-9.324,84.550,103.483,337.379,0.875855,-1,-1,-1
792,120,302.884,62.471,156.079,420.296,0.761853,-1,-1,-1
792,121,81.274,82.785,105.881,337.523,0.888544,-1,-1,-1
792,122,420.904,50.770,114.546,425.952,0.823273,-1,-1,-1
793,87,221.308,130.134,88.945,241.217,0.720874,-1,-1,-1
793,73,502.859,2.947,139.584,477.313,0.854535,-1,-1,-1
793,118,-7.898,68.122,85.815,356.237,0.835593,-1,-1,-1
793,120,299.188,59.648,177.642,403.546,0.698074,-1,-1,-1
793,121,35.202,69.975,138.312,369.457,0.886061,-1,-1,-1
793,122,417.314,45.424,119.565,404.641,0.842605,-1,-1,-1
794,87,219.032,124.203,85.667,236.935,0.799389,-1,-1,-1
794,73,514.994,-0.092,126.573,477.613,0.862403,-1,-1,-1
794,118,-6.259,66.700,66.047,355.882,0.724862,-1,-1,-1
794,120,294.266,53.023,148.323,389.046,0.665119,-1,-1,-1
794,121,6.470,50.732,151.693,393.548,0.885278,-1,-1,-1
794,122,408.274,32.307,130.706,408.733,0.867893,-1,-1,-1
795,87,218.701,127.963,80.376,218.916,0.797252,-1,-1,-1
795,73,518.325,2.630,123.232,477.574,0.790249,-1,-1,-1
795,120,291.916,60.307,137.794,387.440,0.834487,-1,-1,-1
795,121,-5.839,38.000,140.923,431.668,0.858994,-1,-1,-1
795,122,402.984,33.990,132.968,404.908,0.839598,-1,-1,-1
796,87,218.958,131.567,80.036,218.419,0.827934,-1,-1,-1
796,73,525.271,5.658,117.446,476.078,0.707827,-1,-1,-1
796,120,290.580,66.726,162.616,390.144,0.658892,-1,-1,-1
796,121,-9.042,26.388,127.565,443.748,0.684238,-1,-1,-1
796,122,406.363,41.579,129.354,403.583,0.870395,-1,-1,-1
796,124,123.713,177.227,38.360,100.135,0.728804,-1,-1,-1
797,87,225.245,123.788,71.023,220.295,0.822298,-1,-1,-1
797,73,539.671,2.436,101.812,473.646,0.793294,-1,-1,-1
797,120,285.884,65.037,140.254,391.836,0.652124,-1,-1,-1
797,122,404.116,37.147,127.509,406.872,0.840853,-1,-1,-1
797,124,113.518,171.671,44.518,101.649,0.706084,-1,-1,-1
798,87,229.972,123.182,65.254,221.916,0.825758,-1,-1,-1
798,73,520.725,2.896,118.368,473.621,0.871439,-1,-1,-1
798,120,282.193,67.706,135.027,392.080,0.583351,-1,-1,-1
798,122,405.505,39.568,122.105,408.240,0.813762,-1,-1,-1
798,124,111.453,172.502,45.744,102.844,0.726946,-1,-1,-1
798,114,69.796,160.838,34.627,121.644,0.702753,-1,-1,-1
799,87,232.098,123.377,61.791,222.834,0.798956,-1,-1,-1
799,73,494.093,1.037,145.463,474.381,0.882401,-1,-1,-1
799,120,283.050,66.544,133.320,394.652,0.565291,-1,-1,-1
799,122,390.670,39.427,133.910,381.607,0.704557,-1,-1,-1
799,124,108.489,170.887,47.240,106.151,0.708844,-1,-1,-1
799,114,69.509,160.640,34.974,123.142,0.739612,-1,-1,-1
800,87,229.537,123.172,59.344,221.017,0.819363,-1,-1,-1
800,73,469.881,0.033,170.525,477.168,0.855087,-1,-1,-1
800,120,277.129,57.967,165.435,374.575,0.800193,-1,-1,-1
800,122,400.657,33.338,116.575,383.230,0.838500,-1,-1,-1
800,124,99.398,164.799,48.493,109.706,0.717566,-1,-1,-1
800,114,63.937,156.636,35.750,124.385,0.768946,-1,-1,-1
801,87,230.332,130.274,55.961,222.803,0.815686,-1,-1,-1
801,73,455.769,2.889,185.425,478.617,0.528064,-1,-1,-1
801,120,276.666,58.851,180.870,380.666,0.766590,-1,-1,-1
801,122,403.247,35.609,107.776,398.743,0.788771,-1,-1,-1
801,124,96.349,167.547,35.910,111.569,0.687765,-1,-1,-1
801,114,61.588,160.746,34.991,125.046,0.756356,-1,-1,-1
801,127,156.909,178.945,39.063,103.814,0.690927,-1,-1,-1
802,87,232.462,132.688,54.747,216.182,0.773009,-1,-1,-1
802,73,456.097,2.596,185.348,475.639,0.679752,-1,-1,-1
802,120,277.084,58.785,146.055,377.844,0.643328,-1,-1,-1
802,122,403.914,33.929,104.361,400.441,0.772172,-1,-1,-1
802,124,91.853,165.492,31.249,115.463,0.654237,-1,-1,-1
802,114,61.132,160.963,34.979,125.480,0.742684,-1,-1,-1
802,127,157.204,177.870,44.208,107.151,0.689137,-1,-1,-1
803,87,234.621,133.587,51.046,197.598,0.826057,-1,-1,-1
803,73,459.465,2.979,181.432,476.882,0.662952,-1,-1,-1
803,120,277.410,60.362,128.273,379.937,0.533791,-1,-1,-1
803,122,402.310,35.074,104.929,399.874,0.749546,-1,-1,-1
803,124,90.384,166.540,28.661,113.125,0.583576,-1,-1,-1
803,114,60.512,161.585,37.150,127.302,0.700753,-1,-1,-1
803,127,157.771,179.600,40.568,108.731,0.621495,-1,-1,-1
803,128,201.792,190.143,31.339,83.212,0.721955,-1,-1,-1
804,87,237.824,134.833,55.513,200.037,0.756533,-1,-1,-1
804,73,474.113,2.871,168.874,478.096,0.769066,-1,-1,-1
804,120,283.530,62.923,174.435,386.075,0.829994,-1,-1,-1
804,122,411.857,34.529,120.267,407.658,0.716483,-1,-1,-1
804,124,92.891,168.200,27.909,115.924,0.492610,-1,-1,-1
804,114,64.370,163.723,38.009,128.580,0.703630,-1,-1,-1
804,127,162.393,182.612,36.025,109.957,0.542166,-1,-1,-1
804,128,206.563,191.322,29.205,84.660,0.579941,-1,-1,-1
805,87,241.500,130.843,59.819,202.598,0.794138,-1,-1,-1
805,73,489.958,0.292,153.022,449.270,0.638339,-1,-1,-1
805,120,290.665,59.717,193.034,397.359,0.745834,-1,-1,-1
805,122,420.718,32.400,115.926,417.380,0.836267,-1,-1,-1
805,127,164.858,178.626,34.050,112.092,0.598347,-1,-1,-1
805,128,209.700,186.699,30.645,86.719,0.720440,-1,-1,-1
806,87,244.868,131.513,67.351,204.491,0.830046,-1,-1,-1
806,120,299.071,62.387,208.334,405.100,0.781617,-1,-1,-1
806,122,430.026,35.497,121.158,425.146,0.864872,-1,-1,-1
806,127,169.356,177.918,36.374,114.730,0.466377,-1,-1,-1
806,128,215.721,186.949,29.507,88.693,0.702976,-1,-1,-1
806,119,28.395,147.054,51.450,152.229,0.676437,-1,-1,-1
806,114,73.387,160.695,50.973,130.522,0.762061,-1,-1,-1
807,87,248.147,132.336,74.066,201.104,0.839186,-1,-1,-1
807,120,309.184,60.316,215.903,408.987,0.631433,-1,-1,-1
807,122,441.002,38.203,125.215,425.567,0.788717,-1,-1,-1
807,127,173.910,176.264,41.702,118.063,0.746855,-1,-1,-1
807,128,219.819,187.558,29.251,89.194,0.686725,-1,-1,-1
807,119,34.251,145.782,49.541,151.839,0.695009,-1,-1,-1
807,114,78.064,158.955,52.566,131.836,0.775663,-1,-1,-1
808,87,254.883,131.680,74.829,194.580,0.816531,-1,-1,-1
808,120,321.026,54.898,215.869,408.815,0.834538,-1,-1,-1
808,122,450.678,35.627,128.906,423.332,0.855135,-1,-1,-1
808,127,178.455,172.249,46.121,120.107,0.706180,-1,-1,-1
808,128,223.708,184.749,28.027,90.790,0.718317,-1,-1,-1
808,119,43.555,142.440,43.472,153.444,0.627983,-1,-1,-1
808,114,82.036,155.871,50.955,132.131,0.769453,-1,-1,-1
809,87,266.452,136.026,76.497,196.612,0.821821,-1,-1,-1
809,120,336.265,51.417,222.967,400.574,0.577392,-1,-1,-1
809,122,468.136,32.829,139.635,422.297,0.856101,-1,-1,-1
809,127,187.851,173.383,49.537,123.844,0.830056,-1,-1,-1
809,128,234.625,186.890,28.821,91.738,0.744230,-1,-1,-1
809,119,57.895,145.343,38.741,151.229,0.619735,-1,-1,-1
809,114,93.285,158.736,43.649,131.799,0.744341,-1,-1,-1
810,87,277.443,139.283,72.812,199.863,0.834656,-1,-1,-1
810,122,474.968,31.820,148.006,416.421,0.827426,-1,-1,-1
810,127,192.603,175.237,51.606,126.599,0.703036,-1,-1,-1
810,128,240.238,189.256,28.800,92.231,0.707439,-1,-1,-1
810,119,66.293,147.386,38.411,154.774,0.710569,-1,-1,-1
810,114,99.676,159.960,39.147,134.944,0.716326,-1,-1,-1
811,87,286.482,134.627,69.108,209.610,0.832730,-1,-1,-1
811,122,486.869,24.578,148.047,424.383,0.863638,-1,-1,-1
811,127,192.551,171.995,53.418,129.692,0.786727,-1,-1,-1
811,128,243.504,185.323,29.885,93.680,0.731126,-1,-1,-1
811,119,68.995,147.279,40.815,152.535,0.499672,-1,-1,-1
811,114,102.193,155.023,38.884,138.373,0.574711,-1,-1,-1
812,87,293.520,132.526,65.855,209.423,0.855003,-1,-1,-1
812,122,492.892,25.101,148.560,431.944,0.805887,-1,-1,-1
812,127,192.083,172.015,54.857,132.998,0.808367,-1,-1,-1
812,128,244.046,183.058,31.847,97.130,0.697307,-1,-1,-1
812,119,70.006,147.044,40.315,155.868,0.679452,-1,-1,-1
812,114,103.060,152.457,39.365,142.350,0.720352,-1,-1,-1
812,130,271.682,193.065,23.799,86.755,0.639930,-1,-1,-1
813,87,298.486,132.480,62.225,209.796,0.846091,-1,-1,-1
813,122,502.927,29.685,140.097,437.921,0.833143,-1,-1,-1
813,127,189.273,170.331,57.498,136.454,0.811246,-1,-1,-1
813,128,242.410,181.624,34.569,100.794,0.636314,-1,-1,-1
813,119,59.010,146.453,49.553,155.195,0.666898,-1,-1,-1
813,114,103.081,153.078,41.266,143.302,0.655160,-1,-1,-1
813,120,375.915,41.375,151.923,428.218,0.838519,-1,-1,-1
814,87,302.932,130.649,62.427,210.487,0.848594,-1,-1,-1
814,122,511.185,29.770,133.025,442.088,0.838308,-1,-1,-1
814,127,187.392,164.520,59.564,141.726,0.820768,-1,-1,-1
814,128,239.823,178.031,37.952,104.105,0.729937,-1,-1,-1
814,119,52.659,141.002,55.273,159.480,0.706219,-1,-1,-1
814,114,104.017,149.964,39.373,145.413,0.700316,-1,-1,-1
814,120,369.723,35.687,155.273,441.672,0.597696,-1,-1,-1
815,87,306.795,134.500,62.196,211.077,0.816549,-1,-1,-1
815,122,517.236,32.013,126.409,442.846,0.857427,-1,-1,-1
815,127,184.876,163.614,61.597,145.767,0.741453,-1,-1,-1
815,128,240.307,179.708,36.831,105.701,0.697880,-1,-1,-1
815,119,50.619,142.897,56.026,161.157,0.679386,-1,-1,-1
815,114,102.643,149.828,40.992,148.869,0.652885,-1,-1,-1
815,130,271.708,195.172,26.367,89.069,0.675121,-1,-1,-1
816,87,311.441,135.813,58.328,210.861,0.772310,-1,-1,-1
816,122,521.342,28.499,122.080,432.776,0.874112,-1,-1,-1
816,127,178.551,160.170,64.639,150.004,0.700580,-1,-1,-1
816,128,238.145,176.386,36.431,109.425,0.741336,-1,-1,-1
816,114,100.743,149.134,41.438,148.707,0.694800,-1,-1,-1
816,130,270.522,192.981,26.065,90.682,0.653634,-1,-1,-1
817,87,313.905,135.493,59.401,210.395,0.808818,-1,-1,-1
817,122,523.771,24.629,118.760,432.859,0.891446,-1,-1,-1
817,127,171.450,157.591,68.337,154.065,0.746918,-1,-1,-1
817,128,236.388,174.218,36.119,110.536,0.660059,-1,-1,-1
817,114,99.152,148.053,40.151,148.853,0.700341,-1,-1,-1
817,130,269.540,192.739,24.454,88.522,0.661549,-1,-1,-1
817,120,382.341,10.221,164.065,456.093,0.770261,-1,-1,-1
818,87,318.068,133.658,60.830,210.443,0.817657,-1,-1,-1
818,122,528.685,15.290,114.343,439.655,0.818453,-1,-1,-1
818,127,171.455,157.127,67.650,160.268,0.751760,-1,-1,-1
818,128,232.891,170.752,38.085,114.653,0.765545,-1,-1,-1
818,114,97.523,147.117,39.823,150.912,0.705764,-1,-1,-1
818,130,267.991,189.456,26.288,93.787,0.699911,-1,-1,-1
818,120,387.065,8.064,154.478,458.624,0.786064,-1,-1,-1
819,87,319.901,132.121,61.358,206.984,0.832688,-1,-1,-1
819,122,536.722,11.690,105.354,447.875,0.877551,-1,-1,-1
819,127,168.393,158.127,69.483,164.166,0.769615,-1,-1,-1
819,128,229.624,169.397,39.505,118.079,0.789553,-1,-1,-1
819,114,95.283,147.293,40.141,153.150,0.734092,-1,-1,-1
819,130,266.551,189.665,27.682,96.941,0.674728,-1,-1,-1
819,120,401.847,7.678,143.214,460.531,0.868779,-1,-1,-1
819,131,289.773,179.900,29.396,92.322,0.637918,-1,-1,-1
819,132,3.753,139.185,59.466,168.379,0.719156,-1,-1,-1
820,87,314.943,133.360,64.853,207.336,0.812808,-1,-1,-1
820,122,545.822,13.135,94.470,462.165,0.874081,-1,-1,-1
820,127,154.071,157.078,76.322,172.409,0.714204,-1,-1,-1
820,128,221.918,171.668,41.386,122.387,0.765929,-1,-1,-1
820,114,85.092,148.240,42.473,157.947,0.748992,-1,-1,-1
820,130,260.689,191.795,28.579,100.612,0.727463,-1,-1,-1
820,120,408.853,9.317,155.495,468.738,0.832572,-1,-1,-1
820,131,283.936,183.772,30.149,92.305,0.639425,-1,-1,-1
820,132,-0.267,144.179,51.774,167.197,0.715915,-1,-1,-1
821,87,309.987,129.947,67.730,206.073,0.815069,-1,-1,-1
821,122,552.154,11.142,88.048,468.122,0.885419,-1,-1,-1
821,127,144.958,149.703,76.824,179.091,0.766263,-1,-1,-1
821,128,214.627,167.067,42.379,125.832,0.741367,-1,-1,-1
821,114,76.402,143.466,44.983,158.978,0.788878,-1,-1,-1
821,130,254.039,188.232,28.876,103.298,0.672476,-1,-1,-1
821,120,409.362,5.022,154.911,475.085,0.816070,-1,-1,-1
821,131,278.641,178.801,31.070,95.320,0.640497,-1,-1,-1
821,132,-0.421,138.353,39.538,170.700,0.742440,-1,-1,-1
821,119,34.136,130.292,51.325,185.299,0.739608,-1,-1,-1
822,87,306.625,131.054,76.129,206.602,0.835580,-1,-1,-1
822,122,563.066,12.642,77.173,468.789,0.853471,-1,-1,-1
822,127,135.009,145.809,78.348,186.660,0.806585,-1,-1,-1
822,128,207.616,166.950,43.302,128.714,0.799842,-1,-1,-1
822,114,67.065,142.183,46.384,162.202,0.752024,-1,-1,-1
822,130,248.106,189.424,29.414,105.064,0.722654,-1,-1,-1
822,120,415.117,5.150,155.168,476.580,0.865706,-1,-1,-1
822,131,271.988,178.291,33.081,97.117,0.678004,-1,-1,-1
823,87,307.730,137.933,80.325,206.436,0.805197,-1,-1,-1
823,122,575.008,16.041,66.215,466.905,0.765579,-1,-1,-1
823,127,129.701,146.534,80.892,192.408,0.853637,-1,-1,-1
823,128,206.215,169.690,44.798,132.978,0.776785,-1,-1,-1
823,114,65.449,144.446,46.402,165.678,0.811897,-1,-1,-1
823,130,248.742,188.183,30.767,112.530,0.721212,-1,-1,-1
823,120,429.459,5.406,151.225,473.699,0.863384,-1,-1,-1
823,131,272.929,177.950,33.970,103.209,0.637569,-1,-1,-1
824,87,308.699,137.290,78.089,207.104,0.784140,-1,-1,-1
824,122,574.301,9.629,66.518,461.810,0.730447,-1,-1,-1
824,127,117.901,140.091,83.990,201.857,0.851841,-1,-1,-1
824,128,198.685,165.059,45.145,138.337,0.768623,-1,-1,-1
824,114,58.284,141.984,46.291,167.870,0.765382,-1,-1,-1
824,130,243.519,181.744,32.549,116.963,0.771077,-1,-1,-1
824,120,442.139,1.073,158.988,478.964,0.844969,-1,-1,-1
824,131,266.789,175.095,34.937,103.849,0.726221,-1,-1,-1
825,87,310.718,137.309,77.153,206.402,0.786780,-1,-1,-1
825,122,584.392,5.741,56.394,450.365,0.348190,-1,-1,-1
825,127,100.126,137.214,96.715,212.443,0.859539,-1,-1,-1
825,128,191.063,160.895,47.380,143.331,0.769664,-1,-1,-1
825,114,51.603,139.461,47.733,171.622,0.761195,-1,-1,-1
825,130,238.631,181.374,36.387,120.211,0.778176,-1,-1,-1
825,120,453.172,0.070,174.942,480.557,0.873017,-1,-1,-1
825,131,263.664,174.180,34.989,105.741,0.691237,-1,-1,-1
825,133,380.429,114.079,86.498,241.463,0.658171,-1,-1,-1
826,87,312.151,132.084,74.684,205.515,0.816559,-1,-1,-1
826,127,87.301,130.769,106.021,224.199,0.885851,-1,-1,-1
826,128,183.045,153.608,49.705,148.090,0.804299,-1,-1,-1
826,114,44.645,132.960,49.478,176.657,0.704940,-1,-1,-1
826,130,233.425,175.955,38.001,125.455,0.752149,-1,-1,-1
826,120,464.466,-1.281,175.673,481.064,0.912256,-1,-1,-1
826,131,261.668,171.165,33.815,105.478,0.667869,-1,-1,-1
826,133,381.268,108.002,87.682,259.203,0.591014,-1,-1,-1
827,87,310.094,133.941,71.629,204.760,0.822938,-1,-1,-1
827,127,69.164,127.153,105.580,239.457,0.860859,-1,-1,-1
827,128,163.000,156.544,59.868,154.780,0.815047,-1,-1,-1
827,114,31.346,132.155,49.257,181.769,0.674482,-1,-1,-1
827,130,221.534,180.409,40.780,130.952,0.761308,-1,-1,-1
827,120,471.870,1.959,172.828,482.501,0.884815,-1,-1,-1
827,131,253.007,175.232,34.548,108.425,0.681720,-1,-1,-1
827,133,375.115,112.939,92.924,270.046,0.823580,-1,-1,-1
828,87,311.955,133.302,68.819,204.279,0.825528,-1,-1,-1
828,127,61.367,119.432,103.372,250.170,0.861073,-1,-1,-1
828,128,153.633,154.661,65.456,158.692,0.797953,-1,-1,-1
828,114,26.044,130.417,56.460,184.874,0.680416,-1,-1,-1
828,130,217.757,179.179,40.764,134.961,0.791695,-1,-1,-1
828,120,484.780,2.469,160.991,479.966,0.901136,-1,-1,-1
828,131,249.677,174.326,36.093,110.336,0.717890,-1,-1,-1
828,133,373.405,114.414,96.321,273.954,0.775472,-1,-1,-1
829,87,317.830,131.748,64.957,205.481,0.809678,-1,-1,-1
829,127,56.864,112.479,101.553,261.994,0.851395,-1,-1,-1
829,128,152.137,150.797,63.043,166.904,0.873631,-1,-1,-1
829,114,23.577,128.401,54.460,187.464,0.746721,-1,-1,-1
829,130,215.101,176.478,42.986,139.048,0.738432,-1,-1,-1
829,120,505.184,0.871,141.569,479.676,0.875920,-1,-1,-1
829,131,247.583,170.183,39.618,114.990,0.690309,-1,-1,-1
829,133,377.377,113.665,102.648,277.598,0.791221,-1,-1,-1
829,134,289.293,173.665,32.784,101.558,0.696296,-1,-1,-1
830,87,322.120,139.024,63.389,203.833,0.856058,-1,-1,-1
830,127,32.345,111.296,117.739,276.487,0.858062,-1,-1,-1
830,128,150.305,153.463,61.984,173.373,0.862063,-1,-1,-1
830,130,212.233,178.530,44.684,145.042,0.711694,-1,-1,-1
830,120,521.502,1.789,125.098,480.097,0.858602,-1,-1,-1
830,131,248.104,176.244,39.283,114.380,0.678550,-1,-1,-1
830,133,381.261,119.460,103.746,276.056,0.831701,-1,-1,-1
830,134,292.593,177.172,33.228,102.389,0.783932,-1,-1,-1
831,87,321.886,139.585,60.319,205.330,0.827664,-1,-1,-1
831,127,12.979,105.541,124.241,290.841,0.852685,-1,-1,-1
831,128,141.311,147.118,62.555,181.592,0.851665,-1,-1,-1
831,130,205.743,173.102,45.265,152.134,0.743664,-1,-1,-1
831,120,532.355,0.523,111.501,479.253,0.864158,-1,-1,-1
831,131,243.567,172.407,37.177,118.449,0.714390,-1,-1,-1
831,133,379.125,117.191,103.933,278.739,0.837050,-1,-1,-1
831,134,288.115,175.250,35.625,102.262,0.774853,-1,-1,-1
832,87,314.578,134.154,62.274,205.861,0.839520,-1,-1,-1
832,127,-2.756,89.126,119.600,318.979,0.879132,-1,-1,-1
832,128,123.045,134.369,67.947,191.200,0.830679,-1,-1,-1
832,130,191.065,162.968,46.783,162.449,0.789401,-1,-1,-1
832,120,550.118,-1.262,92.085,478.994,0.852400,-1,-1,-1
832,131,231.421,163.304,42.201,124.146,0.761896,-1,-1,-1
832,133,373.049,109.402,99.458,277.732,0.853999,-1,-1,-1
832,134,280.054,167.249,37.684,104.063,0.786939,-1,-1,-1
833,87,314.232,134.343,62.607,205.841,0.830977,-1,-1,-1
833,127,-4.278,83.809,109.629,325.707,0.857727,-1,-1,-1
833,128,112.563,131.296,72.108,201.231,0.861924,-1,-1,-1
833,130,182.513,162.468,50.769,167.126,0.804260,-1,-1,-1
833,120,562.757,0.639,79.669,477.541,0.837194,-1,-1,-1
833,131,227.988,162.900,41.973,127.320,0.804660,-1,-1,-1
833,133,371.266,108.167,96.504,273.654,0.853509,-1,-1,-1
833,134,275.875,167.101,39.196,104.785,0.779631,-1,-1,-1
834,87,315.264,130.756,65.593,202.748,0.830861,-1,-1,-1
834,127,-4.488,79.432,94.745,327.377,0.887830,-1,-1,-1
834,128,102.395,127.579,77.932,209.218,0.869054,-1,-1,-1
834,130,176.063,160.554,53.609,175.612,0.835505,-1,-1,-1
834,120,579.553,11.896,64.113,466.568,0.465875,-1,-1,-1
834,131,225.717,159.518,43.771,132.834,0.755729,-1,-1,-1
834,133,373.519,105.009,93.783,273.496,0.874801,-1,-1,-1
834,134,273.876,167.410,39.487,104.447,0.808605,-1,-1,-1
835,87,315.637,127.929,67.545,202.099,0.793807,-1,-1,-1
835,127,-3.471,97.679,76.653,310.756,0.703861,-1,-1,-1
835,128,91.521,123.325,82.728,225.751,0.882762,-1,-1,-1
835,130,167.853,157.528,60.059,186.111,0.813627,-1,-1,-1
835,131,222.591,158.737,46.793,137.031,0.763449,-1,-1,-1
835,133,374.568,104.528,93.459,276.422,0.871627,-1,-1,-1
835,134,274.510,168.120,39.746,102.501,0.793362,-1,-1,-1
836,87,320.620,126.028,69.184,198.241,0.852098,-1,-1,-1
836,128,82.296,118.034,89.320,240.333,0.868821,-1,-1,-1
836,130,166.404,153.270,59.972,195.687,0.841575,-1,-1,-1
836,131,223.051,155.857,50.574,141.316,0.835644,-1,-1,-1
836,133,377.596,105.150,94.517,278.928,0.871054,-1,-1,-1
836,134,274.737,168.458,41.418,100.458,0.778581,-1,-1,-1
836,114,-0.580,109.591,53.335,215.683,0.772028,-1,-1,-1
837,87,328.271,129.046,70.064,191.218,0.831668,-1,-1,-1
837,128,75.450,114.911,94.395,252.860,0.854717,-1,-1,-1
837,130,164.504,149.257,60.181,206.848,0.864841,-1,-1,-1
837,131,225.474,154.080,52.762,147.611,0.813028,-1,-1,-1
837,133,382.646,109.672,95.459,279.723,0.862621,-1,-1,-1
837,134,276.628,169.912,43.711,100.988,0.811867,-1,-1,-1
837,114,1.110,112.186,42.536,217.704,0.678837,-1,-1,-1
