1,1,1.000,9.845,351.224,1061.891,0.927481,-1,-1,-1
1,2,875.759,153.611,238.808,626.866,0.814298,-1,-1,-1
1,3,547.169,272.409,94.464,315.819,0.811915,-1,-1,-1
1,4,404.995,278.974,107.408,319.399,0.810583,-1,-1,-1
2,1,-1.730,7.477,351.848,1064.200,0.930750,-1,-1,-1
2,2,869.268,150.117,239.461,628.856,0.805339,-1,-1,-1
2,3,543.480,267.969,96.205,321.698,0.808501,-1,-1,-1
2,4,400.618,275.724,108.060,321.160,0.813902,-1,-1,-1
3,1,-4.048,6.261,351.036,1062.828,0.929179,-1,-1,-1
3,2,861.373,152.698,238.624,627.645,0.828348,-1,-1,-1
3,3,538.237,266.868,97.628,326.517,0.804240,-1,-1,-1
3,4,393.049,275.384,108.489,322.449,0.844633,-1,-1,-1
4,1,-9.650,4.647,349.692,1061.701,0.925210,-1,-1,-1
4,2,860.124,153.956,238.199,628.704,0.834353,-1,-1,-1
4,3,532.557,265.818,98.279,328.996,0.807518,-1,-1,-1
4,4,384.485,272.347,110.107,327.040,0.842097,-1,-1,-1
5,1,-16.383,4.206,348.082,1062.465,0.915919,-1,-1,-1
5,2,861.963,153.083,239.280,635.948,0.818574,-1,-1,-1
5,3,526.717,263.538,99.668,334.016,0.808724,-1,-1,-1
5,4,377.804,266.636,111.591,331.528,0.834565,-1,-1,-1
6,1,-23.387,17.167,342.950,1055.840,0.877602,-1,-1,-1
6,2,866.276,152.203,234.495,628.522,0.803237,-1,-1,-1
6,3,521.892,263.004,100.327,335.851,0.797182,-1,-1,-1
6,4,372.506,263.154,112.548,334.663,0.830454,-1,-1,-1
7,1,-23.708,62.427,324.835,1009.521,0.903466,-1,-1,-1
7,2,871.382,153.709,229.619,622.083,0.816213,-1,-1,-1
7,3,516.226,260.533,102.564,343.589,0.779980,-1,-1,-1
7,4,365.086,261.359,113.754,338.136,0.822378,-1,-1,-1
8,1,-25.679,85.201,313.759,986.739,0.895956,-1,-1,-1
8,2,871.829,153.624,228.604,626.388,0.793078,-1,-1,-1
8,3,511.549,262.644,103.153,345.938,0.815384,-1,-1,-1
8,4,356.699,260.392,115.329,341.992,0.826627,-1,-1,-1
8,5,1040.085,300.280,84.996,345.966,0.675342,-1,-1,-1
9,1,-36.130,100.018,303.296,973.041,0.863765,-1,-1,-1
9,2,870.419,154.903,225.694,625.971,0.789357,-1,-1,-1
9,3,507.644,262.906,102.910,344.884,0.836421,-1,-1,-1
9,4,350.799,260.792,116.253,343.841,0.818585,-1,-1,-1
9,5,1037.763,303.841,85.401,347.728,0.662109,-1,-1,-1
10,1,-41.202,108.201,292.697,961.567,0.726795,-1,-1,-1
10,2,866.932,157.518,222.420,623.767,0.816102,-1,-1,-1
10,3,502.513,264.704,103.942,347.399,0.825851,-1,-1,-1
10,4,346.095,259.889,117.244,346.959,0.807774,-1,-1,-1
10,5,1035.995,301.962,86.426,352.530,0.700285,-1,-1,-1
11,1,-49.325,112.897,281.755,955.116,0.733206,-1,-1,-1
11,2,864.069,157.596,221.460,628.933,0.816742,-1,-1,-1
11,3,496.202,263.318,105.876,352.826,0.823137,-1,-1,-1
11,4,339.872,261.728,118.258,349.143,0.788905,-1,-1,-1
11,5,1033.560,298.019,87.553,359.405,0.663305,-1,-1,-1
12,1,-28.808,118.722,221.422,762.523,0.788053,-1,-1,-1
12,2,857.655,159.111,219.934,631.913,0.835584,-1,-1,-1
12,3,492.137,260.157,107.638,358.000,0.797386,-1,-1,-1
12,4,331.251,264.404,119.980,351.778,0.827447,-1,-1,-1
12,5,1030.765,297.519,87.509,362.351,0.677033,-1,-1,-1
13,1,-18.101,139.356,179.163,626.928,0.820033,-1,-1,-1
13,2,852.414,157.415,219.967,637.683,0.825256,-1,-1,-1
13,3,486.330,257.240,109.262,361.873,0.827081,-1,-1,-1
13,4,324.679,265.126,122.438,355.779,0.830245,-1,-1,-1
13,5,1030.563,300.005,85.332,355.759,0.695192,-1,-1,-1
14,1,-20.491,175.227,161.551,579.920,0.818334,-1,-1,-1
14,2,846.593,155.239,220.227,642.992,0.786205,-1,-1,-1
14,3,481.947,256.021,110.530,364.641,0.836449,-1,-1,-1
14,4,319.389,266.700,124.556,358.921,0.835098,-1,-1,-1
14,5,1029.026,294.328,85.279,358.404,0.684197,-1,-1,-1
15,2,839.249,154.619,218.480,639.655,0.797864,-1,-1,-1
15,3,479.363,257.147,111.029,363.247,0.839045,-1,-1,-1
15,4,317.607,269.317,125.570,360.320,0.828622,-1,-1,-1
15,5,1026.229,286.240,86.985,367.986,0.667221,-1,-1,-1
16,2,835.482,154.493,218.436,640.462,0.802033,-1,-1,-1
16,3,477.365,257.071,112.922,366.251,0.844735,-1,-1,-1
16,4,313.534,270.210,127.925,365.318,0.839638,-1,-1,-1
16,5,1024.238,278.400,88.690,377.058,0.632810,-1,-1,-1
17,2,834.141,155.527,219.120,642.820,0.826996,-1,-1,-1
17,3,475.757,258.741,114.310,367.883,0.842547,-1,-1,-1
17,4,310.744,274.288,129.176,367.856,0.850363,-1,-1,-1
17,5,1023.203,276.045,89.126,378.806,0.661057,-1,-1,-1
18,2,833.580,158.185,221.255,651.712,0.857181,-1,-1,-1
18,3,473.663,259.598,116.903,373.172,0.838008,-1,-1,-1
18,4,310.487,277.984,130.036,369.866,0.830385,-1,-1,-1
18,5,1020.576,261.231,92.011,392.279,0.697013,-1,-1,-1
19,2,834.001,160.026,220.864,657.076,0.858638,-1,-1,-1
19,3,472.329,263.564,119.608,378.332,0.821388,-1,-1,-1
19,4,303.030,280.965,133.861,377.070,0.830324,-1,-1,-1
19,5,1016.880,256.405,93.605,398.197,0.718750,-1,-1,-1
20,2,835.402,166.255,218.195,656.205,0.863455,-1,-1,-1
20,3,472.491,270.503,120.993,379.918,0.826845,-1,-1,-1
20,4,301.762,286.221,135.722,379.407,0.828375,-1,-1,-1
20,5,1013.735,251.144,96.183,408.076,0.766513,-1,-1,-1
21,2,843.935,169.812,215.390,657.297,0.851072,-1,-1,-1
21,3,474.914,273.582,124.186,387.013,0.812390,-1,-1,-1
21,4,305.042,288.130,137.966,383.843,0.844241,-1,-1,-1
21,5,1018.455,249.405,98.538,414.486,0.807938,-1,-1,-1
22,2,860.875,170.044,213.574,659.906,0.853723,-1,-1,-1
22,3,489.342,276.503,125.537,390.626,0.824837,-1,-1,-1
22,4,318.300,289.451,139.383,386.597,0.827534,-1,-1,-1
22,5,1029.973,250.129,100.277,418.742,0.795692,-1,-1,-1
23,2,869.279,171.742,212.456,663.483,0.861945,-1,-1,-1
23,3,502.679,281.131,126.627,393.368,0.826699,-1,-1,-1
23,4,329.048,292.004,140.242,387.521,0.828942,-1,-1,-1
23,5,1040.874,252.777,102.232,422.136,0.800963,-1,-1,-1
24,2,874.448,173.979,211.751,663.845,0.868300,-1,-1,-1
24,3,514.084,285.134,127.955,396.512,0.844545,-1,-1,-1
24,4,339.888,294.046,141.950,390.965,0.832958,-1,-1,-1
24,5,1051.558,256.146,103.332,419.027,0.817459,-1,-1,-1
25,2,875.666,174.691,210.886,660.847,0.863444,-1,-1,-1
25,3,522.748,286.191,130.529,403.329,0.844269,-1,-1,-1
25,4,351.904,295.768,141.921,389.904,0.831924,-1,-1,-1
25,5,1062.795,258.181,105.334,419.563,0.835819,-1,-1,-1
26,2,881.702,175.608,210.347,656.475,0.869387,-1,-1,-1
26,3,535.898,293.077,131.061,405.055,0.797953,-1,-1,-1
26,4,363.968,296.729,144.329,394.755,0.853712,-1,-1,-1
26,5,1074.770,261.200,108.713,422.486,0.831293,-1,-1,-1
27,2,886.921,177.783,212.124,656.911,0.862953,-1,-1,-1
27,3,549.776,294.707,132.895,410.918,0.830900,-1,-1,-1
27,4,377.431,300.092,145.089,397.215,0.840584,-1,-1,-1
27,5,1090.445,265.960,110.967,419.938,0.829730,-1,-1,-1
28,2,892.196,184.151,214.561,658.002,0.874770,-1,-1,-1
28,3,559.767,299.709,133.536,413.431,0.846882,-1,-1,-1
28,4,385.370,305.712,146.029,399.026,0.861064,-1,-1,-1
28,5,1099.126,272.628,113.234,418.239,0.835985,-1,-1,-1
29,2,890.776,190.867,215.862,659.358,0.879364,-1,-1,-1
29,3,565.133,301.291,134.669,417.174,0.863873,-1,-1,-1
29,4,390.318,309.909,147.244,404.145,0.842042,-1,-1,-1
29,5,1104.355,278.165,117.996,426.648,0.812788,-1,-1,-1
30,2,892.568,196.169,217.125,660.774,0.892219,-1,-1,-1
30,3,570.340,301.583,135.205,417.806,0.851938,-1,-1,-1
30,4,395.224,313.148,149.115,410.813,0.839387,-1,-1,-1
30,5,1111.587,281.606,122.303,431.659,0.832209,-1,-1,-1
31,2,893.746,201.666,219.065,664.063,0.883187,-1,-1,-1
31,3,574.705,303.062,135.994,420.039,0.835572,-1,-1,-1
31,4,398.816,318.265,150.750,417.083,0.843528,-1,-1,-1
31,5,1116.722,285.192,126.234,435.408,0.854540,-1,-1,-1
32,2,895.808,208.660,221.360,667.751,0.884256,-1,-1,-1
32,3,577.856,305.659,137.937,427.469,0.852260,-1,-1,-1
32,4,401.373,323.592,150.938,419.079,0.857251,-1,-1,-1
32,5,1119.349,289.939,128.534,433.367,0.857836,-1,-1,-1
33,2,899.233,213.609,223.015,669.623,0.882437,-1,-1,-1
33,3,582.026,308.240,139.134,431.095,0.846429,-1,-1,-1
33,4,404.571,329.181,150.951,419.522,0.858564,-1,-1,-1
33,5,1123.328,297.732,131.345,431.315,0.855651,-1,-1,-1
34,2,902.855,220.051,225.521,672.221,0.874769,-1,-1,-1
34,3,585.422,310.149,139.668,434.068,0.841211,-1,-1,-1
34,4,402.406,333.529,152.767,425.562,0.841845,-1,-1,-1
34,5,1125.738,302.632,132.993,425.841,0.854971,-1,-1,-1
35,2,906.361,227.288,227.529,675.939,0.877692,-1,-1,-1
35,3,588.488,314.064,140.689,439.032,0.829893,-1,-1,-1
35,4,399.567,337.364,155.117,433.318,0.826816,-1,-1,-1
35,5,1128.075,306.842,134.923,421.507,0.846054,-1,-1,-1
36,2,908.743,233.787,228.468,677.982,0.883995,-1,-1,-1
36,3,592.295,318.939,141.524,441.982,0.821353,-1,-1,-1
36,4,394.826,341.436,156.764,439.373,0.854346,-1,-1,-1
36,5,1129.079,311.573,137.005,419.729,0.851057,-1,-1,-1
37,2,909.481,241.960,228.717,677.586,0.890341,-1,-1,-1
37,3,592.692,323.191,142.085,446.353,0.804355,-1,-1,-1
37,4,389.032,344.315,158.065,445.904,0.866515,-1,-1,-1
37,5,1130.976,315.695,140.449,423.928,0.843797,-1,-1,-1
38,2,913.112,248.494,228.493,677.447,0.888920,-1,-1,-1
38,3,593.449,328.663,142.562,450.322,0.825940,-1,-1,-1
38,4,383.663,348.126,158.577,448.696,0.868953,-1,-1,-1
38,5,1131.855,321.215,142.069,422.054,0.846294,-1,-1,-1
39,2,918.623,255.046,228.072,679.060,0.884554,-1,-1,-1
39,3,591.814,333.338,144.692,459.175,0.816457,-1,-1,-1
39,4,378.674,351.605,159.858,453.070,0.880238,-1,-1,-1
39,5,1133.358,327.745,145.012,427.154,0.854056,-1,-1,-1
40,2,922.009,258.257,228.435,684.671,0.876504,-1,-1,-1
40,3,588.275,342.332,147.009,467.051,0.796545,-1,-1,-1
40,4,374.009,356.339,160.806,456.095,0.874047,-1,-1,-1
40,5,1134.974,334.812,147.340,431.160,0.854215,-1,-1,-1
41,2,922.615,260.885,226.603,683.750,0.880361,-1,-1,-1
41,3,584.274,344.469,148.764,473.796,0.802192,-1,-1,-1
41,4,364.806,357.603,162.520,458.841,0.862584,-1,-1,-1
41,5,1137.768,339.851,147.754,430.759,0.850041,-1,-1,-1
42,2,925.636,266.551,222.798,676.770,0.882191,-1,-1,-1
42,3,580.158,348.439,150.585,479.919,0.710167,-1,-1,-1
42,4,353.576,359.062,165.621,465.170,0.871628,-1,-1,-1
42,5,1138.506,347.463,147.414,429.053,0.855791,-1,-1,-1
43,2,927.505,273.296,217.564,665.716,0.881947,-1,-1,-1
43,3,573.761,353.018,150.565,482.475,0.805395,-1,-1,-1
43,4,341.579,363.776,168.344,470.039,0.848294,-1,-1,-1
43,5,1136.498,354.012,148.004,429.671,0.857111,-1,-1,-1
44,2,927.283,279.839,214.306,660.199,0.885729,-1,-1,-1
44,3,566.744,357.662,151.878,490.303,0.811731,-1,-1,-1
44,4,327.891,367.338,171.844,476.429,0.858084,-1,-1,-1
44,5,1134.356,362.311,147.314,425.941,0.856383,-1,-1,-1
45,2,925.667,285.408,212.744,660.070,0.887621,-1,-1,-1
45,3,559.224,362.355,153.240,499.766,0.824581,-1,-1,-1
45,4,314.297,372.140,176.724,486.625,0.845350,-1,-1,-1
45,5,1130.067,368.987,147.772,426.435,0.840770,-1,-1,-1
46,2,921.889,293.346,212.607,664.608,0.886594,-1,-1,-1
46,3,552.209,365.598,154.022,506.942,0.821311,-1,-1,-1
46,4,300.621,378.635,182.036,499.742,0.841286,-1,-1,-1
46,5,1125.640,376.693,149.538,431.621,0.850911,-1,-1,-1
47,2,917.021,302.453,211.927,668.295,0.878094,-1,-1,-1
47,3,545.099,370.552,154.929,513.348,0.824841,-1,-1,-1
47,4,282.715,383.778,189.280,516.454,0.843556,-1,-1,-1
47,5,1120.074,382.911,149.948,433.956,0.835696,-1,-1,-1
48,2,911.363,310.106,212.686,676.439,0.877356,-1,-1,-1
48,3,534.406,373.573,157.223,523.042,0.857754,-1,-1,-1
48,4,267.394,391.966,194.432,527.269,0.856918,-1,-1,-1
48,5,1113.190,390.250,149.296,435.415,0.832120,-1,-1,-1
49,2,904.131,319.323,212.597,682.444,0.878357,-1,-1,-1
49,3,525.761,377.554,159.119,531.189,0.850761,-1,-1,-1
49,4,251.447,399.102,198.513,534.472,0.871893,-1,-1,-1
49,5,1107.618,396.334,149.013,435.075,0.853001,-1,-1,-1
50,2,898.537,328.165,211.237,684.142,0.877293,-1,-1,-1
50,3,519.769,383.372,160.461,537.598,0.838693,-1,-1,-1
50,4,238.261,406.384,198.808,528.617,0.835344,-1,-1,-1
50,5,1100.477,401.126,149.505,438.734,0.853798,-1,-1,-1
51,2,892.539,336.120,209.671,685.672,0.869418,-1,-1,-1
51,3,511.117,386.959,162.006,544.543,0.846976,-1,-1,-1
51,4,223.651,413.210,199.488,523.101,0.844048,-1,-1,-1
51,5,1095.634,405.086,149.432,439.789,0.868005,-1,-1,-1
52,2,887.296,343.331,207.669,685.317,0.875887,-1,-1,-1
52,3,503.201,389.711,162.681,547.491,0.837555,-1,-1,-1
52,4,206.066,418.119,210.438,548.747,0.829266,-1,-1,-1
52,5,1091.960,407.052,149.900,442.346,0.864519,-1,-1,-1
53,2,882.903,349.489,205.437,683.046,0.878322,-1,-1,-1
53,3,495.987,395.979,163.567,550.670,0.840381,-1,-1,-1
53,4,191.100,421.569,216.241,563.153,0.870428,-1,-1,-1
53,5,1087.455,410.341,150.688,443.370,0.865206,-1,-1,-1
54,2,878.942,353.080,203.690,680.477,0.883319,-1,-1,-1
54,3,487.877,397.864,166.138,557.704,0.850934,-1,-1,-1
54,4,178.694,423.363,220.532,573.363,0.882232,-1,-1,-1
54,5,1082.984,411.936,152.275,445.623,0.871164,-1,-1,-1
55,2,872.570,353.232,203.066,680.092,0.883703,-1,-1,-1
55,3,481.389,399.106,169.335,565.062,0.858095,-1,-1,-1
55,4,167.690,422.629,224.068,582.820,0.895228,-1,-1,-1
55,5,1079.710,413.117,153.366,445.790,0.875612,-1,-1,-1
56,2,867.560,352.428,203.145,682.485,0.879162,-1,-1,-1
56,3,476.280,400.910,173.777,576.215,0.872805,-1,-1,-1
56,4,157.159,421.451,227.422,593.177,0.882553,-1,-1,-1
56,5,1080.226,414.544,153.152,442.138,0.874423,-1,-1,-1
57,2,861.725,351.695,203.839,686.087,0.875170,-1,-1,-1
57,3,470.385,403.875,179.011,589.445,0.875758,-1,-1,-1
57,4,145.791,421.418,229.968,600.954,0.888699,-1,-1,-1
57,5,1079.977,416.369,153.460,439.338,0.867421,-1,-1,-1
58,2,858.421,350.902,202.419,680.154,0.868262,-1,-1,-1
58,3,464.555,402.197,184.850,605.143,0.881420,-1,-1,-1
58,4,136.370,420.432,233.236,610.909,0.875980,-1,-1,-1
58,5,1076.966,415.160,156.121,443.551,0.871758,-1,-1,-1
59,2,850.641,348.244,200.998,671.827,0.882670,-1,-1,-1
59,3,457.105,397.939,189.818,620.595,0.882972,-1,-1,-1
59,4,126.689,419.582,235.730,617.703,0.896918,-1,-1,-1
59,5,1075.846,416.535,156.843,441.716,0.870230,-1,-1,-1
60,2,843.601,347.948,200.724,666.962,0.887297,-1,-1,-1
60,3,452.903,399.109,191.387,625.801,0.877323,-1,-1,-1
60,4,116.118,418.697,238.142,623.571,0.906825,-1,-1,-1
60,5,1074.006,417.190,158.720,442.533,0.868214,-1,-1,-1
61,2,834.507,348.311,202.931,667.439,0.888814,-1,-1,-1
61,3,446.378,400.735,194.461,636.276,0.864284,-1,-1,-1
61,4,106.094,418.012,241.503,632.236,0.905223,-1,-1,-1
61,5,1072.258,418.220,160.663,443.084,0.865606,-1,-1,-1
62,2,829.914,348.173,205.307,667.733,0.879998,-1,-1,-1
62,3,443.731,400.295,196.485,643.989,0.851199,-1,-1,-1
62,4,96.647,415.214,248.227,651.761,0.900295,-1,-1,-1
62,5,1073.057,417.838,162.394,442.838,0.862845,-1,-1,-1
63,2,826.571,345.374,208.401,672.373,0.881060,-1,-1,-1
63,3,441.697,396.846,198.792,651.565,0.861340,-1,-1,-1
63,4,89.505,410.424,252.536,667.994,0.892361,-1,-1,-1
63,5,1075.306,416.812,164.491,442.919,0.870527,-1,-1,-1
64,2,824.594,343.575,210.591,675.925,0.878384,-1,-1,-1
64,3,444.339,391.003,201.081,660.179,0.870881,-1,-1,-1
64,4,83.495,406.447,253.698,675.843,0.887176,-1,-1,-1
64,5,1077.175,416.483,166.610,443.091,0.870014,-1,-1,-1
64,9,1021.539,435.320,66.546,316.270,0.791449,-1,-1,-1
65,2,822.528,341.834,213.104,679.212,0.888952,-1,-1,-1
65,3,444.962,384.515,203.511,668.086,0.872179,-1,-1,-1
65,4,76.255,405.776,253.338,678.210,0.883398,-1,-1,-1
65,5,1079.781,414.468,168.891,444.296,0.862593,-1,-1,-1
65,9,1024.133,436.585,65.983,313.099,0.786842,-1,-1,-1
66,2,822.747,340.013,214.972,681.809,0.887548,-1,-1,-1
66,3,445.018,377.310,206.496,676.288,0.876419,-1,-1,-1
66,4,70.014,404.203,252.677,678.167,0.888525,-1,-1,-1
66,5,1086.194,409.374,172.608,450.185,0.839183,-1,-1,-1
66,9,1027.169,435.916,65.970,311.867,0.779680,-1,-1,-1
67,2,823.406,339.354,216.465,683.095,0.893059,-1,-1,-1
67,3,445.444,370.549,209.301,683.388,0.873315,-1,-1,-1
67,4,61.074,400.058,253.601,682.425,0.888017,-1,-1,-1
67,5,1090.933,405.412,176.116,455.519,0.846114,-1,-1,-1
67,9,1029.762,432.981,65.881,309.304,0.746136,-1,-1,-1
68,2,825.282,338.072,217.860,684.454,0.893419,-1,-1,-1
68,3,445.314,360.915,212.802,691.722,0.870843,-1,-1,-1
68,4,50.749,397.030,253.273,680.846,0.888939,-1,-1,-1
68,5,1094.021,402.171,176.417,455.113,0.845627,-1,-1,-1
68,9,1033.005,426.029,67.294,313.412,0.725921,-1,-1,-1
69,2,829.887,334.028,218.609,685.493,0.887850,-1,-1,-1
69,3,445.638,351.838,216.346,700.176,0.877531,-1,-1,-1
69,4,39.942,388.320,255.837,685.439,0.899821,-1,-1,-1
69,5,1096.933,398.101,177.323,456.324,0.872636,-1,-1,-1
69,9,1036.291,421.273,68.167,315.023,0.720831,-1,-1,-1
70,2,832.339,330.804,218.799,683.599,0.896747,-1,-1,-1
70,3,443.716,344.581,220.091,707.956,0.891323,-1,-1,-1
70,4,25.540,379.884,260.619,694.602,0.913498,-1,-1,-1
70,5,1099.800,393.778,178.003,456.864,0.872066,-1,-1,-1
70,9,1038.675,417.274,68.872,315.407,0.709068,-1,-1,-1
71,2,835.069,327.855,218.944,682.241,0.890425,-1,-1,-1
71,3,439.353,337.194,224.944,719.824,0.890080,-1,-1,-1
71,4,8.960,372.041,264.058,702.852,0.909569,-1,-1,-1
71,5,1102.398,389.211,177.594,455.095,0.864316,-1,-1,-1
71,9,1039.827,413.591,69.726,316.043,0.721674,-1,-1,-1
72,2,836.048,322.556,219.707,682.394,0.890611,-1,-1,-1
72,3,432.821,327.914,232.195,741.143,0.891625,-1,-1,-1
72,4,-2.759,364.203,266.176,711.047,0.919537,-1,-1,-1
72,5,1104.926,386.355,176.824,452.430,0.859219,-1,-1,-1
72,9,1040.609,411.449,70.203,315.303,0.722707,-1,-1,-1
73,2,837.214,316.580,219.525,680.032,0.885466,-1,-1,-1
73,3,425.976,318.239,238.023,758.282,0.893316,-1,-1,-1
73,4,-12.277,352.694,267.727,722.651,0.911079,-1,-1,-1
73,5,1106.989,383.177,175.097,447.191,0.855587,-1,-1,-1
73,9,1041.285,410.644,70.359,313.343,0.675797,-1,-1,-1
74,2,838.265,311.148,217.136,669.500,0.880457,-1,-1,-1
74,3,418.742,312.322,240.953,765.367,0.890722,-1,-1,-1
74,4,-20.543,345.473,266.730,732.193,0.906489,-1,-1,-1
74,5,1107.660,379.661,173.629,443.479,0.856545,-1,-1,-1
74,9,1041.421,410.184,70.705,311.595,0.684780,-1,-1,-1
75,2,839.530,306.577,215.820,664.085,0.872110,-1,-1,-1
75,3,409.142,304.999,244.009,772.908,0.895398,-1,-1,-1
75,4,-27.802,334.358,265.004,744.216,0.895790,-1,-1,-1
75,5,1107.686,376.794,172.877,441.324,0.861637,-1,-1,-1
75,9,1041.276,420.263,68.549,298.863,0.664160,-1,-1,-1
76,2,842.322,302.414,215.087,661.728,0.869065,-1,-1,-1
76,3,399.657,298.355,246.355,777.208,0.889386,-1,-1,-1
76,4,-33.168,325.678,260.173,750.715,0.888261,-1,-1,-1
76,5,1108.506,374.515,171.902,440.160,0.855939,-1,-1,-1
76,9,1042.589,432.318,65.989,283.065,0.722846,-1,-1,-1
77,2,844.010,299.530,214.715,663.130,0.878638,-1,-1,-1
77,3,390.661,294.627,247.568,777.155,0.891295,-1,-1,-1
77,4,-38.059,319.075,254.577,758.294,0.880233,-1,-1,-1
77,5,1108.554,372.764,171.980,441.807,0.865683,-1,-1,-1
77,9,1041.760,436.052,65.996,278.524,0.632420,-1,-1,-1
78,2,845.121,296.846,213.796,665.639,0.863735,-1,-1,-1
78,3,378.389,290.435,250.869,782.644,0.897191,-1,-1,-1
78,4,-42.886,313.026,246.605,762.240,0.867349,-1,-1,-1
78,5,1108.070,371.424,171.912,443.157,0.864045,-1,-1,-1
78,9,1036.842,424.233,69.808,292.005,0.707569,-1,-1,-1
79,2,845.896,293.478,213.580,670.430,0.859194,-1,-1,-1
79,3,362.953,285.734,254.004,788.005,0.900259,-1,-1,-1
79,4,-46.286,310.285,237.674,765.102,0.829110,-1,-1,-1
79,5,1107.313,368.988,171.808,444.637,0.859998,-1,-1,-1
79,9,1031.006,409.122,73.723,306.535,0.718876,-1,-1,-1
79,12,812.940,450.839,46.867,165.595,0.644971,-1,-1,-1
80,2,843.901,290.669,212.766,674.821,0.856610,-1,-1,-1
80,3,346.423,277.886,258.263,795.312,0.896533,-1,-1,-1
80,5,1104.183,365.627,171.760,447.260,0.843315,-1,-1,-1
80,9,1025.947,401.786,75.355,314.019,0.709678,-1,-1,-1
80,12,808.028,447.625,48.519,170.809,0.615093,-1,-1,-1
81,2,841.973,292.404,210.817,675.575,0.851369,-1,-1,-1
81,3,329.060,269.071,262.591,803.193,0.901798,-1,-1,-1
81,5,1100.686,364.685,170.038,446.370,0.856689,-1,-1,-1
81,9,1020.742,404.207,74.514,310.496,0.693747,-1,-1,-1
81,12,802.923,445.627,48.349,169.350,0.619567,-1,-1,-1
81,4,-27.752,408.344,153.648,511.470,0.641789,-1,-1,-1
82,2,838.620,293.733,208.341,675.102,0.852860,-1,-1,-1
82,3,310.401,256.636,269.910,817.045,0.897402,-1,-1,-1
82,5,1095.452,361.260,168.970,447.529,0.862692,-1,-1,-1
82,9,1016.713,395.304,75.367,314.594,0.646634,-1,-1,-1
82,12,798.597,442.441,48.629,169.307,0.674919,-1,-1,-1
82,4,-18.093,439.284,110.989,382.508,0.781548,-1,-1,-1
83,2,835.243,293.001,205.277,674.137,0.851370,-1,-1,-1
83,3,288.490,243.880,276.641,829.055,0.889567,-1,-1,-1
83,5,1090.674,359.286,168.488,451.008,0.851762,-1,-1,-1
83,9,1008.525,385.970,77.558,321.825,0.544928,-1,-1,-1
83,12,795.422,438.321,47.934,166.044,0.578518,-1,-1,-1
84,2,828.062,292.645,202.903,674.915,0.847634,-1,-1,-1
84,3,259.590,231.783,283.269,842.452,0.903304,-1,-1,-1
84,5,1083.653,355.964,168.685,455.540,0.858601,-1,-1,-1
84,9,1000.689,378.901,77.919,321.963,0.745195,-1,-1,-1
84,12,788.187,435.908,48.120,166.004,0.558678,-1,-1,-1
85,2,818.968,291.294,199.927,672.505,0.827514,-1,-1,-1
85,3,233.280,219.498,292.055,855.987,0.916961,-1,-1,-1
85,5,1075.679,354.834,166.397,454.142,0.848487,-1,-1,-1
85,9,991.179,374.961,77.795,319.363,0.761615,-1,-1,-1
85,12,778.129,428.743,49.609,170.050,0.599833,-1,-1,-1
86,2,807.917,286.322,198.265,672.032,0.841713,-1,-1,-1
86,3,204.938,206.287,299.248,869.919,0.905609,-1,-1,-1
86,5,1068.436,350.793,165.063,454.400,0.831822,-1,-1,-1
86,9,980.868,370.603,79.169,320.159,0.806865,-1,-1,-1
86,12,770.205,422.207,50.749,175.124,0.515914,-1,-1,-1
87,2,796.980,280.692,198.345,675.196,0.852391,-1,-1,-1
87,3,173.868,191.775,306.991,884.964,0.910432,-1,-1,-1
87,5,1060.999,348.138,163.540,452.986,0.850888,-1,-1,-1
87,9,971.644,367.458,80.386,320.390,0.779643,-1,-1,-1
87,12,761.167,415.531,51.827,179.906,0.688388,-1,-1,-1
87,14,474.173,412.165,79.746,285.693,0.729639,-1,-1,-1
88,2,786.017,276.335,197.784,671.787,0.857128,-1,-1,-1
88,3,147.360,181.623,313.505,896.189,0.915477,-1,-1,-1
88,5,1051.385,342.347,162.859,454.201,0.848503,-1,-1,-1
88,9,960.036,360.751,82.663,323.931,0.744851,-1,-1,-1
88,12,750.720,411.112,51.222,177.815,0.464604,-1,-1,-1
88,14,458.620,409.818,80.270,286.511,0.760746,-1,-1,-1
89,2,773.060,270.472,197.830,669.717,0.847662,-1,-1,-1
89,3,121.387,170.031,320.680,906.958,0.920115,-1,-1,-1
89,5,1044.064,336.309,162.805,454.556,0.853428,-1,-1,-1
89,9,951.595,359.181,83.305,319.644,0.816209,-1,-1,-1
89,12,741.248,408.894,51.146,180.607,0.330312,-1,-1,-1
89,14,442.674,400.030,84.164,298.269,0.773934,-1,-1,-1
90,2,761.881,263.240,197.461,660.418,0.868950,-1,-1,-1
90,3,96.180,155.505,330.267,920.962,0.924137,-1,-1,-1
90,5,1036.870,330.489,163.775,458.735,0.848192,-1,-1,-1
90,9,945.203,355.775,83.843,316.688,0.782277,-1,-1,-1
90,14,431.553,391.374,86.310,303.350,0.779905,-1,-1,-1
91,2,751.239,258.634,197.752,651.482,0.880799,-1,-1,-1
91,3,73.961,143.610,338.700,931.020,0.922434,-1,-1,-1
91,5,1032.180,326.049,163.378,457.115,0.868128,-1,-1,-1
91,9,938.581,351.366,85.727,318.013,0.799671,-1,-1,-1
91,14,422.117,387.229,87.810,305.962,0.761475,-1,-1,-1
92,2,739.327,252.792,200.480,651.099,0.878693,-1,-1,-1
92,3,50.126,129.049,349.567,944.911,0.922121,-1,-1,-1
92,5,1027.683,319.830,163.196,455.128,0.863649,-1,-1,-1
92,9,930.814,349.532,86.573,317.219,0.789466,-1,-1,-1
92,14,413.125,384.791,89.396,308.075,0.822317,-1,-1,-1
93,2,730.854,246.729,204.564,653.979,0.889077,-1,-1,-1
93,3,28.287,117.740,359.392,956.217,0.924398,-1,-1,-1
93,5,1022.538,315.172,163.934,454.695,0.870465,-1,-1,-1
93,9,927.222,347.762,87.601,317.054,0.776263,-1,-1,-1
93,14,405.223,380.048,91.589,312.190,0.807085,-1,-1,-1
94,2,720.575,242.369,207.932,657.773,0.872896,-1,-1,-1
94,3,14.818,107.555,367.782,968.584,0.932305,-1,-1,-1
94,5,1018.561,312.982,164.890,454.148,0.872596,-1,-1,-1
94,9,923.746,346.381,89.138,318.615,0.802601,-1,-1,-1
94,14,398.450,378.335,92.490,310.738,0.802601,-1,-1,-1
95,2,711.996,240.109,211.711,663.718,0.885978,-1,-1,-1
95,3,7.964,97.402,374.699,979.243,0.930682,-1,-1,-1
95,5,1014.283,311.510,166.177,453.813,0.864433,-1,-1,-1
95,9,920.732,344.377,90.369,319.993,0.780549,-1,-1,-1
95,14,392.112,375.337,94.868,314.532,0.817442,-1,-1,-1
96,2,703.308,241.466,213.918,664.831,0.904541,-1,-1,-1
96,3,-1.978,86.290,379.028,990.362,0.934932,-1,-1,-1
96,5,1011.036,310.795,168.451,455.689,0.859797,-1,-1,-1
96,9,917.498,344.619,91.560,320.140,0.754021,-1,-1,-1
96,14,385.791,374.160,97.656,320.480,0.809804,-1,-1,-1
97,2,699.361,241.114,216.701,670.261,0.899590,-1,-1,-1
97,3,-9.296,76.063,381.538,1000.403,0.933773,-1,-1,-1
97,5,1009.394,310.689,170.464,456.350,0.861787,-1,-1,-1
97,9,912.380,343.113,93.074,319.648,0.732768,-1,-1,-1
97,14,382.051,371.006,100.331,326.061,0.818904,-1,-1,-1
98,2,696.312,242.609,218.837,674.655,0.899585,-1,-1,-1
98,3,-15.729,59.996,383.931,1013.806,0.934415,-1,-1,-1
98,5,1009.051,310.458,173.230,458.512,0.859140,-1,-1,-1
98,9,911.354,343.123,94.417,320.656,0.730649,-1,-1,-1
98,14,379.984,368.791,102.483,330.229,0.825494,-1,-1,-1
99,2,694.760,246.107,220.242,677.006,0.898540,-1,-1,-1
99,3,-20.841,48.028,384.433,1025.429,0.927229,-1,-1,-1
99,5,1010.781,310.937,176.173,460.442,0.869979,-1,-1,-1
99,9,911.660,343.294,95.446,321.001,0.737013,-1,-1,-1
99,14,378.242,366.802,104.484,334.037,0.821379,-1,-1,-1
99,16,632.351,417.255,58.720,165.514,0.633986,-1,-1,-1
100,2,694.500,249.390,220.238,676.136,0.898763,-1,-1,-1
100,3,-26.044,36.645,383.068,1035.626,0.922506,-1,-1,-1
100,5,1013.441,312.358,178.469,460.754,0.876272,-1,-1,-1
100,9,913.961,347.522,95.734,318.296,0.743461,-1,-1,-1
100,14,376.514,367.783,105.558,334.445,0.832298,-1,-1,-1
100,16,632.152,416.376,58.919,166.050,0.649284,-1,-1,-1
101,2,697.030,250.569,219.789,676.094,0.888977,-1,-1,-1
101,3,-33.624,20.138,383.011,1054.939,0.914448,-1,-1,-1
101,5,1015.414,312.283,181.376,462.951,0.856773,-1,-1,-1
101,9,916.202,348.261,96.426,317.630,0.768250,-1,-1,-1
101,14,376.594,366.205,107.288,337.686,0.823935,-1,-1,-1
101,16,634.325,415.218,58.625,165.162,0.701798,-1,-1,-1
102,2,701.440,251.470,218.520,671.302,0.894751,-1,-1,-1
102,3,-39.783,12.588,376.981,1061.702,0.919016,-1,-1,-1
102,5,1019.982,312.831,183.575,464.773,0.830780,-1,-1,-1
102,9,920.616,347.744,97.354,318.992,0.792259,-1,-1,-1
102,14,377.109,365.186,109.165,341.330,0.831879,-1,-1,-1
102,16,638.039,415.123,58.742,165.390,0.522358,-1,-1,-1
103,2,712.208,251.564,217.849,667.820,0.888118,-1,-1,-1
103,3,-44.247,7.581,368.992,1065.688,0.909223,-1,-1,-1
103,5,1027.542,315.140,185.677,465.757,0.843321,-1,-1,-1
103,9,928.558,343.365,98.374,321.768,0.744334,-1,-1,-1
103,14,383.903,366.150,108.959,338.992,0.803672,-1,-1,-1
103,16,643.766,411.124,59.086,166.103,0.554433,-1,-1,-1
104,2,722.540,248.712,218.421,668.368,0.891872,-1,-1,-1
104,3,-46.868,8.915,355.866,1056.190,0.831622,-1,-1,-1
104,5,1042.406,310.766,188.387,468.934,0.858210,-1,-1,-1
104,9,940.082,340.179,99.394,322.443,0.734548,-1,-1,-1
104,14,393.207,369.349,108.599,336.233,0.811177,-1,-1,-1
104,16,654.650,408.683,59.673,168.309,0.663905,-1,-1,-1
105,2,735.242,246.742,217.679,665.091,0.886144,-1,-1,-1
105,3,-29.747,166.164,299.800,902.091,0.780102,-1,-1,-1
105,5,1053.974,309.759,189.771,469.589,0.854655,-1,-1,-1
105,9,950.300,335.766,100.997,326.930,0.737118,-1,-1,-1
105,14,401.369,367.118,109.378,337.995,0.808713,-1,-1,-1
105,16,663.418,409.316,59.239,166.846,0.373897,-1,-1,-1
106,2,745.348,244.093,214.234,654.313,0.878091,-1,-1,-1
106,3,-36.222,226.369,233.737,730.445,0.622756,-1,-1,-1
106,5,1067.100,305.716,193.323,475.531,0.842119,-1,-1,-1
106,9,957.923,333.618,101.832,328.926,0.789549,-1,-1,-1
106,14,409.247,366.083,109.361,337.103,0.801504,-1,-1,-1
106,16,670.092,407.011,59.669,167.471,0.681961,-1,-1,-1
107,2,754.697,238.907,211.950,647.107,0.878307,-1,-1,-1
107,3,-59.689,246.052,232.491,770.086,0.725102,-1,-1,-1
107,5,1073.741,304.205,193.459,475.237,0.842363,-1,-1,-1
107,9,964.923,331.684,102.044,327.738,0.744912,-1,-1,-1
107,14,414.315,363.267,110.188,338.853,0.788780,-1,-1,-1
107,16,674.346,405.391,60.666,168.940,0.675480,-1,-1,-1
108,2,760.488,235.232,211.092,645.115,0.882767,-1,-1,-1
108,5,1075.660,302.606,190.859,473.093,0.838564,-1,-1,-1
108,9,969.732,329.497,102.819,329.040,0.728191,-1,-1,-1
108,14,416.953,361.570,111.921,344.033,0.796597,-1,-1,-1
108,16,677.701,404.438,61.511,169.906,0.728560,-1,-1,-1
109,2,767.005,233.287,210.086,644.876,0.875318,-1,-1,-1
109,5,1078.714,299.395,188.045,470.466,0.870376,-1,-1,-1
109,9,971.364,327.931,101.617,327.032,0.549251,-1,-1,-1
109,14,416.791,359.300,113.743,349.005,0.808242,-1,-1,-1
109,16,680.905,402.243,61.959,170.690,0.681228,-1,-1,-1
110,2,770.054,231.560,209.841,646.472,0.875342,-1,-1,-1
110,5,1083.583,296.236,185.258,466.945,0.872150,-1,-1,-1
110,9,977.011,325.332,101.911,327.403,0.666850,-1,-1,-1
110,14,414.602,355.469,116.046,355.567,0.798349,-1,-1,-1
110,16,683.783,399.305,62.503,171.065,0.626123,-1,-1,-1
111,2,772.578,230.459,209.504,649.207,0.872079,-1,-1,-1
111,5,1087.914,293.066,182.530,463.420,0.866656,-1,-1,-1
111,9,978.686,324.650,101.804,325.600,0.614889,-1,-1,-1
111,14,413.662,353.653,116.608,355.915,0.805938,-1,-1,-1
111,16,685.922,396.228,63.440,173.178,0.658752,-1,-1,-1
112,2,773.936,229.870,208.449,649.572,0.867448,-1,-1,-1
112,5,1093.466,290.111,180.479,461.045,0.854876,-1,-1,-1
112,9,979.717,324.284,102.772,326.225,0.633767,-1,-1,-1
112,14,413.794,350.584,117.591,359.106,0.748240,-1,-1,-1
112,16,688.527,395.685,64.107,174.182,0.644125,-1,-1,-1
113,2,775.430,229.431,207.324,650.234,0.864777,-1,-1,-1
113,5,1098.253,287.411,179.672,462.784,0.851135,-1,-1,-1
113,9,983.308,323.906,103.194,325.795,0.602612,-1,-1,-1
113,14,412.571,348.748,118.725,362.857,0.739208,-1,-1,-1
113,16,689.857,392.375,65.955,178.818,0.700927,-1,-1,-1
114,2,779.258,230.897,205.985,651.203,0.854459,-1,-1,-1
114,5,1102.815,285.797,179.107,465.883,0.857802,-1,-1,-1
114,9,988.071,322.154,102.062,321.895,0.592706,-1,-1,-1
114,14,412.504,346.164,119.452,365.905,0.735160,-1,-1,-1
114,16,693.034,393.472,65.371,176.701,0.629494,-1,-1,-1
115,2,785.005,232.510,204.688,651.505,0.844395,-1,-1,-1
115,5,1106.624,286.277,177.733,466.146,0.867941,-1,-1,-1
115,9,995.023,321.529,102.000,322.634,0.734938,-1,-1,-1
115,14,412.078,344.768,120.297,368.378,0.737868,-1,-1,-1
115,16,696.119,391.874,66.092,178.827,0.595524,-1,-1,-1
116,2,788.070,233.457,203.667,652.044,0.850852,-1,-1,-1
116,5,1110.101,286.325,176.111,464.858,0.862975,-1,-1,-1
116,9,997.833,322.717,102.114,320.526,0.706748,-1,-1,-1
116,14,409.063,343.332,121.568,370.361,0.773281,-1,-1,-1
116,16,697.041,392.932,66.565,179.401,0.557282,-1,-1,-1
117,2,787.824,234.153,202.430,652.299,0.852088,-1,-1,-1
117,5,1113.084,285.510,175.673,466.723,0.859139,-1,-1,-1
117,9,998.288,321.920,102.793,321.062,0.669876,-1,-1,-1
117,14,406.942,343.581,122.279,370.061,0.721283,-1,-1,-1
117,16,696.222,390.749,67.469,179.697,0.624524,-1,-1,-1
118,2,783.520,235.653,200.637,649.962,0.856564,-1,-1,-1
118,5,1115.469,285.872,175.726,469.639,0.856386,-1,-1,-1
118,9,993.916,322.707,104.567,321.575,0.729645,-1,-1,-1
118,14,401.987,340.397,124.548,374.665,0.703105,-1,-1,-1
118,16,694.815,392.001,68.180,179.613,0.615529,-1,-1,-1
119,2,780.451,235.649,199.476,649.640,0.866724,-1,-1,-1
119,5,1118.005,287.350,175.313,472.328,0.851130,-1,-1,-1
119,9,990.514,324.268,106.586,322.045,0.755666,-1,-1,-1
119,14,396.982,338.979,126.019,376.949,0.825202,-1,-1,-1
119,16,695.156,393.099,68.558,179.449,0.552911,-1,-1,-1
120,2,776.595,233.936,198.908,649.324,0.878165,-1,-1,-1
120,5,1118.645,288.324,174.632,474.074,0.853177,-1,-1,-1
120,9,985.805,325.101,108.814,323.079,0.707419,-1,-1,-1
120,14,391.498,335.412,128.368,382.820,0.835803,-1,-1,-1
120,16,693.162,392.951,69.215,179.015,0.528891,-1,-1,-1
121,2,772.323,230.329,197.805,645.769,0.874124,-1,-1,-1
121,5,1117.678,290.172,174.033,475.459,0.847011,-1,-1,-1
121,9,981.863,326.317,110.687,322.495,0.607455,-1,-1,-1
121,14,385.493,334.231,129.936,386.154,0.838362,-1,-1,-1
121,16,690.914,394.284,71.322,182.016,0.432548,-1,-1,-1
122,2,765.994,228.910,195.605,637.892,0.865622,-1,-1,-1
122,5,1115.699,291.470,173.536,477.077,0.840532,-1,-1,-1
122,9,979.906,326.248,112.653,322.625,0.637192,-1,-1,-1
122,14,376.577,333.649,132.872,393.062,0.826059,-1,-1,-1
123,2,757.235,227.396,195.795,635.924,0.867148,-1,-1,-1
123,5,1113.095,291.484,172.739,478.138,0.858186,-1,-1,-1
123,9,972.795,326.826,115.429,323.730,0.622360,-1,-1,-1
123,14,368.114,332.696,135.525,400.668,0.854173,-1,-1,-1
124,2,748.610,227.531,196.977,636.542,0.872010,-1,-1,-1
124,5,1108.432,290.451,172.923,482.850,0.849139,-1,-1,-1
124,9,964.376,327.934,116.427,324.908,0.611563,-1,-1,-1
124,14,360.096,332.727,137.157,404.644,0.859103,-1,-1,-1
125,2,740.433,228.335,199.032,639.609,0.876707,-1,-1,-1
125,5,1105.154,290.380,171.345,481.417,0.845268,-1,-1,-1
125,9,958.499,326.053,118.683,329.335,0.695290,-1,-1,-1
125,14,351.873,337.264,137.526,404.347,0.845085,-1,-1,-1
126,2,727.867,229.155,202.678,643.936,0.868375,-1,-1,-1
126,5,1100.585,290.893,169.403,478.137,0.844457,-1,-1,-1
126,9,956.476,322.917,120.472,332.782,0.580128,-1,-1,-1
126,14,340.222,337.344,139.209,407.869,0.839707,-1,-1,-1
127,2,720.706,231.331,205.340,645.992,0.869848,-1,-1,-1
127,5,1095.442,291.473,169.931,480.771,0.856609,-1,-1,-1
127,9,952.080,321.629,123.159,335.815,0.769956,-1,-1,-1
127,14,331.484,341.727,139.922,409.108,0.847467,-1,-1,-1
128,2,715.919,231.977,208.317,649.932,0.879918,-1,-1,-1
128,5,1090.744,290.369,170.437,482.171,0.870619,-1,-1,-1
128,9,945.397,323.380,125.072,335.199,0.610189,-1,-1,-1
128,14,322.921,342.000,141.257,411.865,0.853010,-1,-1,-1
129,2,714.855,235.193,209.051,648.837,0.880289,-1,-1,-1
129,5,1087.051,288.285,171.278,483.220,0.874118,-1,-1,-1
129,9,933.766,322.849,123.409,335.336,0.649771,-1,-1,-1
129,14,316.026,339.236,144.468,420.783,0.833795,-1,-1,-1
130,2,713.249,237.155,210.318,649.107,0.881938,-1,-1,-1
130,5,1084.608,287.796,171.623,483.182,0.867305,-1,-1,-1
130,9,928.750,321.655,121.661,335.258,0.734869,-1,-1,-1
130,14,311.356,335.690,147.535,429.656,0.840519,-1,-1,-1
131,2,713.170,239.130,211.569,649.349,0.879866,-1,-1,-1
131,5,1083.325,285.736,172.060,482.966,0.866522,-1,-1,-1
131,9,924.921,320.276,120.245,333.938,0.737321,-1,-1,-1
131,14,307.654,333.146,149.057,435.252,0.838791,-1,-1,-1
132,2,713.582,239.667,212.530,649.583,0.875395,-1,-1,-1
132,5,1082.421,284.034,172.097,482.174,0.863433,-1,-1,-1
132,9,922.087,318.834,119.429,333.938,0.733462,-1,-1,-1
132,14,305.800,333.142,148.998,437.130,0.828978,-1,-1,-1
133,2,716.161,240.056,212.829,647.856,0.875544,-1,-1,-1
133,5,1080.861,283.318,172.831,482.180,0.868520,-1,-1,-1
133,9,920.700,317.499,118.882,335.807,0.746794,-1,-1,-1
133,14,298.607,331.334,150.986,441.318,0.819549,-1,-1,-1
134,2,716.572,239.784,213.475,649.141,0.876494,-1,-1,-1
134,5,1079.650,284.286,174.737,484.942,0.867806,-1,-1,-1
134,9,920.312,318.586,117.662,337.369,0.732835,-1,-1,-1
134,14,291.209,327.149,154.655,451.928,0.840355,-1,-1,-1
135,2,717.760,240.685,213.336,648.508,0.879900,-1,-1,-1
135,5,1077.982,285.324,176.584,487.909,0.864773,-1,-1,-1
135,9,918.735,318.732,116.840,340.538,0.709653,-1,-1,-1
135,14,287.098,329.437,155.289,454.151,0.831569,-1,-1,-1
135,19,1013.170,370.819,72.651,219.741,0.653728,-1,-1,-1
136,2,721.435,241.173,211.785,643.944,0.873750,-1,-1,-1
136,5,1077.129,287.593,178.258,489.712,0.866458,-1,-1,-1
136,9,918.612,320.456,115.080,340.018,0.731822,-1,-1,-1
136,14,282.711,328.435,157.124,459.259,0.838747,-1,-1,-1
136,19,1012.504,366.346,75.643,228.750,0.706668,-1,-1,-1
137,2,725.326,241.648,208.080,630.779,0.883274,-1,-1,-1
137,5,1077.037,290.513,180.406,491.846,0.863544,-1,-1,-1
137,9,919.333,320.412,113.784,341.372,0.731305,-1,-1,-1
137,14,281.224,325.600,158.624,465.095,0.840886,-1,-1,-1
137,19,1015.269,369.406,75.105,226.917,0.744662,-1,-1,-1
137,20,646.627,396.064,82.920,200.830,0.635179,-1,-1,-1
138,2,727.570,242.983,207.211,624.471,0.886392,-1,-1,-1
138,5,1081.454,294.324,181.446,491.480,0.861767,-1,-1,-1
138,9,920.247,321.659,112.420,342.160,0.745587,-1,-1,-1
138,14,278.343,324.149,159.848,469.369,0.803826,-1,-1,-1
138,19,1018.332,369.208,75.874,229.281,0.744728,-1,-1,-1
138,20,646.945,397.722,82.577,200.543,0.594186,-1,-1,-1
139,2,731.340,243.462,207.084,622.391,0.885148,-1,-1,-1
139,5,1086.010,296.113,182.580,491.451,0.847879,-1,-1,-1
139,9,922.367,321.828,111.371,343.534,0.726580,-1,-1,-1
139,14,272.468,321.791,161.968,474.912,0.814638,-1,-1,-1
139,19,1021.335,366.291,76.340,230.794,0.716863,-1,-1,-1
139,20,646.578,396.924,83.571,203.880,0.582343,-1,-1,-1
140,2,737.874,242.905,207.463,626.139,0.878014,-1,-1,-1
140,5,1091.104,297.506,182.776,490.210,0.845283,-1,-1,-1
140,9,927.277,321.300,110.030,345.130,0.714945,-1,-1,-1
140,14,269.031,319.892,165.184,484.274,0.830186,-1,-1,-1
140,19,1024.215,368.664,75.615,228.340,0.777505,-1,-1,-1
140,20,646.049,397.727,83.733,204.987,0.631888,-1,-1,-1
141,2,742.574,245.834,207.098,628.987,0.873481,-1,-1,-1
141,5,1094.715,297.285,184.782,494.686,0.858219,-1,-1,-1
141,9,928.933,322.639,108.736,344.736,0.738918,-1,-1,-1
141,14,268.613,320.122,168.288,494.942,0.824569,-1,-1,-1
141,19,1027.183,368.043,75.942,228.472,0.685250,-1,-1,-1
141,20,645.932,396.677,84.221,206.669,0.763174,-1,-1,-1
142,2,747.619,250.863,205.544,628.506,0.869358,-1,-1,-1
142,5,1099.793,297.736,186.139,498.460,0.851581,-1,-1,-1
142,9,930.668,325.358,106.960,342.090,0.763888,-1,-1,-1
142,14,268.785,322.403,169.928,500.560,0.849222,-1,-1,-1
142,19,1031.525,371.821,75.693,226.981,0.724735,-1,-1,-1
142,20,649.525,399.969,83.243,203.742,0.690930,-1,-1,-1
143,2,756.758,253.933,204.661,632.085,0.878727,-1,-1,-1
143,5,1106.061,297.980,187.269,501.749,0.867483,-1,-1,-1
143,9,940.214,326.421,104.760,341.321,0.723227,-1,-1,-1
143,14,268.583,325.352,171.113,503.834,0.847426,-1,-1,-1
143,19,1036.808,373.009,75.313,226.382,0.746258,-1,-1,-1
143,20,654.088,401.154,83.451,204.271,0.663118,-1,-1,-1
144,2,762.918,256.503,203.171,632.978,0.872902,-1,-1,-1
144,5,1111.526,298.051,187.248,501.766,0.861501,-1,-1,-1
144,9,948.242,330.658,101.125,335.401,0.800439,-1,-1,-1
144,14,267.541,325.936,173.538,510.507,0.857954,-1,-1,-1
144,19,1041.597,373.539,75.787,227.223,0.754648,-1,-1,-1
144,20,658.276,399.171,83.958,207.007,0.703169,-1,-1,-1
145,2,769.984,258.941,201.745,634.087,0.860426,-1,-1,-1
145,5,1119.812,297.950,187.119,501.375,0.860806,-1,-1,-1
145,9,953.068,330.533,99.917,337.194,0.749670,-1,-1,-1
145,14,266.534,325.669,175.210,514.201,0.853177,-1,-1,-1
145,19,1045.073,376.089,75.157,224.148,0.739987,-1,-1,-1
145,20,662.032,398.106,84.669,209.613,0.701815,-1,-1,-1
146,2,774.904,262.651,200.984,635.661,0.863817,-1,-1,-1
146,5,1127.620,301.091,184.905,495.507,0.874037,-1,-1,-1
146,9,961.057,332.496,98.685,337.301,0.686689,-1,-1,-1
146,14,267.091,325.523,178.078,522.860,0.877244,-1,-1,-1
146,19,1050.425,378.636,74.364,220.717,0.647605,-1,-1,-1
146,20,667.254,398.566,84.556,210.157,0.698178,-1,-1,-1
147,2,777.944,265.803,200.320,636.943,0.864974,-1,-1,-1
147,5,1135.080,300.133,184.139,492.258,0.866993,-1,-1,-1
147,9,962.377,332.313,98.713,339.910,0.711486,-1,-1,-1
147,14,264.390,326.440,180.306,528.715,0.860062,-1,-1,-1
147,19,1053.724,381.991,74.796,220.518,0.632966,-1,-1,-1
147,20,668.631,397.563,85.857,214.641,0.726046,-1,-1,-1
148,2,783.448,267.065,198.617,636.051,0.855449,-1,-1,-1
148,5,1140.269,299.194,183.669,491.446,0.867090,-1,-1,-1
148,9,965.858,332.451,98.231,340.799,0.730260,-1,-1,-1
148,14,260.283,326.568,184.086,539.391,0.868378,-1,-1,-1
148,19,1055.670,379.458,76.538,225.663,0.676784,-1,-1,-1
148,20,669.851,396.555,86.190,217.875,0.725846,-1,-1,-1
149,2,787.692,267.769,197.592,637.461,0.861596,-1,-1,-1
149,5,1146.502,299.550,182.405,489.046,0.861870,-1,-1,-1
149,9,969.172,336.073,96.684,338.906,0.734386,-1,-1,-1
149,14,252.867,324.770,186.714,548.543,0.864916,-1,-1,-1
149,19,1057.450,379.715,77.372,228.221,0.636515,-1,-1,-1
149,20,672.092,400.477,85.404,217.891,0.600860,-1,-1,-1
150,2,789.581,268.208,196.415,637.418,0.849816,-1,-1,-1
150,5,1150.564,300.679,182.322,489.942,0.864363,-1,-1,-1
150,9,972.777,339.705,96.000,338.969,0.736678,-1,-1,-1
150,14,245.283,320.942,188.831,557.835,0.850091,-1,-1,-1
150,19,1057.235,373.442,79.588,236.018,0.672200,-1,-1,-1
150,20,672.942,405.073,84.528,216.746,0.613147,-1,-1,-1
151,2,791.497,268.273,194.939,634.504,0.840853,-1,-1,-1
151,5,1151.981,300.644,184.621,497.784,0.871396,-1,-1,-1
151,9,976.115,341.493,95.432,341.163,0.733224,-1,-1,-1
151,14,234.825,319.112,191.397,567.450,0.850717,-1,-1,-1
151,19,1057.080,371.382,80.613,240.200,0.598326,-1,-1,-1
151,20,674.280,409.261,83.197,214.562,0.668778,-1,-1,-1
152,2,791.833,267.290,192.926,627.633,0.841729,-1,-1,-1
152,5,1153.852,301.229,184.745,499.044,0.880080,-1,-1,-1
152,9,976.363,342.584,94.663,341.333,0.710388,-1,-1,-1
152,14,226.042,315.911,193.942,576.848,0.850850,-1,-1,-1
152,19,1056.720,373.052,80.099,238.662,0.605853,-1,-1,-1
152,20,675.449,410.633,83.394,215.625,0.713336,-1,-1,-1
153,2,791.177,265.231,191.984,620.493,0.841774,-1,-1,-1
153,5,1157.194,303.018,184.179,498.818,0.882433,-1,-1,-1
153,9,978.674,342.856,94.277,344.570,0.724820,-1,-1,-1
153,14,216.552,313.073,196.085,583.150,0.858500,-1,-1,-1
153,19,1057.057,373.325,80.248,239.383,0.619896,-1,-1,-1
153,20,676.382,411.342,84.437,218.526,0.712430,-1,-1,-1
154,2,788.404,263.342,193.235,618.458,0.859395,-1,-1,-1
154,5,1158.937,303.881,183.177,497.260,0.873148,-1,-1,-1
154,9,978.317,342.816,93.393,344.705,0.726471,-1,-1,-1
154,14,206.788,310.620,198.588,589.066,0.872333,-1,-1,-1
154,19,1056.461,374.560,80.268,239.215,0.656680,-1,-1,-1
154,20,677.808,412.269,85.325,220.450,0.717567,-1,-1,-1
155,2,783.872,260.984,195.689,618.848,0.868400,-1,-1,-1
155,5,1159.929,303.901,183.272,499.289,0.878998,-1,-1,-1
155,9,979.836,341.995,91.835,343.292,0.727210,-1,-1,-1
155,14,197.407,308.080,200.881,593.430,0.871151,-1,-1,-1
155,19,1056.044,373.962,80.327,239.371,0.701613,-1,-1,-1
155,20,678.664,409.556,87.689,223.459,0.729666,-1,-1,-1
156,2,780.399,259.396,199.267,621.557,0.870172,-1,-1,-1
156,5,1159.344,306.543,184.708,504.666,0.877396,-1,-1,-1
156,9,979.677,341.357,91.210,343.957,0.702195,-1,-1,-1
156,14,186.375,304.205,203.318,599.378,0.871425,-1,-1,-1
156,19,1054.403,372.127,81.165,242.219,0.692256,-1,-1,-1
156,20,678.655,407.483,89.658,225.984,0.766515,-1,-1,-1
157,2,775.846,260.566,202.999,624.147,0.877379,-1,-1,-1
157,5,1155.983,308.516,184.951,507.405,0.872983,-1,-1,-1
157,9,975.734,342.127,91.935,346.057,0.696546,-1,-1,-1
157,14,176.197,302.004,205.842,604.946,0.863414,-1,-1,-1
157,19,1052.382,371.389,81.797,243.869,0.678739,-1,-1,-1
157,20,675.308,408.105,90.764,226.376,0.703762,-1,-1,-1
158,2,772.133,258.992,206.277,628.340,0.873112,-1,-1,-1
158,5,1151.040,306.995,184.378,507.855,0.864654,-1,-1,-1
158,9,970.782,342.624,91.625,345.096,0.741762,-1,-1,-1
158,14,163.029,298.837,208.662,611.401,0.860752,-1,-1,-1
158,19,1049.110,371.779,82.203,243.992,0.739117,-1,-1,-1
158,20,663.951,407.328,90.273,228.008,0.673214,-1,-1,-1
159,2,771.855,262.354,207.412,628.759,0.866633,-1,-1,-1
159,5,1146.887,307.831,182.734,505.393,0.876077,-1,-1,-1
159,9,967.264,343.000,90.289,341.435,0.654583,-1,-1,-1
159,14,146.253,296.063,212.454,620.924,0.855780,-1,-1,-1
159,19,1045.804,376.489,81.259,239.484,0.701023,-1,-1,-1
159,20,659.359,403.898,90.637,230.358,0.660022,-1,-1,-1
160,2,771.565,264.979,208.162,630.139,0.864171,-1,-1,-1
160,5,1141.537,307.472,182.283,506.668,0.876866,-1,-1,-1
160,9,964.548,341.128,90.186,340.523,0.725456,-1,-1,-1
160,14,131.982,292.631,218.219,637.192,0.864046,-1,-1,-1
160,19,1042.029,378.826,80.499,236.257,0.697930,-1,-1,-1
160,20,655.141,403.116,91.190,230.374,0.672365,-1,-1,-1
161,2,772.386,270.130,207.921,628.893,0.870938,-1,-1,-1
161,5,1137.262,307.486,181.315,506.547,0.878242,-1,-1,-1
161,9,958.626,340.274,90.176,341.182,0.669777,-1,-1,-1
161,14,116.773,291.221,224.063,654.346,0.854893,-1,-1,-1
161,19,1038.666,383.956,79.113,230.029,0.751225,-1,-1,-1
161,20,648.529,400.139,92.848,235.186,0.691858,-1,-1,-1
162,2,773.543,272.060,207.207,627.468,0.882361,-1,-1,-1
162,5,1131.365,302.662,181.978,511.700,0.873256,-1,-1,-1
162,9,950.497,338.100,90.531,346.311,0.647263,-1,-1,-1
162,14,100.941,286.080,226.851,661.272,0.868667,-1,-1,-1
162,19,1032.160,386.756,78.407,226.332,0.744101,-1,-1,-1
162,20,636.801,397.394,92.661,238.696,0.704132,-1,-1,-1
163,2,772.576,271.878,206.859,628.525,0.892876,-1,-1,-1
163,5,1124.052,301.337,181.707,512.493,0.868150,-1,-1,-1
163,9,946.149,334.282,91.034,350.566,0.617501,-1,-1,-1
163,14,82.796,285.001,230.744,675.691,0.846591,-1,-1,-1
163,19,1026.264,388.190,78.452,224.601,0.682277,-1,-1,-1
163,20,628.907,395.895,92.438,240.572,0.724939,-1,-1,-1
163,21,726.745,359.115,78.845,280.666,0.666627,-1,-1,-1
164,2,769.293,270.162,205.781,625.729,0.890909,-1,-1,-1
164,5,1117.515,299.326,181.579,511.306,0.867187,-1,-1,-1
164,9,941.788,334.272,90.237,350.561,0.662257,-1,-1,-1
164,14,64.454,283.310,237.464,693.082,0.883396,-1,-1,-1
164,19,1021.861,390.922,77.214,220.511,0.702300,-1,-1,-1
164,20,620.096,394.026,92.949,243.481,0.723691,-1,-1,-1
164,21,717.435,362.660,78.308,278.686,0.674396,-1,-1,-1
165,2,763.833,266.172,205.451,627.150,0.886527,-1,-1,-1
165,5,1110.987,299.798,180.531,507.734,0.874710,-1,-1,-1
165,9,939.685,333.895,88.980,348.450,0.692159,-1,-1,-1
165,14,44.494,281.271,244.187,711.441,0.871347,-1,-1,-1
165,19,1017.883,392.264,76.072,216.360,0.687130,-1,-1,-1
165,20,610.604,393.753,92.552,244.396,0.688840,-1,-1,-1
165,21,710.055,364.914,77.963,277.347,0.706876,-1,-1,-1
166,2,762.271,261.933,205.254,630.101,0.885587,-1,-1,-1
166,5,1105.960,298.641,179.703,503.156,0.876797,-1,-1,-1
166,9,933.716,329.064,89.346,351.668,0.695692,-1,-1,-1
166,14,27.943,279.421,250.058,724.992,0.887578,-1,-1,-1
166,19,1012.865,391.895,75.758,214.257,0.668468,-1,-1,-1
166,20,605.151,392.372,92.970,246.644,0.717367,-1,-1,-1
166,21,705.785,366.262,78.081,277.510,0.730936,-1,-1,-1
167,2,762.152,258.616,204.246,630.776,0.874642,-1,-1,-1
167,5,1100.924,294.725,181.420,504.901,0.865919,-1,-1,-1
167,9,932.287,326.788,88.590,350.512,0.691843,-1,-1,-1
167,14,9.976,275.607,254.276,736.893,0.864973,-1,-1,-1
167,19,1011.051,396.957,74.406,209.433,0.562163,-1,-1,-1
167,20,599.492,391.004,93.098,248.833,0.725863,-1,-1,-1
167,21,702.040,364.147,79.385,280.808,0.708347,-1,-1,-1
168,2,765.768,255.584,200.311,623.371,0.865637,-1,-1,-1
168,5,1096.789,293.055,182.220,504.377,0.864741,-1,-1,-1
168,9,930.289,329.008,88.194,349.560,0.699072,-1,-1,-1
168,14,-0.895,267.863,258.770,750.628,0.887647,-1,-1,-1
168,19,1007.112,383.242,79.601,225.393,0.603416,-1,-1,-1
168,20,595.241,390.381,92.877,249.473,0.691098,-1,-1,-1
168,21,692.999,359.894,81.560,285.460,0.777687,-1,-1,-1
169,2,770.567,251.492,196.512,615.263,0.863211,-1,-1,-1
169,5,1093.266,292.371,182.966,503.203,0.869816,-1,-1,-1
169,9,929.162,329.691,86.667,344.892,0.695796,-1,-1,-1
169,14,-10.268,260.348,261.025,763.200,0.902403,-1,-1,-1
169,19,1004.807,378.444,80.394,227.695,0.636624,-1,-1,-1
169,20,590.548,388.750,93.532,251.920,0.735350,-1,-1,-1
169,21,688.205,357.891,81.831,283.146,0.769269,-1,-1,-1
170,2,772.614,249.351,194.006,611.590,0.854512,-1,-1,-1
170,5,1088.964,291.759,185.022,505.057,0.870567,-1,-1,-1
170,9,927.002,330.151,85.845,343.350,0.688573,-1,-1,-1
170,14,-17.649,253.366,261.934,776.083,0.902178,-1,-1,-1
170,19,1003.792,374.038,81.465,231.083,0.633226,-1,-1,-1
170,20,585.035,387.794,92.441,252.157,0.620061,-1,-1,-1
170,21,683.060,354.514,84.245,286.801,0.791792,-1,-1,-1
171,2,772.436,247.315,193.029,612.885,0.856323,-1,-1,-1
171,5,1085.875,291.376,187.593,508.391,0.868487,-1,-1,-1
171,9,926.236,329.594,86.294,346.476,0.711462,-1,-1,-1
171,14,-23.456,247.793,261.666,789.065,0.901786,-1,-1,-1
171,19,1003.827,369.410,81.037,230.983,0.670747,-1,-1,-1
171,20,579.997,384.332,94.157,258.045,0.640159,-1,-1,-1
171,21,677.286,353.466,87.344,291.122,0.804115,-1,-1,-1
172,2,771.980,247.525,193.138,616.460,0.850498,-1,-1,-1
172,5,1083.271,291.010,189.438,509.152,0.873490,-1,-1,-1
172,9,926.803,336.216,83.783,337.309,0.679796,-1,-1,-1
172,14,-28.576,242.674,259.545,800.069,0.895787,-1,-1,-1
172,19,1002.112,368.073,80.639,230.388,0.655762,-1,-1,-1
172,20,575.831,384.813,95.522,260.693,0.685546,-1,-1,-1
172,21,672.688,351.917,90.556,294.813,0.831700,-1,-1,-1
173,2,771.983,246.341,192.761,619.682,0.855237,-1,-1,-1
173,5,1080.586,290.041,191.278,510.891,0.867617,-1,-1,-1
173,9,925.225,337.169,82.895,335.768,0.667764,-1,-1,-1
173,14,-32.980,237.499,257.633,814.829,0.887765,-1,-1,-1
173,19,1002.589,371.478,78.583,224.139,0.662704,-1,-1,-1
173,20,570.120,385.842,96.672,261.873,0.705726,-1,-1,-1
173,21,670.208,349.328,94.013,298.338,0.832113,-1,-1,-1
174,2,772.058,246.525,192.416,621.966,0.859248,-1,-1,-1
174,5,1080.997,289.640,193.734,514.593,0.871859,-1,-1,-1
174,9,925.606,336.725,82.490,336.269,0.646317,-1,-1,-1
174,14,-35.582,233.122,254.556,827.670,0.884416,-1,-1,-1
174,19,1001.889,369.115,79.243,226.923,0.667474,-1,-1,-1
174,20,562.783,382.481,98.511,268.132,0.695829,-1,-1,-1
174,21,668.516,346.953,97.290,300.971,0.818227,-1,-1,-1
175,2,773.437,247.511,192.171,626.102,0.863657,-1,-1,-1
175,5,1082.706,289.625,196.038,518.723,0.872873,-1,-1,-1
175,9,926.980,332.499,82.959,340.581,0.639474,-1,-1,-1
175,14,-37.179,228.045,250.241,837.940,0.885353,-1,-1,-1
175,19,1002.121,368.493,79.780,229.654,0.666304,-1,-1,-1
175,20,558.522,380.600,99.578,272.164,0.681953,-1,-1,-1
175,21,666.893,345.884,100.696,303.756,0.818624,-1,-1,-1
176,2,776.948,252.382,191.033,627.732,0.847793,-1,-1,-1
176,5,1085.460,290.158,197.172,520.096,0.872101,-1,-1,-1
176,9,928.120,328.251,83.113,345.245,0.637270,-1,-1,-1
176,14,-37.821,226.508,245.093,846.096,0.883610,-1,-1,-1
176,19,1004.682,366.967,79.779,231.269,0.679887,-1,-1,-1
176,20,555.232,379.512,100.920,275.910,0.723698,-1,-1,-1
176,21,664.928,345.750,104.468,309.076,0.810743,-1,-1,-1
177,2,780.160,257.055,189.539,627.248,0.848349,-1,-1,-1
177,5,1088.461,291.069,197.258,518.711,0.874813,-1,-1,-1
177,9,927.335,325.807,81.919,348.115,0.590270,-1,-1,-1
177,14,-39.029,224.916,239.075,853.062,0.875979,-1,-1,-1
177,19,1006.802,368.172,78.917,229.852,0.688689,-1,-1,-1
177,20,554.001,380.071,101.061,275.867,0.712621,-1,-1,-1
177,21,663.744,346.148,107.132,311.344,0.815173,-1,-1,-1
178,2,784.510,261.439,188.140,626.151,0.857355,-1,-1,-1
178,5,1092.240,291.016,199.417,522.771,0.878752,-1,-1,-1
178,9,929.287,327.945,80.238,351.232,0.407868,-1,-1,-1
178,14,-39.255,222.609,232.278,857.505,0.873967,-1,-1,-1
178,19,1011.055,370.470,78.237,228.983,0.644357,-1,-1,-1
178,20,553.129,380.173,101.591,277.694,0.732788,-1,-1,-1
178,21,663.935,348.159,110.302,314.203,0.825287,-1,-1,-1
179,2,787.598,263.741,186.794,624.949,0.856434,-1,-1,-1
179,5,1097.386,289.274,200.732,526.286,0.880253,-1,-1,-1
179,9,927.272,310.397,82.410,365.761,0.575617,-1,-1,-1
179,14,-39.592,225.161,223.505,855.687,0.873877,-1,-1,-1
179,19,1014.507,374.130,76.668,224.585,0.675060,-1,-1,-1
179,20,552.375,380.158,102.426,280.028,0.710134,-1,-1,-1
179,21,663.838,349.662,113.411,315.329,0.825371,-1,-1,-1
180,2,792.911,266.926,184.789,619.381,0.862957,-1,-1,-1
180,5,1103.396,290.689,200.348,524.704,0.871651,-1,-1,-1
180,9,932.500,317.330,78.593,358.092,0.324642,-1,-1,-1
180,14,-39.818,228.899,214.300,852.594,0.865239,-1,-1,-1
180,19,1018.376,381.773,74.518,218.075,0.610508,-1,-1,-1
180,20,552.341,379.618,103.726,283.409,0.764097,-1,-1,-1
180,21,663.191,351.286,115.689,316.246,0.798667,-1,-1,-1
181,2,796.181,267.152,184.466,618.504,0.867815,-1,-1,-1
181,5,1110.131,287.236,200.774,527.031,0.874827,-1,-1,-1
181,9,934.243,313.582,77.168,359.823,0.364124,-1,-1,-1
181,14,-37.054,250.161,201.403,831.333,0.862491,-1,-1,-1
181,19,1019.462,375.468,76.784,224.895,0.632534,-1,-1,-1
181,20,552.973,381.877,103.970,284.183,0.725943,-1,-1,-1
181,21,663.152,351.843,118.852,319.873,0.816320,-1,-1,-1
182,2,797.865,266.715,184.300,617.675,0.872210,-1,-1,-1
182,5,1117.279,286.950,200.408,527.052,0.872640,-1,-1,-1
182,9,937.656,313.836,76.069,360.797,0.441572,-1,-1,-1
182,14,-34.542,276.379,188.013,805.364,0.856478,-1,-1,-1
182,19,1023.611,378.041,76.167,221.559,0.733502,-1,-1,-1
182,20,554.700,383.354,105.060,286.586,0.749861,-1,-1,-1
182,21,662.432,352.159,121.635,323.159,0.820499,-1,-1,-1
183,2,802.892,265.333,183.718,612.583,0.873222,-1,-1,-1
183,5,1126.544,284.437,197.958,522.158,0.870546,-1,-1,-1
183,9,941.700,314.724,74.317,357.163,0.331923,-1,-1,-1
183,14,-33.208,302.849,174.515,777.886,0.843284,-1,-1,-1
183,19,1027.295,383.246,75.187,216.865,0.670567,-1,-1,-1
183,20,555.363,386.305,105.525,287.232,0.739689,-1,-1,-1
183,21,663.527,350.577,124.331,325.044,0.829970,-1,-1,-1
184,2,807.691,265.906,181.826,601.718,0.875913,-1,-1,-1
184,5,1132.156,283.598,196.048,517.687,0.875519,-1,-1,-1
184,9,946.022,308.835,75.262,366.058,0.422452,-1,-1,-1
184,14,-29.542,359.866,155.280,719.587,0.842877,-1,-1,-1
184,19,1032.199,382.800,76.741,220.338,0.643795,-1,-1,-1
184,20,557.291,389.231,105.513,285.456,0.754983,-1,-1,-1
184,21,667.170,349.048,127.020,327.533,0.830914,-1,-1,-1
185,2,809.259,264.174,182.263,598.895,0.858501,-1,-1,-1
185,5,1138.598,283.836,194.515,513.987,0.870651,-1,-1,-1
185,9,953.700,311.651,74.534,364.359,0.605799,-1,-1,-1
185,14,-28.217,385.259,143.579,693.196,0.806616,-1,-1,-1
185,19,1037.276,385.003,76.011,217.868,0.675604,-1,-1,-1
185,20,560.704,391.014,106.827,286.136,0.716542,-1,-1,-1
185,21,669.842,336.174,133.218,343.298,0.851288,-1,-1,-1
186,2,809.561,260.307,184.234,602.725,0.864150,-1,-1,-1
186,5,1145.279,284.862,193.731,514.257,0.879233,-1,-1,-1
186,9,958.826,316.768,73.179,360.778,0.545322,-1,-1,-1
186,14,-25.919,398.204,135.468,679.938,0.760757,-1,-1,-1
186,19,1040.525,385.042,76.707,218.107,0.685638,-1,-1,-1
186,20,562.617,391.709,108.595,287.911,0.752669,-1,-1,-1
186,21,670.391,328.636,137.183,353.529,0.847138,-1,-1,-1
187,2,811.503,256.467,185.505,603.706,0.867399,-1,-1,-1
187,5,1150.918,281.735,194.896,519.091,0.882648,-1,-1,-1
187,9,966.250,338.680,68.033,338.935,0.371121,-1,-1,-1
187,19,1043.977,381.136,77.525,219.916,0.703845,-1,-1,-1
187,20,563.551,388.427,111.768,293.002,0.765226,-1,-1,-1
187,21,672.017,328.490,137.324,353.403,0.851072,-1,-1,-1
188,2,810.515,254.262,187.762,605.844,0.868977,-1,-1,-1
188,5,1153.843,280.368,194.756,520.180,0.886003,-1,-1,-1
188,19,1042.803,378.881,79.021,222.412,0.710919,-1,-1,-1
188,20,563.551,386.992,113.610,294.441,0.775741,-1,-1,-1
188,21,671.228,326.577,137.749,353.951,0.854928,-1,-1,-1
189,2,808.332,253.736,190.128,609.025,0.867300,-1,-1,-1
189,5,1155.847,277.797,194.404,522.775,0.882246,-1,-1,-1
189,19,1042.259,377.009,80.008,223.665,0.725858,-1,-1,-1
189,20,562.305,384.013,116.467,297.926,0.708760,-1,-1,-1
189,21,669.907,325.531,138.964,356.235,0.849468,-1,-1,-1
190,2,808.661,252.673,191.840,612.091,0.858408,-1,-1,-1
190,5,1157.411,276.470,194.613,525.999,0.880648,-1,-1,-1
190,19,1040.009,377.108,80.652,222.173,0.712927,-1,-1,-1
190,20,559.930,381.769,119.968,301.218,0.727337,-1,-1,-1
190,21,670.720,323.877,140.022,359.966,0.844592,-1,-1,-1
191,2,808.800,253.414,193.578,616.457,0.855250,-1,-1,-1
191,5,1158.859,278.058,194.552,528.435,0.879568,-1,-1,-1
191,19,1039.449,375.576,82.304,224.730,0.698895,-1,-1,-1
191,20,555.452,379.817,122.886,305.030,0.662866,-1,-1,-1
191,21,670.482,324.457,140.340,361.982,0.807301,-1,-1,-1
192,2,811.025,258.721,193.730,617.736,0.857851,-1,-1,-1
192,5,1158.574,283.522,193.533,528.415,0.886135,-1,-1,-1
192,19,1037.895,378.212,82.591,223.377,0.702872,-1,-1,-1
192,20,540.134,378.784,121.638,307.315,0.703058,-1,-1,-1
192,21,668.450,325.339,140.678,362.834,0.832721,-1,-1,-1
193,2,811.797,263.430,193.791,617.666,0.868064,-1,-1,-1
193,5,1156.962,285.248,192.865,530.545,0.883573,-1,-1,-1
193,19,1035.425,377.426,84.051,226.076,0.698196,-1,-1,-1
193,20,539.473,378.107,123.147,308.999,0.663675,-1,-1,-1
193,21,664.153,329.142,141.214,361.922,0.786210,-1,-1,-1
194,2,811.084,267.680,193.591,615.190,0.865436,-1,-1,-1
194,5,1154.793,287.834,192.437,533.781,0.879239,-1,-1,-1
194,19,1036.030,378.669,84.403,226.954,0.725969,-1,-1,-1
194,20,535.791,378.203,125.353,312.647,0.752976,-1,-1,-1
194,21,660.319,331.576,142.747,365.047,0.825489,-1,-1,-1
195,2,810.130,273.246,193.755,611.528,0.879625,-1,-1,-1
195,5,1151.435,290.980,191.106,534.523,0.868818,-1,-1,-1
195,19,1032.559,381.012,84.674,225.918,0.737395,-1,-1,-1
195,20,522.302,380.299,125.354,316.023,0.748315,-1,-1,-1
195,21,653.488,336.037,144.598,367.476,0.844405,-1,-1,-1
196,2,806.622,272.663,195.703,614.173,0.886485,-1,-1,-1
196,5,1146.179,294.274,190.349,536.536,0.856188,-1,-1,-1
196,19,1028.481,383.831,84.918,224.097,0.718598,-1,-1,-1
196,20,513.118,380.473,126.434,321.867,0.762742,-1,-1,-1
196,21,649.399,341.190,145.156,367.113,0.828513,-1,-1,-1
197,2,804.246,272.871,197.164,614.903,0.894625,-1,-1,-1
197,5,1141.076,295.724,188.898,536.841,0.855630,-1,-1,-1
197,19,1025.176,387.791,85.191,222.482,0.760573,-1,-1,-1
197,20,504.658,382.971,126.143,324.095,0.771411,-1,-1,-1
197,21,641.562,342.806,146.933,369.739,0.822569,-1,-1,-1
198,2,803.583,274.036,198.316,615.562,0.889044,-1,-1,-1
198,5,1137.409,297.741,185.901,530.303,0.854899,-1,-1,-1
198,19,1021.246,391.008,85.404,221.252,0.720411,-1,-1,-1
198,20,494.719,385.504,127.335,329.572,0.791922,-1,-1,-1
198,21,629.481,344.157,149.768,374.497,0.837616,-1,-1,-1
199,2,807.548,276.678,194.033,600.963,0.881963,-1,-1,-1
199,5,1131.987,298.888,188.242,539.813,0.862705,-1,-1,-1
199,19,1016.587,396.749,84.437,216.645,0.743443,-1,-1,-1
199,20,487.708,388.400,127.889,332.514,0.820185,-1,-1,-1
199,21,615.669,347.907,153.536,381.197,0.833613,-1,-1,-1
200,2,807.733,280.880,191.562,589.542,0.884490,-1,-1,-1
200,5,1126.119,300.426,188.346,541.500,0.861852,-1,-1,-1
200,19,1013.998,404.817,82.832,210.998,0.666404,-1,-1,-1
200,20,481.341,392.734,129.481,335.856,0.700249,-1,-1,-1
200,21,609.568,349.914,154.258,383.847,0.843821,-1,-1,-1
201,2,805.352,282.260,191.459,588.121,0.886817,-1,-1,-1
201,5,1120.739,304.048,186.201,534.217,0.869939,-1,-1,-1
201,19,1009.121,398.643,85.399,219.141,0.734971,-1,-1,-1
201,20,467.258,395.978,128.061,335.502,0.771632,-1,-1,-1
201,21,593.692,349.235,155.790,384.780,0.797470,-1,-1,-1
202,2,800.339,282.774,192.487,591.004,0.891881,-1,-1,-1
202,5,1115.434,305.292,186.139,532.622,0.872083,-1,-1,-1
202,19,1006.000,404.434,83.689,215.651,0.683897,-1,-1,-1
202,20,459.961,399.660,128.338,335.649,0.807540,-1,-1,-1
202,21,585.216,348.120,157.059,389.062,0.808962,-1,-1,-1
203,2,798.685,283.383,192.626,593.595,0.881710,-1,-1,-1
203,5,1111.370,305.896,186.696,532.202,0.873084,-1,-1,-1
203,19,1002.360,408.827,83.340,215.090,0.723560,-1,-1,-1
203,20,440.849,398.597,128.851,342.952,0.615788,-1,-1,-1
203,21,578.248,346.354,159.268,395.599,0.827972,-1,-1,-1
204,2,800.099,285.573,191.473,595.256,0.864935,-1,-1,-1
204,5,1107.892,305.383,186.857,531.253,0.871160,-1,-1,-1
204,19,1001.606,413.079,83.147,216.308,0.736683,-1,-1,-1
204,20,438.104,399.856,131.353,346.346,0.725455,-1,-1,-1
204,21,572.259,345.947,159.845,397.860,0.817141,-1,-1,-1
205,2,800.673,287.241,190.325,597.004,0.864372,-1,-1,-1
205,5,1106.266,305.289,187.081,530.083,0.874149,-1,-1,-1
205,19,1000.514,415.145,82.023,214.887,0.701010,-1,-1,-1
205,20,431.627,400.377,133.658,348.961,0.780045,-1,-1,-1
205,21,563.440,345.107,160.068,400.374,0.800961,-1,-1,-1
205,22,759.255,398.696,69.426,244.272,0.657825,-1,-1,-1
206,2,800.855,288.859,189.094,598.728,0.867011,-1,-1,-1
206,5,1105.051,307.560,188.594,531.132,0.866741,-1,-1,-1
206,19,999.615,416.919,80.820,212.110,0.688817,-1,-1,-1
206,20,425.561,398.988,136.490,352.499,0.796242,-1,-1,-1
206,21,557.141,344.152,161.123,404.507,0.832003,-1,-1,-1
206,22,756.978,397.721,70.508,248.178,0.690638,-1,-1,-1
207,2,801.255,290.342,187.303,598.462,0.864462,-1,-1,-1
207,5,1103.181,308.786,190.684,532.998,0.868094,-1,-1,-1
207,19,998.917,416.409,81.034,213.564,0.698587,-1,-1,-1
207,20,417.960,397.312,138.859,356.130,0.831550,-1,-1,-1
207,21,551.763,344.932,162.116,406.989,0.853232,-1,-1,-1
207,22,755.352,397.060,70.724,248.815,0.690493,-1,-1,-1
208,2,801.857,291.299,185.462,598.061,0.855977,-1,-1,-1
208,5,1101.271,306.692,193.830,537.904,0.867957,-1,-1,-1
208,19,1000.373,412.898,80.014,212.201,0.724727,-1,-1,-1
208,20,408.374,396.486,140.152,358.516,0.841137,-1,-1,-1
208,21,545.533,339.362,164.233,413.158,0.858652,-1,-1,-1
208,22,754.681,395.194,71.203,250.464,0.687750,-1,-1,-1
209,2,801.753,292.579,183.992,598.086,0.855395,-1,-1,-1
209,5,1101.129,306.611,196.244,540.909,0.867499,-1,-1,-1
209,19,1000.105,407.288,80.697,215.490,0.715968,-1,-1,-1
209,20,402.351,393.727,142.145,362.210,0.827249,-1,-1,-1
209,21,540.229,337.298,167.333,419.260,0.863804,-1,-1,-1
209,22,753.608,394.973,71.408,251.863,0.630659,-1,-1,-1
210,2,801.040,295.253,182.797,597.504,0.864773,-1,-1,-1
210,5,1102.260,309.016,197.529,540.515,0.871870,-1,-1,-1
210,19,1000.546,405.984,80.658,216.161,0.557336,-1,-1,-1
210,20,394.887,391.469,143.840,365.752,0.824639,-1,-1,-1
210,21,535.899,339.509,169.529,422.605,0.850133,-1,-1,-1
210,22,749.953,393.983,72.120,254.445,0.642018,-1,-1,-1
211,2,800.485,295.512,182.673,599.878,0.870061,-1,-1,-1
211,5,1102.058,310.755,199.829,543.939,0.872568,-1,-1,-1
211,19,1002.843,415.969,76.753,206.034,0.549124,-1,-1,-1
211,20,387.311,390.702,144.942,367.702,0.824979,-1,-1,-1
211,21,526.482,332.799,176.234,437.210,0.832378,-1,-1,-1
211,22,746.682,394.603,72.902,257.422,0.648339,-1,-1,-1
212,2,798.975,294.281,182.916,600.265,0.860813,-1,-1,-1
212,5,1102.259,314.567,200.585,542.092,0.865093,-1,-1,-1
212,19,999.968,409.096,79.788,214.822,0.668662,-1,-1,-1
212,20,377.226,390.475,147.155,374.537,0.826011,-1,-1,-1
212,21,515.365,332.030,181.823,446.420,0.821352,-1,-1,-1
212,22,744.323,395.650,73.460,258.999,0.652326,-1,-1,-1
213,2,795.830,294.767,182.951,600.252,0.864315,-1,-1,-1
213,5,1101.018,313.201,202.811,545.475,0.861013,-1,-1,-1
213,19,997.278,405.424,81.652,219.953,0.716773,-1,-1,-1
213,20,369.044,391.308,150.778,384.072,0.842032,-1,-1,-1
213,21,511.887,338.297,182.771,446.062,0.836763,-1,-1,-1
213,22,740.082,397.017,74.159,262.613,0.669814,-1,-1,-1
214,2,794.411,298.746,181.244,592.985,0.860460,-1,-1,-1
214,5,1101.219,318.258,203.808,545.557,0.870417,-1,-1,-1
214,19,996.753,410.146,81.701,219.468,0.743973,-1,-1,-1
214,20,363.296,396.030,152.880,390.141,0.843403,-1,-1,-1
214,21,508.579,342.858,184.693,448.968,0.845380,-1,-1,-1
214,22,738.011,401.941,73.462,261.245,0.671646,-1,-1,-1
215,2,793.631,296.245,180.015,585.584,0.864746,-1,-1,-1
215,5,1102.199,315.789,206.588,552.682,0.872060,-1,-1,-1
215,19,996.461,408.493,82.893,221.840,0.716175,-1,-1,-1
215,20,357.964,397.309,154.660,395.995,0.848250,-1,-1,-1
215,21,505.526,342.636,187.793,455.110,0.864211,-1,-1,-1
215,22,736.772,402.342,72.977,260.881,0.693942,-1,-1,-1
216,2,792.395,293.983,181.585,586.977,0.866148,-1,-1,-1
216,5,1106.690,313.163,207.693,558.041,0.883160,-1,-1,-1
216,19,1001.535,413.040,81.284,217.825,0.752770,-1,-1,-1
216,20,353.998,397.966,156.221,401.838,0.846840,-1,-1,-1
216,21,501.262,339.600,191.704,464.780,0.871171,-1,-1,-1
216,22,738.166,401.955,72.298,259.965,0.617301,-1,-1,-1
217,2,792.062,292.387,183.181,588.269,0.872417,-1,-1,-1
217,5,1111.951,311.103,207.671,559.730,0.882925,-1,-1,-1
217,19,1006.328,417.133,80.361,215.041,0.773260,-1,-1,-1
217,20,351.896,398.705,156.192,403.427,0.845511,-1,-1,-1
217,21,498.850,336.051,194.711,473.074,0.869827,-1,-1,-1
217,22,739.610,400.274,73.304,265.576,0.635339,-1,-1,-1
218,2,794.397,291.526,184.828,590.630,0.877737,-1,-1,-1
218,5,1119.139,313.133,205.017,554.769,0.874223,-1,-1,-1
218,19,1011.043,423.038,78.546,209.517,0.752802,-1,-1,-1
218,20,351.543,398.535,158.285,408.992,0.851538,-1,-1,-1
218,21,497.569,329.751,197.731,483.132,0.871959,-1,-1,-1
218,22,742.610,398.972,73.609,269.630,0.678055,-1,-1,-1
219,2,798.157,291.814,186.100,591.823,0.876168,-1,-1,-1
219,5,1126.819,314.285,202.542,549.492,0.874615,-1,-1,-1
219,19,1015.539,421.821,80.468,214.620,0.715902,-1,-1,-1
219,20,352.822,398.173,160.853,414.255,0.851044,-1,-1,-1
219,21,499.795,326.132,198.877,488.602,0.877250,-1,-1,-1
219,22,745.866,399.007,73.771,272.606,0.684138,-1,-1,-1
220,2,799.535,295.443,187.470,592.630,0.870411,-1,-1,-1
220,5,1133.332,315.210,201.199,546.927,0.872085,-1,-1,-1
220,19,1019.753,421.218,80.997,216.049,0.722027,-1,-1,-1
220,20,353.829,396.892,162.713,417.526,0.858135,-1,-1,-1
220,21,502.534,324.158,199.254,492.332,0.866782,-1,-1,-1
220,22,748.883,399.509,73.855,273.306,0.672243,-1,-1,-1
221,2,805.042,298.233,189.160,594.777,0.858826,-1,-1,-1
221,5,1142.605,315.784,200.789,546.146,0.873334,-1,-1,-1
221,19,1025.173,423.569,80.619,214.942,0.711246,-1,-1,-1
221,20,353.528,392.790,165.487,423.150,0.850676,-1,-1,-1
221,21,503.641,320.450,200.056,497.350,0.865344,-1,-1,-1
221,22,752.915,398.186,74.760,276.411,0.701622,-1,-1,-1
222,2,809.468,300.485,190.458,597.266,0.856555,-1,-1,-1
222,5,1150.717,318.441,199.945,545.904,0.889233,-1,-1,-1
222,19,1027.018,424.654,81.746,216.219,0.712243,-1,-1,-1
222,20,352.518,389.218,167.911,428.087,0.854453,-1,-1,-1
222,21,504.449,317.243,201.048,502.963,0.874672,-1,-1,-1
222,22,757.252,398.116,75.477,278.062,0.717165,-1,-1,-1
223,2,816.429,303.113,190.403,596.619,0.870839,-1,-1,-1
223,5,1157.912,318.719,199.488,547.393,0.880617,-1,-1,-1
223,19,1032.219,422.933,82.122,218.522,0.705067,-1,-1,-1
223,20,350.760,387.321,169.719,431.026,0.850374,-1,-1,-1
223,21,506.165,314.303,200.704,504.094,0.873925,-1,-1,-1
223,22,760.861,397.183,76.252,279.612,0.720226,-1,-1,-1
224,2,823.447,305.614,190.150,594.503,0.879737,-1,-1,-1
224,5,1163.446,314.729,200.375,553.351,0.886084,-1,-1,-1
224,19,1037.310,420.984,82.180,219.069,0.756849,-1,-1,-1
224,20,349.081,386.201,170.647,432.495,0.848478,-1,-1,-1
224,21,505.516,308.087,203.184,512.232,0.876457,-1,-1,-1
224,22,763.182,394.833,78.058,284.489,0.818489,-1,-1,-1
225,2,830.078,305.574,190.961,593.904,0.880474,-1,-1,-1
225,5,1170.331,314.900,199.751,554.794,0.882616,-1,-1,-1
225,19,1040.154,421.931,81.447,216.831,0.766513,-1,-1,-1
225,20,346.681,385.403,171.415,435.384,0.852985,-1,-1,-1
225,21,504.138,302.783,206.826,523.124,0.870703,-1,-1,-1
225,22,765.320,394.369,79.599,286.583,0.812542,-1,-1,-1
226,2,838.440,304.082,190.085,589.212,0.872241,-1,-1,-1
226,5,1174.493,314.734,199.354,557.295,0.871243,-1,-1,-1
226,19,1041.312,423.449,80.741,214.194,0.755070,-1,-1,-1
226,20,341.595,383.456,172.468,438.555,0.861719,-1,-1,-1
226,21,499.811,301.155,210.062,531.857,0.871632,-1,-1,-1
226,22,767.073,394.568,81.416,288.044,0.793964,-1,-1,-1
227,2,842.975,303.192,188.792,582.010,0.873447,-1,-1,-1
227,5,1178.685,315.478,198.667,558.344,0.863827,-1,-1,-1
227,19,1044.842,426.725,79.823,209.801,0.762239,-1,-1,-1
227,20,334.500,380.661,175.237,446.954,0.850121,-1,-1,-1
227,21,493.766,297.748,214.507,543.878,0.876283,-1,-1,-1
227,22,765.721,394.464,83.895,290.254,0.785852,-1,-1,-1
227,23,672.918,404.589,72.854,217.506,0.669900,-1,-1,-1
228,2,844.090,300.942,192.190,592.110,0.866492,-1,-1,-1
228,5,1180.705,316.217,198.871,562.505,0.864138,-1,-1,-1
228,19,1046.464,423.102,81.259,212.586,0.765751,-1,-1,-1
228,20,325.682,374.898,178.352,459.637,0.849610,-1,-1,-1
228,21,483.089,293.561,219.356,552.937,0.874620,-1,-1,-1
228,22,765.167,394.208,86.562,292.935,0.797604,-1,-1,-1
228,23,670.264,402.336,75.295,224.621,0.648387,-1,-1,-1
229,2,847.991,298.707,192.005,592.563,0.857967,-1,-1,-1
229,5,1181.296,317.295,198.516,564.934,0.866486,-1,-1,-1
229,19,1048.523,422.257,81.484,212.849,0.760405,-1,-1,-1
229,20,315.691,371.001,180.735,471.105,0.845797,-1,-1,-1
229,21,476.929,291.597,221.502,556.671,0.869107,-1,-1,-1
229,22,763.711,394.478,88.879,295.844,0.802552,-1,-1,-1
229,23,667.080,401.899,76.197,226.873,0.637703,-1,-1,-1
230,2,854.058,298.494,189.549,585.609,0.851209,-1,-1,-1
230,5,1182.422,317.747,197.562,565.421,0.867899,-1,-1,-1
230,19,1049.290,420.902,82.092,215.064,0.760865,-1,-1,-1
230,20,306.796,371.448,183.441,480.582,0.869552,-1,-1,-1
230,21,464.524,290.985,226.961,566.091,0.850576,-1,-1,-1
230,22,762.695,396.149,90.588,297.573,0.808268,-1,-1,-1
230,23,663.690,399.457,78.018,231.383,0.684181,-1,-1,-1
231,2,860.003,299.298,186.590,578.006,0.856723,-1,-1,-1
231,5,1182.401,317.266,197.139,567.268,0.861670,-1,-1,-1
231,19,1048.822,418.816,82.864,217.829,0.749056,-1,-1,-1
231,20,295.350,375.059,183.727,482.755,0.845157,-1,-1,-1
231,21,454.601,289.335,233.537,578.899,0.831574,-1,-1,-1
231,22,761.692,396.522,92.375,300.152,0.818787,-1,-1,-1
231,23,659.041,398.632,82.184,242.588,0.694589,-1,-1,-1
232,2,862.395,299.566,185.060,574.958,0.849611,-1,-1,-1
232,5,1180.966,317.455,197.029,570.128,0.862476,-1,-1,-1
232,19,1047.085,421.690,81.896,215.829,0.754159,-1,-1,-1
232,20,277.962,373.940,186.489,492.530,0.827034,-1,-1,-1
232,21,444.390,288.031,237.924,588.432,0.857066,-1,-1,-1
232,22,757.686,399.873,93.564,300.851,0.836782,-1,-1,-1
232,23,650.963,399.002,88.692,261.415,0.775720,-1,-1,-1
233,2,858.891,301.759,186.391,580.255,0.862294,-1,-1,-1
233,5,1178.332,318.784,198.003,575.476,0.861056,-1,-1,-1
233,19,1044.043,422.677,82.654,218.706,0.754209,-1,-1,-1
233,20,259.832,371.895,191.931,506.742,0.872146,-1,-1,-1
233,21,431.342,285.683,243.816,602.840,0.881883,-1,-1,-1
233,22,747.909,397.339,96.698,305.827,0.827228,-1,-1,-1
233,23,641.061,404.105,93.698,276.063,0.775480,-1,-1,-1
234,2,857.911,303.483,187.027,583.315,0.870580,-1,-1,-1
234,5,1175.112,321.715,197.740,575.712,0.871483,-1,-1,-1
234,19,1039.694,426.112,82.416,218.358,0.721252,-1,-1,-1
234,20,247.377,369.475,195.969,519.500,0.878097,-1,-1,-1
234,21,414.622,282.113,248.056,614.873,0.891738,-1,-1,-1
234,22,742.380,393.888,99.219,311.219,0.821482,-1,-1,-1
234,23,633.151,404.501,97.221,286.553,0.780527,-1,-1,-1
235,2,856.764,304.863,187.812,586.841,0.874448,-1,-1,-1
235,5,1168.409,322.104,198.428,577.398,0.877821,-1,-1,-1
235,19,1038.019,427.367,81.857,217.675,0.709163,-1,-1,-1
235,20,231.837,365.940,199.503,531.683,0.885016,-1,-1,-1
235,21,398.632,275.699,251.938,625.552,0.876475,-1,-1,-1
235,22,732.531,392.828,101.241,314.216,0.808291,-1,-1,-1
235,23,625.267,405.372,98.793,291.952,0.786695,-1,-1,-1
236,2,856.117,307.414,187.743,588.883,0.876101,-1,-1,-1
236,5,1163.246,323.855,199.032,577.379,0.871668,-1,-1,-1
236,19,1035.451,429.311,81.042,215.023,0.668278,-1,-1,-1
236,20,218.480,364.067,201.007,537.416,0.843732,-1,-1,-1
236,21,384.435,271.251,254.494,635.249,0.869103,-1,-1,-1
236,22,727.128,393.005,103.162,318.428,0.796014,-1,-1,-1
236,23,615.368,406.419,102.092,302.045,0.830483,-1,-1,-1
237,2,856.019,311.446,186.773,588.988,0.878536,-1,-1,-1
237,5,1160.625,325.585,198.688,573.068,0.878769,-1,-1,-1
237,19,1034.258,429.178,81.651,218.185,0.689632,-1,-1,-1
237,20,204.800,362.094,202.918,543.657,0.865442,-1,-1,-1
237,21,372.081,267.306,256.193,643.100,0.865682,-1,-1,-1
237,22,719.031,393.842,105.650,321.904,0.799197,-1,-1,-1
237,23,607.322,407.190,103.403,306.930,0.790865,-1,-1,-1
238,2,854.502,313.465,186.284,591.608,0.876164,-1,-1,-1
238,5,1158.026,329.057,198.226,566.686,0.878022,-1,-1,-1
238,19,1034.003,428.667,81.868,221.012,0.536320,-1,-1,-1
238,20,189.516,355.074,206.327,555.398,0.858912,-1,-1,-1
238,21,355.555,262.197,259.206,655.978,0.868762,-1,-1,-1
238,22,716.701,390.727,107.589,326.361,0.814042,-1,-1,-1
238,23,600.240,407.389,104.209,309.377,0.795915,-1,-1,-1
239,2,853.136,317.977,184.940,591.144,0.867368,-1,-1,-1
239,5,1154.782,329.245,199.072,564.975,0.881177,-1,-1,-1
239,19,1029.729,428.364,81.936,224.313,0.555803,-1,-1,-1
239,20,172.891,351.577,208.148,564.758,0.887073,-1,-1,-1
239,21,339.297,258.791,261.463,662.957,0.863819,-1,-1,-1
239,22,709.498,389.187,109.896,330.568,0.831852,-1,-1,-1
239,23,592.824,406.571,105.449,314.099,0.761557,-1,-1,-1
240,2,848.158,322.436,183.233,590.139,0.858705,-1,-1,-1
240,5,1147.865,328.968,201.590,567.127,0.888309,-1,-1,-1
240,19,1027.963,432.763,82.104,227.213,0.587900,-1,-1,-1
240,20,154.057,347.596,211.056,574.404,0.843498,-1,-1,-1
240,21,320.710,254.302,266.424,671.067,0.876578,-1,-1,-1
240,22,703.424,388.913,111.890,334.307,0.818775,-1,-1,-1
240,23,587.233,407.718,105.820,316.300,0.766436,-1,-1,-1
241,2,841.940,324.346,181.692,589.694,0.865991,-1,-1,-1
241,5,1141.730,328.204,203.948,570.061,0.876443,-1,-1,-1
241,19,1022.108,429.853,81.877,226.809,0.499820,-1,-1,-1
241,20,138.066,347.468,211.360,576.048,0.846253,-1,-1,-1
241,21,306.261,251.284,268.752,678.053,0.883011,-1,-1,-1
241,22,697.936,390.029,113.180,335.602,0.815999,-1,-1,-1
241,23,578.282,408.057,107.612,323.148,0.825395,-1,-1,-1
242,2,833.672,325.505,180.349,588.917,0.850314,-1,-1,-1
242,5,1137.302,329.286,205.154,570.375,0.868405,-1,-1,-1
242,19,1014.269,426.842,83.022,231.514,0.524184,-1,-1,-1
242,20,112.947,342.498,217.335,588.340,0.846057,-1,-1,-1
242,21,288.435,247.079,275.018,692.837,0.886700,-1,-1,-1
242,22,689.621,390.413,114.841,338.294,0.812836,-1,-1,-1
242,23,569.090,406.092,108.969,328.846,0.834181,-1,-1,-1
243,2,826.008,322.244,180.355,591.033,0.841452,-1,-1,-1
243,5,1131.149,330.341,206.324,571.486,0.870591,-1,-1,-1
243,19,1007.463,427.209,84.989,239.289,0.548912,-1,-1,-1
243,20,91.653,339.687,221.649,597.144,0.816838,-1,-1,-1
243,21,263.609,242.737,285.297,713.971,0.887135,-1,-1,-1
243,22,683.113,390.432,116.187,342.593,0.815946,-1,-1,-1
243,23,558.347,404.583,110.449,332.303,0.813187,-1,-1,-1
244,2,818.254,319.985,180.395,591.715,0.840020,-1,-1,-1
244,5,1124.807,332.746,207.199,571.417,0.860873,-1,-1,-1
244,19,1004.525,427.180,83.650,236.758,0.681698,-1,-1,-1
244,20,68.980,337.148,230.330,620.972,0.823949,-1,-1,-1
244,21,234.350,238.273,301.204,748.261,0.865329,-1,-1,-1
244,22,676.689,392.568,116.182,343.311,0.838651,-1,-1,-1
244,23,547.256,402.361,112.674,338.560,0.769006,-1,-1,-1
245,2,809.111,318.815,179.880,587.972,0.847062,-1,-1,-1
245,5,1119.940,333.931,207.980,571.515,0.865348,-1,-1,-1
245,19,1000.954,417.891,84.231,241.012,0.579689,-1,-1,-1
245,20,39.586,336.213,237.050,633.808,0.857423,-1,-1,-1
245,21,216.941,236.649,305.370,752.051,0.857841,-1,-1,-1
245,22,669.141,393.864,117.147,345.804,0.830963,-1,-1,-1
245,23,535.128,400.581,114.915,345.347,0.787671,-1,-1,-1
246,2,802.542,318.222,179.237,580.700,0.848312,-1,-1,-1
246,5,1115.409,334.543,209.386,573.015,0.872974,-1,-1,-1
246,19,997.559,418.893,81.616,235.175,0.610356,-1,-1,-1
246,20,18.746,334.827,240.948,643.435,0.850788,-1,-1,-1
246,21,194.380,233.791,321.630,788.824,0.884981,-1,-1,-1
246,22,658.529,393.423,119.541,351.904,0.820659,-1,-1,-1
246,23,524.895,399.013,117.227,350.872,0.802951,-1,-1,-1
247,2,797.942,318.079,179.904,577.418,0.843570,-1,-1,-1
247,5,1111.391,336.223,210.627,573.546,0.873035,-1,-1,-1
247,19,995.048,428.062,78.099,225.616,0.512652,-1,-1,-1
247,20,1.114,335.670,245.554,655.918,0.864993,-1,-1,-1
247,21,167.214,231.014,333.376,810.363,0.875042,-1,-1,-1
247,22,651.184,394.070,121.325,355.433,0.823111,-1,-1,-1
247,23,514.856,399.201,119.562,358.630,0.766630,-1,-1,-1
248,2,794.459,320.308,181.994,576.906,0.827483,-1,-1,-1
248,5,1105.674,336.924,213.898,580.623,0.877101,-1,-1,-1
248,19,989.919,426.809,80.378,235.071,0.431692,-1,-1,-1
248,20,-10.830,335.721,250.594,674.759,0.850065,-1,-1,-1
248,21,139.843,229.886,340.671,815.670,0.877649,-1,-1,-1
248,22,643.632,397.035,122.595,358.372,0.783005,-1,-1,-1
248,23,504.718,400.258,121.459,366.249,0.808743,-1,-1,-1
249,2,787.232,322.977,183.402,577.884,0.829935,-1,-1,-1
249,5,1103.265,339.075,215.789,585.212,0.877085,-1,-1,-1
249,19,985.293,436.126,81.502,241.493,0.321935,-1,-1,-1
249,20,-23.422,348.134,249.761,685.896,0.829289,-1,-1,-1
249,21,114.613,226.681,351.793,834.837,0.882698,-1,-1,-1
249,22,636.064,396.799,125.690,365.863,0.780042,-1,-1,-1
249,23,496.820,402.911,124.379,375.740,0.796627,-1,-1,-1
250,2,781.824,323.031,185.655,581.732,0.836597,-1,-1,-1
250,5,1102.138,340.371,216.996,588.344,0.878878,-1,-1,-1
250,20,-35.072,345.171,252.789,714.546,0.830588,-1,-1,-1
250,21,94.109,222.456,360.114,849.043,0.858685,-1,-1,-1
250,22,630.878,397.121,128.071,371.862,0.815717,-1,-1,-1
250,23,490.831,406.144,125.563,380.870,0.787595,-1,-1,-1
251,2,778.707,326.561,187.371,584.760,0.848354,-1,-1,-1
251,5,1102.106,340.180,218.032,591.636,0.879550,-1,-1,-1
251,20,-40.718,341.453,250.075,729.597,0.839376,-1,-1,-1
251,21,77.782,218.253,365.347,859.255,0.885327,-1,-1,-1
251,22,627.277,398.805,129.873,375.924,0.816559,-1,-1,-1
251,23,486.253,411.221,126.469,383.174,0.838381,-1,-1,-1
252,2,775.388,329.410,188.944,589.496,0.851150,-1,-1,-1
252,5,1102.791,342.059,218.125,592.303,0.880820,-1,-1,-1
252,20,-45.028,339.753,243.273,736.123,0.827557,-1,-1,-1
252,21,65.581,212.940,368.267,866.747,0.888641,-1,-1,-1
252,22,619.290,400.309,132.681,379.918,0.820543,-1,-1,-1
252,23,480.627,414.272,127.639,384.937,0.833335,-1,-1,-1
253,2,773.637,331.025,190.669,595.052,0.852339,-1,-1,-1
253,5,1105.780,342.211,218.650,595.072,0.871629,-1,-1,-1
253,20,-49.281,337.288,235.160,742.211,0.834790,-1,-1,-1
253,21,58.221,205.160,368.180,870.640,0.905739,-1,-1,-1
253,22,612.620,399.158,134.822,380.284,0.834689,-1,-1,-1
253,23,475.594,414.269,130.046,390.259,0.836105,-1,-1,-1
254,2,774.942,334.393,191.243,595.823,0.848521,-1,-1,-1
254,5,1108.544,341.477,217.508,593.604,0.870338,-1,-1,-1
254,20,-51.208,337.212,224.577,742.005,0.830159,-1,-1,-1
254,21,43.638,199.153,368.845,875.844,0.911921,-1,-1,-1
254,22,610.281,399.863,136.996,381.529,0.847481,-1,-1,-1
254,23,471.046,416.763,132.116,395.856,0.838177,-1,-1,-1
254,19,941.310,396.865,120.290,361.613,0.633855,-1,-1,-1
255,2,779.018,338.907,191.689,594.306,0.859142,-1,-1,-1
255,5,1113.079,340.111,216.571,591.645,0.878050,-1,-1,-1
255,20,-54.212,334.908,214.061,744.775,0.759464,-1,-1,-1
255,21,28.661,191.113,372.114,885.383,0.911287,-1,-1,-1
255,22,608.237,400.451,139.767,384.388,0.839718,-1,-1,-1
255,23,468.248,417.494,133.781,400.772,0.834807,-1,-1,-1
255,19,941.545,396.612,122.910,370.554,0.690807,-1,-1,-1
256,2,784.428,345.555,190.696,590.497,0.865399,-1,-1,-1
256,5,1119.554,341.950,214.887,586.420,0.877137,-1,-1,-1
256,20,-55.309,334.715,202.152,743.020,0.702320,-1,-1,-1
256,21,13.801,181.747,376.773,896.826,0.907282,-1,-1,-1
256,22,605.856,402.336,143.217,388.139,0.837659,-1,-1,-1
256,23,466.530,417.258,136.240,407.054,0.829464,-1,-1,-1
256,19,945.827,396.369,125.025,375.615,0.664553,-1,-1,-1
257,2,790.804,351.485,189.466,584.896,0.873780,-1,-1,-1
257,5,1126.429,342.799,213.195,581.477,0.882740,-1,-1,-1
257,21,4.536,179.673,375.918,894.829,0.908040,-1,-1,-1
257,22,602.719,402.186,147.389,395.455,0.829937,-1,-1,-1
257,23,464.607,417.178,138.195,412.171,0.823703,-1,-1,-1
257,19,953.407,413.156,121.841,361.981,0.534568,-1,-1,-1
258,2,796.052,352.031,189.465,584.639,0.865871,-1,-1,-1
258,5,1132.252,342.161,212.877,581.101,0.877859,-1,-1,-1
258,21,-2.648,175.039,376.872,897.547,0.918845,-1,-1,-1
258,22,599.410,402.098,151.635,403.566,0.838423,-1,-1,-1
258,23,462.431,415.218,139.158,415.543,0.826826,-1,-1,-1
258,19,961.765,431.953,117.246,343.244,0.503488,-1,-1,-1
259,2,799.817,352.449,190.079,586.312,0.870227,-1,-1,-1
259,5,1136.734,341.927,212.514,581.183,0.893604,-1,-1,-1
259,21,-7.011,169.815,378.194,902.073,0.922259,-1,-1,-1
259,22,595.811,404.857,153.565,403.653,0.851143,-1,-1,-1
259,23,458.255,412.400,139.276,416.322,0.832638,-1,-1,-1
259,19,964.445,429.027,119.315,346.903,0.584543,-1,-1,-1
260,2,804.328,350.533,190.706,587.870,0.850190,-1,-1,-1
260,5,1141.076,341.414,213.322,585.934,0.895817,-1,-1,-1
260,21,-10.768,161.830,380.386,910.792,0.930319,-1,-1,-1
260,22,593.098,409.012,155.493,403.243,0.841436,-1,-1,-1
260,23,453.586,409.760,141.139,421.395,0.823863,-1,-1,-1
260,19,973.746,431.578,117.559,342.460,0.595184,-1,-1,-1
261,2,813.205,346.990,187.436,578.727,0.850720,-1,-1,-1
261,5,1144.192,341.453,213.255,588.472,0.903973,-1,-1,-1
261,21,-14.698,153.196,382.214,921.075,0.933395,-1,-1,-1
261,22,591.349,411.352,157.763,405.988,0.824601,-1,-1,-1
261,23,450.181,406.492,142.634,425.391,0.819200,-1,-1,-1
261,19,976.343,431.880,118.264,343.769,0.673140,-1,-1,-1
262,2,819.746,344.283,184.709,571.176,0.861414,-1,-1,-1
262,5,1147.416,340.916,213.007,590.570,0.905592,-1,-1,-1
262,21,-18.981,144.976,382.498,930.329,0.932769,-1,-1,-1
262,22,591.154,412.208,158.816,409.173,0.784204,-1,-1,-1
262,23,445.410,405.116,144.770,432.218,0.847613,-1,-1,-1
262,19,978.509,430.536,119.441,345.750,0.661603,-1,-1,-1
263,2,823.850,343.022,182.484,566.442,0.849833,-1,-1,-1
263,5,1151.194,339.007,212.931,593.504,0.905608,-1,-1,-1
263,21,-24.063,133.206,382.325,941.779,0.931050,-1,-1,-1
263,22,586.841,410.139,161.113,417.405,0.717585,-1,-1,-1
263,23,439.431,402.507,146.886,439.556,0.847323,-1,-1,-1
263,19,983.408,428.436,120.318,347.775,0.663237,-1,-1,-1
264,2,825.136,341.711,181.303,564.296,0.838887,-1,-1,-1
264,5,1154.234,337.482,212.619,595.495,0.898065,-1,-1,-1
264,21,-28.489,124.794,379.112,948.428,0.919325,-1,-1,-1
264,22,582.128,406.547,162.636,424.291,0.775383,-1,-1,-1
264,23,430.565,397.663,151.787,452.536,0.848157,-1,-1,-1
264,19,986.914,423.787,123.080,353.013,0.628630,-1,-1,-1
265,2,825.892,333.998,180.967,567.232,0.841158,-1,-1,-1
265,5,1156.143,335.676,212.493,597.819,0.897565,-1,-1,-1
265,21,-34.047,116.171,374.288,954.826,0.896310,-1,-1,-1
265,22,577.965,400.390,161.412,425.061,0.781190,-1,-1,-1
265,23,421.437,396.151,154.256,456.489,0.846418,-1,-1,-1
265,19,994.693,417.366,124.657,357.335,0.784379,-1,-1,-1
265,25,787.689,446.511,61.487,226.907,0.692061,-1,-1,-1
266,2,827.131,327.626,181.664,574.063,0.849732,-1,-1,-1
266,5,1157.407,333.404,212.552,600.841,0.897752,-1,-1,-1
266,21,-39.030,116.997,363.239,948.375,0.829482,-1,-1,-1
266,22,571.916,393.534,161.613,428.231,0.762721,-1,-1,-1
266,23,411.285,397.327,155.109,457.381,0.825361,-1,-1,-1
266,19,1001.355,411.645,127.120,360.405,0.764481,-1,-1,-1
266,25,788.250,445.167,62.091,228.892,0.749068,-1,-1,-1
267,2,829.783,325.095,180.940,577.287,0.843823,-1,-1,-1
267,5,1159.314,331.866,212.359,603.058,0.895385,-1,-1,-1
267,21,-32.947,197.044,324.185,862.487,0.819982,-1,-1,-1
267,22,556.463,384.238,167.578,441.343,0.827997,-1,-1,-1
267,23,403.736,392.673,157.108,464.727,0.834189,-1,-1,-1
267,19,1008.308,407.775,127.862,361.208,0.773551,-1,-1,-1
267,25,789.150,443.863,63.521,233.717,0.760162,-1,-1,-1
268,2,832.873,324.756,179.092,579.269,0.844730,-1,-1,-1
268,5,1160.394,329.530,212.019,604.670,0.897239,-1,-1,-1
268,21,-33.591,227.441,287.805,785.099,0.835705,-1,-1,-1
268,22,551.566,377.466,170.719,450.558,0.838741,-1,-1,-1
268,23,399.530,390.989,158.253,469.648,0.842427,-1,-1,-1
268,19,1012.144,405.117,128.881,363.637,0.801985,-1,-1,-1
268,25,789.796,442.476,64.449,236.101,0.792232,-1,-1,-1
269,2,835.774,325.240,176.483,579.514,0.845906,-1,-1,-1
269,5,1160.095,326.513,213.050,610.405,0.887911,-1,-1,-1
269,21,-47.535,226.774,284.753,807.075,0.822559,-1,-1,-1
269,22,545.831,367.367,173.961,461.318,0.832414,-1,-1,-1
269,23,392.541,383.509,161.219,480.268,0.869231,-1,-1,-1
269,19,1010.505,402.221,132.316,370.322,0.727012,-1,-1,-1
269,25,789.227,440.017,64.695,235.881,0.777368,-1,-1,-1
270,2,831.268,321.813,176.320,581.853,0.815306,-1,-1,-1
270,5,1158.820,320.821,213.404,614.491,0.882011,-1,-1,-1
270,22,540.983,355.946,177.160,471.539,0.840899,-1,-1,-1
270,23,385.688,374.402,164.009,488.611,0.876026,-1,-1,-1
270,19,1010.587,398.450,134.851,373.698,0.642807,-1,-1,-1
270,25,787.959,436.276,64.471,233.618,0.753660,-1,-1,-1
271,2,829.958,321.330,174.700,579.911,0.798289,-1,-1,-1
271,5,1158.520,317.807,211.917,612.843,0.890555,-1,-1,-1
271,22,535.953,349.998,178.415,475.561,0.842174,-1,-1,-1
271,23,378.067,367.478,166.595,494.969,0.874940,-1,-1,-1
271,19,1012.689,397.003,135.695,375.241,0.759868,-1,-1,-1
271,25,786.063,432.181,64.616,232.513,0.761929,-1,-1,-1
272,2,830.106,319.576,171.538,577.497,0.841802,-1,-1,-1
272,5,1156.924,312.215,210.483,611.624,0.894880,-1,-1,-1
272,22,529.872,345.779,179.179,478.685,0.857365,-1,-1,-1
272,23,362.132,356.299,170.237,505.714,0.872100,-1,-1,-1
272,19,1013.062,394.868,135.774,374.581,0.788762,-1,-1,-1
272,25,782.509,427.507,64.284,229.329,0.791699,-1,-1,-1
273,2,826.868,318.363,168.765,573.027,0.837150,-1,-1,-1
273,5,1153.927,307.264,209.250,610.412,0.898816,-1,-1,-1
273,22,523.057,341.239,179.127,480.414,0.867586,-1,-1,-1
273,23,345.875,347.044,172.291,512.617,0.880606,-1,-1,-1
273,19,1011.365,392.689,136.450,375.815,0.788600,-1,-1,-1
273,25,776.365,421.479,64.712,228.246,0.743855,-1,-1,-1
274,2,822.464,310.643,168.218,575.998,0.851622,-1,-1,-1
274,5,1151.139,303.269,207.671,606.632,0.896170,-1,-1,-1
274,22,518.562,336.241,182.015,488.393,0.862228,-1,-1,-1
274,23,331.820,337.305,173.455,518.276,0.870007,-1,-1,-1
274,19,1006.348,389.070,138.302,378.507,0.795633,-1,-1,-1
274,25,770.129,415.309,67.590,237.732,0.705775,-1,-1,-1
275,2,816.337,304.252,168.172,575.505,0.856835,-1,-1,-1
275,5,1145.700,296.873,206.800,601.996,0.889053,-1,-1,-1
275,22,510.293,328.679,185.013,495.878,0.863284,-1,-1,-1
275,23,319.741,325.943,175.825,524.837,0.860837,-1,-1,-1
275,19,999.033,383.248,141.002,382.015,0.814991,-1,-1,-1
275,25,762.261,406.736,70.243,247.083,0.667027,-1,-1,-1
276,2,807.289,293.355,169.076,580.255,0.837616,-1,-1,-1
276,5,1142.123,291.068,206.011,597.015,0.889215,-1,-1,-1
276,22,500.770,320.776,188.421,505.395,0.868988,-1,-1,-1
276,23,305.261,318.682,178.542,531.526,0.873786,-1,-1,-1
276,19,991.773,376.153,143.922,386.922,0.826828,-1,-1,-1
276,25,754.649,400.568,71.291,251.559,0.671785,-1,-1,-1
277,2,800.421,285.564,166.505,571.503,0.843666,-1,-1,-1
277,5,1137.605,283.606,206.585,595.717,0.884486,-1,-1,-1
277,22,491.100,309.194,189.838,509.574,0.856552,-1,-1,-1
277,23,289.525,306.883,182.351,545.094,0.882244,-1,-1,-1
277,19,991.337,369.294,145.570,393.260,0.761966,-1,-1,-1
277,25,746.452,394.188,70.644,249.865,0.660237,-1,-1,-1
278,2,792.063,279.881,164.932,564.368,0.856544,-1,-1,-1
278,5,1131.657,277.190,207.500,596.121,0.873118,-1,-1,-1
278,22,479.205,300.758,193.630,523.169,0.862548,-1,-1,-1
278,23,273.797,301.731,184.371,553.703,0.859669,-1,-1,-1
278,19,984.286,358.946,148.209,398.942,0.767172,-1,-1,-1
278,25,740.926,389.202,68.250,242.583,0.623066,-1,-1,-1
279,2,784.081,271.760,165.810,563.452,0.840176,-1,-1,-1
279,5,1127.878,269.259,208.675,596.884,0.872000,-1,-1,-1
279,22,469.922,295.387,195.187,530.684,0.879534,-1,-1,-1
279,23,259.692,295.050,188.493,566.482,0.874836,-1,-1,-1
279,19,980.490,349.196,150.011,402.772,0.796317,-1,-1,-1
279,25,734.416,379.736,68.143,242.729,0.637357,-1,-1,-1
280,2,778.737,263.019,166.159,562.233,0.844155,-1,-1,-1
280,5,1123.888,260.034,210.786,600.310,0.869577,-1,-1,-1
280,22,463.003,284.866,197.951,542.651,0.874566,-1,-1,-1
280,23,246.093,282.453,192.247,579.313,0.866897,-1,-1,-1
280,19,980.240,338.465,151.358,407.301,0.775965,-1,-1,-1
280,25,729.757,372.625,68.716,245.844,0.692334,-1,-1,-1
281,2,779.205,253.761,165.584,557.419,0.847264,-1,-1,-1
281,5,1123.550,252.639,211.573,600.663,0.882765,-1,-1,-1
281,22,457.747,274.543,200.302,552.821,0.888066,-1,-1,-1
281,23,236.107,273.122,196.022,589.520,0.872081,-1,-1,-1
281,19,979.993,324.805,154.214,417.033,0.796955,-1,-1,-1
281,25,727.266,367.462,66.362,238.856,0.635069,-1,-1,-1
282,2,772.589,241.294,169.801,565.964,0.855489,-1,-1,-1
282,5,1121.038,242.963,213.541,604.557,0.877916,-1,-1,-1
282,22,452.675,253.697,204.673,568.632,0.881782,-1,-1,-1
282,23,227.667,256.558,199.941,599.527,0.882785,-1,-1,-1
282,19,980.889,311.498,154.982,422.170,0.774712,-1,-1,-1
282,25,724.948,357.788,67.460,244.762,0.615837,-1,-1,-1
283,2,770.102,232.781,172.069,567.984,0.824535,-1,-1,-1
283,5,1121.605,232.041,215.163,607.297,0.883067,-1,-1,-1
283,22,448.422,235.321,206.789,576.730,0.874962,-1,-1,-1
283,23,217.199,242.307,204.442,609.884,0.872312,-1,-1,-1
283,19,980.766,301.149,156.422,428.600,0.785334,-1,-1,-1
283,25,722.921,348.380,68.314,250.182,0.633976,-1,-1,-1
284,2,770.423,224.749,173.819,568.646,0.824043,-1,-1,-1
284,5,1122.582,222.908,217.764,613.396,0.884180,-1,-1,-1
284,22,444.098,223.320,207.495,577.374,0.876318,-1,-1,-1
284,23,207.265,229.181,210.438,626.176,0.872577,-1,-1,-1
284,19,979.194,291.123,159.031,434.976,0.791877,-1,-1,-1
284,25,722.773,342.662,67.161,246.735,0.622732,-1,-1,-1
285,2,771.124,216.893,175.752,572.089,0.850168,-1,-1,-1
285,5,1124.096,214.639,219.955,618.165,0.889431,-1,-1,-1
285,22,438.600,210.349,212.240,588.913,0.881933,-1,-1,-1
285,23,198.127,216.061,214.513,635.648,0.881348,-1,-1,-1
285,19,980.829,283.565,160.872,439.668,0.719976,-1,-1,-1
285,25,723.370,334.686,67.848,250.234,0.638462,-1,-1,-1
286,2,773.597,211.033,176.658,573.254,0.856939,-1,-1,-1
286,5,1125.900,207.527,221.809,622.501,0.891241,-1,-1,-1
286,22,435.778,195.144,215.505,596.820,0.897338,-1,-1,-1
286,23,185.953,203.086,218.629,645.500,0.871278,-1,-1,-1
286,19,979.164,274.761,166.777,452.695,0.782417,-1,-1,-1
286,25,723.897,325.706,68.702,253.193,0.668957,-1,-1,-1
287,2,777.118,204.522,176.698,573.866,0.864487,-1,-1,-1
287,5,1129.395,202.125,222.509,621.044,0.885983,-1,-1,-1
287,22,432.943,181.188,219.203,606.395,0.902009,-1,-1,-1
287,23,176.107,189.575,222.226,654.312,0.878161,-1,-1,-1
287,19,980.611,264.044,170.520,458.554,0.752176,-1,-1,-1
287,25,725.688,315.627,70.400,258.702,0.731026,-1,-1,-1
288,2,779.862,200.204,176.360,571.088,0.855280,-1,-1,-1
288,5,1138.392,193.789,223.806,623.963,0.875450,-1,-1,-1
288,22,429.964,168.587,223.259,617.881,0.897815,-1,-1,-1
288,23,168.438,178.930,224.894,661.524,0.881934,-1,-1,-1
288,19,987.739,258.296,173.041,463.035,0.656502,-1,-1,-1
288,25,728.829,306.488,70.877,260.722,0.773821,-1,-1,-1
289,2,785.053,191.755,177.000,569.661,0.840652,-1,-1,-1
289,5,1146.780,186.027,225.303,626.887,0.870938,-1,-1,-1
289,22,423.915,161.043,229.211,632.462,0.900186,-1,-1,-1
289,23,156.912,164.769,229.371,673.463,0.897914,-1,-1,-1
289,19,998.284,254.337,173.820,467.572,0.632998,-1,-1,-1
289,25,731.127,299.152,72.610,266.809,0.749190,-1,-1,-1
290,2,792.491,188.500,178.434,569.994,0.839782,-1,-1,-1
290,5,1156.610,182.494,224.510,625.137,0.872823,-1,-1,-1
290,22,418.357,153.746,236.096,649.936,0.908042,-1,-1,-1
290,23,147.881,151.306,233.332,685.794,0.903719,-1,-1,-1
290,19,1010.440,247.025,175.581,478.373,0.788602,-1,-1,-1
290,25,734.268,295.148,72.841,267.066,0.740660,-1,-1,-1
291,2,798.972,184.661,177.981,566.851,0.822290,-1,-1,-1
291,5,1167.815,178.959,222.923,623.042,0.864729,-1,-1,-1
291,22,414.057,149.567,240.696,659.468,0.907241,-1,-1,-1
291,23,138.157,141.323,237.051,696.006,0.906094,-1,-1,-1
291,19,1018.859,239.887,177.489,488.596,0.791899,-1,-1,-1
291,25,738.496,288.983,73.615,268.667,0.727971,-1,-1,-1
292,2,803.150,180.931,177.626,561.667,0.827503,-1,-1,-1
292,5,1178.568,173.154,221.061,618.959,0.879001,-1,-1,-1
292,22,410.095,147.736,246.080,671.059,0.908144,-1,-1,-1
292,23,127.368,134.355,240.864,709.490,0.904498,-1,-1,-1
292,19,1026.542,233.330,177.709,492.112,0.805091,-1,-1,-1
292,25,741.970,283.190,75.121,271.882,0.738749,-1,-1,-1
293,2,811.297,175.905,176.333,555.336,0.841289,-1,-1,-1
293,5,1188.524,170.018,218.250,612.122,0.888505,-1,-1,-1
293,22,403.819,144.585,252.423,686.724,0.905624,-1,-1,-1
293,23,111.927,131.674,247.751,730.341,0.879579,-1,-1,-1
293,19,1035.130,229.459,179.397,496.625,0.831710,-1,-1,-1
293,25,746.847,278.407,76.491,273.995,0.746197,-1,-1,-1
294,2,819.185,172.549,175.855,553.329,0.825409,-1,-1,-1
294,5,1201.638,169.032,216.928,611.256,0.875003,-1,-1,-1
294,22,399.064,142.776,257.600,700.331,0.905131,-1,-1,-1
294,23,90.892,130.695,256.722,751.713,0.891937,-1,-1,-1
294,19,1043.889,225.789,180.792,500.536,0.847971,-1,-1,-1
294,25,753.502,277.333,77.699,274.353,0.755392,-1,-1,-1
294,28,965.971,201.631,95.460,428.297,0.716294,-1,-1,-1
295,2,828.281,178.209,175.389,550.548,0.832461,-1,-1,-1
295,5,1214.322,169.633,215.873,613.370,0.875595,-1,-1,-1
295,22,392.922,140.296,266.281,725.154,0.905269,-1,-1,-1
295,23,70.997,128.542,265.036,767.870,0.891690,-1,-1,-1
295,19,1051.557,220.630,184.331,510.611,0.854154,-1,-1,-1
295,25,760.169,277.004,79.412,276.784,0.788754,-1,-1,-1
295,28,967.777,202.562,95.846,430.829,0.642243,-1,-1,-1
296,2,835.814,176.056,175.883,553.589,0.842508,-1,-1,-1
296,5,1225.504,171.050,214.816,616.231,0.867729,-1,-1,-1
296,22,387.929,135.886,273.300,744.719,0.905349,-1,-1,-1
296,23,51.953,128.482,272.749,780.608,0.895332,-1,-1,-1
296,19,1057.455,211.812,190.223,529.574,0.865850,-1,-1,-1
296,25,764.953,275.917,81.263,279.013,0.795774,-1,-1,-1
296,28,973.662,201.780,95.596,429.481,0.606834,-1,-1,-1
297,2,843.856,176.692,174.894,555.278,0.825152,-1,-1,-1
297,5,1237.608,171.139,214.856,623.572,0.873193,-1,-1,-1
297,22,381.071,130.145,278.510,759.146,0.911973,-1,-1,-1
297,23,39.147,125.873,281.337,799.089,0.899200,-1,-1,-1
297,19,1068.295,207.133,193.580,538.885,0.855713,-1,-1,-1
297,25,770.959,275.231,82.043,279.162,0.793994,-1,-1,-1
297,28,987.591,207.326,93.430,415.762,0.699124,-1,-1,-1
298,2,851.521,178.501,173.981,555.839,0.820747,-1,-1,-1
298,5,1248.323,171.017,214.014,629.201,0.868059,-1,-1,-1
298,22,374.170,120.286,284.299,776.009,0.905666,-1,-1,-1
298,23,30.709,123.050,288.106,815.785,0.900551,-1,-1,-1
298,19,1076.538,203.679,196.396,546.837,0.860029,-1,-1,-1
298,25,776.581,276.712,81.931,275.923,0.805841,-1,-1,-1
298,28,991.831,214.525,94.008,416.603,0.698136,-1,-1,-1
299,2,858.679,180.163,172.161,555.504,0.837506,-1,-1,-1
299,5,1254.144,169.070,213.495,634.822,0.865205,-1,-1,-1
299,22,365.642,108.578,290.182,793.911,0.907597,-1,-1,-1
299,23,21.004,114.421,297.349,841.501,0.896853,-1,-1,-1
299,19,1082.324,202.671,199.635,553.231,0.872569,-1,-1,-1
299,25,781.807,276.707,83.536,278.699,0.790090,-1,-1,-1
299,28,994.559,207.306,95.923,424.838,0.697450,-1,-1,-1
300,2,862.118,182.996,171.284,557.852,0.830335,-1,-1,-1
300,5,1255.769,168.412,214.073,639.514,0.855564,-1,-1,-1
300,22,355.581,97.767,296.400,810.419,0.908638,-1,-1,-1
300,23,9.599,106.969,307.160,869.393,0.893368,-1,-1,-1
300,19,1088.907,200.725,205.531,567.353,0.865067,-1,-1,-1
300,25,786.469,276.403,84.855,279.636,0.757266,-1,-1,-1
300,28,999.501,204.322,96.088,425.616,0.737578,-1,-1,-1
301,2,865.957,182.544,169.895,558.653,0.847793,-1,-1,-1
301,5,1255.836,166.692,216.453,646.836,0.844898,-1,-1,-1
301,22,344.245,84.412,303.676,829.622,0.914973,-1,-1,-1
301,23,-2.026,97.956,313.826,890.291,0.906230,-1,-1,-1
301,19,1093.234,199.668,211.338,582.088,0.855708,-1,-1,-1
301,25,789.351,276.538,85.834,279.405,0.772868,-1,-1,-1
301,28,1008.256,203.419,96.477,424.745,0.758042,-1,-1,-1
302,2,869.573,183.824,168.280,558.743,0.838713,-1,-1,-1
302,5,1259.965,168.699,216.540,649.317,0.835228,-1,-1,-1
302,22,331.875,74.810,309.590,842.958,0.899039,-1,-1,-1
302,23,-13.191,85.071,319.051,913.762,0.899867,-1,-1,-1
302,19,1098.787,198.151,212.619,584.953,0.860089,-1,-1,-1
302,25,789.729,276.664,87.439,280.732,0.783899,-1,-1,-1
302,28,1011.600,202.618,96.901,425.705,0.756241,-1,-1,-1
303,2,872.501,184.300,166.214,558.155,0.849076,-1,-1,-1
303,5,1262.853,170.674,215.840,650.575,0.820304,-1,-1,-1
303,22,319.255,60.646,317.221,861.049,0.905182,-1,-1,-1
303,23,-23.361,67.058,323.037,940.001,0.919905,-1,-1,-1
303,19,1103.636,198.313,212.369,586.082,0.845035,-1,-1,-1
303,25,789.744,276.949,88.795,281.222,0.787361,-1,-1,-1
303,28,1012.225,203.299,96.768,425.992,0.769102,-1,-1,-1
304,2,870.836,183.954,165.341,560.505,0.852975,-1,-1,-1
304,5,1266.817,170.823,214.780,653.008,0.816899,-1,-1,-1
304,22,307.558,54.833,323.341,873.825,0.915091,-1,-1,-1
304,23,-36.076,50.752,321.985,961.236,0.905264,-1,-1,-1
304,19,1102.187,196.742,218.317,607.172,0.809433,-1,-1,-1
304,25,790.142,277.756,89.393,280.991,0.785747,-1,-1,-1
304,28,1013.457,206.862,96.154,423.118,0.777374,-1,-1,-1
305,2,866.656,186.215,165.284,563.646,0.858411,-1,-1,-1
305,5,1270.977,170.379,213.054,655.512,0.815645,-1,-1,-1
305,22,294.300,47.080,336.286,909.220,0.923176,-1,-1,-1
305,23,-48.106,36.405,317.720,981.356,0.899376,-1,-1,-1
305,19,1101.885,196.764,221.130,619.193,0.827937,-1,-1,-1
305,25,789.258,278.757,90.081,281.416,0.769114,-1,-1,-1
305,28,1013.504,210.672,95.561,420.227,0.782058,-1,-1,-1
306,2,862.127,185.921,164.915,563.613,0.855541,-1,-1,-1
306,5,1273.901,170.082,209.974,653.615,0.827831,-1,-1,-1
306,22,277.321,43.301,348.847,943.383,0.922294,-1,-1,-1
306,23,-56.195,30.992,311.607,1000.141,0.900736,-1,-1,-1
306,19,1099.494,196.128,226.512,639.822,0.854918,-1,-1,-1
306,25,788.179,278.816,91.700,285.276,0.761997,-1,-1,-1
306,28,1012.408,210.551,96.052,422.116,0.779053,-1,-1,-1
307,2,859.924,185.169,162.352,555.547,0.839631,-1,-1,-1
307,5,1279.684,169.532,207.397,656.518,0.834163,-1,-1,-1
307,22,258.946,38.636,360.641,973.670,0.912060,-1,-1,-1
307,23,-64.180,30.355,305.963,1026.777,0.871818,-1,-1,-1
307,19,1099.635,194.987,229.637,653.022,0.869506,-1,-1,-1
307,25,785.321,276.995,93.212,290.166,0.725715,-1,-1,-1
307,28,1010.160,213.355,96.166,420.222,0.799274,-1,-1,-1
308,2,857.820,182.648,161.373,552.357,0.826548,-1,-1,-1
308,5,1280.751,167.235,204.563,658.096,0.820118,-1,-1,-1
308,22,241.347,33.602,370.682,1002.422,0.912736,-1,-1,-1
308,23,-61.091,97.279,274.804,964.839,0.783776,-1,-1,-1
308,19,1099.409,191.075,233.710,668.196,0.862447,-1,-1,-1
308,25,782.612,276.260,93.032,289.793,0.753410,-1,-1,-1
308,28,1007.023,213.406,97.284,423.174,0.778871,-1,-1,-1
309,2,854.307,183.030,161.603,551.764,0.823186,-1,-1,-1
309,5,1280.709,168.619,200.124,654.891,0.816124,-1,-1,-1
309,22,222.475,33.487,377.780,1022.163,0.907303,-1,-1,-1
309,23,-57.763,150.870,245.688,904.699,0.834611,-1,-1,-1
309,19,1096.381,189.094,236.568,678.944,0.871970,-1,-1,-1
309,25,778.866,279.010,90.571,283.120,0.765276,-1,-1,-1
309,28,1004.689,213.497,98.261,425.262,0.773718,-1,-1,-1
310,2,852.538,183.147,161.333,547.645,0.814116,-1,-1,-1
310,5,1281.744,167.868,198.065,660.031,0.817545,-1,-1,-1
310,22,204.993,28.947,382.214,1032.213,0.919224,-1,-1,-1
310,23,-29.310,176.627,169.748,637.701,0.740503,-1,-1,-1
310,19,1094.673,181.233,241.346,695.305,0.882129,-1,-1,-1
310,25,776.091,278.417,90.828,286.344,0.756603,-1,-1,-1
310,28,1003.884,213.581,99.033,425.642,0.773044,-1,-1,-1
311,2,845.212,184.794,163.779,547.759,0.826758,-1,-1,-1
311,5,1285.815,167.063,193.736,656.956,0.822730,-1,-1,-1
311,22,186.123,18.603,391.393,1057.410,0.917892,-1,-1,-1
311,23,-21.016,197.397,136.006,526.292,0.766341,-1,-1,-1
311,19,1095.156,176.168,244.346,705.072,0.885017,-1,-1,-1
311,25,774.347,275.251,90.994,290.014,0.743642,-1,-1,-1
311,28,1002.142,211.475,99.664,427.908,0.759699,-1,-1,-1
312,2,839.792,184.859,167.181,550.882,0.829179,-1,-1,-1
312,5,1292.965,165.992,188.590,650.862,0.807398,-1,-1,-1
312,22,169.124,9.016,397.257,1072.157,0.918708,-1,-1,-1
312,19,1098.820,165.376,248.510,719.804,0.885208,-1,-1,-1
312,25,772.054,273.378,90.847,292.827,0.762433,-1,-1,-1
312,28,1001.745,208.458,100.739,432.242,0.745129,-1,-1,-1
313,2,834.202,184.824,170.800,553.855,0.840968,-1,-1,-1
313,5,1294.909,164.761,185.283,649.857,0.834920,-1,-1,-1
313,22,152.277,4.458,400.181,1074.265,0.919313,-1,-1,-1
313,19,1100.742,151.377,254.328,739.887,0.903929,-1,-1,-1
313,25,768.912,271.705,90.960,296.225,0.744894,-1,-1,-1
313,28,1002.059,208.832,101.488,435.369,0.738131,-1,-1,-1
314,2,829.620,185.237,173.170,553.803,0.828150,-1,-1,-1
314,5,1295.956,161.957,183.660,653.371,0.844363,-1,-1,-1
314,22,135.782,2.124,404.340,1076.693,0.926206,-1,-1,-1
314,19,1100.561,142.481,259.114,756.419,0.901587,-1,-1,-1
314,25,766.472,271.919,90.076,294.720,0.746836,-1,-1,-1
314,28,999.155,211.313,101.036,434.581,0.738366,-1,-1,-1
315,2,828.538,184.077,174.178,552.309,0.823799,-1,-1,-1
315,5,1300.909,158.801,179.165,647.063,0.853884,-1,-1,-1
315,22,113.899,0.430,409.978,1077.982,0.928088,-1,-1,-1
315,19,1100.334,134.531,265.690,781.137,0.893277,-1,-1,-1
315,25,764.193,270.635,90.033,296.436,0.785152,-1,-1,-1
315,28,999.179,216.492,99.644,425.600,0.750889,-1,-1,-1
316,2,826.687,184.208,175.782,552.689,0.832677,-1,-1,-1
316,5,1302.505,155.754,177.205,648.481,0.847177,-1,-1,-1
316,22,87.887,-0.758,416.869,1078.339,0.924419,-1,-1,-1
316,19,1102.044,127.846,272.172,806.915,0.875772,-1,-1,-1
316,25,761.268,267.578,90.107,298.276,0.801116,-1,-1,-1
316,28,997.339,216.203,100.186,429.397,0.743804,-1,-1,-1
317,2,824.733,182.716,177.517,553.704,0.848747,-1,-1,-1
317,5,1305.172,151.561,175.903,655.674,0.829630,-1,-1,-1
317,22,62.029,0.401,425.243,1079.613,0.912705,-1,-1,-1
317,19,1103.941,118.287,278.647,832.049,0.875584,-1,-1,-1
317,25,760.133,265.109,89.968,299.551,0.802709,-1,-1,-1
317,28,995.024,217.034,99.937,428.714,0.749009,-1,-1,-1
318,2,824.353,182.426,177.698,550.791,0.855357,-1,-1,-1
318,5,1307.135,149.249,173.682,660.103,0.840762,-1,-1,-1
318,22,39.301,0.906,431.452,1076.835,0.935237,-1,-1,-1
318,19,1108.170,111.645,282.802,848.844,0.867501,-1,-1,-1
318,25,757.689,263.032,89.664,298.843,0.806048,-1,-1,-1
318,28,993.275,215.033,99.999,427.214,0.745327,-1,-1,-1
319,2,821.835,178.428,179.593,553.382,0.872413,-1,-1,-1
319,5,1310.151,145.799,170.558,661.486,0.797382,-1,-1,-1
319,22,24.899,2.789,435.502,1073.027,0.936337,-1,-1,-1
319,19,1111.298,101.090,290.239,876.081,0.856322,-1,-1,-1
319,25,750.989,261.486,91.267,300.959,0.768692,-1,-1,-1
319,28,990.790,212.087,100.684,428.061,0.770069,-1,-1,-1
320,2,819.196,173.507,180.633,552.463,0.858827,-1,-1,-1
320,5,1316.330,140.876,167.309,664.967,0.760347,-1,-1,-1
320,22,12.862,3.564,437.689,1070.808,0.944240,-1,-1,-1
320,19,1114.393,96.014,295.932,898.088,0.873943,-1,-1,-1
320,25,747.085,259.070,92.994,304.555,0.775974,-1,-1,-1
320,28,988.498,207.805,101.455,428.488,0.780030,-1,-1,-1
321,2,815.022,168.288,183.164,556.343,0.860311,-1,-1,-1
321,5,1322.667,135.833,163.532,665.374,0.684381,-1,-1,-1
321,22,0.883,2.624,438.255,1071.345,0.934987,-1,-1,-1
321,19,1120.223,89.846,303.925,929.227,0.859873,-1,-1,-1
321,25,743.528,256.738,94.209,306.760,0.751087,-1,-1,-1
321,28,986.346,204.507,102.232,428.020,0.795421,-1,-1,-1
322,2,819.321,166.445,182.617,554.891,0.867160,-1,-1,-1
322,22,-9.089,4.526,435.370,1068.814,0.932601,-1,-1,-1
322,19,1135.801,82.142,314.157,958.551,0.869779,-1,-1,-1
322,25,739.839,253.721,95.471,309.262,0.762707,-1,-1,-1
322,28,983.894,200.340,102.937,427.408,0.807090,-1,-1,-1
323,2,820.922,163.887,180.941,549.953,0.867872,-1,-1,-1
323,22,-19.098,5.075,429.465,1064.593,0.917371,-1,-1,-1
323,19,1144.501,72.533,322.751,981.339,0.894586,-1,-1,-1
323,25,735.624,251.365,97.282,312.927,0.761410,-1,-1,-1
323,28,981.715,197.899,103.206,423.833,0.798802,-1,-1,-1
324,2,821.363,166.736,177.578,539.584,0.871385,-1,-1,-1
324,22,-31.253,5.400,422.442,1064.782,0.932331,-1,-1,-1
324,19,1150.820,62.894,330.005,1005.226,0.905693,-1,-1,-1
324,25,731.200,251.267,98.686,316.278,0.762031,-1,-1,-1
324,28,979.994,196.426,103.895,422.422,0.791166,-1,-1,-1
325,2,824.188,166.323,176.479,538.940,0.873097,-1,-1,-1
325,22,-43.281,6.505,411.993,1063.021,0.918033,-1,-1,-1
325,19,1155.672,52.164,335.058,1024.747,0.901404,-1,-1,-1
325,25,725.788,252.163,99.927,317.992,0.767902,-1,-1,-1
325,28,978.818,195.632,105.140,424.043,0.789811,-1,-1,-1
326,2,825.573,165.492,176.049,540.445,0.859614,-1,-1,-1
326,22,-44.887,7.329,403.146,1063.051,0.838314,-1,-1,-1
326,19,1161.407,36.102,339.613,1041.925,0.903692,-1,-1,-1
326,25,719.862,251.180,102.042,320.742,0.804365,-1,-1,-1
326,28,977.982,194.472,106.627,427.362,0.791724,-1,-1,-1
327,2,826.500,166.928,175.622,542.150,0.858779,-1,-1,-1
327,22,-65.617,7.952,387.316,1063.110,0.791351,-1,-1,-1
327,19,1171.735,24.505,343.289,1054.339,0.879664,-1,-1,-1
327,25,716.530,252.208,103.359,321.653,0.810324,-1,-1,-1
327,28,977.410,195.335,107.468,428.953,0.800996,-1,-1,-1
328,2,827.362,167.898,174.985,543.329,0.850547,-1,-1,-1
328,19,1183.583,12.821,348.832,1067.191,0.886194,-1,-1,-1
328,25,715.652,251.956,103.522,320.442,0.814812,-1,-1,-1
328,28,977.316,195.924,107.989,429.829,0.796772,-1,-1,-1
329,2,831.682,166.227,175.556,550.083,0.847044,-1,-1,-1
329,19,1197.628,4.571,352.565,1072.918,0.887877,-1,-1,-1
329,25,713.421,250.678,105.327,323.389,0.811173,-1,-1,-1
329,28,977.717,197.285,108.537,430.883,0.777336,-1,-1,-1
329,22,-45.832,49.564,239.447,684.043,0.608166,-1,-1,-1
330,2,834.633,164.437,176.235,558.235,0.847966,-1,-1,-1
330,19,1214.104,0.796,355.688,1077.978,0.902712,-1,-1,-1
330,25,712.230,250.773,107.262,327.409,0.810267,-1,-1,-1
330,28,982.197,199.717,108.828,429.889,0.786378,-1,-1,-1
331,2,838.125,170.572,174.665,558.704,0.828334,-1,-1,-1
331,19,1236.212,-1.398,358.223,1075.301,0.905321,-1,-1,-1
331,25,711.984,251.568,108.658,330.800,0.792680,-1,-1,-1
331,28,986.246,202.377,109.493,430.907,0.789467,-1,-1,-1
332,2,842.874,177.640,173.096,559.680,0.832565,-1,-1,-1
332,19,1255.163,-1.666,361.664,1073.687,0.907368,-1,-1,-1
332,25,711.891,253.547,109.173,330.706,0.817704,-1,-1,-1
332,28,988.650,204.851,110.393,433.268,0.776741,-1,-1,-1
333,2,844.367,182.856,171.750,560.782,0.834180,-1,-1,-1
333,19,1276.687,-1.330,367.028,1077.330,0.898551,-1,-1,-1
333,25,710.660,255.649,110.074,331.301,0.816165,-1,-1,-1
333,28,989.960,208.907,110.433,432.119,0.765369,-1,-1,-1
334,2,844.555,188.892,170.654,561.281,0.828084,-1,-1,-1
334,19,1295.261,1.023,371.877,1071.994,0.880191,-1,-1,-1
334,25,708.260,256.561,112.193,335.561,0.823895,-1,-1,-1
334,28,991.770,215.019,110.819,431.198,0.786794,-1,-1,-1
335,2,844.660,193.964,168.463,558.308,0.827333,-1,-1,-1
335,19,1311.595,0.865,380.840,1070.295,0.881577,-1,-1,-1
335,25,706.039,257.832,113.843,338.677,0.835368,-1,-1,-1
335,28,993.889,220.008,111.230,431.110,0.787402,-1,-1,-1
336,2,842.438,196.244,167.773,559.957,0.816558,-1,-1,-1
336,19,1344.756,1.460,390.034,1071.420,0.862959,-1,-1,-1
336,25,703.532,260.267,114.650,339.395,0.827724,-1,-1,-1
336,28,993.200,222.753,112.571,433.450,0.773335,-1,-1,-1
336,5,1264.656,164.043,164.197,651.616,0.756230,-1,-1,-1
337,2,840.749,198.368,166.640,558.704,0.806003,-1,-1,-1
337,19,1376.723,1.755,403.595,1075.079,0.861309,-1,-1,-1
337,25,697.726,260.413,117.185,345.843,0.825844,-1,-1,-1
337,28,989.065,225.013,113.256,434.075,0.743973,-1,-1,-1
337,5,1257.795,166.969,167.291,642.886,0.816568,-1,-1,-1
338,2,835.905,199.682,166.534,558.172,0.805097,-1,-1,-1
338,19,1386.817,2.191,422.751,1074.213,0.866738,-1,-1,-1
338,25,693.116,264.744,117.819,346.124,0.823598,-1,-1,-1
338,28,986.898,228.171,115.075,437.092,0.765258,-1,-1,-1
338,5,1249.509,167.479,175.746,657.599,0.797547,-1,-1,-1
339,2,831.913,194.599,166.290,555.424,0.811697,-1,-1,-1
339,19,1389.370,3.159,438.883,1069.577,0.868663,-1,-1,-1
339,25,688.505,267.635,119.643,350.570,0.834178,-1,-1,-1
339,28,984.490,230.955,116.057,437.715,0.779899,-1,-1,-1
339,5,1243.018,166.073,184.451,682.309,0.766284,-1,-1,-1
340,2,829.016,191.941,166.041,551.069,0.829673,-1,-1,-1
340,19,1390.919,3.650,455.125,1067.929,0.906869,-1,-1,-1
340,25,684.801,269.101,120.411,352.586,0.816504,-1,-1,-1
340,28,983.472,231.143,116.948,438.217,0.776847,-1,-1,-1
340,5,1237.624,169.050,184.449,684.580,0.724521,-1,-1,-1
341,2,828.395,191.258,166.108,547.952,0.832223,-1,-1,-1
341,19,1389.292,1.920,469.887,1068.870,0.794252,-1,-1,-1
341,25,681.085,268.794,121.719,356.484,0.811212,-1,-1,-1
341,28,985.386,229.115,117.981,439.737,0.779989,-1,-1,-1
341,5,1241.951,163.866,191.153,698.019,0.838531,-1,-1,-1
342,2,825.250,190.082,167.845,548.242,0.840967,-1,-1,-1
342,19,1387.830,0.511,482.407,1071.060,0.724892,-1,-1,-1
342,25,676.254,264.774,124.146,362.928,0.804656,-1,-1,-1
342,28,986.221,227.619,118.329,439.761,0.776289,-1,-1,-1
342,5,1242.564,163.305,193.328,696.483,0.868165,-1,-1,-1
343,2,821.752,191.218,169.475,547.592,0.841559,-1,-1,-1
343,19,1389.234,0.159,490.486,1067.430,0.840901,-1,-1,-1
343,25,671.117,260.342,125.613,367.088,0.808286,-1,-1,-1
343,28,985.008,226.722,119.101,439.205,0.774804,-1,-1,-1
343,5,1240.945,162.233,195.411,695.146,0.876645,-1,-1,-1
344,2,819.059,189.067,172.225,551.903,0.839540,-1,-1,-1
344,19,1398.467,0.021,495.850,1067.478,0.615788,-1,-1,-1
344,25,666.086,259.101,125.625,367.006,0.823319,-1,-1,-1
344,28,983.946,225.431,119.640,439.015,0.776374,-1,-1,-1
344,5,1236.340,160.723,198.333,699.112,0.870895,-1,-1,-1
345,2,814.551,187.996,175.001,555.458,0.820663,-1,-1,-1
345,25,660.918,256.540,126.859,371.579,0.816519,-1,-1,-1
345,28,984.927,224.113,119.001,434.703,0.770449,-1,-1,-1
345,5,1232.937,151.126,203.339,708.402,0.877137,-1,-1,-1
346,2,807.807,188.279,177.041,556.517,0.837303,-1,-1,-1
346,25,655.863,252.624,127.097,373.096,0.827809,-1,-1,-1
346,28,980.153,219.208,120.079,433.208,0.782531,-1,-1,-1
346,5,1229.137,147.517,208.746,713.244,0.888396,-1,-1,-1
347,2,803.978,189.347,177.700,555.948,0.824632,-1,-1,-1
347,25,648.208,250.096,127.386,374.323,0.812249,-1,-1,-1
347,28,975.468,217.702,120.552,431.234,0.790417,-1,-1,-1
347,5,1221.073,147.206,212.742,711.065,0.884377,-1,-1,-1
347,19,1489.704,8.137,440.024,951.901,0.791915,-1,-1,-1
348,2,803.351,190.730,177.884,554.695,0.837164,-1,-1,-1
348,25,640.300,246.801,128.563,377.950,0.808255,-1,-1,-1
348,28,971.935,216.741,120.990,429.421,0.768982,-1,-1,-1
348,5,1215.098,144.542,216.700,709.431,0.890468,-1,-1,-1
348,19,1530.798,18.730,421.557,931.722,0.833668,-1,-1,-1
349,2,802.749,191.201,178.468,554.875,0.832616,-1,-1,-1
349,25,631.861,239.989,131.740,387.484,0.821636,-1,-1,-1
349,28,968.322,215.818,122.179,429.662,0.786366,-1,-1,-1
349,5,1208.200,143.077,218.719,700.820,0.894111,-1,-1,-1
349,19,1590.078,44.815,372.302,845.861,0.617635,-1,-1,-1
349,29,759.767,227.379,91.452,403.007,0.688048,-1,-1,-1
350,2,801.811,192.492,178.022,551.405,0.852552,-1,-1,-1
350,25,624.976,237.050,132.805,390.523,0.816906,-1,-1,-1
350,28,966.123,216.864,122.651,429.840,0.782716,-1,-1,-1
350,5,1201.060,142.962,221.459,695.149,0.902259,-1,-1,-1
350,29,756.940,225.632,92.508,407.680,0.742084,-1,-1,-1
351,2,800.819,192.633,177.875,547.902,0.854632,-1,-1,-1
351,25,619.475,237.580,133.941,394.110,0.809778,-1,-1,-1
351,28,965.613,217.328,122.475,430.810,0.762783,-1,-1,-1
351,5,1192.895,143.673,225.548,693.992,0.903210,-1,-1,-1
351,29,752.366,222.505,93.769,413.396,0.720543,-1,-1,-1
352,2,801.851,191.848,178.187,548.097,0.853107,-1,-1,-1
352,25,613.198,236.511,135.099,397.846,0.820451,-1,-1,-1
352,28,962.310,217.645,123.047,433.562,0.786453,-1,-1,-1
352,5,1185.427,143.818,230.966,697.239,0.901891,-1,-1,-1
352,29,746.373,219.750,95.307,419.720,0.763732,-1,-1,-1
353,2,803.148,190.484,178.795,549.217,0.854293,-1,-1,-1
353,25,606.613,231.868,136.028,402.528,0.831806,-1,-1,-1
353,28,959.565,217.358,122.536,432.979,0.781529,-1,-1,-1
353,5,1177.383,143.510,235.827,701.233,0.906154,-1,-1,-1
353,29,739.995,214.416,97.148,426.975,0.758870,-1,-1,-1
354,2,801.381,191.733,176.968,542.225,0.878624,-1,-1,-1
354,25,597.941,229.746,136.510,403.865,0.840348,-1,-1,-1
354,28,957.347,218.412,121.334,431.549,0.801354,-1,-1,-1
354,5,1168.422,143.948,240.586,706.380,0.909094,-1,-1,-1
354,29,734.021,212.616,98.651,431.133,0.781940,-1,-1,-1
355,2,799.644,191.065,175.133,536.085,0.871611,-1,-1,-1
355,25,589.042,229.612,136.803,406.136,0.850435,-1,-1,-1
355,28,951.579,219.848,120.105,429.946,0.802750,-1,-1,-1
355,5,1161.778,144.288,244.745,710.022,0.911354,-1,-1,-1
355,29,726.712,209.121,101.173,438.201,0.799411,-1,-1,-1
356,2,797.814,188.888,173.819,531.688,0.846610,-1,-1,-1
356,25,577.365,226.437,138.988,411.711,0.732487,-1,-1,-1
356,28,945.187,220.805,119.350,429.667,0.797029,-1,-1,-1
356,5,1154.662,143.411,248.811,712.881,0.912182,-1,-1,-1
356,29,719.526,207.519,102.647,442.135,0.795464,-1,-1,-1
357,2,795.864,189.338,172.305,527.157,0.853460,-1,-1,-1
357,25,568.535,224.851,140.162,416.694,0.820960,-1,-1,-1
357,28,938.881,217.887,118.910,431.267,0.773359,-1,-1,-1
357,5,1148.625,142.122,252.058,716.264,0.910122,-1,-1,-1
357,29,708.909,204.849,105.011,447.603,0.815454,-1,-1,-1
358,2,788.205,186.251,174.125,534.161,0.845617,-1,-1,-1
358,25,557.382,222.099,140.078,416.924,0.838243,-1,-1,-1
358,28,934.007,216.971,118.583,434.496,0.753281,-1,-1,-1
358,5,1141.347,142.262,255.112,718.905,0.909570,-1,-1,-1
358,29,697.235,200.480,107.856,453.460,0.825727,-1,-1,-1
359,2,784.256,183.291,174.066,538.128,0.855289,-1,-1,-1
359,25,543.438,222.282,141.330,420.463,0.826334,-1,-1,-1
359,28,924.522,217.438,118.644,437.759,0.778545,-1,-1,-1
359,5,1134.340,141.769,257.842,720.568,0.908099,-1,-1,-1
359,29,687.685,196.418,110.288,453.927,0.787861,-1,-1,-1
360,2,778.091,180.700,174.536,543.440,0.869328,-1,-1,-1
360,25,530.045,221.115,143.718,427.009,0.821334,-1,-1,-1
360,28,915.908,215.745,118.640,441.891,0.803518,-1,-1,-1
360,5,1126.863,141.362,260.643,723.778,0.910285,-1,-1,-1
360,29,674.909,194.169,113.839,458.684,0.850622,-1,-1,-1
361,2,771.447,180.089,174.010,545.281,0.870308,-1,-1,-1
361,25,515.796,219.672,145.300,431.058,0.810852,-1,-1,-1
361,28,909.114,215.596,117.784,444.089,0.819652,-1,-1,-1
361,5,1120.069,141.581,262.790,726.357,0.907351,-1,-1,-1
361,29,664.827,191.505,117.754,466.512,0.832042,-1,-1,-1
362,2,765.047,180.922,174.103,550.054,0.869637,-1,-1,-1
362,25,499.752,222.313,146.307,431.972,0.817539,-1,-1,-1
362,28,902.250,216.692,115.793,441.259,0.783514,-1,-1,-1
362,5,1114.132,141.757,263.629,726.107,0.908073,-1,-1,-1
362,29,652.029,191.614,120.989,467.234,0.856312,-1,-1,-1
362,32,992.724,319.246,72.304,187.009,0.626481,-1,-1,-1
363,2,759.665,184.302,172.407,549.278,0.848871,-1,-1,-1
363,25,485.423,222.641,149.865,441.944,0.793054,-1,-1,-1
363,28,895.119,214.192,114.351,441.815,0.734874,-1,-1,-1
363,5,1107.722,141.096,266.595,732.669,0.907967,-1,-1,-1
363,29,638.147,191.988,125.129,470.273,0.852230,-1,-1,-1
363,32,986.233,320.815,73.516,190.121,0.541983,-1,-1,-1
364,2,756.129,189.429,170.737,549.828,0.812812,-1,-1,-1
364,25,469.729,220.277,154.534,454.126,0.791618,-1,-1,-1
364,28,890.686,212.064,112.688,441.445,0.701338,-1,-1,-1
364,5,1104.330,138.717,268.147,736.296,0.906578,-1,-1,-1
364,29,625.980,190.291,131.010,478.838,0.851826,-1,-1,-1
364,32,976.862,314.676,76.196,196.786,0.564787,-1,-1,-1
365,2,756.110,193.144,169.183,548.777,0.813495,-1,-1,-1
365,25,451.870,221.436,159.043,458.743,0.828965,-1,-1,-1
365,28,886.805,210.491,111.653,445.435,0.642007,-1,-1,-1
365,5,1102.473,137.609,268.782,737.926,0.899345,-1,-1,-1
365,29,613.908,191.425,136.891,483.709,0.824849,-1,-1,-1
365,32,971.774,316.485,76.346,196.583,0.523025,-1,-1,-1
366,2,754.430,199.026,166.686,544.877,0.814725,-1,-1,-1
366,25,445.112,222.360,161.171,462.173,0.804746,-1,-1,-1
366,28,884.548,212.411,108.697,441.770,0.673639,-1,-1,-1
366,5,1100.798,138.531,267.127,732.934,0.902218,-1,-1,-1
366,29,606.767,195.643,140.979,483.907,0.861295,-1,-1,-1
366,32,968.410,321.778,75.870,194.333,0.440579,-1,-1,-1
367,2,753.556,199.696,165.142,544.053,0.824530,-1,-1,-1
367,25,437.677,222.760,162.978,466.505,0.796109,-1,-1,-1
367,28,883.626,209.718,106.518,441.143,0.670012,-1,-1,-1
367,5,1100.962,136.940,265.566,727.531,0.902745,-1,-1,-1
367,29,603.921,194.201,145.625,489.707,0.871247,-1,-1,-1
367,32,965.965,315.227,77.840,198.925,0.408872,-1,-1,-1
368,2,753.691,199.413,164.515,545.415,0.827265,-1,-1,-1
368,25,434.495,221.788,165.651,471.775,0.817955,-1,-1,-1
368,28,883.735,207.852,103.759,437.811,0.623993,-1,-1,-1
368,5,1101.105,134.978,264.339,722.878,0.902283,-1,-1,-1
368,29,601.476,193.487,150.047,498.298,0.860117,-1,-1,-1
368,32,962.077,311.403,78.468,199.769,0.408200,-1,-1,-1
369,2,755.452,197.081,164.611,546.812,0.853840,-1,-1,-1
369,25,428.793,221.422,167.150,474.341,0.827101,-1,-1,-1
369,28,884.682,205.426,101.858,437.787,0.581977,-1,-1,-1
369,5,1103.090,134.458,262.650,717.283,0.905339,-1,-1,-1
369,29,597.372,191.863,153.437,505.227,0.862906,-1,-1,-1
369,32,962.307,314.805,78.266,197.875,0.477411,-1,-1,-1
370,2,757.920,195.385,163.509,542.159,0.822591,-1,-1,-1
370,25,424.157,222.045,168.440,476.374,0.825567,-1,-1,-1
370,28,886.169,206.093,100.256,437.886,0.635029,-1,-1,-1
370,5,1103.960,133.844,262.575,716.659,0.905727,-1,-1,-1
370,29,592.125,193.150,155.824,509.617,0.855327,-1,-1,-1
371,2,758.671,196.299,162.971,538.966,0.848746,-1,-1,-1
371,25,420.843,223.742,170.241,479.245,0.853024,-1,-1,-1
371,28,888.504,207.764,99.167,439.922,0.690434,-1,-1,-1
371,5,1104.085,133.952,263.452,720.253,0.905813,-1,-1,-1
371,29,587.638,194.907,158.712,516.526,0.863595,-1,-1,-1
372,2,760.719,196.189,163.094,539.195,0.848037,-1,-1,-1
372,25,418.004,224.380,171.700,481.466,0.871183,-1,-1,-1
372,28,891.522,209.110,97.903,442.049,0.680775,-1,-1,-1
372,5,1105.629,133.644,264.497,726.100,0.905670,-1,-1,-1
372,29,583.224,194.217,161.789,523.962,0.864879,-1,-1,-1
373,2,762.296,198.529,163.452,538.996,0.856914,-1,-1,-1
373,25,414.549,225.814,172.813,483.381,0.865771,-1,-1,-1
373,28,893.492,210.222,95.917,439.804,0.662283,-1,-1,-1
373,5,1107.034,136.744,264.597,729.606,0.897156,-1,-1,-1
373,29,578.572,193.721,164.492,528.910,0.867687,-1,-1,-1
374,2,763.995,198.542,164.256,540.270,0.847301,-1,-1,-1
374,25,409.440,226.201,174.343,487.360,0.863668,-1,-1,-1
374,28,896.467,210.772,95.620,443.251,0.674152,-1,-1,-1
374,5,1107.773,139.254,264.978,735.068,0.892400,-1,-1,-1
374,29,573.728,192.186,167.116,532.986,0.870880,-1,-1,-1
375,2,765.729,200.976,165.189,543.052,0.854189,-1,-1,-1
375,25,403.321,229.381,174.839,488.840,0.846774,-1,-1,-1
375,28,899.276,211.277,94.860,446.173,0.660890,-1,-1,-1
375,5,1108.804,141.015,264.956,740.808,0.894657,-1,-1,-1
375,29,568.213,191.792,171.462,541.141,0.876853,-1,-1,-1
376,2,767.991,203.657,165.957,546.389,0.852805,-1,-1,-1
376,25,394.069,229.887,177.802,499.163,0.851309,-1,-1,-1
376,28,902.036,217.752,93.811,447.130,0.648645,-1,-1,-1
376,5,1109.330,143.142,264.346,746.747,0.895180,-1,-1,-1
376,29,564.210,191.652,175.343,548.874,0.862545,-1,-1,-1
377,2,770.873,206.591,166.252,549.036,0.885867,-1,-1,-1
377,25,388.590,227.006,181.368,512.585,0.840934,-1,-1,-1
377,28,905.384,222.735,92.157,447.107,0.701978,-1,-1,-1
377,5,1110.342,150.452,262.322,747.751,0.894965,-1,-1,-1
377,29,558.506,189.236,178.726,553.655,0.865015,-1,-1,-1
378,2,776.285,211.338,165.091,548.029,0.838921,-1,-1,-1
378,25,382.378,222.904,184.212,524.460,0.822550,-1,-1,-1
378,28,909.157,230.136,89.790,441.455,0.725278,-1,-1,-1
378,5,1112.166,156.099,260.427,748.772,0.898809,-1,-1,-1
378,29,553.730,188.246,181.652,555.837,0.859330,-1,-1,-1
379,2,777.705,214.798,165.636,551.527,0.840663,-1,-1,-1
379,25,377.222,222.013,185.376,533.595,0.802318,-1,-1,-1
379,28,912.096,235.532,87.752,437.157,0.646803,-1,-1,-1
379,5,1112.906,157.733,259.801,754.054,0.896163,-1,-1,-1
379,29,547.880,189.913,185.464,560.505,0.863973,-1,-1,-1
380,2,781.104,217.830,164.600,549.872,0.844669,-1,-1,-1
380,25,370.363,217.905,188.244,546.005,0.812487,-1,-1,-1
380,28,913.631,239.579,86.819,434.677,0.715690,-1,-1,-1
380,5,1113.345,159.900,258.385,756.826,0.891308,-1,-1,-1
380,29,542.780,189.029,189.833,567.948,0.870876,-1,-1,-1
381,2,783.223,221.123,163.907,548.583,0.839183,-1,-1,-1
381,25,366.712,214.435,190.226,556.697,0.810913,-1,-1,-1
381,28,914.784,243.408,86.042,433.139,0.735942,-1,-1,-1
381,5,1112.272,159.612,256.147,756.404,0.883573,-1,-1,-1
381,29,534.107,186.148,194.931,577.414,0.874501,-1,-1,-1
382,2,784.259,221.414,162.883,546.155,0.846589,-1,-1,-1
382,25,364.045,212.007,192.180,566.630,0.809748,-1,-1,-1
382,28,917.599,245.065,86.034,434.490,0.701412,-1,-1,-1
382,5,1109.703,158.228,255.094,760.071,0.880911,-1,-1,-1
382,29,529.191,184.092,199.974,588.392,0.871923,-1,-1,-1
382,33,734.807,317.583,59.999,212.340,0.649874,-1,-1,-1
383,2,785.654,220.313,161.817,543.068,0.840969,-1,-1,-1
383,25,358.579,209.672,192.173,571.075,0.821354,-1,-1,-1
383,28,919.813,243.790,86.324,437.163,0.683125,-1,-1,-1
383,5,1105.746,156.542,253.755,762.060,0.880704,-1,-1,-1
383,29,522.206,181.774,205.317,599.405,0.876557,-1,-1,-1
383,33,733.909,318.976,59.049,208.873,0.642019,-1,-1,-1
384,2,787.296,219.528,161.376,541.235,0.846798,-1,-1,-1
384,25,352.554,208.371,192.124,573.806,0.823320,-1,-1,-1
384,28,925.084,245.920,87.393,435.947,0.574308,-1,-1,-1
384,5,1102.715,154.474,253.301,766.167,0.883400,-1,-1,-1
384,29,515.028,179.597,209.460,607.344,0.864765,-1,-1,-1
384,33,730.932,321.078,59.336,209.603,0.652661,-1,-1,-1
385,2,787.537,218.916,162.199,543.206,0.842062,-1,-1,-1
385,25,347.337,210.124,192.408,574.870,0.839293,-1,-1,-1
385,28,926.380,246.970,88.774,435.550,0.601790,-1,-1,-1
385,5,1102.137,156.486,251.432,763.232,0.883630,-1,-1,-1
385,29,510.945,177.583,213.320,616.204,0.860225,-1,-1,-1
385,33,729.677,322.711,60.037,211.471,0.696393,-1,-1,-1
386,2,786.774,217.157,161.182,536.201,0.817514,-1,-1,-1
386,25,339.863,209.796,191.481,573.673,0.833189,-1,-1,-1
386,28,924.128,246.064,87.613,429.720,0.544882,-1,-1,-1
386,5,1099.245,157.365,250.668,758.923,0.887377,-1,-1,-1
386,29,503.262,175.650,217.110,622.027,0.863819,-1,-1,-1
386,33,729.133,321.975,59.700,210.073,0.658957,-1,-1,-1
387,2,784.398,215.753,161.112,532.452,0.836226,-1,-1,-1
387,25,330.619,204.601,194.125,583.716,0.838600,-1,-1,-1
387,28,919.467,246.576,87.013,430.228,0.617993,-1,-1,-1
387,5,1094.895,157.920,250.470,752.810,0.893535,-1,-1,-1
387,29,494.575,171.701,221.865,631.124,0.861774,-1,-1,-1
387,33,725.896,319.943,60.380,211.473,0.677683,-1,-1,-1
388,2,783.752,213.836,161.918,531.896,0.834356,-1,-1,-1
388,25,320.443,196.825,197.219,595.132,0.847331,-1,-1,-1
388,28,918.431,243.096,87.369,433.084,0.509160,-1,-1,-1
388,5,1093.151,159.542,250.561,747.001,0.887479,-1,-1,-1
388,29,485.582,168.797,227.888,646.003,0.864328,-1,-1,-1
388,33,723.648,318.950,60.648,210.690,0.709568,-1,-1,-1
389,2,781.574,211.355,163.340,536.447,0.842548,-1,-1,-1
389,25,312.382,188.966,199.336,604.555,0.840974,-1,-1,-1
389,28,916.455,243.766,87.098,433.764,0.592388,-1,-1,-1
389,5,1091.399,158.999,252.555,747.898,0.891189,-1,-1,-1
389,29,480.338,164.094,232.042,657.398,0.863597,-1,-1,-1
389,33,722.012,318.138,61.468,211.915,0.689466,-1,-1,-1
390,2,779.134,211.352,164.099,539.487,0.847263,-1,-1,-1
390,25,305.433,185.372,200.707,609.505,0.835068,-1,-1,-1
390,28,914.303,243.485,86.441,433.398,0.659590,-1,-1,-1
390,5,1088.873,158.390,255.441,750.303,0.885186,-1,-1,-1
390,29,477.207,158.364,235.737,668.665,0.871576,-1,-1,-1
390,33,720.816,317.925,62.373,212.691,0.729704,-1,-1,-1
391,2,774.907,211.094,164.939,542.499,0.849715,-1,-1,-1
391,25,296.129,182.413,202.372,614.420,0.836873,-1,-1,-1
391,28,911.528,239.733,86.775,436.316,0.652094,-1,-1,-1
391,5,1082.665,158.740,259.718,754.743,0.888247,-1,-1,-1
391,29,474.863,151.744,238.901,678.500,0.871895,-1,-1,-1
391,33,718.186,317.559,63.428,213.214,0.736623,-1,-1,-1
392,2,771.691,212.300,165.646,545.803,0.833524,-1,-1,-1
392,25,286.892,177.240,205.395,624.728,0.849846,-1,-1,-1
392,28,908.296,237.348,86.841,439.213,0.660633,-1,-1,-1
392,5,1076.105,158.321,265.275,763.405,0.894249,-1,-1,-1
392,29,472.388,145.704,241.707,689.025,0.874969,-1,-1,-1
392,33,715.353,316.049,64.918,214.644,0.761207,-1,-1,-1
393,2,771.258,218.084,164.289,540.227,0.821342,-1,-1,-1
393,25,275.328,173.168,208.473,633.370,0.857024,-1,-1,-1
393,28,906.521,239.336,86.308,437.182,0.617313,-1,-1,-1
393,5,1071.649,158.332,269.622,768.818,0.896838,-1,-1,-1
393,29,468.720,141.058,243.159,696.470,0.878357,-1,-1,-1
393,33,713.194,315.171,66.428,216.496,0.759518,-1,-1,-1
394,2,768.133,220.142,163.630,538.897,0.807567,-1,-1,-1
394,25,264.398,166.612,212.246,642.737,0.863780,-1,-1,-1
394,28,904.452,236.553,85.614,436.081,0.619780,-1,-1,-1
394,5,1068.319,158.011,272.959,772.114,0.904639,-1,-1,-1
394,29,462.473,135.174,245.031,704.735,0.882132,-1,-1,-1
394,33,710.087,314.718,67.287,215.997,0.751067,-1,-1,-1
395,2,763.356,221.332,163.745,539.015,0.803615,-1,-1,-1
395,25,243.109,161.525,217.557,648.790,0.865419,-1,-1,-1
395,28,901.137,234.100,85.356,436.959,0.626869,-1,-1,-1
395,5,1064.423,157.553,276.618,776.625,0.900446,-1,-1,-1
395,29,456.508,128.733,246.934,714.491,0.877119,-1,-1,-1
395,33,707.034,312.923,68.512,217.259,0.742954,-1,-1,-1
395,35,972.039,341.998,73.317,207.615,0.617373,-1,-1,-1
396,2,760.357,223.365,162.626,535.547,0.809048,-1,-1,-1
396,25,230.857,158.175,222.013,660.047,0.867675,-1,-1,-1
396,28,899.458,236.950,84.492,434.035,0.687452,-1,-1,-1
396,5,1062.484,157.409,279.330,778.256,0.899126,-1,-1,-1
396,29,449.805,119.728,249.553,726.060,0.880312,-1,-1,-1
396,33,703.174,310.788,69.577,218.320,0.734580,-1,-1,-1
396,35,970.123,340.076,73.861,209.191,0.642149,-1,-1,-1
397,2,757.314,223.237,161.393,532.113,0.813771,-1,-1,-1
397,25,211.622,156.648,227.571,667.231,0.870349,-1,-1,-1
397,28,897.219,238.923,83.586,430.152,0.688715,-1,-1,-1
397,5,1060.647,157.251,281.686,779.990,0.898049,-1,-1,-1
397,29,441.617,111.906,252.199,736.532,0.886062,-1,-1,-1
397,33,699.307,310.205,70.279,219.711,0.744669,-1,-1,-1
397,35,969.460,338.293,74.159,209.884,0.627761,-1,-1,-1
398,2,752.125,220.317,162.184,535.972,0.831430,-1,-1,-1
398,25,191.433,150.037,237.202,684.398,0.885716,-1,-1,-1
398,28,894.870,239.715,83.527,430.073,0.681419,-1,-1,-1
398,5,1058.358,157.294,283.457,781.419,0.898262,-1,-1,-1
398,29,433.479,103.814,255.373,747.163,0.895161,-1,-1,-1
398,33,695.182,308.435,70.764,221.286,0.757813,-1,-1,-1
398,35,969.845,339.516,73.646,208.168,0.603699,-1,-1,-1
399,2,746.815,217.627,162.203,537.421,0.855064,-1,-1,-1
399,25,164.406,145.313,246.768,697.660,0.896731,-1,-1,-1
399,28,891.139,239.480,84.148,430.491,0.718117,-1,-1,-1
399,5,1056.532,156.719,285.304,784.588,0.896435,-1,-1,-1
399,29,426.086,95.833,258.294,756.715,0.893098,-1,-1,-1
399,33,691.388,305.834,71.247,223.982,0.786625,-1,-1,-1
399,35,968.898,337.232,74.571,210.651,0.621890,-1,-1,-1
400,2,741.371,217.269,160.475,531.724,0.843083,-1,-1,-1
400,25,147.593,142.192,253.773,705.731,0.894429,-1,-1,-1
400,28,886.316,239.747,85.119,431.306,0.751162,-1,-1,-1
400,5,1054.899,156.103,287.002,787.932,0.898931,-1,-1,-1
400,29,420.753,91.075,261.364,764.349,0.894559,-1,-1,-1
400,33,689.419,305.842,70.605,223.460,0.773892,-1,-1,-1
400,35,968.295,331.399,77.262,217.425,0.542176,-1,-1,-1
401,2,735.431,217.147,158.380,521.752,0.863580,-1,-1,-1
401,25,132.648,140.377,261.055,717.628,0.895616,-1,-1,-1
401,28,882.046,236.784,86.958,437.264,0.781505,-1,-1,-1
401,5,1054.561,155.676,286.172,784.859,0.899724,-1,-1,-1
401,29,415.802,85.913,265.579,774.767,0.899213,-1,-1,-1
401,33,686.275,304.939,70.193,223.616,0.724846,-1,-1,-1
401,35,968.628,330.495,77.912,218.102,0.604473,-1,-1,-1
402,2,731.732,214.658,158.698,520.354,0.879354,-1,-1,-1
402,25,122.381,137.251,266.429,727.637,0.897881,-1,-1,-1
402,28,879.482,236.401,88.213,438.562,0.804915,-1,-1,-1
402,5,1053.857,151.257,287.633,790.602,0.897349,-1,-1,-1
402,29,409.567,81.296,271.656,790.652,0.898567,-1,-1,-1
402,33,684.307,303.640,69.963,225.263,0.567792,-1,-1,-1
402,35,968.155,330.738,77.681,217.053,0.606968,-1,-1,-1
403,2,728.757,213.449,159.582,521.302,0.876933,-1,-1,-1
403,25,108.895,135.542,273.461,746.053,0.896391,-1,-1,-1
403,28,877.752,237.176,89.131,438.639,0.804739,-1,-1,-1
403,5,1054.638,150.636,288.473,795.885,0.896603,-1,-1,-1
403,29,401.851,76.480,279.740,812.596,0.908024,-1,-1,-1
403,33,683.365,303.718,69.915,227.659,0.582017,-1,-1,-1
403,35,970.592,339.636,74.616,207.947,0.580716,-1,-1,-1
404,2,726.128,213.138,160.823,523.588,0.864058,-1,-1,-1
404,25,94.246,132.389,280.824,767.153,0.901290,-1,-1,-1
404,28,876.967,237.741,90.806,442.952,0.801249,-1,-1,-1
404,5,1059.815,149.956,287.918,796.042,0.890012,-1,-1,-1
404,29,392.405,74.086,287.798,834.871,0.909251,-1,-1,-1
404,33,682.890,304.476,69.483,228.490,0.545351,-1,-1,-1
404,35,971.755,339.457,75.601,210.167,0.639056,-1,-1,-1
405,2,726.250,214.743,161.249,524.608,0.862517,-1,-1,-1
405,25,79.725,130.200,286.322,781.753,0.891509,-1,-1,-1
405,28,876.893,239.070,91.377,441.954,0.801483,-1,-1,-1
405,5,1062.857,151.226,286.881,792.929,0.889028,-1,-1,-1
405,29,383.922,73.962,291.647,841.742,0.908231,-1,-1,-1
405,33,683.443,304.507,68.977,229.594,0.520508,-1,-1,-1
405,35,973.854,339.412,76.288,211.219,0.654798,-1,-1,-1
406,2,725.544,216.531,162.107,525.836,0.849592,-1,-1,-1
406,25,64.068,129.464,291.085,790.758,0.891937,-1,-1,-1
406,28,877.761,240.136,91.923,439.524,0.796162,-1,-1,-1
406,5,1066.408,151.253,284.699,785.566,0.877337,-1,-1,-1
406,29,375.475,72.764,297.267,852.183,0.905388,-1,-1,-1
406,33,685.119,305.477,68.801,231.244,0.490562,-1,-1,-1
406,35,978.335,343.064,77.024,211.441,0.666885,-1,-1,-1
407,2,727.106,218.035,162.704,527.357,0.858540,-1,-1,-1
407,25,58.400,123.470,296.245,804.178,0.888918,-1,-1,-1
407,28,878.006,239.918,93.209,441.249,0.797917,-1,-1,-1
407,5,1071.195,150.570,282.955,780.498,0.877632,-1,-1,-1
407,29,368.683,73.455,303.026,860.662,0.904946,-1,-1,-1
407,33,686.666,306.033,69.295,234.712,0.594355,-1,-1,-1
407,35,981.852,346.550,76.894,209.123,0.653443,-1,-1,-1
408,2,727.385,220.247,163.376,528.183,0.864200,-1,-1,-1
408,25,47.013,118.876,301.141,813.702,0.903640,-1,-1,-1
408,28,877.815,240.515,94.330,441.139,0.792377,-1,-1,-1
408,5,1075.181,150.080,282.034,778.805,0.889141,-1,-1,-1
408,29,361.721,71.087,310.144,874.657,0.903734,-1,-1,-1
408,33,688.920,305.846,69.055,237.252,0.470865,-1,-1,-1
408,35,983.133,338.776,80.446,218.071,0.613616,-1,-1,-1
409,2,729.067,221.403,164.717,532.254,0.860321,-1,-1,-1
409,25,45.024,115.145,305.484,825.169,0.904663,-1,-1,-1
409,28,878.906,242.223,94.978,437.938,0.803608,-1,-1,-1
409,5,1079.534,150.650,282.269,782.148,0.894827,-1,-1,-1
409,29,357.101,68.602,317.473,893.424,0.908774,-1,-1,-1
409,33,692.114,307.171,68.275,240.156,0.486353,-1,-1,-1
409,35,986.586,343.020,78.403,212.766,0.659576,-1,-1,-1
410,2,731.336,224.097,165.119,533.630,0.837387,-1,-1,-1
410,25,40.403,111.914,309.865,836.053,0.903168,-1,-1,-1
410,28,882.631,241.111,97.000,437.995,0.789761,-1,-1,-1
410,5,1084.779,151.890,282.146,785.372,0.892123,-1,-1,-1
410,29,354.084,66.056,322.762,911.222,0.916097,-1,-1,-1
410,33,697.695,309.293,67.744,241.930,0.605942,-1,-1,-1
410,35,992.495,346.367,77.180,210.008,0.630712,-1,-1,-1
411,2,734.382,225.630,165.959,534.908,0.801313,-1,-1,-1
411,25,30.194,106.958,313.441,846.387,0.907756,-1,-1,-1
411,28,887.115,240.830,98.465,437.963,0.786933,-1,-1,-1
411,5,1090.253,150.923,282.905,792.890,0.889301,-1,-1,-1
411,29,351.746,62.762,326.015,924.066,0.915739,-1,-1,-1
411,33,703.107,309.882,66.502,241.919,0.588827,-1,-1,-1
411,35,1000.329,350.748,76.889,207.736,0.663691,-1,-1,-1
412,2,738.238,227.217,165.913,532.372,0.813450,-1,-1,-1
412,25,18.634,98.960,317.304,858.167,0.916855,-1,-1,-1
412,28,892.169,237.846,100.170,441.970,0.751428,-1,-1,-1
412,5,1095.406,153.734,283.165,797.240,0.892456,-1,-1,-1
412,29,344.720,58.009,334.048,952.438,0.912865,-1,-1,-1
412,33,709.822,309.750,65.159,240.460,0.546845,-1,-1,-1
412,35,1005.145,348.349,78.590,211.174,0.700713,-1,-1,-1
413,2,743.443,227.449,165.725,529.258,0.817788,-1,-1,-1
413,25,5.029,92.040,321.231,868.384,0.926495,-1,-1,-1
413,28,896.196,232.922,102.073,444.715,0.752086,-1,-1,-1
413,5,1099.633,154.605,284.068,802.073,0.897302,-1,-1,-1
413,29,337.728,50.999,340.330,975.247,0.911035,-1,-1,-1
413,33,717.175,308.051,64.174,240.792,0.461893,-1,-1,-1
413,35,1010.128,345.788,79.294,213.269,0.598992,-1,-1,-1
413,36,655.450,347.051,54.349,187.394,0.663166,-1,-1,-1
414,2,750.749,228.176,165.014,526.239,0.820919,-1,-1,-1
414,25,-2.935,85.013,324.682,879.080,0.929651,-1,-1,-1
414,28,901.333,234.291,104.040,445.042,0.781714,-1,-1,-1
414,5,1104.282,155.014,284.431,806.077,0.889585,-1,-1,-1
414,29,329.071,41.433,345.123,994.830,0.902306,-1,-1,-1
414,33,723.288,305.246,63.730,241.587,0.485143,-1,-1,-1
414,35,1015.671,342.940,80.142,216.260,0.640873,-1,-1,-1
414,36,657.995,343.555,56.890,195.668,0.642862,-1,-1,-1
415,2,754.575,225.840,165.741,527.637,0.824841,-1,-1,-1
415,25,-6.782,79.392,326.308,885.937,0.925159,-1,-1,-1
415,28,906.576,238.455,104.624,441.540,0.809110,-1,-1,-1
415,5,1109.555,154.721,284.354,809.411,0.886389,-1,-1,-1
415,29,321.459,29.765,350.902,1015.484,0.913022,-1,-1,-1
415,33,728.494,303.976,62.312,237.928,0.436090,-1,-1,-1
415,35,1021.999,348.342,79.353,212.673,0.674623,-1,-1,-1
415,36,661.471,342.798,55.651,190.117,0.643421,-1,-1,-1
416,2,755.548,222.736,165.940,524.407,0.843703,-1,-1,-1
416,25,-11.883,69.291,331.301,905.624,0.921668,-1,-1,-1
416,28,911.246,238.280,106.694,444.633,0.792122,-1,-1,-1
416,5,1113.941,153.383,284.493,813.655,0.890412,-1,-1,-1
416,29,312.979,16.975,356.648,1035.497,0.913724,-1,-1,-1
416,35,1026.181,349.955,79.512,211.331,0.593989,-1,-1,-1
416,36,663.401,341.843,55.423,187.716,0.655823,-1,-1,-1
417,2,755.571,222.538,166.719,521.911,0.835702,-1,-1,-1
417,25,-18.067,59.457,340.049,939.841,0.917968,-1,-1,-1
417,28,913.571,238.414,107.984,444.659,0.798415,-1,-1,-1
417,5,1116.653,152.549,285.371,821.592,0.891570,-1,-1,-1
417,29,299.206,7.273,362.664,1051.966,0.909046,-1,-1,-1
417,35,1030.434,346.846,80.314,213.083,0.662620,-1,-1,-1
417,36,664.176,341.830,56.270,188.678,0.661056,-1,-1,-1
418,2,755.588,220.996,167.998,521.076,0.843630,-1,-1,-1
418,25,-31.020,51.199,344.969,974.113,0.916234,-1,-1,-1
418,28,917.361,235.961,109.381,444.785,0.783520,-1,-1,-1
418,5,1119.704,150.107,285.031,826.051,0.892018,-1,-1,-1
418,29,286.096,2.319,367.249,1061.304,0.915006,-1,-1,-1
418,35,1033.033,339.516,82.255,218.263,0.665897,-1,-1,-1
418,36,663.486,340.728,57.522,190.922,0.671651,-1,-1,-1
419,2,753.113,213.903,171.354,528.372,0.854174,-1,-1,-1
419,25,-38.816,43.279,342.211,990.627,0.910493,-1,-1,-1
419,28,918.022,235.246,110.136,443.747,0.777909,-1,-1,-1
419,5,1121.465,148.382,283.427,825.640,0.890361,-1,-1,-1
419,29,271.321,0.854,372.021,1067.808,0.921537,-1,-1,-1
419,35,1035.270,338.293,82.772,219.138,0.632769,-1,-1,-1
419,36,659.789,338.536,60.307,198.765,0.673742,-1,-1,-1
420,2,750.174,210.177,173.626,532.296,0.856400,-1,-1,-1
420,25,-44.335,38.778,337.307,1004.430,0.903577,-1,-1,-1
420,28,917.766,235.875,111.780,445.526,0.785665,-1,-1,-1
420,5,1122.126,145.253,282.618,827.191,0.889648,-1,-1,-1
420,29,257.268,0.705,377.164,1074.318,0.925645,-1,-1,-1
420,35,1036.048,334.728,85.386,224.692,0.636095,-1,-1,-1
420,36,655.764,337.700,62.384,204.674,0.676418,-1,-1,-1
421,2,749.662,211.171,174.376,530.937,0.857592,-1,-1,-1
421,25,-45.341,28.941,323.957,993.077,0.900076,-1,-1,-1
421,28,916.393,235.992,112.465,444.379,0.792723,-1,-1,-1
421,5,1121.618,141.129,282.975,830.239,0.891438,-1,-1,-1
421,29,242.643,1.486,381.711,1075.842,0.925838,-1,-1,-1
421,35,1036.618,335.437,85.789,224.212,0.642772,-1,-1,-1
421,36,654.176,337.351,63.143,205.699,0.675822,-1,-1,-1
422,2,746.302,212.008,177.120,537.808,0.846996,-1,-1,-1
422,25,-48.323,19.011,313.052,991.753,0.888989,-1,-1,-1
422,28,914.571,236.754,113.473,445.024,0.792227,-1,-1,-1
422,5,1119.645,134.003,284.272,835.181,0.886677,-1,-1,-1
422,29,225.289,0.988,387.062,1079.026,0.919600,-1,-1,-1
422,35,1036.497,339.107,84.863,220.414,0.548180,-1,-1,-1
422,36,649.680,335.278,64.630,209.426,0.686001,-1,-1,-1
423,2,742.108,212.168,177.079,537.732,0.847964,-1,-1,-1
423,25,-52.702,14.201,302.766,995.948,0.890148,-1,-1,-1
423,28,913.294,238.547,114.118,444.748,0.774212,-1,-1,-1
423,5,1115.409,129.079,285.979,838.794,0.893223,-1,-1,-1
423,29,208.844,0.320,391.878,1081.215,0.922543,-1,-1,-1
423,35,1036.043,341.306,84.845,218.869,0.563171,-1,-1,-1
423,36,646.213,333.417,66.356,213.077,0.717818,-1,-1,-1
424,2,739.360,214.204,175.453,533.450,0.837905,-1,-1,-1
424,25,-57.540,10.455,292.697,1004.606,0.876433,-1,-1,-1
424,28,911.606,241.015,114.932,442.392,0.751003,-1,-1,-1
424,5,1113.259,127.551,287.030,838.545,0.900469,-1,-1,-1
424,29,189.501,1.007,396.667,1081.465,0.927266,-1,-1,-1
424,35,1033.069,341.604,84.974,218.703,0.604185,-1,-1,-1
424,36,643.620,332.641,67.405,213.715,0.700230,-1,-1,-1
425,2,735.194,214.696,176.169,535.509,0.837779,-1,-1,-1
425,25,-63.368,8.253,280.423,1010.939,0.843512,-1,-1,-1
425,28,908.290,240.755,115.780,440.671,0.774259,-1,-1,-1
425,5,1110.937,126.825,286.697,832.155,0.902845,-1,-1,-1
425,29,168.742,1.039,402.141,1079.197,0.924269,-1,-1,-1
425,35,1031.685,340.248,85.181,219.322,0.620222,-1,-1,-1
425,36,638.571,329.005,69.543,218.883,0.700508,-1,-1,-1
426,2,733.470,214.545,175.748,535.503,0.840126,-1,-1,-1
426,28,905.230,238.621,117.913,442.160,0.794955,-1,-1,-1
426,5,1108.093,127.113,285.882,820.737,0.903202,-1,-1,-1
426,29,145.203,0.939,408.316,1077.268,0.926171,-1,-1,-1
426,35,1029.376,336.548,85.381,220.031,0.631926,-1,-1,-1
426,36,635.109,327.631,69.633,217.966,0.684637,-1,-1,-1
427,2,730.942,215.271,176.426,536.993,0.830956,-1,-1,-1
427,28,904.797,237.342,119.319,442.599,0.779879,-1,-1,-1
427,5,1104.272,128.618,286.747,813.350,0.900207,-1,-1,-1
427,29,116.741,1.351,415.532,1073.598,0.922400,-1,-1,-1
427,35,1026.949,333.878,86.172,222.625,0.584701,-1,-1,-1
427,36,629.948,327.233,70.789,220.985,0.719799,-1,-1,-1
427,25,-34.030,118.279,170.406,637.818,0.711984,-1,-1,-1
428,2,725.460,218.919,175.790,532.204,0.833666,-1,-1,-1
428,28,902.126,236.626,121.016,442.707,0.797808,-1,-1,-1
428,5,1099.614,129.652,290.374,814.194,0.903913,-1,-1,-1
428,29,91.976,2.436,424.581,1071.392,0.921282,-1,-1,-1
428,35,1025.046,333.341,85.881,223.494,0.499803,-1,-1,-1
428,36,624.403,327.278,71.229,221.437,0.715142,-1,-1,-1
429,2,717.264,216.993,178.961,539.331,0.831815,-1,-1,-1
429,28,901.044,235.476,121.718,441.906,0.776652,-1,-1,-1
429,5,1093.343,131.353,294.036,816.514,0.904837,-1,-1,-1
429,29,61.878,2.517,435.740,1071.489,0.930223,-1,-1,-1
429,35,1025.265,331.605,86.122,227.002,0.485451,-1,-1,-1
429,36,618.001,328.503,71.390,222.427,0.754735,-1,-1,-1
430,2,706.153,215.808,180.183,544.785,0.838029,-1,-1,-1
430,28,900.427,235.162,121.254,437.868,0.779133,-1,-1,-1
430,5,1087.816,133.904,298.566,820.381,0.909102,-1,-1,-1
430,29,44.935,3.086,445.524,1071.777,0.926569,-1,-1,-1
430,35,1028.375,330.889,84.188,224.689,0.459827,-1,-1,-1
430,36,613.870,326.328,72.016,224.762,0.713197,-1,-1,-1
431,2,694.557,213.434,181.614,552.381,0.826042,-1,-1,-1
431,28,898.920,234.203,121.176,435.257,0.782479,-1,-1,-1
431,5,1083.541,134.549,302.666,824.538,0.905035,-1,-1,-1
431,29,33.064,3.121,453.121,1071.871,0.929825,-1,-1,-1
431,35,1030.744,330.086,83.239,225.421,0.372242,-1,-1,-1
431,36,609.388,326.659,73.384,228.141,0.675890,-1,-1,-1
432,2,683.143,210.404,185.149,566.802,0.833242,-1,-1,-1
432,28,898.252,232.503,121.235,433.517,0.788550,-1,-1,-1
432,5,1080.090,134.807,306.665,828.963,0.903826,-1,-1,-1
432,29,25.204,4.483,459.162,1071.549,0.935217,-1,-1,-1
432,35,1032.242,329.135,82.062,225.170,0.375802,-1,-1,-1
432,36,605.078,327.176,73.622,229.104,0.659442,-1,-1,-1
433,2,678.365,207.449,183.630,563.197,0.828260,-1,-1,-1
433,28,897.275,232.311,121.215,431.838,0.795845,-1,-1,-1
433,5,1078.696,134.197,310.034,832.942,0.903280,-1,-1,-1
433,29,18.361,5.848,461.821,1066.990,0.935529,-1,-1,-1
433,36,601.904,326.095,73.682,228.992,0.643959,-1,-1,-1
434,2,672.439,204.000,185.726,573.283,0.840253,-1,-1,-1
434,28,896.109,229.847,121.769,432.172,0.795973,-1,-1,-1
434,5,1079.105,132.580,312.094,834.531,0.901274,-1,-1,-1
434,29,12.255,4.979,464.619,1066.161,0.938743,-1,-1,-1
434,36,597.466,323.017,74.294,231.825,0.684891,-1,-1,-1
435,2,670.693,200.653,182.484,565.860,0.825412,-1,-1,-1
435,28,894.979,227.342,122.330,431.810,0.778758,-1,-1,-1
435,5,1078.966,130.044,314.336,837.118,0.903703,-1,-1,-1
435,29,7.032,3.908,466.433,1065.951,0.939601,-1,-1,-1
435,36,595.283,320.914,74.656,233.223,0.685934,-1,-1,-1
436,2,670.057,197.777,179.673,558.203,0.797436,-1,-1,-1
436,28,897.626,225.775,122.217,432.013,0.769836,-1,-1,-1
436,5,1079.400,127.189,316.929,841.787,0.906965,-1,-1,-1
436,29,2.336,3.444,467.649,1067.022,0.939701,-1,-1,-1
436,36,594.622,319.238,74.455,233.016,0.708523,-1,-1,-1
436,37,515.775,308.799,54.100,200.005,0.614059,-1,-1,-1
437,2,669.563,195.267,173.983,539.580,0.813648,-1,-1,-1
437,28,899.595,224.726,121.941,432.177,0.755824,-1,-1,-1
437,5,1081.384,122.780,318.702,845.328,0.905489,-1,-1,-1
437,29,-4.326,3.086,468.578,1071.634,0.935712,-1,-1,-1
437,36,592.319,315.251,74.500,232.647,0.723519,-1,-1,-1
437,37,519.194,340.022,45.126,166.177,0.587101,-1,-1,-1
437,33,828.018,301.224,65.493,230.768,0.674318,-1,-1,-1
438,2,666.278,195.061,171.919,531.150,0.838480,-1,-1,-1
438,28,901.503,224.187,121.697,433.750,0.755642,-1,-1,-1
438,5,1083.499,119.398,317.439,839.915,0.900308,-1,-1,-1
438,29,-12.381,3.915,464.828,1070.304,0.934861,-1,-1,-1
438,36,589.745,313.589,74.891,233.787,0.730820,-1,-1,-1
438,37,516.494,338.927,45.885,168.543,0.422825,-1,-1,-1
438,33,826.411,301.650,69.279,231.217,0.672251,-1,-1,-1
439,2,663.887,195.434,171.279,528.085,0.854032,-1,-1,-1
439,28,902.462,224.119,121.354,435.610,0.757573,-1,-1,-1
439,5,1086.097,116.136,317.918,840.886,0.901242,-1,-1,-1
439,29,-21.443,4.225,459.791,1070.665,0.927676,-1,-1,-1
439,36,586.510,313.077,75.205,234.436,0.721868,-1,-1,-1
439,37,513.944,332.924,47.153,172.701,0.434249,-1,-1,-1
439,33,822.486,300.697,73.059,235.617,0.725205,-1,-1,-1
439,35,993.004,303.430,84.120,235.994,0.639677,-1,-1,-1
440,2,660.145,194.926,171.520,527.373,0.867250,-1,-1,-1
440,28,901.726,222.755,120.969,437.426,0.769423,-1,-1,-1
440,5,1089.573,112.693,318.113,840.695,0.884413,-1,-1,-1
440,29,-29.664,4.258,451.283,1066.870,0.926894,-1,-1,-1
440,36,583.442,309.785,77.357,241.292,0.768701,-1,-1,-1
440,37,510.465,327.626,48.588,177.322,0.408767,-1,-1,-1
440,33,817.654,298.908,75.435,238.389,0.701516,-1,-1,-1
440,35,990.961,301.726,82.957,236.223,0.704374,-1,-1,-1
441,2,658.709,196.280,172.411,528.669,0.863762,-1,-1,-1
441,28,902.704,223.178,120.200,437.806,0.779083,-1,-1,-1
441,5,1093.683,108.264,318.813,841.896,0.899814,-1,-1,-1
441,29,-39.171,4.023,441.839,1065.765,0.919875,-1,-1,-1
441,36,582.051,306.945,78.582,246.026,0.766259,-1,-1,-1
441,37,508.155,316.439,51.840,189.049,0.408760,-1,-1,-1
441,33,815.209,297.767,77.083,240.577,0.695038,-1,-1,-1
441,35,990.858,298.908,82.800,238.658,0.710345,-1,-1,-1
442,2,659.003,198.614,172.975,529.475,0.855207,-1,-1,-1
442,28,905.963,224.869,118.529,435.187,0.733567,-1,-1,-1
442,5,1100.478,107.485,316.180,832.662,0.897457,-1,-1,-1
442,29,-49.018,4.183,430.362,1065.061,0.913587,-1,-1,-1
442,36,581.902,306.455,79.164,248.998,0.771653,-1,-1,-1
442,37,511.583,327.494,48.916,177.527,0.427498,-1,-1,-1
442,33,818.147,298.300,77.787,237.732,0.728240,-1,-1,-1
442,35,991.426,298.085,83.046,242.344,0.678038,-1,-1,-1
442,38,1057.006,315.800,69.725,237.085,0.657176,-1,-1,-1
443,2,661.937,199.635,172.326,527.663,0.850936,-1,-1,-1
443,28,906.828,225.542,117.760,435.259,0.746393,-1,-1,-1
443,5,1108.233,110.769,313.273,821.444,0.896742,-1,-1,-1
443,29,-57.881,4.737,416.775,1063.586,0.893324,-1,-1,-1
443,36,583.073,308.936,79.241,249.152,0.772946,-1,-1,-1
443,37,514.958,335.545,47.582,171.899,0.449493,-1,-1,-1
443,33,820.663,300.397,77.554,232.467,0.758738,-1,-1,-1
443,35,995.126,296.239,83.213,243.664,0.643411,-1,-1,-1
443,38,1060.680,315.375,70.131,238.488,0.598270,-1,-1,-1
444,2,666.482,201.827,170.140,521.585,0.844835,-1,-1,-1
444,28,910.101,227.138,116.122,432.676,0.710159,-1,-1,-1
444,5,1115.598,113.943,311.283,814.279,0.900343,-1,-1,-1
444,29,-65.545,5.312,401.594,1061.932,0.839215,-1,-1,-1
444,36,585.122,308.549,79.844,250.882,0.761747,-1,-1,-1
444,37,518.864,343.225,45.798,164.012,0.490643,-1,-1,-1
444,33,822.106,301.028,78.568,233.443,0.771340,-1,-1,-1
444,35,998.041,298.290,83.206,243.460,0.636135,-1,-1,-1
444,38,1062.555,304.230,72.520,246.696,0.581019,-1,-1,-1
445,2,672.973,203.957,167.523,512.546,0.841957,-1,-1,-1
445,28,910.088,224.116,117.521,438.411,0.775110,-1,-1,-1
445,5,1120.934,119.414,312.703,817.624,0.897258,-1,-1,-1
445,29,-73.580,5.785,385.381,1062.183,0.382518,-1,-1,-1
445,36,586.153,308.543,80.301,251.300,0.761986,-1,-1,-1
445,37,522.027,335.385,48.246,172.488,0.491689,-1,-1,-1
445,33,824.909,299.790,80.082,235.152,0.782694,-1,-1,-1
445,35,1004.309,293.250,84.095,246.661,0.715566,-1,-1,-1
445,38,1070.747,303.588,71.795,244.036,0.570742,-1,-1,-1
446,2,680.591,203.359,164.499,502.708,0.835209,-1,-1,-1
446,28,909.470,222.131,119.551,445.447,0.808683,-1,-1,-1
446,5,1128.427,125.127,313.137,818.485,0.906003,-1,-1,-1
446,29,-52.809,5.954,377.318,1062.871,0.727907,-1,-1,-1
446,36,588.159,309.880,80.974,250.634,0.738435,-1,-1,-1
446,37,527.281,343.774,46.737,164.380,0.535772,-1,-1,-1
446,33,828.802,297.368,81.451,237.645,0.790451,-1,-1,-1
446,35,1009.067,295.310,84.156,248.406,0.771181,-1,-1,-1
446,38,1077.464,302.078,72.197,245.811,0.652174,-1,-1,-1
447,2,685.678,202.173,166.659,508.049,0.835730,-1,-1,-1
447,28,915.392,221.340,120.904,449.710,0.766660,-1,-1,-1
447,5,1136.203,127.322,314.295,823.382,0.906052,-1,-1,-1
447,36,591.475,311.186,81.363,249.268,0.690032,-1,-1,-1
447,37,533.632,353.504,44.384,153.434,0.500514,-1,-1,-1
447,33,835.676,296.847,82.471,238.818,0.757224,-1,-1,-1
447,35,1015.224,293.509,84.755,250.284,0.764556,-1,-1,-1
447,38,1084.191,300.837,72.869,249.092,0.689740,-1,-1,-1
448,2,690.731,201.979,170.587,518.054,0.841837,-1,-1,-1
448,28,922.058,220.147,122.115,453.451,0.743920,-1,-1,-1
448,5,1145.190,136.228,314.449,823.906,0.905191,-1,-1,-1
448,36,593.361,312.625,82.119,248.872,0.696317,-1,-1,-1
448,37,536.145,335.871,50.547,175.018,0.499015,-1,-1,-1
448,33,841.843,297.314,82.842,239.365,0.796769,-1,-1,-1
448,35,1022.872,296.063,84.542,250.848,0.739022,-1,-1,-1
448,38,1092.937,303.468,72.502,248.302,0.679328,-1,-1,-1
449,2,698.478,203.340,170.817,518.427,0.816220,-1,-1,-1
449,28,928.529,218.259,121.781,454.353,0.773351,-1,-1,-1
449,5,1152.584,142.045,314.695,824.230,0.907317,-1,-1,-1
449,36,600.417,315.159,82.982,250.906,0.745036,-1,-1,-1
449,37,540.536,323.602,54.823,189.854,0.523953,-1,-1,-1
449,33,847.566,298.187,83.120,239.177,0.750075,-1,-1,-1
449,35,1032.392,297.228,83.533,250.135,0.711780,-1,-1,-1
449,38,1102.064,313.371,70.274,240.281,0.674626,-1,-1,-1
450,2,706.391,203.103,169.853,514.432,0.815223,-1,-1,-1
450,28,929.380,219.220,121.506,453.652,0.780347,-1,-1,-1
450,5,1158.654,147.585,315.121,827.286,0.909943,-1,-1,-1
450,36,605.659,315.915,83.075,251.020,0.717538,-1,-1,-1
450,37,546.226,326.923,53.577,185.042,0.489371,-1,-1,-1
450,33,852.624,299.215,82.169,236.157,0.716247,-1,-1,-1
450,35,1037.438,299.328,82.625,248.006,0.705038,-1,-1,-1
450,38,1108.329,315.164,70.382,240.295,0.704911,-1,-1,-1
451,2,711.117,202.616,169.788,513.089,0.824294,-1,-1,-1
451,28,937.302,220.917,119.694,447.744,0.780542,-1,-1,-1
451,5,1165.397,151.803,315.482,830.939,0.903117,-1,-1,-1
451,36,606.714,315.804,84.406,253.749,0.741045,-1,-1,-1
451,37,551.347,320.250,55.159,190.902,0.457984,-1,-1,-1
451,33,858.619,296.016,84.369,240.358,0.723583,-1,-1,-1
451,35,1045.204,292.111,83.129,253.315,0.691903,-1,-1,-1
451,38,1117.225,319.623,69.428,236.440,0.699030,-1,-1,-1
452,2,717.438,201.626,168.935,511.531,0.841717,-1,-1,-1
452,28,946.659,221.023,118.412,440.869,0.766315,-1,-1,-1
452,5,1172.589,154.739,316.054,834.794,0.904364,-1,-1,-1
452,36,609.139,315.984,84.967,253.641,0.735105,-1,-1,-1
452,37,557.366,320.143,53.865,186.606,0.450412,-1,-1,-1
452,33,862.187,298.553,84.404,237.774,0.777899,-1,-1,-1
452,35,1054.080,294.165,82.366,251.405,0.742162,-1,-1,-1
452,38,1124.619,317.541,70.720,240.850,0.675163,-1,-1,-1
453,2,723.417,203.561,168.735,512.648,0.845383,-1,-1,-1
453,28,953.047,218.603,119.130,441.567,0.795060,-1,-1,-1
453,5,1178.846,158.089,316.422,839.027,0.909664,-1,-1,-1
453,36,613.891,315.782,85.401,256.180,0.770591,-1,-1,-1
453,37,564.100,314.794,55.300,191.726,0.548395,-1,-1,-1
453,33,870.052,298.326,85.013,240.843,0.786560,-1,-1,-1
453,35,1061.847,297.986,82.163,252.496,0.739957,-1,-1,-1
453,38,1131.678,318.288,70.703,241.227,0.720876,-1,-1,-1
454,2,730.851,203.533,168.617,513.178,0.818356,-1,-1,-1
454,28,958.270,219.762,120.539,441.782,0.783473,-1,-1,-1
454,5,1185.926,160.449,316.425,842.241,0.911286,-1,-1,-1
454,36,618.278,311.819,86.071,258.281,0.754426,-1,-1,-1
454,37,571.241,320.823,53.839,186.898,0.395379,-1,-1,-1
454,33,877.721,299.452,85.285,242.142,0.731562,-1,-1,-1
454,35,1071.344,299.937,81.561,251.836,0.712798,-1,-1,-1
454,38,1139.595,314.537,71.896,245.793,0.624117,-1,-1,-1
455,2,736.645,200.731,170.591,519.506,0.835347,-1,-1,-1
455,28,965.076,221.572,120.187,437.556,0.778609,-1,-1,-1
455,5,1191.818,160.106,316.446,844.433,0.911728,-1,-1,-1
455,36,622.738,306.035,87.837,265.421,0.766219,-1,-1,-1
455,37,579.000,317.287,54.767,190.253,0.562814,-1,-1,-1
455,33,886.155,304.177,83.138,235.124,0.695122,-1,-1,-1
455,35,1079.130,301.375,80.907,251.736,0.714991,-1,-1,-1
455,38,1149.831,314.661,71.447,246.085,0.614308,-1,-1,-1
456,2,746.685,200.353,170.025,520.395,0.826354,-1,-1,-1
456,28,968.950,215.490,122.100,442.694,0.756398,-1,-1,-1
456,5,1199.205,159.671,314.295,838.875,0.904129,-1,-1,-1
456,36,628.095,302.872,88.594,268.960,0.750275,-1,-1,-1
456,37,583.635,318.389,55.286,191.344,0.516139,-1,-1,-1
456,33,893.458,302.023,83.718,238.400,0.662207,-1,-1,-1
456,35,1086.952,300.779,79.413,248.596,0.714073,-1,-1,-1
456,38,1156.056,314.914,70.937,245.737,0.542845,-1,-1,-1
457,2,756.707,202.121,169.176,519.901,0.814037,-1,-1,-1
457,28,975.380,214.310,121.994,442.293,0.767805,-1,-1,-1
457,5,1206.056,158.192,313.878,836.884,0.900213,-1,-1,-1
457,36,632.343,301.224,88.788,268.590,0.740735,-1,-1,-1
457,37,588.566,310.420,57.786,200.699,0.526930,-1,-1,-1
457,33,900.219,300.210,83.907,239.650,0.676331,-1,-1,-1
457,35,1093.075,298.923,79.719,250.428,0.677810,-1,-1,-1
457,38,1159.664,311.494,71.664,249.225,0.395023,-1,-1,-1
457,40,726.044,252.681,74.929,320.575,0.675494,-1,-1,-1
458,2,765.507,201.214,168.090,519.021,0.816284,-1,-1,-1
458,28,988.732,212.709,121.388,441.330,0.776669,-1,-1,-1
458,5,1210.422,156.503,313.988,835.503,0.897079,-1,-1,-1
458,36,635.397,298.516,89.823,271.212,0.715892,-1,-1,-1
458,37,595.575,308.595,57.144,199.339,0.487102,-1,-1,-1
458,33,908.950,299.361,84.507,240.062,0.744703,-1,-1,-1
458,35,1099.240,294.637,80.427,255.488,0.709496,-1,-1,-1
458,40,728.655,251.312,74.444,318.379,0.753205,-1,-1,-1
459,2,772.781,204.571,166.793,517.270,0.847896,-1,-1,-1
459,28,996.898,208.145,122.163,444.336,0.807879,-1,-1,-1
459,5,1212.982,151.633,317.484,840.190,0.908086,-1,-1,-1
459,36,639.806,297.663,90.455,272.846,0.724671,-1,-1,-1
459,37,598.838,304.059,57.929,202.800,0.479224,-1,-1,-1
459,33,913.585,298.496,83.877,238.693,0.783499,-1,-1,-1
459,35,1105.854,294.302,81.021,257.143,0.743870,-1,-1,-1
459,40,730.838,251.378,75.174,321.344,0.766426,-1,-1,-1
460,2,779.926,204.441,164.631,513.556,0.853311,-1,-1,-1
460,28,1001.347,208.689,123.341,444.847,0.790005,-1,-1,-1
460,5,1216.409,145.103,319.161,837.149,0.909990,-1,-1,-1
460,36,641.983,296.927,90.692,272.911,0.737236,-1,-1,-1
460,33,920.183,297.547,83.384,238.482,0.789037,-1,-1,-1
460,35,1110.136,295.833,80.672,255.980,0.726943,-1,-1,-1
460,40,734.191,248.480,76.721,327.574,0.771211,-1,-1,-1
461,2,785.218,204.468,162.991,509.788,0.830447,-1,-1,-1
461,28,1005.987,210.841,123.530,445.159,0.784951,-1,-1,-1
461,5,1218.249,139.526,321.035,833.862,0.907647,-1,-1,-1
461,36,643.674,295.292,91.728,275.987,0.743186,-1,-1,-1
461,33,927.207,297.464,82.587,237.411,0.753053,-1,-1,-1
461,35,1114.051,295.011,80.752,254.141,0.728835,-1,-1,-1
461,40,737.442,244.388,77.681,331.020,0.755380,-1,-1,-1
462,2,788.072,202.724,162.087,508.053,0.807495,-1,-1,-1
462,28,1006.572,209.804,125.250,450.422,0.793603,-1,-1,-1
462,5,1219.766,134.203,322.905,830.008,0.906930,-1,-1,-1
462,36,644.836,293.508,92.318,278.244,0.777631,-1,-1,-1
462,33,932.888,296.380,81.811,235.587,0.729547,-1,-1,-1
462,35,1117.064,295.187,81.062,254.126,0.666816,-1,-1,-1
462,40,740.435,242.802,77.600,329.606,0.758678,-1,-1,-1
463,2,788.349,199.964,163.001,511.621,0.820149,-1,-1,-1
463,28,1007.412,208.867,126.189,451.591,0.801027,-1,-1,-1
463,5,1220.994,132.963,323.375,822.694,0.906714,-1,-1,-1
463,36,644.534,293.413,92.483,279.087,0.768869,-1,-1,-1
463,33,936.710,292.090,81.746,236.168,0.736787,-1,-1,-1
463,35,1120.973,293.768,80.698,252.397,0.662338,-1,-1,-1
463,40,739.922,240.477,78.582,333.253,0.751494,-1,-1,-1
464,2,786.977,193.573,163.067,511.064,0.813535,-1,-1,-1
464,28,1008.353,207.858,127.183,452.130,0.804802,-1,-1,-1
464,5,1222.825,130.267,325.797,823.538,0.903596,-1,-1,-1
464,36,641.905,291.549,91.878,277.610,0.770675,-1,-1,-1
464,33,937.180,287.282,81.793,236.608,0.736018,-1,-1,-1
464,35,1121.181,289.799,81.256,253.960,0.668104,-1,-1,-1
464,40,738.750,240.085,78.751,333.037,0.773709,-1,-1,-1
465,2,784.653,188.033,163.797,512.075,0.814940,-1,-1,-1
465,28,1009.276,207.911,127.644,450.849,0.787554,-1,-1,-1
465,5,1221.898,125.495,329.261,828.918,0.907110,-1,-1,-1
465,36,638.382,286.650,93.271,282.737,0.753943,-1,-1,-1
465,33,936.471,282.314,82.347,238.976,0.720413,-1,-1,-1
465,35,1125.036,289.158,80.104,252.108,0.609450,-1,-1,-1
465,40,734.796,235.064,79.913,336.302,0.761256,-1,-1,-1
466,2,781.070,182.825,164.746,512.545,0.805936,-1,-1,-1
466,28,1010.035,206.432,127.623,447.470,0.777095,-1,-1,-1
466,5,1219.031,121.580,333.649,836.805,0.907478,-1,-1,-1
466,36,634.728,284.226,93.489,284.637,0.707709,-1,-1,-1
466,33,935.822,277.868,82.926,241.300,0.731798,-1,-1,-1
466,35,1126.351,287.419,78.973,251.620,0.595947,-1,-1,-1
466,40,730.940,230.103,80.970,339.493,0.735464,-1,-1,-1
467,2,779.490,181.723,165.286,508.942,0.820760,-1,-1,-1
467,28,1008.813,205.646,128.538,449.100,0.782237,-1,-1,-1
467,5,1215.136,120.004,337.527,842.828,0.908973,-1,-1,-1
467,36,627.586,278.986,95.784,291.889,0.717800,-1,-1,-1
467,33,934.836,276.118,83.267,242.207,0.758886,-1,-1,-1
467,35,1125.814,284.596,78.875,253.556,0.624935,-1,-1,-1
467,40,725.236,225.743,82.495,343.559,0.711922,-1,-1,-1
468,2,776.261,180.376,166.399,509.174,0.827523,-1,-1,-1
468,28,1005.462,204.743,129.137,450.000,0.775864,-1,-1,-1
468,5,1208.690,118.683,342.525,851.613,0.912848,-1,-1,-1
468,36,621.399,276.216,96.853,295.882,0.747521,-1,-1,-1
468,33,933.199,275.522,83.294,242.417,0.766086,-1,-1,-1
468,35,1122.958,281.658,78.863,253.972,0.571283,-1,-1,-1
468,40,719.036,221.101,84.604,351.430,0.728858,-1,-1,-1
469,2,772.417,180.422,166.660,507.560,0.828923,-1,-1,-1
469,28,1003.352,204.327,128.046,445.695,0.785226,-1,-1,-1
469,5,1203.544,118.331,347.213,860.519,0.911235,-1,-1,-1
469,36,614.064,270.982,97.940,301.607,0.804100,-1,-1,-1
469,33,929.970,273.802,83.780,243.473,0.771365,-1,-1,-1
469,35,1118.856,280.726,79.669,254.558,0.576757,-1,-1,-1
469,40,711.588,218.866,85.382,354.535,0.750256,-1,-1,-1
470,2,769.613,177.541,169.188,513.007,0.839804,-1,-1,-1
470,28,1000.878,200.925,128.906,447.545,0.800182,-1,-1,-1
470,5,1198.496,118.983,350.001,865.580,0.914248,-1,-1,-1
470,36,605.880,268.382,98.684,303.436,0.781224,-1,-1,-1
470,33,925.936,273.358,83.531,243.299,0.786183,-1,-1,-1
470,35,1115.642,278.748,80.620,257.141,0.624444,-1,-1,-1
470,40,707.135,216.326,86.373,357.479,0.771333,-1,-1,-1
471,2,766.565,175.783,169.757,513.247,0.840537,-1,-1,-1
471,28,998.179,197.505,129.645,449.974,0.797069,-1,-1,-1
471,5,1191.672,118.717,354.680,874.640,0.908689,-1,-1,-1
471,36,598.198,265.638,99.680,307.244,0.775825,-1,-1,-1
471,33,922.063,273.231,83.751,243.570,0.801518,-1,-1,-1
471,35,1110.105,274.559,81.420,260.080,0.564444,-1,-1,-1
471,40,699.286,213.560,87.421,359.614,0.739236,-1,-1,-1
472,2,761.479,174.784,170.335,512.819,0.862523,-1,-1,-1
472,28,995.173,197.449,129.781,449.900,0.782907,-1,-1,-1
472,5,1189.061,119.197,355.570,876.324,0.910788,-1,-1,-1
472,36,592.953,264.990,99.886,308.310,0.821517,-1,-1,-1
472,33,919.648,272.468,83.572,243.395,0.804767,-1,-1,-1
472,35,1106.820,272.309,82.613,264.276,0.657518,-1,-1,-1
472,40,692.991,210.202,88.852,362.113,0.786291,-1,-1,-1
473,2,760.453,174.656,171.049,513.802,0.875382,-1,-1,-1
473,28,991.016,197.003,129.760,450.555,0.774864,-1,-1,-1
473,5,1187.486,118.526,354.949,874.498,0.910528,-1,-1,-1
473,36,587.201,263.002,100.379,310.621,0.820464,-1,-1,-1
473,33,918.229,272.887,83.203,242.926,0.793171,-1,-1,-1
473,35,1106.333,271.623,83.408,265.922,0.694112,-1,-1,-1
473,40,687.596,207.010,90.537,364.919,0.814096,-1,-1,-1
474,2,760.944,175.709,171.185,513.720,0.876422,-1,-1,-1
474,28,988.185,196.229,129.418,450.347,0.777469,-1,-1,-1
474,5,1187.358,116.166,352.119,868.088,0.912372,-1,-1,-1
474,36,581.790,261.873,100.046,311.305,0.855032,-1,-1,-1
474,33,916.755,274.408,82.766,242.912,0.757255,-1,-1,-1
474,35,1102.800,270.063,83.756,267.909,0.744293,-1,-1,-1
474,40,682.772,205.773,92.595,368.732,0.807624,-1,-1,-1
475,2,761.586,176.153,171.634,514.100,0.866981,-1,-1,-1
475,28,986.334,196.729,125.897,441.368,0.767406,-1,-1,-1
475,5,1187.443,113.469,350.149,863.253,0.911667,-1,-1,-1
475,36,576.046,260.497,100.069,312.197,0.838422,-1,-1,-1
475,33,917.254,276.863,81.333,239.230,0.759615,-1,-1,-1
475,35,1098.318,268.077,83.530,268.311,0.751331,-1,-1,-1
475,40,676.505,204.126,94.584,371.394,0.824417,-1,-1,-1
476,2,763.108,176.597,171.710,512.840,0.865521,-1,-1,-1
476,28,983.285,195.451,123.683,436.317,0.769359,-1,-1,-1
476,5,1188.394,108.793,349.507,862.103,0.908680,-1,-1,-1
476,36,570.838,258.887,99.960,313.989,0.823800,-1,-1,-1
476,33,917.682,277.594,79.578,235.714,0.749216,-1,-1,-1
476,35,1096.586,265.163,83.413,270.597,0.760408,-1,-1,-1
476,40,671.254,203.006,96.755,374.451,0.828688,-1,-1,-1
477,2,765.907,177.905,171.513,511.492,0.864288,-1,-1,-1
477,28,981.635,195.113,122.360,434.242,0.766044,-1,-1,-1
477,5,1190.343,104.999,347.730,858.073,0.908486,-1,-1,-1
477,36,568.099,260.367,99.889,315.635,0.830559,-1,-1,-1
477,33,918.078,279.946,78.328,233.587,0.756239,-1,-1,-1
477,35,1096.133,264.239,83.055,272.065,0.760700,-1,-1,-1
477,40,666.717,203.314,99.333,378.423,0.837084,-1,-1,-1
478,2,769.810,179.363,171.190,509.993,0.851323,-1,-1,-1
478,28,980.175,195.889,121.803,433.970,0.765555,-1,-1,-1
478,5,1193.167,102.850,344.633,848.852,0.909066,-1,-1,-1
478,36,561.150,262.966,101.440,320.910,0.809310,-1,-1,-1
478,33,918.680,280.330,78.136,235.165,0.669318,-1,-1,-1
478,35,1095.169,265.449,82.681,272.526,0.768241,-1,-1,-1
478,40,662.748,205.031,102.215,383.663,0.842574,-1,-1,-1
479,2,774.739,179.808,170.661,507.812,0.861500,-1,-1,-1
479,28,979.959,196.540,121.671,433.193,0.752232,-1,-1,-1
479,5,1195.833,101.988,342.796,842.236,0.911779,-1,-1,-1
479,36,555.174,262.852,103.080,324.353,0.806102,-1,-1,-1
479,33,915.259,253.024,87.166,265.568,0.558554,-1,-1,-1
479,35,1094.983,265.914,82.353,273.477,0.765981,-1,-1,-1
479,40,660.384,205.735,104.786,387.101,0.835637,-1,-1,-1
480,2,779.160,181.005,170.099,504.576,0.856323,-1,-1,-1
480,28,978.724,195.764,123.475,440.734,0.758911,-1,-1,-1
480,5,1197.522,101.728,343.592,842.735,0.909472,-1,-1,-1
480,36,550.229,264.060,104.399,327.687,0.807485,-1,-1,-1
480,33,914.342,240.718,90.117,278.336,0.491433,-1,-1,-1
480,35,1095.097,266.494,82.539,275.881,0.760474,-1,-1,-1
480,40,658.242,206.282,107.688,389.940,0.816774,-1,-1,-1
481,2,782.947,182.706,169.279,501.263,0.858776,-1,-1,-1
481,28,978.685,196.392,124.947,446.587,0.773265,-1,-1,-1
481,5,1198.839,102.822,346.383,848.788,0.912506,-1,-1,-1
481,36,546.833,267.080,105.341,329.618,0.804718,-1,-1,-1
481,33,920.689,263.937,81.479,253.691,0.370140,-1,-1,-1
481,35,1096.405,270.923,81.652,273.246,0.787226,-1,-1,-1
481,40,657.566,207.706,110.875,393.511,0.817745,-1,-1,-1
482,2,787.869,186.060,170.140,501.809,0.850365,-1,-1,-1
482,28,979.380,199.541,124.472,444.060,0.763421,-1,-1,-1
482,5,1201.881,106.510,349.235,854.497,0.911281,-1,-1,-1
482,36,545.486,272.080,105.611,329.519,0.795532,-1,-1,-1
482,35,1097.690,275.120,81.176,271.648,0.767672,-1,-1,-1
482,40,658.428,210.844,113.424,395.469,0.824372,-1,-1,-1
483,2,791.422,185.016,171.932,505.586,0.850359,-1,-1,-1
483,28,983.098,201.210,125.560,446.195,0.798963,-1,-1,-1
483,5,1203.727,108.708,351.957,860.314,0.909183,-1,-1,-1
483,36,545.133,272.297,106.240,331.834,0.780172,-1,-1,-1
483,35,1101.389,275.601,82.236,274.193,0.771597,-1,-1,-1
483,40,659.276,211.051,116.269,397.946,0.816966,-1,-1,-1
484,2,797.312,184.537,172.545,508.160,0.852540,-1,-1,-1
484,28,986.444,203.627,126.047,448.079,0.821272,-1,-1,-1
484,5,1205.000,112.132,354.153,865.762,0.908039,-1,-1,-1
484,36,544.517,271.267,107.463,337.219,0.770969,-1,-1,-1
484,35,1104.509,276.446,82.900,274.515,0.783172,-1,-1,-1
484,40,657.728,210.181,119.039,403.199,0.811586,-1,-1,-1
485,2,805.138,189.435,170.960,502.857,0.844175,-1,-1,-1
485,28,991.053,207.086,126.042,449.385,0.821014,-1,-1,-1
485,5,1206.562,114.309,358.064,876.519,0.901482,-1,-1,-1
485,36,543.800,272.439,108.660,341.393,0.796191,-1,-1,-1
485,35,1106.163,276.148,84.112,277.963,0.789694,-1,-1,-1
485,40,656.700,209.330,121.802,410.202,0.802413,-1,-1,-1
486,2,811.029,192.039,171.657,504.977,0.845886,-1,-1,-1
486,28,995.808,210.928,125.415,448.705,0.814266,-1,-1,-1
486,5,1210.105,118.589,360.359,885.428,0.904441,-1,-1,-1
486,36,544.475,272.577,109.919,345.360,0.799185,-1,-1,-1
486,35,1110.098,279.280,85.256,277.255,0.785413,-1,-1,-1
486,40,659.685,208.970,123.926,412.900,0.814804,-1,-1,-1
487,2,817.615,195.023,173.081,509.923,0.860878,-1,-1,-1
487,28,1001.789,216.519,125.045,448.785,0.795436,-1,-1,-1
487,5,1215.715,127.437,361.134,890.613,0.904733,-1,-1,-1
487,36,543.371,271.187,111.689,350.755,0.812550,-1,-1,-1
487,35,1115.141,282.582,86.555,279.371,0.787607,-1,-1,-1
487,40,664.875,209.325,127.547,417.690,0.805451,-1,-1,-1
488,2,824.763,201.412,173.217,509.882,0.857301,-1,-1,-1
488,28,1005.589,221.348,125.237,449.028,0.801704,-1,-1,-1
488,5,1219.593,136.002,361.004,893.477,0.904369,-1,-1,-1
488,36,543.345,272.185,112.958,354.590,0.807493,-1,-1,-1
488,35,1120.642,285.597,87.008,278.667,0.779924,-1,-1,-1
488,40,667.596,211.127,129.979,419.716,0.804843,-1,-1,-1
489,2,834.158,206.341,173.821,510.203,0.852323,-1,-1,-1
489,28,1010.667,227.647,123.628,443.872,0.778931,-1,-1,-1
489,5,1222.729,141.204,359.939,893.704,0.907772,-1,-1,-1
489,36,543.277,271.490,114.886,359.576,0.790658,-1,-1,-1
489,35,1128.360,291.379,86.951,277.959,0.796260,-1,-1,-1
489,40,671.491,211.955,132.932,422.066,0.804178,-1,-1,-1
490,2,841.039,212.931,173.845,508.932,0.867238,-1,-1,-1
490,28,1014.453,230.047,124.315,446.668,0.775056,-1,-1,-1
490,5,1226.806,143.940,358.603,892.097,0.910637,-1,-1,-1
490,36,542.233,272.350,117.365,363.050,0.783423,-1,-1,-1
490,35,1134.498,296.224,86.561,275.151,0.802186,-1,-1,-1
490,40,673.023,213.372,136.072,426.290,0.799818,-1,-1,-1
491,2,846.818,218.235,174.179,508.521,0.864964,-1,-1,-1
491,28,1016.353,230.063,124.539,447.924,0.779769,-1,-1,-1
491,5,1227.901,144.521,359.229,894.410,0.910098,-1,-1,-1
491,36,539.097,273.390,119.718,365.753,0.780355,-1,-1,-1
491,35,1138.920,300.085,86.854,273.963,0.818765,-1,-1,-1
491,40,674.453,214.073,139.305,429.834,0.814143,-1,-1,-1
492,2,851.041,224.123,174.270,507.716,0.846011,-1,-1,-1
492,28,1016.350,232.520,125.385,450.723,0.785320,-1,-1,-1
492,5,1229.650,143.881,360.414,895.247,0.908422,-1,-1,-1
492,36,537.162,274.021,122.375,367.339,0.808255,-1,-1,-1
492,35,1141.538,304.371,87.946,274.700,0.823531,-1,-1,-1
492,40,674.898,214.423,141.847,432.566,0.830262,-1,-1,-1
493,2,853.189,230.487,173.621,505.964,0.830880,-1,-1,-1
493,28,1017.570,233.832,126.054,452.309,0.811511,-1,-1,-1
493,5,1225.664,140.085,362.739,901.606,0.898769,-1,-1,-1
493,36,533.915,275.036,125.068,369.484,0.797783,-1,-1,-1
493,35,1142.895,309.056,88.701,273.144,0.821568,-1,-1,-1
493,40,670.976,214.461,144.652,436.152,0.813531,-1,-1,-1
494,2,857.943,232.238,171.378,498.333,0.830819,-1,-1,-1
494,28,1017.502,234.790,125.599,449.751,0.816169,-1,-1,-1
494,5,1219.767,136.933,359.873,895.945,0.898370,-1,-1,-1
494,36,529.684,276.272,128.585,374.953,0.820159,-1,-1,-1
494,35,1142.797,311.897,89.776,272.198,0.790407,-1,-1,-1
494,40,667.426,214.398,147.768,442.568,0.826831,-1,-1,-1
495,2,861.047,232.464,170.828,496.531,0.838481,-1,-1,-1
495,28,1014.467,235.707,125.595,448.192,0.809380,-1,-1,-1
495,5,1215.888,134.112,357.110,889.229,0.905747,-1,-1,-1
495,36,524.953,278.251,131.557,379.404,0.791373,-1,-1,-1
495,35,1142.779,313.697,91.069,273.550,0.783137,-1,-1,-1
495,40,663.175,214.252,151.298,449.842,0.819523,-1,-1,-1
496,2,863.023,232.168,170.797,495.803,0.812574,-1,-1,-1
496,28,1013.964,236.359,125.414,446.120,0.806262,-1,-1,-1
496,5,1214.816,130.527,354.585,883.320,0.909079,-1,-1,-1
496,36,520.120,281.387,133.609,382.238,0.800740,-1,-1,-1
496,35,1144.824,314.604,91.971,274.887,0.765872,-1,-1,-1
496,40,656.969,214.704,154.878,454.619,0.837331,-1,-1,-1
497,2,867.112,231.764,165.655,476.961,0.811094,-1,-1,-1
497,28,1012.806,236.089,125.865,446.412,0.810315,-1,-1,-1
497,5,1212.633,125.289,355.260,885.921,0.916163,-1,-1,-1
497,36,515.534,283.656,135.338,384.613,0.817590,-1,-1,-1
497,35,1145.365,314.725,93.238,277.684,0.744538,-1,-1,-1
497,40,651.104,214.543,158.004,457.149,0.846100,-1,-1,-1
498,2,869.433,231.152,162.417,462.331,0.813078,-1,-1,-1
498,28,1011.628,236.714,126.380,446.991,0.824243,-1,-1,-1
498,5,1209.669,121.200,357.767,893.844,0.911503,-1,-1,-1
498,36,510.906,286.314,135.515,384.326,0.825953,-1,-1,-1
498,35,1145.324,314.620,94.020,279.113,0.772262,-1,-1,-1
498,40,645.457,214.114,160.952,460.611,0.876440,-1,-1,-1
499,2,866.195,229.804,169.370,480.525,0.818906,-1,-1,-1
499,28,1010.618,235.437,127.079,448.854,0.805930,-1,-1,-1
499,5,1207.862,117.901,360.536,903.554,0.911904,-1,-1,-1
499,36,504.556,288.198,137.232,387.184,0.810321,-1,-1,-1
499,35,1145.438,314.116,95.025,282.200,0.738800,-1,-1,-1
499,40,638.248,215.128,163.192,463.985,0.876894,-1,-1,-1
500,2,864.785,228.704,171.284,484.684,0.830903,-1,-1,-1
500,28,1009.385,234.586,127.724,452.054,0.801082,-1,-1,-1
500,5,1205.011,116.023,363.783,914.490,0.910096,-1,-1,-1
500,36,497.988,290.522,138.814,390.700,0.825367,-1,-1,-1
500,35,1144.373,314.249,96.015,284.775,0.739718,-1,-1,-1
500,40,630.698,215.224,166.124,471.035,0.841198,-1,-1,-1
501,2,863.039,228.494,173.449,489.260,0.840686,-1,-1,-1
501,28,1008.700,234.789,127.998,453.354,0.812084,-1,-1,-1
501,5,1203.243,115.285,365.985,923.486,0.911597,-1,-1,-1
501,36,490.344,286.919,141.469,397.851,0.832259,-1,-1,-1
501,35,1144.690,313.942,95.958,284.796,0.757112,-1,-1,-1
501,40,624.574,213.920,169.210,479.963,0.842322,-1,-1,-1
502,2,863.335,228.887,174.040,488.979,0.846509,-1,-1,-1
502,28,1006.637,236.158,128.078,453.340,0.818188,-1,-1,-1
502,5,1202.491,115.222,366.918,929.851,0.914710,-1,-1,-1
502,36,482.262,285.283,143.357,404.119,0.826336,-1,-1,-1
502,35,1144.344,313.370,95.882,284.147,0.796106,-1,-1,-1
502,40,619.643,214.128,171.227,484.629,0.838909,-1,-1,-1
503,2,860.133,227.703,176.148,494.175,0.842731,-1,-1,-1
503,28,1005.583,236.645,127.729,450.468,0.812220,-1,-1,-1
503,5,1202.040,116.273,366.828,933.647,0.915652,-1,-1,-1
503,36,472.817,280.971,145.117,410.108,0.817409,-1,-1,-1
503,35,1141.696,311.614,96.255,285.041,0.815346,-1,-1,-1
503,40,610.024,209.801,171.737,488.206,0.848521,-1,-1,-1
504,2,858.203,226.755,176.438,492.837,0.840750,-1,-1,-1
504,28,1004.254,235.606,127.444,448.930,0.805569,-1,-1,-1
504,5,1200.969,117.165,366.964,937.786,0.917193,-1,-1,-1
504,36,464.150,277.646,146.573,414.662,0.815078,-1,-1,-1
504,35,1139.811,308.514,97.345,287.876,0.810003,-1,-1,-1
504,40,601.571,201.341,174.505,498.166,0.853858,-1,-1,-1
505,2,858.785,226.472,177.806,495.093,0.821695,-1,-1,-1
505,28,1003.057,232.938,126.630,449.071,0.763348,-1,-1,-1
505,5,1201.390,116.882,367.149,942.156,0.919474,-1,-1,-1
505,36,453.506,272.625,148.507,421.430,0.809154,-1,-1,-1
505,35,1137.832,305.301,97.539,288.410,0.812021,-1,-1,-1
505,40,592.639,197.526,176.218,503.847,0.863880,-1,-1,-1
506,2,857.671,225.721,180.158,501.026,0.819194,-1,-1,-1
506,28,1001.964,233.466,124.359,442.701,0.754290,-1,-1,-1
506,5,1201.681,115.552,367.034,945.456,0.916127,-1,-1,-1
506,36,444.338,268.857,150.773,427.227,0.819690,-1,-1,-1
506,35,1134.642,301.926,98.739,290.031,0.807671,-1,-1,-1
506,40,582.072,191.521,176.834,508.089,0.852408,-1,-1,-1
507,2,857.367,225.976,181.175,504.327,0.812168,-1,-1,-1
507,28,1000.209,233.938,123.389,441.054,0.759128,-1,-1,-1
507,5,1204.772,113.652,363.545,939.282,0.915925,-1,-1,-1
507,36,433.907,264.794,152.864,434.085,0.850456,-1,-1,-1
507,35,1132.776,299.419,99.389,290.963,0.815038,-1,-1,-1
507,40,572.870,188.234,176.631,509.432,0.849910,-1,-1,-1
508,2,855.494,229.202,179.536,500.553,0.823048,-1,-1,-1
508,28,998.092,230.336,122.839,445.128,0.730497,-1,-1,-1
508,5,1206.397,110.282,361.079,935.969,0.917210,-1,-1,-1
508,36,420.505,261.099,154.273,439.446,0.838352,-1,-1,-1
508,35,1132.849,297.781,99.078,290.731,0.794514,-1,-1,-1
508,40,561.765,182.831,178.535,517.925,0.846417,-1,-1,-1
509,2,854.774,229.861,177.345,495.284,0.800858,-1,-1,-1
509,28,993.624,228.750,121.071,448.189,0.738427,-1,-1,-1
509,5,1206.054,106.793,359.707,935.399,0.915875,-1,-1,-1
509,36,409.107,257.355,155.218,443.922,0.845925,-1,-1,-1
509,35,1129.122,296.697,98.667,290.189,0.794683,-1,-1,-1
509,40,550.190,177.112,180.425,525.772,0.865464,-1,-1,-1
510,2,852.460,229.610,175.580,491.061,0.793798,-1,-1,-1
510,28,990.325,228.618,118.907,448.400,0.713432,-1,-1,-1
510,5,1206.758,102.951,359.084,934.333,0.911264,-1,-1,-1
510,36,394.579,255.119,156.636,450.193,0.839545,-1,-1,-1
510,35,1124.355,294.927,98.818,290.823,0.805887,-1,-1,-1
510,40,537.810,172.114,182.865,534.195,0.879772,-1,-1,-1
511,2,854.516,227.837,172.650,486.327,0.753641,-1,-1,-1
511,28,986.246,223.026,118.965,456.255,0.683619,-1,-1,-1
511,5,1207.375,97.382,356.374,925.991,0.911829,-1,-1,-1
511,36,379.451,252.818,159.663,459.225,0.851983,-1,-1,-1
511,35,1120.378,291.657,99.538,293.929,0.811352,-1,-1,-1
511,40,524.712,170.831,183.623,538.020,0.865387,-1,-1,-1
512,2,853.475,222.893,170.491,483.105,0.748628,-1,-1,-1
512,28,983.452,218.969,118.773,462.493,0.684455,-1,-1,-1
512,5,1207.840,90.601,351.992,913.178,0.907681,-1,-1,-1
512,36,364.921,251.954,162.455,468.442,0.826477,-1,-1,-1
512,35,1115.844,287.498,100.177,296.657,0.784722,-1,-1,-1
512,40,512.940,168.960,186.057,545.991,0.866491,-1,-1,-1
513,2,850.347,217.857,169.576,482.921,0.825816,-1,-1,-1
513,28,977.941,221.414,113.961,455.886,0.610180,-1,-1,-1
513,5,1209.359,85.382,348.768,903.591,0.902826,-1,-1,-1
513,36,351.403,248.224,165.529,478.769,0.854276,-1,-1,-1
513,35,1112.486,285.377,100.015,296.834,0.745767,-1,-1,-1
513,40,502.269,163.887,189.831,557.559,0.858414,-1,-1,-1
514,2,847.753,209.871,169.640,486.398,0.777450,-1,-1,-1
514,28,977.341,215.929,111.083,453.298,0.674649,-1,-1,-1
514,5,1211.561,77.768,347.522,900.067,0.905365,-1,-1,-1
514,36,342.073,247.456,165.584,478.871,0.828990,-1,-1,-1
514,35,1109.898,280.654,100.249,297.542,0.783684,-1,-1,-1
514,40,491.212,159.477,194.043,569.300,0.847748,-1,-1,-1
515,2,846.675,206.340,168.494,486.217,0.792050,-1,-1,-1
515,28,978.091,212.622,109.041,453.065,0.665573,-1,-1,-1
515,5,1212.693,70.932,348.412,903.361,0.906564,-1,-1,-1
515,36,331.790,246.305,166.953,482.012,0.854571,-1,-1,-1
515,35,1106.905,276.693,100.784,298.765,0.804862,-1,-1,-1
515,40,481.892,156.299,197.280,578.986,0.847929,-1,-1,-1
516,2,845.587,203.499,167.654,486.476,0.817252,-1,-1,-1
516,28,978.814,207.873,106.473,450.036,0.671739,-1,-1,-1
516,5,1213.821,64.875,349.480,908.489,0.906689,-1,-1,-1
516,36,320.704,245.299,170.074,490.165,0.863937,-1,-1,-1
516,35,1105.510,274.354,100.916,299.258,0.817590,-1,-1,-1
516,40,473.482,152.746,200.297,586.107,0.865291,-1,-1,-1
517,2,845.647,200.287,167.160,488.839,0.815766,-1,-1,-1
517,28,979.518,205.177,102.735,441.787,0.663112,-1,-1,-1
517,5,1214.619,60.863,351.309,916.507,0.908607,-1,-1,-1
517,36,309.033,241.761,173.869,502.215,0.854648,-1,-1,-1
517,35,1105.619,272.003,101.374,300.752,0.820967,-1,-1,-1
517,40,467.295,151.266,203.849,595.059,0.886605,-1,-1,-1
518,2,845.924,198.361,166.687,491.788,0.792336,-1,-1,-1
518,28,979.639,202.546,100.074,438.284,0.667784,-1,-1,-1
518,5,1214.469,58.129,353.782,926.794,0.908967,-1,-1,-1
518,36,298.029,237.023,177.827,515.259,0.863612,-1,-1,-1
518,35,1104.784,269.772,102.706,304.123,0.810638,-1,-1,-1
518,40,461.400,148.250,207.667,604.632,0.880040,-1,-1,-1
519,2,846.187,197.131,166.101,493.584,0.793621,-1,-1,-1
519,28,979.905,200.395,98.049,436.810,0.640925,-1,-1,-1
519,5,1214.810,57.205,354.571,932.712,0.903473,-1,-1,-1
519,36,288.558,232.464,181.453,527.371,0.863548,-1,-1,-1
519,35,1103.144,266.048,104.146,307.431,0.808404,-1,-1,-1
519,40,454.981,144.749,211.698,614.479,0.866215,-1,-1,-1
520,2,847.335,195.004,165.396,495.404,0.784665,-1,-1,-1
520,28,980.168,197.796,96.788,438.254,0.634914,-1,-1,-1
520,5,1217.316,55.961,355.536,940.544,0.902485,-1,-1,-1
520,36,278.860,227.679,184.054,535.184,0.873151,-1,-1,-1
520,35,1104.085,265.204,104.137,306.104,0.802759,-1,-1,-1
520,40,450.484,140.817,215.536,623.458,0.858039,-1,-1,-1
521,2,850.037,196.811,164.223,496.044,0.785930,-1,-1,-1
521,28,982.370,197.238,95.597,439.346,0.669817,-1,-1,-1
521,5,1221.019,58.171,355.693,946.500,0.902150,-1,-1,-1
521,36,272.527,227.919,185.169,538.127,0.884167,-1,-1,-1
521,35,1108.375,264.846,104.839,306.940,0.796268,-1,-1,-1
521,40,448.157,136.968,218.886,631.059,0.856826,-1,-1,-1
522,2,852.783,198.333,162.302,493.654,0.808641,-1,-1,-1
522,28,983.384,196.321,94.598,440.931,0.651059,-1,-1,-1
522,5,1221.801,57.815,355.868,954.416,0.904675,-1,-1,-1
522,36,265.729,224.665,187.471,544.647,0.876655,-1,-1,-1
522,35,1109.405,263.102,105.062,306.941,0.799152,-1,-1,-1
522,40,445.374,131.924,222.281,638.870,0.867415,-1,-1,-1
523,2,856.376,198.120,160.784,492.905,0.815781,-1,-1,-1
523,28,984.468,194.637,94.204,444.800,0.667874,-1,-1,-1
523,5,1221.120,55.893,355.731,962.773,0.907844,-1,-1,-1
523,36,258.079,219.600,190.905,552.343,0.878568,-1,-1,-1
523,35,1110.214,261.010,105.246,306.006,0.786767,-1,-1,-1
523,40,439.855,122.241,227.549,652.212,0.874790,-1,-1,-1
524,2,861.334,199.116,159.093,492.051,0.832536,-1,-1,-1
524,28,986.503,197.547,93.587,448.901,0.618518,-1,-1,-1
524,5,1222.684,54.310,353.066,963.697,0.906680,-1,-1,-1
524,36,251.217,216.865,194.663,561.122,0.879546,-1,-1,-1
524,35,1110.292,259.376,106.337,306.794,0.796979,-1,-1,-1
524,40,436.053,118.735,230.740,659.147,0.876067,-1,-1,-1
524,41,1061.322,283.441,60.633,216.988,0.662432,-1,-1,-1
525,2,867.350,200.147,157.950,491.167,0.853441,-1,-1,-1
525,28,990.422,201.055,91.483,441.950,0.559336,-1,-1,-1
525,5,1224.638,50.614,351.707,966.566,0.904807,-1,-1,-1
525,36,243.617,213.895,197.405,567.134,0.876713,-1,-1,-1
525,35,1113.884,257.695,107.252,307.219,0.808092,-1,-1,-1
525,40,434.718,114.076,234.273,667.003,0.875690,-1,-1,-1
525,41,1065.196,281.752,61.124,218.698,0.651131,-1,-1,-1
526,2,872.597,200.001,157.675,492.949,0.861336,-1,-1,-1
526,28,993.788,202.496,91.586,444.267,0.538841,-1,-1,-1
526,5,1228.981,48.761,349.457,966.286,0.902527,-1,-1,-1
526,36,235.456,210.944,200.437,574.104,0.867135,-1,-1,-1
526,35,1117.328,256.509,109.119,310.087,0.828112,-1,-1,-1
526,40,433.476,111.164,237.338,672.319,0.878043,-1,-1,-1
526,41,1068.948,278.493,61.747,221.189,0.711530,-1,-1,-1
527,2,877.266,200.918,156.848,491.972,0.838630,-1,-1,-1
527,28,996.320,204.060,92.004,446.824,0.606335,-1,-1,-1
527,5,1233.982,49.170,346.707,964.407,0.908735,-1,-1,-1
527,36,226.831,206.949,203.924,583.338,0.856011,-1,-1,-1
527,35,1121.194,258.388,109.999,309.609,0.842823,-1,-1,-1
527,40,431.586,110.419,240.280,675.745,0.874685,-1,-1,-1
527,41,1072.717,279.207,62.719,224.670,0.756141,-1,-1,-1
528,2,879.188,200.515,157.119,492.652,0.825787,-1,-1,-1
528,28,999.171,203.869,92.639,449.811,0.588872,-1,-1,-1
528,5,1236.684,47.310,345.513,964.701,0.909325,-1,-1,-1
528,36,223.413,206.080,206.516,589.877,0.846253,-1,-1,-1
528,35,1125.687,259.981,110.376,310.317,0.839671,-1,-1,-1
528,40,428.312,108.299,244.209,681.855,0.884123,-1,-1,-1
528,41,1078.760,278.784,62.893,225.273,0.722156,-1,-1,-1
529,2,878.930,199.622,156.712,490.767,0.811855,-1,-1,-1
529,28,1001.079,203.875,92.734,451.705,0.623443,-1,-1,-1
529,5,1239.527,47.580,342.580,958.142,0.910450,-1,-1,-1
529,36,219.659,205.688,211.388,604.745,0.825313,-1,-1,-1
529,35,1131.064,261.320,110.529,311.468,0.812560,-1,-1,-1
529,40,424.918,105.069,249.837,691.963,0.881492,-1,-1,-1
529,41,1083.458,282.999,62.977,226.433,0.721475,-1,-1,-1
530,2,883.318,198.024,155.517,490.805,0.779682,-1,-1,-1
530,28,1005.471,207.469,92.257,451.902,0.703765,-1,-1,-1
530,5,1247.525,48.646,338.861,945.831,0.904916,-1,-1,-1
530,36,212.680,205.851,218.039,624.237,0.827541,-1,-1,-1
530,35,1135.399,262.182,110.821,313.316,0.799969,-1,-1,-1
530,40,416.634,101.980,258.219,708.666,0.880599,-1,-1,-1
530,41,1090.529,294.339,59.931,214.678,0.652385,-1,-1,-1
531,2,882.011,196.694,155.979,491.197,0.796003,-1,-1,-1
531,28,1009.580,207.624,93.183,456.767,0.715264,-1,-1,-1
531,5,1251.831,48.930,337.800,940.252,0.910674,-1,-1,-1
531,36,206.720,207.690,221.303,634.622,0.843939,-1,-1,-1
531,35,1141.227,264.459,110.079,312.322,0.807353,-1,-1,-1
531,40,409.129,96.080,268.679,734.062,0.883097,-1,-1,-1
531,41,1096.374,294.787,59.933,213.631,0.724730,-1,-1,-1
532,2,887.293,198.154,155.150,487.983,0.820522,-1,-1,-1
532,28,1012.834,204.090,93.867,461.118,0.643875,-1,-1,-1
532,5,1254.678,48.018,340.640,945.995,0.908117,-1,-1,-1
532,36,202.905,210.302,222.408,637.396,0.857262,-1,-1,-1
532,35,1145.084,265.324,110.076,313.565,0.812902,-1,-1,-1
532,40,403.220,92.957,276.662,752.931,0.887167,-1,-1,-1
532,41,1100.743,295.343,60.370,215.296,0.733641,-1,-1,-1
533,2,891.960,200.101,154.576,486.429,0.835111,-1,-1,-1
533,28,1015.589,203.941,93.716,460.973,0.714069,-1,-1,-1
533,5,1258.256,48.317,344.057,952.428,0.900789,-1,-1,-1
533,36,196.717,213.061,223.994,642.462,0.866896,-1,-1,-1
533,35,1149.440,268.679,110.053,314.861,0.802389,-1,-1,-1
533,40,396.721,91.049,282.144,763.291,0.882706,-1,-1,-1
533,41,1103.989,289.366,62.296,222.559,0.658556,-1,-1,-1
534,2,894.720,201.723,156.210,492.917,0.834947,-1,-1,-1
534,28,1016.244,200.614,94.247,464.976,0.661532,-1,-1,-1
534,5,1264.007,46.130,348.444,962.047,0.903527,-1,-1,-1
534,36,188.946,215.781,224.633,644.889,0.875304,-1,-1,-1
534,35,1153.163,270.523,110.128,316.060,0.768416,-1,-1,-1
534,40,390.865,90.167,285.795,767.642,0.885220,-1,-1,-1
534,41,1107.437,288.629,64.173,229.443,0.599801,-1,-1,-1
535,2,896.392,204.585,155.993,492.928,0.842174,-1,-1,-1
535,28,1018.126,200.304,95.247,470.329,0.685692,-1,-1,-1
535,5,1266.401,44.519,352.927,973.466,0.908193,-1,-1,-1
535,36,178.426,212.729,232.040,668.206,0.880115,-1,-1,-1
535,35,1155.411,270.891,110.761,317.110,0.787610,-1,-1,-1
535,40,382.324,87.651,291.047,778.119,0.875706,-1,-1,-1
535,41,1107.514,289.798,64.324,231.374,0.404357,-1,-1,-1
536,2,899.236,205.883,155.963,494.200,0.832018,-1,-1,-1
536,28,1019.504,198.602,94.899,469.562,0.711826,-1,-1,-1
536,5,1268.383,42.878,357.555,983.975,0.904994,-1,-1,-1
536,36,168.278,210.457,236.250,681.099,0.880773,-1,-1,-1
536,35,1156.919,270.726,111.159,317.900,0.801343,-1,-1,-1
536,40,373.169,84.014,299.584,801.415,0.869990,-1,-1,-1
536,41,1109.501,293.878,62.728,226.567,0.357168,-1,-1,-1
537,2,901.842,209.442,155.252,493.367,0.822760,-1,-1,-1
537,28,1020.730,199.303,94.004,465.445,0.698599,-1,-1,-1
537,5,1269.956,41.808,361.442,992.018,0.904956,-1,-1,-1
537,36,155.193,207.376,240.525,693.268,0.876504,-1,-1,-1
537,35,1157.773,270.991,111.316,318.280,0.766432,-1,-1,-1
537,40,362.697,80.261,307.327,824.251,0.874356,-1,-1,-1
537,41,1113.074,287.541,65.976,238.713,0.373622,-1,-1,-1
538,2,904.140,212.559,154.392,491.268,0.818221,-1,-1,-1
538,28,1023.746,200.645,94.043,461.800,0.703658,-1,-1,-1
538,5,1272.810,41.660,365.097,999.078,0.904741,-1,-1,-1
538,36,139.979,201.947,245.106,706.876,0.872972,-1,-1,-1
538,35,1158.984,270.046,111.869,320.550,0.801017,-1,-1,-1
538,40,348.163,71.075,313.307,844.799,0.884600,-1,-1,-1
538,41,1114.962,284.618,67.170,244.368,0.361870,-1,-1,-1
539,2,903.803,213.098,154.115,491.432,0.816010,-1,-1,-1
539,28,1026.276,200.766,93.725,454.503,0.719267,-1,-1,-1
539,5,1274.295,40.918,368.697,1006.410,0.904261,-1,-1,-1
539,36,118.899,193.020,249.818,720.132,0.869334,-1,-1,-1
539,35,1156.938,267.574,112.452,322.864,0.789389,-1,-1,-1
539,40,338.356,58.725,318.815,863.323,0.880291,-1,-1,-1
540,2,904.235,213.599,153.738,490.873,0.809351,-1,-1,-1
540,28,1023.802,199.796,93.450,454.018,0.624786,-1,-1,-1
540,5,1275.865,41.659,371.473,1013.307,0.903984,-1,-1,-1
540,36,99.590,183.702,253.532,734.192,0.885017,-1,-1,-1
540,35,1153.735,267.254,112.141,322.851,0.797685,-1,-1,-1
540,40,325.369,52.641,321.688,874.191,0.876909,-1,-1,-1
541,2,903.883,216.594,151.751,485.555,0.805379,-1,-1,-1
541,28,1022.086,200.528,93.721,454.023,0.709605,-1,-1,-1
541,5,1276.731,48.375,372.035,1013.021,0.900041,-1,-1,-1
541,36,79.792,180.970,256.696,744.438,0.895244,-1,-1,-1
541,35,1144.639,268.704,112.645,322.381,0.780758,-1,-1,-1
541,40,304.101,44.754,325.000,887.372,0.885784,-1,-1,-1
542,2,899.803,214.432,152.151,487.346,0.796746,-1,-1,-1
542,28,1017.558,198.431,93.012,454.755,0.656726,-1,-1,-1
542,5,1277.758,52.422,371.585,1009.540,0.895249,-1,-1,-1
542,36,57.615,171.643,260.024,754.743,0.887106,-1,-1,-1
542,35,1141.792,268.124,112.779,323.448,0.820993,-1,-1,-1
542,40,284.869,36.848,327.766,901.451,0.886639,-1,-1,-1
543,2,895.339,211.581,152.653,488.914,0.821855,-1,-1,-1
543,28,1015.265,196.627,92.067,455.071,0.630953,-1,-1,-1
543,5,1280.364,52.821,370.696,1005.315,0.898907,-1,-1,-1
543,36,33.984,163.017,264.719,768.948,0.889795,-1,-1,-1
543,35,1135.812,266.914,112.294,322.319,0.796014,-1,-1,-1
543,40,262.137,24.546,332.835,917.891,0.877842,-1,-1,-1
544,2,893.626,207.858,152.130,487.162,0.817080,-1,-1,-1
544,28,1013.582,193.265,92.161,459.098,0.561055,-1,-1,-1
544,5,1281.380,53.396,371.632,1007.042,0.898436,-1,-1,-1
544,36,11.359,156.688,269.135,781.089,0.887009,-1,-1,-1
544,35,1125.895,264.785,114.376,326.149,0.835656,-1,-1,-1
544,40,245.714,14.468,336.449,935.139,0.898193,-1,-1,-1
545,2,891.824,205.843,151.346,484.442,0.809806,-1,-1,-1
545,28,1011.317,198.810,91.621,459.418,0.610891,-1,-1,-1
545,5,1283.193,54.663,370.646,1003.556,0.904032,-1,-1,-1
545,36,-6.474,149.432,273.144,798.601,0.881488,-1,-1,-1
545,35,1117.654,265.314,116.032,328.058,0.842014,-1,-1,-1
545,40,222.258,6.216,340.695,949.938,0.889917,-1,-1,-1
545,43,578.845,290.520,73.584,255.001,0.647494,-1,-1,-1
546,2,888.941,204.064,151.778,484.210,0.807663,-1,-1,-1
546,28,1012.236,199.781,90.103,449.056,0.492695,-1,-1,-1
546,5,1283.154,55.359,370.346,1001.818,0.904226,-1,-1,-1
546,36,-19.594,143.581,276.112,819.896,0.886888,-1,-1,-1
546,35,1114.077,268.411,115.644,325.751,0.820383,-1,-1,-1
546,40,203.269,4.027,344.242,961.016,0.904010,-1,-1,-1
546,43,575.153,289.902,73.137,253.607,0.696442,-1,-1,-1
547,2,883.544,202.760,152.244,484.608,0.808759,-1,-1,-1
547,28,1010.797,200.423,91.294,448.154,0.607842,-1,-1,-1
547,5,1282.546,54.956,368.433,995.748,0.907880,-1,-1,-1
547,36,-28.962,135.277,275.984,837.338,0.879311,-1,-1,-1
547,35,1111.493,269.207,114.595,324.223,0.774289,-1,-1,-1
547,40,185.089,1.577,347.432,969.814,0.897473,-1,-1,-1
547,43,565.760,290.607,72.911,254.033,0.627211,-1,-1,-1
548,2,878.467,203.185,152.857,485.552,0.815267,-1,-1,-1
548,28,1011.964,202.644,93.723,447.646,0.632551,-1,-1,-1
548,5,1282.758,54.187,364.753,984.266,0.904160,-1,-1,-1
548,36,-34.638,127.561,271.382,844.733,0.860675,-1,-1,-1
548,35,1102.451,270.443,115.122,325.303,0.808362,-1,-1,-1
548,40,166.066,1.352,354.098,986.158,0.899583,-1,-1,-1
548,43,558.786,289.032,73.583,257.989,0.672908,-1,-1,-1
549,2,871.027,203.006,153.629,489.065,0.835908,-1,-1,-1
549,28,1013.094,213.790,95.310,435.680,0.679277,-1,-1,-1
549,5,1282.271,52.228,361.156,973.074,0.904464,-1,-1,-1
549,36,-37.319,126.488,265.960,850.886,0.849142,-1,-1,-1
549,35,1098.036,272.056,114.460,324.185,0.820775,-1,-1,-1
549,40,136.540,0.241,368.851,1018.433,0.878438,-1,-1,-1
549,43,552.599,291.563,72.424,255.225,0.663418,-1,-1,-1
550,2,867.303,204.142,154.243,491.790,0.840202,-1,-1,-1
550,28,1032.165,256.631,85.755,376.502,0.614293,-1,-1,-1
550,5,1280.316,50.450,360.750,971.714,0.903583,-1,-1,-1
550,36,-45.209,149.695,251.123,835.030,0.816595,-1,-1,-1
550,35,1094.236,273.084,113.284,323.867,0.808833,-1,-1,-1
550,40,104.901,0.783,383.003,1054.073,0.884869,-1,-1,-1
550,43,546.506,288.352,73.562,259.552,0.663855,-1,-1,-1
551,2,864.229,207.542,152.899,489.068,0.846665,-1,-1,-1
551,28,1037.968,281.155,82.482,347.532,0.677541,-1,-1,-1
551,5,1277.580,49.345,363.448,979.889,0.899533,-1,-1,-1
551,36,-40.485,218.680,224.132,770.730,0.840132,-1,-1,-1
551,35,1091.427,274.693,111.808,322.112,0.798440,-1,-1,-1
551,40,76.917,0.214,391.388,1073.111,0.887102,-1,-1,-1
551,43,537.493,283.414,74.618,265.896,0.728238,-1,-1,-1
552,2,860.012,211.881,150.834,483.071,0.840344,-1,-1,-1
552,28,1035.261,285.815,85.770,344.874,0.655484,-1,-1,-1
552,5,1275.192,49.480,365.502,987.640,0.899318,-1,-1,-1
552,36,-43.427,235.041,211.699,758.960,0.794063,-1,-1,-1
552,35,1089.188,277.075,110.078,321.047,0.747701,-1,-1,-1
552,40,46.758,1.743,396.013,1076.538,0.907629,-1,-1,-1
552,43,532.159,283.674,74.668,267.293,0.732480,-1,-1,-1
553,2,853.397,215.708,149.843,481.115,0.814560,-1,-1,-1
553,28,1032.190,278.856,91.355,355.294,0.626625,-1,-1,-1
553,5,1274.838,48.711,366.798,995.175,0.895855,-1,-1,-1
553,36,-45.627,236.623,203.609,763.377,0.471995,-1,-1,-1
553,35,1087.911,277.236,107.669,320.163,0.746590,-1,-1,-1
553,40,23.537,1.347,399.792,1074.723,0.905415,-1,-1,-1
553,43,528.208,288.944,73.428,263.544,0.705522,-1,-1,-1
554,2,848.320,220.299,148.432,480.487,0.840087,-1,-1,-1
554,28,1030.679,274.450,95.543,363.613,0.617496,-1,-1,-1
554,5,1270.382,48.377,367.602,1001.977,0.902554,-1,-1,-1
554,35,1087.145,278.329,107.615,325.785,0.685172,-1,-1,-1
554,40,11.700,2.704,401.970,1071.594,0.910898,-1,-1,-1
554,43,524.754,287.819,74.159,267.346,0.720811,-1,-1,-1
555,2,846.183,222.544,147.254,481.919,0.848775,-1,-1,-1
555,28,1029.102,272.825,99.190,369.248,0.640611,-1,-1,-1
555,5,1265.083,50.468,367.712,1006.571,0.905141,-1,-1,-1
555,35,1085.821,279.680,107.349,333.207,0.450644,-1,-1,-1
555,40,-6.230,2.533,399.747,1070.009,0.883913,-1,-1,-1
555,43,522.253,289.055,74.456,268.455,0.747645,-1,-1,-1
555,44,963.117,215.515,84.576,465.602,0.651576,-1,-1,-1
556,2,844.403,223.518,145.956,481.835,0.843590,-1,-1,-1
556,28,1029.831,267.453,103.463,377.206,0.603214,-1,-1,-1
556,5,1261.411,53.377,368.184,1012.583,0.900420,-1,-1,-1
556,40,-20.516,4.472,393.959,1066.068,0.923305,-1,-1,-1
556,43,518.723,290.286,74.518,269.999,0.728122,-1,-1,-1
556,44,964.714,217.098,84.607,465.012,0.728570,-1,-1,-1
556,45,1607.159,292.816,78.015,171.179,0.645352,-1,-1,-1
557,2,841.832,222.383,145.464,483.370,0.835654,-1,-1,-1
557,28,1045.660,265.115,105.096,376.993,0.751866,-1,-1,-1
557,5,1261.340,55.632,366.428,1013.727,0.895807,-1,-1,-1
557,40,-27.744,4.423,389.203,1067.058,0.918395,-1,-1,-1
557,43,515.397,292.675,74.253,270.073,0.723486,-1,-1,-1
557,44,965.780,214.943,84.757,464.373,0.758154,-1,-1,-1
557,45,1605.911,290.403,79.690,174.962,0.522411,-1,-1,-1
558,2,837.796,220.944,146.040,486.830,0.839191,-1,-1,-1
558,28,1052.691,260.501,107.912,384.426,0.789320,-1,-1,-1
558,5,1263.035,57.010,363.982,1015.511,0.895405,-1,-1,-1
558,40,-30.376,4.577,383.930,1067.217,0.874809,-1,-1,-1
558,43,514.249,293.729,74.298,270.868,0.738457,-1,-1,-1
558,44,966.340,216.504,84.472,460.903,0.801379,-1,-1,-1
558,45,1606.879,289.072,80.484,176.544,0.442026,-1,-1,-1
559,2,834.732,221.750,145.706,484.241,0.835047,-1,-1,-1
559,28,1054.472,258.517,110.267,389.141,0.793150,-1,-1,-1
559,5,1267.004,58.093,359.801,1013.880,0.902327,-1,-1,-1
559,40,-23.070,6.348,381.334,1067.567,0.895523,-1,-1,-1
559,43,515.259,291.593,75.165,276.250,0.743873,-1,-1,-1
559,44,966.534,215.280,84.314,456.031,0.798862,-1,-1,-1
559,45,1610.343,291.653,80.739,175.928,0.505978,-1,-1,-1
560,2,831.448,224.739,145.413,478.176,0.842979,-1,-1,-1
560,28,1062.510,263.497,109.265,384.606,0.720446,-1,-1,-1
560,5,1270.371,60.134,354.669,1010.639,0.892278,-1,-1,-1
560,40,-19.821,5.424,378.382,1067.333,0.799551,-1,-1,-1
560,43,516.699,292.455,75.225,277.953,0.742225,-1,-1,-1
560,44,966.906,219.442,83.775,447.014,0.765828,-1,-1,-1
560,45,1612.988,293.429,81.633,175.663,0.628614,-1,-1,-1
561,2,829.286,223.693,146.229,475.691,0.846565,-1,-1,-1
561,28,1078.574,271.192,107.044,374.112,0.706187,-1,-1,-1
561,5,1275.973,58.625,351.575,1011.803,0.895535,-1,-1,-1
561,40,-21.370,6.472,373.796,1065.699,0.863806,-1,-1,-1
561,43,520.416,289.758,76.050,281.087,0.717461,-1,-1,-1
561,44,968.532,218.848,85.006,445.482,0.784211,-1,-1,-1
561,45,1620.367,287.158,85.999,181.395,0.589428,-1,-1,-1
562,2,826.681,221.029,147.264,472.957,0.843471,-1,-1,-1
562,28,1091.872,272.477,108.526,378.009,0.761699,-1,-1,-1
562,5,1279.546,56.877,349.581,1017.004,0.900321,-1,-1,-1
562,40,-20.377,11.221,368.214,1060.075,0.835247,-1,-1,-1
562,43,522.727,290.033,75.689,280.083,0.694777,-1,-1,-1
562,44,968.374,216.232,87.697,450.328,0.798928,-1,-1,-1
562,45,1627.664,286.575,87.725,181.999,0.689492,-1,-1,-1
563,2,825.540,220.186,149.557,474.849,0.847335,-1,-1,-1
563,28,1107.125,273.035,111.114,380.612,0.790636,-1,-1,-1
563,5,1288.044,58.886,347.053,1016.587,0.895684,-1,-1,-1
563,40,-23.922,9.028,363.841,1061.912,0.874301,-1,-1,-1
563,43,525.198,290.199,75.826,281.431,0.738426,-1,-1,-1
563,44,969.913,216.813,89.908,452.673,0.812205,-1,-1,-1
563,45,1639.565,284.910,90.724,184.617,0.598971,-1,-1,-1
564,2,827.057,220.269,152.087,478.584,0.858505,-1,-1,-1
564,28,1124.457,272.384,115.918,385.535,0.752319,-1,-1,-1
564,5,1297.699,55.654,347.463,1020.258,0.898624,-1,-1,-1
564,40,-27.056,7.742,358.991,1064.390,0.858979,-1,-1,-1
564,43,530.295,293.349,75.298,280.539,0.749908,-1,-1,-1
564,44,973.689,215.823,92.887,458.644,0.795757,-1,-1,-1
564,45,1649.435,281.062,94.020,189.598,0.652487,-1,-1,-1
565,2,833.726,223.950,152.916,478.278,0.856054,-1,-1,-1
565,28,1146.274,272.232,121.735,389.608,0.797282,-1,-1,-1
565,5,1307.674,54.863,349.729,1024.311,0.902572,-1,-1,-1
565,40,-30.529,10.921,350.558,1059.074,0.760284,-1,-1,-1
565,43,538.941,300.850,73.887,275.345,0.716236,-1,-1,-1
565,44,980.923,217.422,95.376,461.945,0.798108,-1,-1,-1
565,45,1663.007,281.050,97.932,195.146,0.656063,-1,-1,-1
565,35,1076.546,276.723,106.337,338.588,0.670721,-1,-1,-1
566,2,840.303,226.786,153.500,477.795,0.848969,-1,-1,-1
566,28,1162.000,274.606,128.591,393.011,0.725487,-1,-1,-1
566,5,1319.553,54.697,349.591,1018.067,0.897812,-1,-1,-1
566,40,-36.074,10.225,342.952,1060.420,0.799454,-1,-1,-1
566,43,545.779,303.840,73.360,273.673,0.724513,-1,-1,-1
566,44,986.878,216.981,97.544,462.048,0.756121,-1,-1,-1
566,45,1675.286,281.697,98.700,196.084,0.720287,-1,-1,-1
566,35,1083.041,275.057,106.476,340.671,0.652369,-1,-1,-1
567,2,847.343,230.957,154.576,478.771,0.836323,-1,-1,-1
567,28,1175.571,273.111,137.735,398.317,0.799153,-1,-1,-1
567,5,1332.826,54.823,350.535,1010.470,0.916618,-1,-1,-1
567,40,-42.034,7.595,334.551,1063.332,0.728120,-1,-1,-1
567,43,551.911,305.450,73.283,272.998,0.741603,-1,-1,-1
567,44,991.649,221.845,97.333,452.022,0.765236,-1,-1,-1
567,45,1691.743,282.187,98.696,195.027,0.655912,-1,-1,-1
567,35,1089.067,274.426,108.625,348.180,0.741277,-1,-1,-1
568,2,852.498,231.918,155.783,479.713,0.845233,-1,-1,-1
568,28,1179.550,280.113,142.242,395.620,0.863342,-1,-1,-1
568,5,1335.885,55.089,356.838,1014.399,0.916318,-1,-1,-1
568,40,-49.688,12.883,323.340,1063.076,0.304897,-1,-1,-1
568,43,558.340,303.245,74.164,275.269,0.753434,-1,-1,-1
568,44,997.573,225.249,99.387,452.113,0.819494,-1,-1,-1
568,45,1705.342,283.088,100.298,197.408,0.621285,-1,-1,-1
568,35,1095.288,273.203,110.551,352.401,0.746083,-1,-1,-1
569,2,857.048,233.385,156.660,480.472,0.851293,-1,-1,-1
569,28,1182.183,284.369,147.302,395.476,0.865635,-1,-1,-1
569,5,1342.800,55.578,362.355,1016.252,0.909737,-1,-1,-1
569,43,564.681,302.145,75.299,278.175,0.762171,-1,-1,-1
569,44,1004.554,227.420,102.266,458.715,0.818076,-1,-1,-1
569,45,1717.425,285.616,101.298,199.067,0.667321,-1,-1,-1
569,35,1102.065,275.519,111.102,353.761,0.773512,-1,-1,-1
570,2,863.157,240.475,155.587,476.481,0.860747,-1,-1,-1
570,28,1189.072,283.661,153.738,400.855,0.848657,-1,-1,-1
570,5,1348.666,56.687,368.482,1016.071,0.900941,-1,-1,-1
570,43,568.923,298.492,76.911,283.102,0.762757,-1,-1,-1
570,44,1012.512,231.378,103.668,460.490,0.822151,-1,-1,-1
570,45,1730.165,288.649,101.538,199.205,0.660958,-1,-1,-1
570,35,1110.869,276.724,111.757,353.081,0.781471,-1,-1,-1
571,2,869.749,244.982,155.093,474.362,0.851315,-1,-1,-1
571,28,1193.577,282.101,160.936,408.745,0.829661,-1,-1,-1
571,5,1352.088,55.724,374.405,1018.741,0.914973,-1,-1,-1
571,43,572.538,302.663,77.073,282.942,0.794042,-1,-1,-1
571,44,1016.918,233.917,104.898,463.025,0.797706,-1,-1,-1
571,45,1741.201,289.824,102.683,201.197,0.599074,-1,-1,-1
571,35,1116.080,275.380,114.651,356.544,0.805221,-1,-1,-1
572,2,874.920,242.124,155.723,476.002,0.820707,-1,-1,-1
572,28,1205.430,282.748,164.206,410.696,0.829358,-1,-1,-1
572,5,1353.780,54.924,380.677,1021.141,0.904679,-1,-1,-1
572,43,576.703,305.499,76.454,280.669,0.819568,-1,-1,-1
572,44,1020.968,234.697,105.663,462.152,0.780722,-1,-1,-1
572,45,1752.492,290.525,103.390,202.145,0.563580,-1,-1,-1
572,35,1123.216,275.539,117.170,359.641,0.791541,-1,-1,-1
573,2,879.485,240.972,155.558,476.368,0.828308,-1,-1,-1
573,28,1218.302,285.240,165.100,410.704,0.816841,-1,-1,-1
573,5,1359.403,55.652,386.521,1021.139,0.894201,-1,-1,-1
573,43,580.209,308.614,75.976,279.428,0.777363,-1,-1,-1
573,44,1026.812,234.967,105.949,459.427,0.758161,-1,-1,-1
573,45,1762.838,293.086,103.330,201.805,0.605860,-1,-1,-1
573,35,1128.661,276.718,119.059,360.064,0.821890,-1,-1,-1
574,2,885.037,241.116,155.968,476.849,0.841867,-1,-1,-1
574,28,1232.852,285.111,166.044,413.741,0.773753,-1,-1,-1
574,5,1365.460,55.348,391.651,1020.533,0.908221,-1,-1,-1
574,43,584.831,308.000,76.240,280.605,0.711159,-1,-1,-1
574,44,1031.598,237.081,106.261,456.495,0.759509,-1,-1,-1
574,45,1775.270,294.615,104.540,203.743,0.554169,-1,-1,-1
574,35,1133.327,278.882,120.887,361.544,0.830055,-1,-1,-1
575,2,888.573,240.850,155.772,475.506,0.842118,-1,-1,-1
575,28,1245.299,284.652,166.113,417.100,0.715631,-1,-1,-1
575,5,1371.192,57.317,394.428,1016.140,0.910715,-1,-1,-1
575,43,588.940,306.724,76.338,281.580,0.690814,-1,-1,-1
575,44,1034.775,237.431,107.289,458.778,0.771212,-1,-1,-1
575,35,1138.270,279.260,122.630,363.971,0.840353,-1,-1,-1
576,2,891.316,240.382,155.252,473.464,0.823979,-1,-1,-1
576,28,1259.153,283.038,165.464,422.090,0.740690,-1,-1,-1
576,5,1376.415,60.204,396.668,1011.552,0.912715,-1,-1,-1
576,43,592.592,313.182,74.893,276.302,0.710283,-1,-1,-1
576,44,1035.869,237.634,107.430,456.767,0.783279,-1,-1,-1
576,35,1143.442,276.800,124.796,367.974,0.836598,-1,-1,-1
577,2,894.041,238.931,154.515,471.227,0.818308,-1,-1,-1
577,28,1278.077,287.376,163.556,424.153,0.762000,-1,-1,-1
577,5,1379.548,61.409,399.647,1009.811,0.907363,-1,-1,-1
577,43,592.495,316.724,74.637,273.562,0.670312,-1,-1,-1
577,44,1034.625,231.077,110.379,468.933,0.790010,-1,-1,-1
577,35,1146.050,275.713,126.575,370.566,0.828112,-1,-1,-1
577,45,1802.220,296.824,104.790,201.683,0.605850,-1,-1,-1
578,2,895.294,238.312,154.333,470.860,0.828487,-1,-1,-1
578,28,1296.573,284.996,161.625,429.934,0.727448,-1,-1,-1
578,5,1385.268,63.572,402.398,1007.483,0.902339,-1,-1,-1
578,43,593.025,316.730,75.133,274.502,0.697516,-1,-1,-1
578,44,1034.163,227.447,111.770,474.558,0.790300,-1,-1,-1
578,35,1145.654,275.527,127.065,372.664,0.822591,-1,-1,-1
578,45,1806.944,299.812,105.969,201.428,0.593481,-1,-1,-1
579,2,893.320,240.370,154.380,471.172,0.838350,-1,-1,-1
579,28,1311.282,285.198,161.187,439.498,0.785827,-1,-1,-1
579,5,1395.604,69.500,402.039,1000.462,0.903381,-1,-1,-1
579,43,590.580,311.235,77.651,285.670,0.737456,-1,-1,-1
579,44,1032.730,231.185,111.786,472.891,0.784513,-1,-1,-1
579,35,1145.457,276.816,128.385,376.229,0.829885,-1,-1,-1
579,45,1809.305,303.802,109.509,206.561,0.625358,-1,-1,-1
580,2,892.891,242.632,153.145,468.626,0.843401,-1,-1,-1
580,28,1319.691,285.605,160.616,447.499,0.770756,-1,-1,-1
580,5,1404.234,72.745,402.552,996.781,0.902429,-1,-1,-1
580,43,586.964,306.867,79.229,293.341,0.682352,-1,-1,-1
580,44,1030.313,234.519,111.724,468.799,0.773012,-1,-1,-1
580,35,1144.258,276.550,129.387,379.382,0.800477,-1,-1,-1
580,45,1811.859,305.488,111.570,210.718,0.657667,-1,-1,-1
581,2,889.626,243.719,152.274,466.498,0.837273,-1,-1,-1
581,28,1330.515,285.155,161.534,453.401,0.771746,-1,-1,-1
581,5,1415.573,71.844,403.171,995.456,0.901544,-1,-1,-1
581,43,584.014,308.348,78.526,293.159,0.728911,-1,-1,-1
581,44,1028.333,235.710,111.888,464.218,0.776455,-1,-1,-1
581,35,1145.405,283.470,126.692,373.508,0.787870,-1,-1,-1
581,45,1815.550,306.552,112.303,214.404,0.603886,-1,-1,-1
582,2,886.622,246.141,151.167,464.980,0.843939,-1,-1,-1
582,28,1341.060,286.575,162.263,453.157,0.825488,-1,-1,-1
582,5,1427.082,72.625,405.390,999.437,0.908377,-1,-1,-1
582,43,581.877,309.110,78.043,293.616,0.759376,-1,-1,-1
582,44,1026.059,235.691,112.820,462.159,0.783036,-1,-1,-1
582,35,1146.288,286.080,125.098,371.254,0.775136,-1,-1,-1
582,45,1821.143,307.198,110.716,215.475,0.526950,-1,-1,-1
583,2,882.338,249.054,151.906,470.103,0.849655,-1,-1,-1
583,28,1346.362,287.575,162.504,452.384,0.800944,-1,-1,-1
583,5,1435.647,73.760,406.636,1000.162,0.908511,-1,-1,-1
583,43,578.493,311.024,77.666,293.453,0.764050,-1,-1,-1
583,44,1023.258,234.475,114.655,463.473,0.763722,-1,-1,-1
583,35,1143.095,283.235,125.841,376.150,0.781235,-1,-1,-1
583,45,1826.699,308.308,108.716,217.325,0.530273,-1,-1,-1
584,2,876.331,250.482,152.788,474.989,0.848051,-1,-1,-1
584,28,1347.239,284.460,164.345,456.380,0.798335,-1,-1,-1
584,5,1443.982,72.412,408.131,1001.624,0.909145,-1,-1,-1
584,43,575.740,307.571,77.664,294.744,0.762732,-1,-1,-1
584,44,1021.830,235.249,116.719,466.529,0.764499,-1,-1,-1
584,35,1142.645,284.877,125.731,377.233,0.771506,-1,-1,-1
584,45,1829.703,309.166,108.076,222.709,0.569711,-1,-1,-1
585,2,868.681,252.418,152.411,475.938,0.862708,-1,-1,-1
585,28,1346.800,283.972,163.637,453.956,0.766071,-1,-1,-1
585,5,1450.558,73.189,407.738,998.051,0.909150,-1,-1,-1
585,43,572.981,308.704,76.722,293.243,0.781425,-1,-1,-1
585,44,1017.420,234.828,118.876,469.184,0.786155,-1,-1,-1
585,35,1141.778,285.503,125.863,379.147,0.774791,-1,-1,-1
585,45,1834.046,307.122,106.266,227.125,0.522189,-1,-1,-1
586,2,862.966,254.032,151.633,475.139,0.847058,-1,-1,-1
586,28,1347.730,285.112,163.772,453.103,0.740665,-1,-1,-1
586,5,1456.774,72.603,409.188,1000.867,0.903949,-1,-1,-1
586,43,568.138,302.144,78.083,300.846,0.759207,-1,-1,-1
586,44,1014.550,235.519,119.793,469.805,0.805878,-1,-1,-1
586,35,1142.266,285.771,125.881,379.024,0.745244,-1,-1,-1
586,45,1837.219,308.012,103.737,230.035,0.445928,-1,-1,-1
587,2,860.336,254.925,150.405,473.410,0.849866,-1,-1,-1
587,28,1350.163,285.223,166.510,457.845,0.756406,-1,-1,-1
587,5,1461.375,69.626,411.024,1005.949,0.898559,-1,-1,-1
587,43,564.508,304.806,77.176,299.185,0.718008,-1,-1,-1
587,44,1011.999,237.080,119.892,469.150,0.808296,-1,-1,-1
587,35,1142.209,284.684,126.513,381.420,0.756883,-1,-1,-1
587,45,1840.475,309.997,99.534,228.620,0.482397,-1,-1,-1
588,2,857.191,255.628,149.230,472.652,0.839417,-1,-1,-1
588,28,1352.048,285.371,169.163,460.627,0.754511,-1,-1,-1
588,5,1465.241,67.599,411.033,1007.728,0.901957,-1,-1,-1
588,43,558.785,314.215,75.161,291.810,0.726329,-1,-1,-1
588,44,1007.320,239.571,119.804,467.185,0.791101,-1,-1,-1
588,35,1143.154,286.191,126.460,380.844,0.722853,-1,-1,-1
588,45,1843.711,310.385,95.310,226.731,0.536482,-1,-1,-1
589,2,851.829,254.962,148.353,473.844,0.839433,-1,-1,-1
589,28,1354.315,284.761,173.686,466.888,0.769545,-1,-1,-1
589,5,1468.961,65.263,411.925,1011.097,0.903394,-1,-1,-1
589,43,553.718,320.676,73.319,285.756,0.714443,-1,-1,-1
589,44,1003.091,238.946,121.026,469.065,0.799961,-1,-1,-1
589,35,1144.732,285.275,128.135,383.662,0.771699,-1,-1,-1
589,45,1847.595,312.584,90.576,223.305,0.463412,-1,-1,-1
590,2,846.733,253.681,148.005,476.285,0.838191,-1,-1,-1
590,28,1359.647,281.775,177.961,474.825,0.731547,-1,-1,-1
590,5,1470.712,63.873,413.059,1013.475,0.907344,-1,-1,-1
590,43,549.754,319.335,73.602,287.746,0.712648,-1,-1,-1
590,44,994.089,240.357,122.694,468.430,0.810936,-1,-1,-1
590,35,1145.419,285.900,130.136,386.284,0.811389,-1,-1,-1
590,45,1851.151,314.706,86.797,222.264,0.389813,-1,-1,-1
591,2,839.426,251.927,147.655,474.769,0.840229,-1,-1,-1
591,28,1371.227,280.492,178.451,479.562,0.715344,-1,-1,-1
591,5,1472.577,62.540,413.258,1012.513,0.909369,-1,-1,-1
591,43,545.137,319.949,73.837,288.350,0.738061,-1,-1,-1
591,44,990.385,241.612,123.121,466.058,0.806520,-1,-1,-1
591,35,1144.874,283.796,132.049,389.993,0.822760,-1,-1,-1
591,45,1854.796,317.206,82.608,219.858,0.359337,-1,-1,-1
592,2,832.356,251.552,146.721,470.696,0.834066,-1,-1,-1
592,28,1385.175,278.079,176.360,483.444,0.563486,-1,-1,-1
592,5,1473.437,61.191,413.934,1012.195,0.906191,-1,-1,-1
592,43,541.441,312.386,76.545,298.475,0.728175,-1,-1,-1
592,44,987.898,241.055,124.328,468.351,0.813473,-1,-1,-1
592,35,1144.240,280.634,133.583,394.097,0.806497,-1,-1,-1
592,45,1860.835,331.926,73.342,201.595,0.320743,-1,-1,-1
593,2,827.425,251.184,145.795,466.645,0.834995,-1,-1,-1
593,28,1404.010,300.843,165.722,461.029,0.442972,-1,-1,-1
593,5,1472.872,61.217,415.219,1012.437,0.895647,-1,-1,-1
593,43,538.797,307.940,78.443,305.829,0.711301,-1,-1,-1
593,44,986.060,240.454,125.150,470.725,0.815880,-1,-1,-1
593,35,1144.141,281.281,134.359,396.403,0.825875,-1,-1,-1
594,2,821.601,251.602,146.200,464.060,0.836430,-1,-1,-1
594,5,1474.403,62.235,415.856,1013.613,0.895480,-1,-1,-1
594,43,534.691,310.702,77.653,303.898,0.729795,-1,-1,-1
594,44,983.804,241.883,125.532,472.043,0.813247,-1,-1,-1
594,35,1145.631,282.544,134.359,397.514,0.804098,-1,-1,-1
594,46,1109.720,318.958,53.365,243.900,0.611779,-1,-1,-1
595,2,815.909,251.492,147.465,464.073,0.852417,-1,-1,-1
595,5,1480.437,63.460,414.839,1011.899,0.908904,-1,-1,-1
595,43,532.420,308.889,79.433,309.962,0.763695,-1,-1,-1
595,44,983.218,243.777,125.641,472.280,0.803856,-1,-1,-1
595,35,1147.020,282.964,134.350,398.877,0.797474,-1,-1,-1
595,46,1109.008,315.951,54.204,247.414,0.660547,-1,-1,-1
596,2,811.431,251.716,149.056,464.183,0.847841,-1,-1,-1
596,5,1483.841,61.499,414.402,1014.192,0.916063,-1,-1,-1
596,43,530.982,310.115,79.945,311.074,0.756180,-1,-1,-1
596,44,981.768,244.406,126.688,472.935,0.812312,-1,-1,-1
596,35,1147.558,279.937,135.312,403.045,0.777353,-1,-1,-1
596,46,1108.980,313.432,54.991,250.484,0.539235,-1,-1,-1
597,2,807.629,249.932,151.170,467.066,0.844835,-1,-1,-1
597,5,1488.759,57.202,413.684,1018.562,0.915893,-1,-1,-1
597,43,530.043,307.755,80.169,313.109,0.763097,-1,-1,-1
597,44,981.756,244.838,127.977,473.738,0.810609,-1,-1,-1
597,35,1152.836,278.015,136.109,404.690,0.770721,-1,-1,-1
597,46,1109.104,314.194,55.238,250.625,0.578233,-1,-1,-1
598,2,805.759,251.621,153.945,472.602,0.846153,-1,-1,-1
598,5,1495.121,57.743,410.090,1017.223,0.914513,-1,-1,-1
598,43,529.059,306.278,80.665,316.978,0.748684,-1,-1,-1
598,44,984.043,249.179,130.435,479.517,0.823714,-1,-1,-1
598,35,1157.387,281.773,137.288,404.105,0.804779,-1,-1,-1
598,46,1111.632,317.140,54.386,245.401,0.459787,-1,-1,-1
599,2,805.447,254.304,155.393,473.907,0.850309,-1,-1,-1
599,5,1499.058,58.621,407.898,1017.999,0.919625,-1,-1,-1
599,43,531.262,310.317,81.303,318.132,0.750338,-1,-1,-1
599,44,988.335,251.961,131.083,479.542,0.818930,-1,-1,-1
599,35,1161.499,284.487,138.776,403.863,0.804132,-1,-1,-1
599,46,1111.581,317.352,55.498,248.941,0.366276,-1,-1,-1
600,2,807.231,256.605,156.302,475.118,0.840314,-1,-1,-1
600,5,1503.416,56.909,407.693,1021.815,0.923303,-1,-1,-1
600,43,534.983,311.821,82.113,319.207,0.733831,-1,-1,-1
600,44,992.753,252.391,132.209,482.816,0.800918,-1,-1,-1
600,35,1167.243,287.858,139.567,402.196,0.825865,-1,-1,-1
601,2,808.817,259.459,156.756,476.626,0.845668,-1,-1,-1
601,5,1508.521,56.714,407.673,1022.893,0.923808,-1,-1,-1
601,43,536.953,313.678,82.281,319.416,0.729623,-1,-1,-1
601,44,995.843,252.605,132.416,483.252,0.793410,-1,-1,-1
601,35,1172.072,284.826,142.342,406.597,0.789188,-1,-1,-1
602,2,813.226,263.519,157.027,477.419,0.839118,-1,-1,-1
602,5,1512.492,58.028,406.756,1019.511,0.921453,-1,-1,-1
602,43,540.455,317.712,81.998,317.401,0.717403,-1,-1,-1
602,44,997.088,252.871,133.278,485.400,0.793282,-1,-1,-1
602,35,1182.282,282.874,143.827,412.030,0.738976,-1,-1,-1
603,2,819.784,269.071,155.997,475.669,0.814996,-1,-1,-1
603,5,1516.868,60.694,405.473,1016.705,0.926137,-1,-1,-1
603,43,543.192,325.740,81.304,314.477,0.738061,-1,-1,-1
603,44,1001.806,256.372,131.868,481.972,0.788771,-1,-1,-1
603,35,1191.315,285.005,145.799,418.365,0.715495,-1,-1,-1
604,2,825.469,274.813,154.641,471.521,0.823029,-1,-1,-1
604,5,1520.941,62.865,403.938,1014.516,0.927919,-1,-1,-1
604,43,549.725,332.484,81.171,312.654,0.705429,-1,-1,-1
604,44,1007.233,260.804,130.437,478.733,0.813078,-1,-1,-1
604,35,1201.151,287.821,146.435,420.815,0.759841,-1,-1,-1
604,46,1136.944,347.823,53.007,233.246,0.659326,-1,-1,-1
605,2,833.280,277.286,154.376,470.912,0.831095,-1,-1,-1
605,5,1522.728,62.818,403.568,1015.746,0.918116,-1,-1,-1
605,43,553.288,335.189,81.223,313.414,0.740229,-1,-1,-1
605,44,1012.861,260.890,128.726,472.873,0.809518,-1,-1,-1
605,35,1208.900,289.523,146.745,422.064,0.742984,-1,-1,-1
605,46,1141.828,351.610,54.094,232.620,0.653018,-1,-1,-1
606,2,841.232,278.751,154.783,473.089,0.815322,-1,-1,-1
606,5,1527.928,63.912,400.770,1012.597,0.922256,-1,-1,-1
606,43,557.513,331.633,82.174,318.808,0.715577,-1,-1,-1
606,44,1016.512,261.425,127.868,469.940,0.792645,-1,-1,-1
606,35,1220.425,290.665,147.592,425.062,0.646891,-1,-1,-1
606,46,1147.537,353.893,55.481,233.356,0.646889,-1,-1,-1
607,2,848.842,280.498,153.693,471.706,0.836583,-1,-1,-1
607,5,1533.752,65.868,397.105,1008.493,0.913996,-1,-1,-1
607,43,565.291,329.160,83.388,322.889,0.803844,-1,-1,-1
607,44,1024.123,262.959,126.782,468.838,0.806966,-1,-1,-1
607,35,1232.414,292.297,146.737,424.955,0.669302,-1,-1,-1
607,46,1153.793,345.810,58.264,242.121,0.665593,-1,-1,-1
608,2,854.235,279.808,152.439,467.477,0.829598,-1,-1,-1
608,5,1540.733,67.751,392.599,1003.696,0.917451,-1,-1,-1
608,43,570.708,330.422,83.177,322.132,0.761174,-1,-1,-1
608,44,1033.797,264.845,125.766,464.544,0.796462,-1,-1,-1
608,35,1243.854,292.506,148.289,429.318,0.539569,-1,-1,-1
608,46,1160.442,346.719,59.094,241.638,0.717703,-1,-1,-1
609,2,859.933,278.591,151.448,465.768,0.819596,-1,-1,-1
609,5,1547.057,70.034,388.705,1001.936,0.920096,-1,-1,-1
609,43,575.331,332.009,83.546,323.190,0.783776,-1,-1,-1
609,44,1040.253,263.422,127.552,468.514,0.825190,-1,-1,-1
609,35,1253.471,288.254,149.495,436.444,0.726049,-1,-1,-1
609,46,1167.056,350.006,60.385,241.953,0.623522,-1,-1,-1
610,2,867.540,278.988,149.885,463.487,0.826160,-1,-1,-1
610,5,1552.840,72.877,384.727,1000.906,0.922142,-1,-1,-1
610,43,580.851,330.880,84.939,326.795,0.751453,-1,-1,-1
610,44,1044.768,265.015,128.771,471.409,0.822428,-1,-1,-1
610,35,1268.250,287.649,148.708,435.772,0.758239,-1,-1,-1
610,46,1171.894,350.864,61.147,240.754,0.556217,-1,-1,-1
611,2,872.292,279.185,149.447,463.770,0.816785,-1,-1,-1
611,5,1560.506,71.489,381.233,1004.248,0.917631,-1,-1,-1
611,43,584.389,332.094,84.810,326.671,0.741214,-1,-1,-1
611,44,1046.339,268.426,129.022,470.219,0.784876,-1,-1,-1
611,35,1277.393,289.642,148.440,439.138,0.679226,-1,-1,-1
611,46,1173.348,349.316,62.379,241.774,0.694070,-1,-1,-1
612,2,876.710,281.796,147.555,459.717,0.833327,-1,-1,-1
612,5,1570.953,75.099,375.216,1003.836,0.915199,-1,-1,-1
612,43,586.101,334.871,83.377,323.289,0.775731,-1,-1,-1
612,44,1042.474,273.911,130.742,470.829,0.812451,-1,-1,-1
612,35,1286.985,292.124,145.722,432.646,0.694263,-1,-1,-1
612,46,1176.439,349.137,64.075,245.576,0.650426,-1,-1,-1
613,2,878.845,283.610,147.442,459.969,0.836694,-1,-1,-1
613,5,1581.292,78.146,366.999,997.927,0.911852,-1,-1,-1
613,43,587.280,335.009,83.073,323.667,0.765561,-1,-1,-1
613,44,1041.256,276.757,133.969,475.619,0.845847,-1,-1,-1
613,35,1294.266,295.776,146.214,438.214,0.617629,-1,-1,-1
613,46,1180.762,353.787,63.542,240.279,0.657962,-1,-1,-1
614,2,882.420,287.272,148.057,463.477,0.832698,-1,-1,-1
614,5,1591.095,80.712,359.748,996.295,0.914332,-1,-1,-1
614,43,587.639,336.200,83.091,325.423,0.768479,-1,-1,-1
614,44,1042.798,278.569,137.171,478.796,0.850260,-1,-1,-1
614,35,1301.757,298.138,146.980,445.795,0.662421,-1,-1,-1
614,46,1184.559,359.375,63.780,239.978,0.600051,-1,-1,-1
615,2,886.373,289.439,148.317,465.084,0.835855,-1,-1,-1
615,5,1602.789,82.519,351.435,993.729,0.902557,-1,-1,-1
615,43,590.025,343.368,82.296,322.685,0.732826,-1,-1,-1
615,44,1042.635,280.544,139.146,478.835,0.832206,-1,-1,-1
615,35,1307.616,296.531,146.653,453.946,0.726293,-1,-1,-1
615,46,1186.416,361.025,64.582,241.702,0.626970,-1,-1,-1
616,2,888.514,294.298,147.973,462.884,0.830029,-1,-1,-1
616,5,1610.818,82.805,344.459,994.860,0.889719,-1,-1,-1
616,43,598.792,345.824,84.410,322.023,0.714289,-1,-1,-1
616,44,1044.688,283.539,141.716,479.076,0.824205,-1,-1,-1
616,35,1314.187,299.794,145.125,457.369,0.724054,-1,-1,-1
616,46,1189.660,363.192,64.012,239.030,0.572375,-1,-1,-1
617,2,888.589,296.048,149.404,466.446,0.843865,-1,-1,-1
617,5,1622.850,91.125,333.827,986.400,0.884564,-1,-1,-1
617,43,596.552,343.701,86.521,327.780,0.733355,-1,-1,-1
617,44,1044.372,286.506,144.382,479.388,0.845191,-1,-1,-1
617,35,1318.981,300.770,143.987,462.209,0.732063,-1,-1,-1
617,46,1191.071,369.643,63.201,235.131,0.600239,-1,-1,-1
618,2,888.931,299.069,150.168,468.666,0.835389,-1,-1,-1
618,5,1633.025,99.966,323.341,977.382,0.881312,-1,-1,-1
618,43,591.303,338.143,87.971,335.821,0.785823,-1,-1,-1
618,44,1044.813,288.968,147.695,481.264,0.849646,-1,-1,-1
618,35,1321.484,301.656,142.808,465.611,0.737979,-1,-1,-1
618,46,1191.637,372.483,64.532,240.087,0.561360,-1,-1,-1
619,2,886.301,302.038,149.490,467.249,0.836452,-1,-1,-1
619,5,1638.846,105.978,314.568,970.652,0.895333,-1,-1,-1
619,43,587.423,337.842,87.768,337.926,0.760150,-1,-1,-1
619,44,1042.281,290.697,150.490,482.747,0.810005,-1,-1,-1
619,35,1326.167,303.325,142.173,466.874,0.737313,-1,-1,-1
619,46,1190.511,371.036,66.123,245.808,0.526482,-1,-1,-1
620,2,881.270,304.497,148.019,465.515,0.823364,-1,-1,-1
620,5,1648.841,112.504,305.416,964.292,0.885441,-1,-1,-1
620,43,582.842,339.457,88.255,341.434,0.697223,-1,-1,-1
620,44,1041.529,290.651,152.736,482.435,0.786631,-1,-1,-1
620,35,1326.611,303.757,141.067,469.142,0.753003,-1,-1,-1
620,46,1188.850,374.163,64.103,237.535,0.580942,-1,-1,-1
621,2,874.890,304.197,145.954,462.477,0.824141,-1,-1,-1
621,5,1656.917,121.134,295.899,955.630,0.879080,-1,-1,-1
621,43,578.485,338.230,88.442,345.201,0.725037,-1,-1,-1
621,44,1035.357,289.912,153.098,481.687,0.681343,-1,-1,-1
621,35,1326.523,305.588,138.754,466.710,0.744330,-1,-1,-1
621,46,1188.133,377.146,62.355,229.352,0.505957,-1,-1,-1
621,50,1268.120,331.157,104.012,380.263,0.626135,-1,-1,-1
622,2,872.702,304.429,146.187,461.573,0.802410,-1,-1,-1
622,5,1661.613,122.198,289.459,954.711,0.893566,-1,-1,-1
622,43,574.212,342.557,86.656,341.588,0.775678,-1,-1,-1
622,44,1026.909,289.358,151.477,479.909,0.751357,-1,-1,-1
622,35,1326.232,305.626,138.720,472.247,0.659787,-1,-1,-1
622,46,1147.271,344.866,85.754,316.855,0.647334,-1,-1,-1
622,50,1263.612,330.324,106.422,388.767,0.565406,-1,-1,-1
623,2,866.004,304.303,146.648,463.300,0.799461,-1,-1,-1
623,5,1666.519,122.131,283.686,955.630,0.897992,-1,-1,-1
623,43,571.278,341.853,87.249,344.107,0.737827,-1,-1,-1
623,44,1019.348,289.655,150.685,479.654,0.778366,-1,-1,-1
623,35,1326.260,307.476,138.270,475.193,0.655100,-1,-1,-1
623,46,1129.490,335.526,95.481,354.146,0.714861,-1,-1,-1
623,50,1259.384,331.620,107.856,393.339,0.523799,-1,-1,-1
624,2,861.086,305.765,147.036,460.653,0.845883,-1,-1,-1
624,5,1670.891,118.743,278.618,958.519,0.897223,-1,-1,-1
624,43,567.283,341.720,86.917,343.243,0.764027,-1,-1,-1
624,44,1013.738,289.673,148.930,477.453,0.812600,-1,-1,-1
624,35,1325.214,309.484,136.332,473.140,0.706805,-1,-1,-1
624,46,1120.789,333.689,100.860,376.772,0.683373,-1,-1,-1
624,50,1256.069,331.691,109.468,399.487,0.601118,-1,-1,-1
625,2,857.307,305.982,146.781,456.827,0.846387,-1,-1,-1
625,5,1674.768,115.385,273.631,960.829,0.902971,-1,-1,-1
625,43,561.194,343.129,86.944,343.922,0.732762,-1,-1,-1
625,44,1007.478,286.751,146.777,474.403,0.793685,-1,-1,-1
625,35,1324.692,307.545,135.392,476.154,0.726505,-1,-1,-1
625,46,1113.978,333.799,104.287,393.908,0.738903,-1,-1,-1
625,50,1248.259,332.706,110.912,403.908,0.645114,-1,-1,-1
626,2,852.577,305.256,147.049,456.157,0.821584,-1,-1,-1
626,5,1679.468,117.245,267.534,958.245,0.906071,-1,-1,-1
626,43,553.968,345.685,86.598,344.500,0.714534,-1,-1,-1
626,44,1001.730,287.360,145.681,474.664,0.788143,-1,-1,-1
626,35,1323.544,306.646,134.577,478.153,0.775917,-1,-1,-1
626,46,1107.362,334.450,104.916,399.641,0.747068,-1,-1,-1
626,50,1244.673,333.145,112.033,407.032,0.693598,-1,-1,-1
627,2,846.666,303.677,148.426,457.630,0.835071,-1,-1,-1
627,5,1683.341,119.651,261.619,954.631,0.904048,-1,-1,-1
627,43,546.805,344.549,87.397,349.704,0.749035,-1,-1,-1
627,44,994.879,281.999,146.567,480.471,0.786583,-1,-1,-1
627,35,1322.856,306.178,133.537,478.716,0.761799,-1,-1,-1
627,46,1102.843,334.246,104.637,403.466,0.733033,-1,-1,-1
627,50,1239.251,332.344,113.260,410.704,0.672149,-1,-1,-1
628,2,838.159,302.744,149.995,457.220,0.842615,-1,-1,-1
628,5,1684.275,117.892,257.619,955.158,0.904801,-1,-1,-1
628,43,540.369,340.691,87.793,354.244,0.777332,-1,-1,-1
628,44,991.761,280.880,146.732,479.012,0.758758,-1,-1,-1
628,35,1321.543,304.214,132.831,480.452,0.779357,-1,-1,-1
628,46,1098.275,331.078,106.480,412.910,0.713363,-1,-1,-1
628,50,1236.359,331.985,113.592,412.383,0.684031,-1,-1,-1
629,2,834.370,301.937,151.444,456.829,0.850378,-1,-1,-1
629,5,1675.854,114.812,256.716,956.963,0.882672,-1,-1,-1
629,43,538.239,342.792,88.030,353.800,0.696926,-1,-1,-1
629,44,980.526,283.216,144.316,476.419,0.774145,-1,-1,-1
629,35,1320.418,302.713,132.093,481.954,0.774035,-1,-1,-1
629,46,1093.111,328.719,108.632,420.571,0.752948,-1,-1,-1
629,50,1232.650,331.334,114.383,416.656,0.671177,-1,-1,-1
630,2,831.037,303.364,151.797,454.347,0.843435,-1,-1,-1
630,5,1653.104,116.545,260.200,955.406,0.888786,-1,-1,-1
630,43,532.029,341.326,89.013,358.595,0.763267,-1,-1,-1
630,44,971.812,282.267,142.904,475.929,0.815282,-1,-1,-1
630,35,1319.589,302.116,131.433,483.768,0.780047,-1,-1,-1
630,46,1089.494,326.904,110.516,425.158,0.789608,-1,-1,-1
630,50,1233.940,328.980,114.314,420.642,0.642170,-1,-1,-1
631,2,827.852,304.725,153.015,454.424,0.850352,-1,-1,-1
631,5,1669.457,113.026,257.858,959.042,0.892013,-1,-1,-1
631,43,527.117,344.770,87.537,354.081,0.733284,-1,-1,-1
631,44,967.311,282.016,141.389,474.921,0.828434,-1,-1,-1
631,35,1320.170,302.305,130.458,483.879,0.756806,-1,-1,-1
631,46,1088.776,326.758,112.329,426.305,0.812307,-1,-1,-1
631,50,1232.913,330.141,114.197,422.191,0.641017,-1,-1,-1
632,2,823.223,306.526,154.650,455.410,0.855740,-1,-1,-1
632,5,1679.539,110.645,254.797,962.226,0.901477,-1,-1,-1
632,43,523.673,346.034,87.123,354.320,0.761084,-1,-1,-1
632,44,964.795,282.059,139.832,474.519,0.785405,-1,-1,-1
632,35,1323.084,303.499,130.058,484.329,0.762647,-1,-1,-1
632,46,1088.007,326.228,114.187,428.311,0.818170,-1,-1,-1
632,50,1234.046,328.258,114.757,426.123,0.662399,-1,-1,-1
633,2,820.582,308.795,156.168,456.017,0.861324,-1,-1,-1
633,5,1688.069,105.002,251.664,968.374,0.903986,-1,-1,-1
633,43,521.794,343.957,87.847,358.605,0.770778,-1,-1,-1
633,44,964.922,282.568,139.069,476.637,0.766968,-1,-1,-1
633,35,1325.140,302.189,129.902,486.574,0.773404,-1,-1,-1
633,46,1089.191,326.339,115.535,431.266,0.814312,-1,-1,-1
633,50,1235.329,324.519,115.094,428.721,0.677026,-1,-1,-1
634,2,818.904,310.533,157.756,457.053,0.861728,-1,-1,-1
634,5,1695.800,95.008,248.705,978.739,0.905006,-1,-1,-1
634,43,521.005,347.625,88.018,359.554,0.782073,-1,-1,-1
634,44,965.125,283.214,137.512,474.570,0.781247,-1,-1,-1
634,35,1329.210,304.150,129.519,487.802,0.741196,-1,-1,-1
634,46,1092.704,327.595,116.821,433.874,0.831784,-1,-1,-1
634,50,1236.782,322.476,116.035,431.915,0.678304,-1,-1,-1
635,2,818.406,311.635,159.748,459.111,0.856519,-1,-1,-1
635,5,1700.512,90.912,243.701,979.220,0.887052,-1,-1,-1
635,43,520.197,350.335,88.239,361.077,0.791555,-1,-1,-1
635,44,968.513,284.026,137.043,478.390,0.779643,-1,-1,-1
635,35,1333.289,301.944,129.971,491.521,0.689859,-1,-1,-1
635,46,1096.796,326.090,118.895,439.181,0.829280,-1,-1,-1
635,50,1241.741,321.597,115.634,432.113,0.588494,-1,-1,-1
636,2,819.371,314.113,160.762,457.885,0.836656,-1,-1,-1
636,5,1701.200,87.428,240.995,985.789,0.877551,-1,-1,-1
636,43,519.039,354.007,88.442,363.190,0.778954,-1,-1,-1
636,44,974.067,285.218,137.091,483.395,0.795391,-1,-1,-1
636,35,1339.229,303.048,130.349,492.831,0.726478,-1,-1,-1
636,46,1100.914,326.974,120.119,442.538,0.823431,-1,-1,-1
636,50,1245.670,318.281,116.420,436.171,0.600026,-1,-1,-1
637,2,823.784,318.391,159.241,449.675,0.847131,-1,-1,-1
637,5,1703.285,87.007,236.988,985.599,0.870579,-1,-1,-1
637,43,519.497,358.785,88.329,362.188,0.744833,-1,-1,-1
637,44,979.311,291.893,135.347,484.142,0.799008,-1,-1,-1
637,35,1342.829,304.584,131.233,496.467,0.788014,-1,-1,-1
637,46,1102.780,327.103,120.377,443.974,0.815175,-1,-1,-1
637,50,1250.127,319.217,115.183,431.788,0.642145,-1,-1,-1
638,2,829.592,319.634,158.102,445.313,0.864423,-1,-1,-1
638,5,1701.690,86.402,234.216,986.116,0.883119,-1,-1,-1
638,43,518.917,355.778,89.623,367.069,0.729589,-1,-1,-1
638,44,982.153,294.903,132.961,481.456,0.801331,-1,-1,-1
638,35,1345.790,305.308,131.592,498.785,0.782730,-1,-1,-1
638,46,1106.222,330.211,120.238,440.986,0.811811,-1,-1,-1
638,50,1253.160,317.216,115.167,433.761,0.617613,-1,-1,-1
639,2,833.760,320.397,159.030,449.499,0.858178,-1,-1,-1
639,5,1700.489,85.191,232.562,988.987,0.877960,-1,-1,-1
639,43,520.682,363.889,88.792,361.241,0.740982,-1,-1,-1
639,44,984.641,299.471,130.043,477.511,0.798252,-1,-1,-1
639,35,1352.161,305.641,131.742,500.511,0.729387,-1,-1,-1
639,46,1111.487,331.850,121.431,440.687,0.828575,-1,-1,-1
639,50,1256.501,315.516,118.036,443.985,0.693281,-1,-1,-1
640,2,838.571,320.223,158.707,450.356,0.847097,-1,-1,-1
640,5,1697.759,80.002,232.059,994.644,0.877780,-1,-1,-1
640,43,521.121,366.973,89.237,361.889,0.725760,-1,-1,-1
640,44,989.416,302.240,128.200,476.661,0.798752,-1,-1,-1
640,35,1358.734,302.312,133.297,509.463,0.723365,-1,-1,-1
640,46,1115.760,332.224,123.609,442.417,0.808609,-1,-1,-1
640,50,1258.616,316.311,121.086,454.587,0.723046,-1,-1,-1
641,2,844.470,321.278,157.423,448.295,0.831403,-1,-1,-1
641,5,1697.120,80.671,230.172,992.121,0.873507,-1,-1,-1
641,43,521.745,363.054,91.027,367.978,0.731609,-1,-1,-1
641,44,994.696,305.763,125.341,471.258,0.795020,-1,-1,-1
641,35,1366.273,301.441,132.413,507.992,0.778877,-1,-1,-1
641,46,1122.216,330.941,126.486,444.918,0.794780,-1,-1,-1
641,50,1260.393,313.584,123.495,461.781,0.741462,-1,-1,-1
642,2,850.274,322.327,157.249,448.579,0.822179,-1,-1,-1
642,5,1696.732,86.724,228.033,986.204,0.882307,-1,-1,-1
642,43,529.819,361.631,93.816,372.592,0.705572,-1,-1,-1
642,44,999.630,308.772,124.582,471.309,0.790187,-1,-1,-1
642,35,1374.332,303.266,132.732,511.038,0.797808,-1,-1,-1
642,46,1129.031,331.306,129.470,447.815,0.779005,-1,-1,-1
642,50,1265.862,315.878,125.737,468.854,0.777820,-1,-1,-1
643,2,855.325,322.794,156.131,445.922,0.864680,-1,-1,-1
643,5,1694.120,91.048,226.771,979.221,0.882380,-1,-1,-1
643,43,531.396,362.906,95.060,373.887,0.717386,-1,-1,-1
643,44,1001.988,309.915,125.783,478.901,0.807386,-1,-1,-1
643,35,1380.574,304.175,133.474,514.089,0.787620,-1,-1,-1
643,46,1132.485,329.346,133.722,456.496,0.804360,-1,-1,-1
643,50,1273.632,316.576,126.812,473.472,0.670514,-1,-1,-1
644,2,860.545,323.589,156.521,448.127,0.875925,-1,-1,-1
644,5,1691.602,97.117,226.762,976.616,0.859800,-1,-1,-1
644,43,531.774,363.692,96.741,378.048,0.745963,-1,-1,-1
644,44,1004.294,310.048,125.770,483.485,0.788974,-1,-1,-1
644,35,1388.944,301.694,135.430,521.874,0.801171,-1,-1,-1
644,46,1137.948,324.853,138.414,467.500,0.833373,-1,-1,-1
644,50,1281.759,319.094,126.804,475.714,0.662637,-1,-1,-1
645,2,866.048,324.832,156.842,449.952,0.872146,-1,-1,-1
645,5,1699.747,201.555,207.511,874.422,0.821213,-1,-1,-1
645,43,534.059,365.153,97.136,378.255,0.762303,-1,-1,-1
645,44,1007.049,310.885,126.041,487.042,0.778670,-1,-1,-1
645,35,1395.081,298.910,136.602,525.655,0.746459,-1,-1,-1
645,46,1141.062,321.257,142.683,477.585,0.849921,-1,-1,-1
645,50,1290.406,315.188,127.120,481.417,0.676170,-1,-1,-1
646,2,870.326,325.847,157.435,454.122,0.863280,-1,-1,-1
646,5,1704.797,244.825,198.648,819.890,0.808900,-1,-1,-1
646,43,534.542,364.946,98.083,380.956,0.765238,-1,-1,-1
646,44,1008.103,310.358,126.314,487.257,0.805583,-1,-1,-1
646,35,1402.159,296.493,136.797,528.885,0.753681,-1,-1,-1
646,46,1142.635,319.175,145.925,483.139,0.851324,-1,-1,-1
646,50,1296.383,313.543,128.035,486.129,0.723992,-1,-1,-1
647,2,873.652,326.931,157.508,456.037,0.857802,-1,-1,-1
647,5,1704.846,271.721,197.136,796.968,0.829539,-1,-1,-1
647,43,535.452,364.442,98.873,383.272,0.741337,-1,-1,-1
647,44,1014.471,309.901,125.883,486.284,0.797995,-1,-1,-1
647,35,1407.965,293.649,138.232,538.110,0.769805,-1,-1,-1
647,46,1144.950,320.342,149.001,487.126,0.849322,-1,-1,-1
647,50,1303.685,309.710,128.861,493.050,0.698149,-1,-1,-1
648,2,876.602,330.070,155.516,452.915,0.850691,-1,-1,-1
648,5,1705.344,285.237,198.000,786.694,0.861860,-1,-1,-1
648,43,535.032,362.627,99.859,387.175,0.739127,-1,-1,-1
648,44,1018.436,309.772,124.852,485.079,0.795697,-1,-1,-1
648,35,1413.969,295.102,138.078,540.089,0.760542,-1,-1,-1
648,46,1146.297,318.352,152.627,492.226,0.856921,-1,-1,-1
648,50,1306.956,309.313,130.045,498.549,0.737493,-1,-1,-1
649,2,878.407,332.960,154.001,450.708,0.845135,-1,-1,-1
649,5,1708.365,293.222,198.143,776.980,0.848295,-1,-1,-1
649,43,535.546,362.281,100.412,388.934,0.739704,-1,-1,-1
649,44,1020.436,310.125,123.293,480.968,0.804634,-1,-1,-1
649,35,1421.212,295.012,137.841,541.188,0.793271,-1,-1,-1
649,46,1147.915,323.309,155.197,492.159,0.870687,-1,-1,-1
649,50,1308.973,308.229,130.412,498.655,0.751408,-1,-1,-1
650,2,880.069,336.090,153.976,450.573,0.834973,-1,-1,-1
650,5,1712.883,295.381,198.506,773.150,0.802288,-1,-1,-1
650,43,536.406,362.185,101.361,390.705,0.737150,-1,-1,-1
650,44,1024.434,309.786,121.588,477.495,0.810175,-1,-1,-1
650,35,1427.534,294.499,138.466,543.943,0.808327,-1,-1,-1
650,46,1147.120,319.857,161.305,504.267,0.869046,-1,-1,-1
650,50,1310.039,307.177,131.901,501.343,0.760951,-1,-1,-1
651,2,882.531,336.545,154.026,449.439,0.846419,-1,-1,-1
651,5,1716.036,294.309,200.011,777.851,0.579954,-1,-1,-1
651,43,536.606,361.803,102.193,391.824,0.727349,-1,-1,-1
651,44,1027.495,308.296,120.343,475.389,0.795231,-1,-1,-1
651,35,1433.431,293.317,140.028,548.697,0.844054,-1,-1,-1
651,46,1146.445,320.690,165.022,508.271,0.850326,-1,-1,-1
651,50,1313.130,306.238,133.749,506.466,0.787477,-1,-1,-1
652,2,882.910,337.160,153.977,446.696,0.838962,-1,-1,-1
652,5,1734.753,295.147,175.575,670.576,0.694191,-1,-1,-1
652,43,538.006,363.262,103.255,390.885,0.714231,-1,-1,-1
652,44,1028.854,307.737,119.815,475.757,0.805689,-1,-1,-1
652,35,1437.837,295.864,140.472,548.237,0.821653,-1,-1,-1
652,46,1144.918,320.712,169.100,513.160,0.832402,-1,-1,-1
652,50,1316.584,303.533,135.223,509.475,0.773512,-1,-1,-1
653,2,882.272,339.248,153.637,442.070,0.844414,-1,-1,-1
653,5,1744.899,295.104,166.570,629.202,0.790749,-1,-1,-1
653,43,536.027,362.810,104.829,393.205,0.702532,-1,-1,-1
653,44,1030.027,307.354,119.665,477.473,0.800169,-1,-1,-1
653,35,1441.470,294.266,142.109,554.245,0.771452,-1,-1,-1
653,46,1140.565,317.176,175.252,526.171,0.839624,-1,-1,-1
653,50,1318.847,306.695,135.827,507.300,0.769139,-1,-1,-1
653,51,816.136,404.558,70.789,229.100,0.653217,-1,-1,-1
654,2,879.463,337.817,154.550,441.001,0.841669,-1,-1,-1
654,5,1748.368,292.618,172.679,656.289,0.775516,-1,-1,-1
654,43,528.517,360.576,105.201,396.781,0.730827,-1,-1,-1
654,44,1029.667,305.683,119.555,479.324,0.795033,-1,-1,-1
654,35,1444.960,294.345,142.307,553.327,0.760518,-1,-1,-1
654,46,1136.559,313.482,180.598,536.808,0.852994,-1,-1,-1
654,50,1320.049,305.897,137.350,509.375,0.786753,-1,-1,-1
654,51,813.230,403.455,71.157,229.960,0.697885,-1,-1,-1
655,2,875.865,335.590,156.793,444.279,0.841039,-1,-1,-1
655,5,1748.953,291.108,180.463,696.130,0.763062,-1,-1,-1
655,43,530.282,359.469,106.910,397.733,0.764125,-1,-1,-1
655,44,1029.071,304.821,119.136,478.630,0.775542,-1,-1,-1
655,35,1449.033,294.588,142.642,553.830,0.736960,-1,-1,-1
655,46,1132.741,311.761,184.811,543.206,0.841816,-1,-1,-1
655,50,1320.615,298.956,140.475,519.576,0.810196,-1,-1,-1
655,51,809.304,402.964,71.070,229.730,0.697120,-1,-1,-1
656,2,872.428,334.531,157.245,443.128,0.847226,-1,-1,-1
656,5,1751.781,288.814,185.117,730.102,0.790929,-1,-1,-1
656,43,523.158,359.829,108.245,401.921,0.733058,-1,-1,-1
656,44,1028.016,305.820,118.505,477.070,0.789829,-1,-1,-1
656,35,1451.722,293.797,143.799,558.283,0.754848,-1,-1,-1
656,46,1127.837,311.848,187.315,545.491,0.842173,-1,-1,-1
656,50,1320.528,297.779,142.551,525.876,0.815587,-1,-1,-1
656,51,806.972,405.868,70.444,228.089,0.718058,-1,-1,-1
657,2,868.115,336.661,156.969,439.115,0.864160,-1,-1,-1
657,5,1758.464,295.705,182.926,740.236,0.759140,-1,-1,-1
657,43,519.834,360.806,109.580,405.001,0.742160,-1,-1,-1
657,44,1026.170,307.346,118.829,480.519,0.768017,-1,-1,-1
657,35,1453.608,293.679,144.446,560.148,0.755123,-1,-1,-1
657,46,1124.158,312.306,188.411,544.080,0.843641,-1,-1,-1
657,50,1319.592,298.400,144.648,531.927,0.807558,-1,-1,-1
657,51,801.957,402.899,72.190,234.941,0.698499,-1,-1,-1
658,2,862.681,334.163,159.767,444.160,0.873066,-1,-1,-1
658,5,1764.651,294.307,181.223,756.391,0.750748,-1,-1,-1
658,43,516.681,360.937,110.741,405.705,0.804493,-1,-1,-1
658,44,1024.141,307.552,118.307,479.957,0.767107,-1,-1,-1
658,35,1455.457,292.145,144.928,561.930,0.776416,-1,-1,-1
658,46,1121.926,311.497,188.149,538.292,0.841152,-1,-1,-1
658,50,1317.915,297.296,146.622,537.075,0.814673,-1,-1,-1
658,51,797.620,406.734,71.218,232.314,0.654663,-1,-1,-1
659,2,859.585,332.301,160.766,444.162,0.871800,-1,-1,-1
659,5,1772.106,293.314,176.786,763.716,0.733608,-1,-1,-1
659,43,506.685,363.537,108.867,402.069,0.665300,-1,-1,-1
659,44,1020.999,307.409,117.881,480.069,0.771723,-1,-1,-1
659,35,1457.365,289.945,145.607,564.668,0.784694,-1,-1,-1
659,46,1118.252,308.864,192.872,547.696,0.845917,-1,-1,-1
659,50,1316.567,296.862,148.383,540.647,0.834013,-1,-1,-1
659,51,793.965,405.660,70.423,229.578,0.691368,-1,-1,-1
660,2,856.864,330.587,161.390,443.202,0.864888,-1,-1,-1
660,5,1777.643,287.958,173.541,778.080,0.741329,-1,-1,-1
660,43,500.290,364.433,107.603,400.119,0.704642,-1,-1,-1
660,44,1017.768,307.675,118.081,482.228,0.769389,-1,-1,-1
660,35,1458.721,288.262,146.400,567.595,0.790342,-1,-1,-1
660,46,1114.038,305.012,196.997,555.983,0.848485,-1,-1,-1
660,50,1314.619,294.056,150.765,546.047,0.838714,-1,-1,-1
660,51,790.127,399.514,71.697,233.621,0.718935,-1,-1,-1
661,2,853.091,329.092,162.850,445.847,0.862052,-1,-1,-1
661,5,1782.510,285.629,169.185,787.733,0.753382,-1,-1,-1
661,43,502.219,363.085,110.810,405.719,0.747188,-1,-1,-1
661,44,1013.734,307.434,118.739,486.701,0.768244,-1,-1,-1
661,35,1458.306,286.773,147.557,572.098,0.793730,-1,-1,-1
661,46,1110.173,301.115,200.247,562.862,0.868489,-1,-1,-1
661,50,1312.894,291.549,153.528,552.964,0.814172,-1,-1,-1
661,51,786.017,396.012,73.048,239.238,0.736072,-1,-1,-1
662,2,850.166,329.234,164.810,450.753,0.851323,-1,-1,-1
662,5,1786.331,286.365,163.740,790.237,0.751500,-1,-1,-1
662,43,492.807,361.639,111.065,408.528,0.776525,-1,-1,-1
662,44,1011.738,311.536,117.513,486.237,0.767774,-1,-1,-1
662,35,1458.153,286.642,148.644,574.941,0.801475,-1,-1,-1
662,46,1105.128,300.544,202.427,567.096,0.882709,-1,-1,-1
662,50,1310.754,288.171,156.281,559.371,0.808165,-1,-1,-1
662,51,780.886,392.331,74.521,245.572,0.773449,-1,-1,-1
663,2,843.818,329.725,164.932,449.303,0.838144,-1,-1,-1
663,5,1788.705,284.204,159.007,793.469,0.760700,-1,-1,-1
663,43,484.550,359.054,112.114,412.895,0.790113,-1,-1,-1
663,44,1008.909,312.837,117.621,489.405,0.803612,-1,-1,-1
663,35,1456.974,286.592,149.570,576.418,0.811921,-1,-1,-1
663,46,1099.727,297.841,205.334,572.940,0.878414,-1,-1,-1
663,50,1305.078,288.594,158.660,562.520,0.823165,-1,-1,-1
664,2,839.925,332.044,164.117,444.243,0.853535,-1,-1,-1
664,5,1790.931,283.511,154.323,794.511,0.767422,-1,-1,-1
664,43,480.413,356.878,113.973,416.238,0.797725,-1,-1,-1
664,44,1005.848,312.759,117.151,490.635,0.805613,-1,-1,-1
664,35,1456.643,286.059,150.946,578.584,0.818600,-1,-1,-1
664,46,1094.087,298.174,207.168,578.977,0.873874,-1,-1,-1
664,50,1299.204,289.064,161.572,566.068,0.825818,-1,-1,-1
665,2,841.522,333.363,160.703,436.772,0.843984,-1,-1,-1
665,5,1793.519,277.829,150.653,800.525,0.755901,-1,-1,-1
665,43,470.747,357.117,114.161,418.674,0.751611,-1,-1,-1
665,44,1001.678,310.381,117.312,491.775,0.788395,-1,-1,-1
665,35,1455.061,285.373,152.267,580.921,0.817475,-1,-1,-1
665,46,1091.793,295.689,209.664,584.099,0.869011,-1,-1,-1
665,50,1294.515,283.988,165.155,574.382,0.855311,-1,-1,-1
665,51,767.391,396.160,73.586,241.798,0.689377,-1,-1,-1
666,2,840.835,333.431,161.024,440.033,0.845271,-1,-1,-1
666,5,1790.629,270.927,148.688,807.847,0.758835,-1,-1,-1
666,43,464.484,356.671,114.605,420.748,0.739391,-1,-1,-1
666,44,996.576,307.169,117.309,492.179,0.784689,-1,-1,-1
666,35,1454.809,284.641,153.803,582.985,0.840455,-1,-1,-1
666,46,1090.388,292.738,213.957,594.001,0.873899,-1,-1,-1
666,50,1286.874,282.705,168.164,578.563,0.858650,-1,-1,-1
666,51,764.572,396.788,73.453,242.746,0.697370,-1,-1,-1
667,2,837.894,333.956,161.684,444.064,0.848199,-1,-1,-1
667,5,1785.994,266.435,147.265,810.698,0.767521,-1,-1,-1
667,43,453.860,356.300,113.745,420.496,0.709807,-1,-1,-1
667,44,992.053,305.581,115.266,481.627,0.790544,-1,-1,-1
667,35,1452.477,285.316,154.875,581.841,0.849984,-1,-1,-1
667,46,1087.693,289.451,219.955,609.747,0.877604,-1,-1,-1
667,50,1282.133,277.476,171.036,585.026,0.872749,-1,-1,-1
667,51,760.205,397.795,73.261,243.137,0.713557,-1,-1,-1
668,2,836.652,333.895,160.434,441.158,0.855474,-1,-1,-1
668,5,1784.493,262.740,146.031,813.915,0.744621,-1,-1,-1
668,43,445.483,354.539,113.924,423.912,0.781458,-1,-1,-1
668,44,985.718,303.825,116.597,486.072,0.794067,-1,-1,-1
668,35,1451.718,285.878,156.470,581.279,0.859989,-1,-1,-1
668,46,1084.207,286.519,223.825,618.881,0.877999,-1,-1,-1
668,50,1277.472,272.290,173.309,589.734,0.874412,-1,-1,-1
668,51,755.796,392.854,74.788,249.292,0.726159,-1,-1,-1
669,2,837.150,332.934,158.393,434.731,0.853302,-1,-1,-1
669,5,1787.092,257.503,144.619,820.388,0.774926,-1,-1,-1
669,43,439.058,347.880,115.447,432.170,0.775831,-1,-1,-1
669,44,980.367,301.195,118.017,489.968,0.804631,-1,-1,-1
669,35,1451.156,283.839,158.916,582.914,0.860396,-1,-1,-1
669,46,1079.986,283.912,229.640,633.722,0.883765,-1,-1,-1
669,50,1272.908,267.908,175.151,592.936,0.862131,-1,-1,-1
669,51,750.951,392.959,74.867,249.577,0.692101,-1,-1,-1
670,2,835.578,331.726,157.109,431.332,0.845824,-1,-1,-1
670,5,1788.510,251.208,143.178,825.948,0.792504,-1,-1,-1
670,43,432.909,348.948,115.711,434.338,0.788475,-1,-1,-1
670,44,977.570,299.771,117.823,488.517,0.818235,-1,-1,-1
670,35,1450.854,281.966,161.173,584.427,0.857890,-1,-1,-1
670,46,1076.068,281.999,235.316,649.020,0.882818,-1,-1,-1
670,50,1269.067,253.984,179.956,608.839,0.855823,-1,-1,-1
670,51,745.328,390.127,76.650,253.670,0.722476,-1,-1,-1
671,2,832.574,330.790,156.602,432.339,0.852922,-1,-1,-1
671,5,1788.891,244.800,142.093,832.338,0.786354,-1,-1,-1
671,43,428.717,349.442,115.764,435.081,0.808606,-1,-1,-1
671,44,975.444,298.823,117.643,486.093,0.810885,-1,-1,-1
671,35,1450.176,279.309,164.044,588.195,0.855901,-1,-1,-1
671,46,1073.716,281.538,240.499,664.361,0.884841,-1,-1,-1
671,50,1271.329,255.402,180.440,610.010,0.852962,-1,-1,-1
671,51,741.586,386.127,78.119,258.208,0.725696,-1,-1,-1
672,2,832.661,330.394,156.260,433.666,0.855327,-1,-1,-1
672,5,1788.413,230.087,142.040,843.758,0.783813,-1,-1,-1
672,43,425.605,348.983,117.370,439.861,0.789512,-1,-1,-1
672,44,973.934,297.344,118.805,488.048,0.813373,-1,-1,-1
672,35,1450.404,277.222,166.340,590.291,0.860359,-1,-1,-1
672,46,1072.288,280.295,246.187,682.365,0.889400,-1,-1,-1
672,50,1271.316,248.354,184.180,622.780,0.849372,-1,-1,-1
672,51,738.805,384.535,79.385,261.563,0.719840,-1,-1,-1
673,2,831.792,329.495,154.647,433.433,0.848337,-1,-1,-1
673,5,1782.891,171.117,149.261,902.090,0.771139,-1,-1,-1
673,43,422.287,351.454,117.703,439.974,0.784708,-1,-1,-1
673,44,973.618,295.270,119.105,486.041,0.815939,-1,-1,-1
673,35,1451.257,275.532,168.792,593.573,0.848848,-1,-1,-1
673,46,1072.935,276.063,250.871,696.465,0.885936,-1,-1,-1
673,50,1271.981,243.590,187.451,634.535,0.835569,-1,-1,-1
673,51,736.678,381.774,80.245,264.783,0.720682,-1,-1,-1
674,2,831.602,329.106,152.954,433.124,0.847076,-1,-1,-1
674,5,1779.832,158.139,149.694,914.133,0.781575,-1,-1,-1
674,43,420.061,353.569,118.021,440.763,0.768781,-1,-1,-1
674,44,973.143,295.020,119.655,485.719,0.809032,-1,-1,-1
674,35,1453.672,274.415,170.746,593.684,0.841415,-1,-1,-1
674,46,1073.675,269.474,255.828,709.466,0.877392,-1,-1,-1
674,50,1273.071,241.226,190.922,650.474,0.824332,-1,-1,-1
674,51,737.406,381.122,80.231,263.563,0.701940,-1,-1,-1
675,2,832.486,329.289,151.888,433.988,0.853080,-1,-1,-1
675,5,1778.915,192.744,144.182,878.612,0.794757,-1,-1,-1
675,43,418.001,351.559,119.839,446.487,0.774369,-1,-1,-1
675,44,972.420,293.942,121.075,488.941,0.813099,-1,-1,-1
675,35,1455.979,273.877,172.948,594.739,0.844783,-1,-1,-1
675,46,1073.617,265.863,260.182,718.881,0.875195,-1,-1,-1
675,50,1277.455,245.887,193.398,662.155,0.816258,-1,-1,-1
675,51,737.574,382.448,79.585,260.435,0.708458,-1,-1,-1
676,2,832.655,329.999,151.216,435.487,0.851341,-1,-1,-1
676,5,1776.654,213.275,141.583,856.314,0.822608,-1,-1,-1
676,43,416.288,351.791,121.225,449.952,0.792559,-1,-1,-1
676,44,972.546,293.554,121.917,489.547,0.821540,-1,-1,-1
676,35,1462.301,273.298,172.895,589.638,0.838229,-1,-1,-1
676,46,1074.515,260.757,265.324,728.466,0.854320,-1,-1,-1
676,50,1283.668,240.160,196.526,675.990,0.794835,-1,-1,-1
676,51,736.679,382.553,80.263,261.112,0.724633,-1,-1,-1
677,2,833.553,328.857,150.854,436.931,0.842049,-1,-1,-1
677,5,1771.642,228.954,141.328,841.423,0.833612,-1,-1,-1
677,43,413.404,349.047,122.676,453.868,0.792367,-1,-1,-1
677,44,973.840,292.638,121.799,487.707,0.824863,-1,-1,-1
677,35,1467.258,269.052,175.203,592.739,0.835709,-1,-1,-1
677,46,1078.184,253.813,263.372,713.352,0.850128,-1,-1,-1
677,50,1294.210,232.272,202.283,694.504,0.777163,-1,-1,-1
677,51,736.319,380.991,81.630,263.867,0.743407,-1,-1,-1
678,2,834.369,327.832,150.647,438.895,0.847507,-1,-1,-1
678,5,1767.142,234.415,143.271,838.787,0.855540,-1,-1,-1
678,43,411.384,349.018,123.578,455.203,0.795541,-1,-1,-1
678,44,974.590,292.033,122.590,488.578,0.816477,-1,-1,-1
678,35,1471.166,265.777,176.584,595.441,0.822742,-1,-1,-1
678,46,1081.239,245.529,266.362,708.356,0.870883,-1,-1,-1
678,50,1300.604,228.262,205.377,704.779,0.807811,-1,-1,-1
678,51,735.866,380.561,82.651,265.914,0.740821,-1,-1,-1
679,2,835.670,328.254,150.164,438.490,0.842554,-1,-1,-1
679,5,1763.116,242.962,144.995,832.207,0.845023,-1,-1,-1
679,43,409.736,348.995,124.034,455.708,0.784064,-1,-1,-1
679,44,978.387,292.101,122.276,486.225,0.790235,-1,-1,-1
679,35,1478.153,264.292,176.911,595.235,0.815747,-1,-1,-1
679,46,1079.302,238.864,278.195,730.145,0.862290,-1,-1,-1
679,50,1305.647,228.246,209.130,720.841,0.838186,-1,-1,-1
679,51,735.481,379.532,83.096,266.531,0.733633,-1,-1,-1
680,2,838.346,329.749,150.994,438.362,0.846536,-1,-1,-1
680,5,1759.185,247.006,145.569,814.156,0.773107,-1,-1,-1
680,43,409.884,348.148,125.228,458.607,0.786555,-1,-1,-1
680,44,981.462,293.075,121.710,484.379,0.772278,-1,-1,-1
680,35,1486.479,263.005,179.282,602.131,0.834177,-1,-1,-1
680,46,1071.612,233.048,289.113,757.660,0.874015,-1,-1,-1
680,50,1314.518,234.158,211.279,729.598,0.870822,-1,-1,-1
680,51,736.282,378.812,84.255,269.435,0.744888,-1,-1,-1
681,2,841.619,331.944,151.842,437.599,0.854135,-1,-1,-1
681,5,1759.864,251.160,138.243,740.699,0.789416,-1,-1,-1
681,43,411.552,346.757,126.591,462.137,0.783203,-1,-1,-1
681,44,984.054,295.851,120.891,481.689,0.780213,-1,-1,-1
681,35,1492.521,262.664,181.398,607.424,0.832335,-1,-1,-1
681,46,1068.899,227.517,296.484,780.476,0.869513,-1,-1,-1
681,50,1323.599,238.176,211.459,733.370,0.864946,-1,-1,-1
681,51,737.903,381.600,85.422,270.772,0.756315,-1,-1,-1
682,2,845.068,333.571,154.520,440.748,0.825046,-1,-1,-1
682,5,1766.641,256.083,120.712,597.568,0.829629,-1,-1,-1
682,43,412.611,346.538,127.319,464.633,0.789779,-1,-1,-1
682,44,988.984,296.703,120.534,482.245,0.801836,-1,-1,-1
682,35,1497.603,260.975,183.428,616.697,0.832596,-1,-1,-1
682,46,1071.880,224.126,299.781,792.670,0.881875,-1,-1,-1
682,50,1333.621,236.027,212.355,740.725,0.855829,-1,-1,-1
682,51,739.476,382.259,87.042,273.887,0.762958,-1,-1,-1
683,2,850.766,335.936,153.258,433.031,0.803668,-1,-1,-1
683,5,1772.166,260.212,115.492,537.125,0.700626,-1,-1,-1
683,43,413.146,347.696,127.176,464.534,0.779622,-1,-1,-1
683,44,994.266,295.921,121.278,486.273,0.802285,-1,-1,-1
683,35,1501.334,258.369,183.340,622.294,0.832043,-1,-1,-1
683,46,1075.883,220.922,305.318,810.988,0.878256,-1,-1,-1
683,50,1346.567,233.727,215.305,750.678,0.869544,-1,-1,-1
683,51,741.323,383.217,87.596,274.257,0.763942,-1,-1,-1
684,2,853.146,337.282,154.700,435.197,0.839554,-1,-1,-1
684,5,1775.345,263.871,115.525,510.054,0.623135,-1,-1,-1
684,43,415.398,348.469,127.403,465.608,0.793958,-1,-1,-1
684,44,998.527,296.983,121.151,488.625,0.805991,-1,-1,-1
684,35,1507.880,258.983,183.525,627.203,0.820064,-1,-1,-1
684,46,1079.232,217.802,314.479,841.891,0.876414,-1,-1,-1
684,50,1358.235,227.482,218.987,762.193,0.863609,-1,-1,-1
684,51,745.709,383.310,88.624,277.244,0.776668,-1,-1,-1
685,2,860.186,335.242,154.889,435.887,0.812809,-1,-1,-1
685,5,1777.452,267.859,119.557,509.178,0.447551,-1,-1,-1
685,43,418.934,343.807,129.120,471.947,0.797953,-1,-1,-1
685,44,1004.686,297.744,120.581,489.220,0.805436,-1,-1,-1
685,35,1513.731,260.415,180.610,623.522,0.755690,-1,-1,-1
685,46,1084.832,215.004,319.769,861.918,0.887437,-1,-1,-1
685,50,1369.025,221.939,221.216,769.172,0.832543,-1,-1,-1
685,51,750.738,383.360,89.394,280.373,0.789361,-1,-1,-1
686,2,868.577,334.857,153.471,434.266,0.856090,-1,-1,-1
686,5,1782.877,278.820,120.822,502.458,0.664513,-1,-1,-1
686,43,421.507,343.186,129.106,473.842,0.814496,-1,-1,-1
686,44,1013.355,295.408,120.672,490.646,0.797130,-1,-1,-1
686,35,1526.881,267.104,176.021,619.397,0.431272,-1,-1,-1
686,46,1091.515,211.362,321.332,871.692,0.899311,-1,-1,-1
686,50,1385.769,213.371,225.550,780.580,0.830879,-1,-1,-1
686,51,755.546,384.074,88.916,279.115,0.815183,-1,-1,-1
687,2,877.209,332.106,155.124,437.947,0.846420,-1,-1,-1
687,5,1788.908,298.301,127.133,529.736,0.637757,-1,-1,-1
687,43,424.227,339.167,128.196,473.947,0.795382,-1,-1,-1
687,44,1018.741,296.449,121.803,495.012,0.795937,-1,-1,-1
687,46,1097.984,207.925,322.278,877.115,0.902090,-1,-1,-1
687,50,1405.965,204.869,233.412,794.290,0.836953,-1,-1,-1
687,51,762.103,381.480,89.696,282.409,0.817687,-1,-1,-1
688,2,881.970,328.910,153.842,435.290,0.832466,-1,-1,-1
688,5,1798.656,325.310,125.015,526.533,0.684346,-1,-1,-1
688,43,429.123,334.487,128.919,478.625,0.764046,-1,-1,-1
688,44,1026.946,295.150,120.602,490.759,0.810472,-1,-1,-1
688,46,1103.665,199.392,324.419,884.494,0.898912,-1,-1,-1
688,50,1424.881,195.126,242.023,807.730,0.866314,-1,-1,-1
688,51,766.206,379.128,89.948,282.296,0.785559,-1,-1,-1
689,2,889.544,325.226,152.488,431.850,0.810310,-1,-1,-1
689,5,1813.322,362.493,116.445,500.803,0.557095,-1,-1,-1
689,43,433.363,331.091,128.110,477.073,0.808437,-1,-1,-1
689,44,1034.576,292.802,119.764,488.991,0.775705,-1,-1,-1
689,46,1108.011,179.854,330.283,902.094,0.895619,-1,-1,-1
689,50,1439.922,189.825,247.510,808.997,0.877433,-1,-1,-1
689,51,771.772,375.066,90.876,282.836,0.769661,-1,-1,-1
690,2,897.906,320.145,153.761,433.265,0.792720,-1,-1,-1
690,5,1829.934,401.806,106.916,477.170,0.338610,-1,-1,-1
690,43,436.226,325.099,127.394,476.260,0.784476,-1,-1,-1
690,44,1042.919,288.998,119.072,487.593,0.815226,-1,-1,-1
690,46,1113.036,171.874,332.370,905.490,0.898512,-1,-1,-1
690,50,1455.343,181.287,255.965,815.000,0.865661,-1,-1,-1
690,51,774.695,366.177,92.481,287.894,0.745901,-1,-1,-1
691,2,905.420,314.336,154.547,432.404,0.808888,-1,-1,-1
691,43,438.700,321.043,127.312,477.819,0.714109,-1,-1,-1
691,44,1047.658,285.472,118.550,486.642,0.760928,-1,-1,-1
691,46,1116.336,174.486,333.173,903.950,0.903196,-1,-1,-1
691,50,1469.022,168.699,267.674,829.582,0.879860,-1,-1,-1
691,51,778.165,363.415,93.129,289.827,0.782367,-1,-1,-1
692,2,905.745,309.564,153.652,432.607,0.794815,-1,-1,-1
692,43,439.975,316.056,128.160,482.544,0.741872,-1,-1,-1
692,44,1052.641,281.934,119.289,490.598,0.749977,-1,-1,-1
692,46,1117.497,162.274,340.361,918.029,0.895114,-1,-1,-1
692,50,1477.243,157.294,281.869,853.307,0.896508,-1,-1,-1
692,51,780.246,358.246,94.013,293.018,0.783613,-1,-1,-1
693,2,908.761,304.594,153.836,434.940,0.791600,-1,-1,-1
693,43,447.054,311.634,131.292,487.054,0.677886,-1,-1,-1
693,44,1053.491,275.636,122.324,511.311,0.605865,-1,-1,-1
693,46,1118.584,141.508,349.853,936.135,0.888938,-1,-1,-1
693,50,1483.066,146.758,298.111,883.902,0.900822,-1,-1,-1
693,51,780.629,355.265,93.997,292.886,0.779446,-1,-1,-1
694,2,908.143,301.069,153.403,436.951,0.812587,-1,-1,-1
694,43,444.382,306.505,132.904,491.499,0.692182,-1,-1,-1
694,44,1054.035,269.469,121.252,517.353,0.549558,-1,-1,-1
694,46,1121.319,129.524,358.492,948.002,0.889621,-1,-1,-1
694,50,1489.674,139.880,313.172,908.036,0.898234,-1,-1,-1
694,51,781.466,353.041,94.279,293.964,0.748208,-1,-1,-1
695,2,909.350,299.601,152.034,435.802,0.810173,-1,-1,-1
695,43,436.767,300.931,132.908,494.419,0.797156,-1,-1,-1
695,44,1055.225,261.842,140.482,605.423,0.526997,-1,-1,-1
695,46,1121.393,115.940,369.391,961.415,0.879458,-1,-1,-1
695,50,1499.142,132.381,325.547,920.950,0.899393,-1,-1,-1
695,51,780.929,348.453,94.302,295.638,0.745761,-1,-1,-1
696,2,908.361,300.568,150.021,433.305,0.845511,-1,-1,-1
696,43,432.447,297.731,133.017,497.559,0.819310,-1,-1,-1
696,44,1052.515,254.150,151.140,648.687,0.617478,-1,-1,-1
696,46,1122.839,103.114,379.691,974.526,0.882329,-1,-1,-1
696,50,1505.177,126.361,338.535,935.788,0.904496,-1,-1,-1
696,51,778.958,344.935,94.760,297.393,0.768374,-1,-1,-1
696,52,867.135,364.906,65.315,228.617,0.626646,-1,-1,-1
697,2,910.002,298.248,147.901,431.409,0.815705,-1,-1,-1
697,43,428.240,295.716,133.273,498.828,0.791763,-1,-1,-1
697,44,1047.118,250.344,156.536,673.698,0.670223,-1,-1,-1
697,46,1130.223,88.439,390.394,989.279,0.893700,-1,-1,-1
697,50,1510.580,117.613,351.591,953.660,0.891071,-1,-1,-1
697,51,777.827,339.636,95.569,300.061,0.762807,-1,-1,-1
697,52,865.938,363.476,65.336,228.882,0.671659,-1,-1,-1
698,2,913.686,293.249,148.375,435.273,0.832173,-1,-1,-1
698,43,425.014,288.903,133.066,501.058,0.780410,-1,-1,-1
698,44,1048.627,233.221,163.266,701.390,0.672861,-1,-1,-1
698,46,1129.904,72.229,401.328,1005.755,0.903980,-1,-1,-1
698,50,1517.231,112.034,360.908,959.046,0.901697,-1,-1,-1
698,51,777.271,338.646,95.882,300.384,0.780566,-1,-1,-1
698,52,864.184,359.900,65.144,228.148,0.688559,-1,-1,-1
699,2,918.289,287.752,149.516,438.526,0.835853,-1,-1,-1
699,43,425.268,282.960,134.296,503.784,0.772823,-1,-1,-1
699,44,1047.389,215.179,169.197,728.362,0.695769,-1,-1,-1
699,46,1132.719,54.803,412.345,1024.651,0.905191,-1,-1,-1
699,50,1523.317,100.819,369.915,966.899,0.904998,-1,-1,-1
699,51,776.920,335.928,96.898,301.579,0.788972,-1,-1,-1
699,52,864.348,354.123,65.326,228.856,0.688908,-1,-1,-1
700,2,920.372,284.579,149.794,439.615,0.845245,-1,-1,-1
700,43,422.023,278.128,134.294,505.495,0.796444,-1,-1,-1
700,44,1047.432,200.899,172.011,746.401,0.759202,-1,-1,-1
700,46,1140.856,37.144,421.594,1041.335,0.899419,-1,-1,-1
700,50,1524.650,85.531,380.002,983.016,0.910070,-1,-1,-1
700,51,775.966,333.349,98.021,303.458,0.765726,-1,-1,-1
700,52,865.097,348.983,65.588,230.471,0.650212,-1,-1,-1
701,2,921.739,283.231,148.917,437.431,0.855375,-1,-1,-1
701,43,417.503,273.087,135.162,510.914,0.824311,-1,-1,-1
701,44,1043.117,191.151,170.788,756.053,0.771873,-1,-1,-1
701,46,1146.898,24.485,428.016,1052.082,0.895116,-1,-1,-1
701,50,1527.209,75.502,385.641,991.145,0.908186,-1,-1,-1
701,51,776.479,329.890,99.002,305.151,0.753703,-1,-1,-1
701,52,865.105,345.999,66.308,233.156,0.672536,-1,-1,-1
702,2,920.921,280.594,147.200,434.565,0.840732,-1,-1,-1
702,43,414.741,268.875,136.060,516.272,0.827932,-1,-1,-1
702,44,1045.906,182.086,173.148,766.211,0.814149,-1,-1,-1
702,46,1149.010,12.269,434.236,1062.751,0.891560,-1,-1,-1
702,50,1526.546,65.366,391.163,1000.711,0.911070,-1,-1,-1
702,51,775.795,326.168,99.091,306.033,0.763985,-1,-1,-1
702,52,862.984,340.305,67.844,237.418,0.701589,-1,-1,-1
703,2,919.794,278.131,145.242,432.147,0.836582,-1,-1,-1
703,43,409.491,262.407,137.490,521.921,0.817966,-1,-1,-1
703,44,1045.879,172.378,175.677,775.880,0.835305,-1,-1,-1
703,46,1154.773,3.141,439.219,1071.544,0.895699,-1,-1,-1
703,50,1526.752,52.361,397.302,1016.041,0.905989,-1,-1,-1
703,51,774.563,320.624,100.517,310.488,0.765584,-1,-1,-1
703,52,862.398,334.649,69.849,244.262,0.681002,-1,-1,-1
704,2,916.529,273.104,143.012,431.363,0.820757,-1,-1,-1
704,43,403.152,256.116,138.028,523.631,0.843254,-1,-1,-1
704,44,1048.083,161.699,180.959,785.945,0.846181,-1,-1,-1
704,46,1160.814,-1.546,442.061,1074.876,0.902482,-1,-1,-1
704,50,1529.649,39.868,401.002,1029.249,0.910770,-1,-1,-1
704,51,774.949,315.491,101.673,312.877,0.767052,-1,-1,-1
704,52,861.806,329.733,70.581,247.003,0.679841,-1,-1,-1
705,2,914.210,266.168,140.896,430.880,0.817821,-1,-1,-1
705,43,399.291,251.976,138.483,523.028,0.858836,-1,-1,-1
705,44,1040.300,150.842,185.432,795.743,0.846160,-1,-1,-1
705,46,1165.795,-2.679,443.399,1074.990,0.904939,-1,-1,-1
705,50,1533.167,18.520,405.063,1048.128,0.901419,-1,-1,-1
705,51,774.380,311.321,101.571,314.208,0.748983,-1,-1,-1
705,52,858.420,324.414,70.533,246.180,0.656828,-1,-1,-1
706,2,914.878,260.498,138.700,429.285,0.804861,-1,-1,-1
706,43,395.008,244.904,139.828,527.643,0.813582,-1,-1,-1
706,44,1023.038,139.624,192.346,815.631,0.830070,-1,-1,-1
706,46,1175.860,-2.827,445.435,1075.897,0.911087,-1,-1,-1
706,50,1538.193,5.505,406.056,1062.500,0.917667,-1,-1,-1
706,51,772.049,305.072,101.616,316.428,0.762159,-1,-1,-1
706,52,855.521,319.591,71.573,249.266,0.682058,-1,-1,-1
707,2,915.388,255.947,136.569,426.751,0.755879,-1,-1,-1
707,43,391.250,238.493,140.436,529.003,0.820781,-1,-1,-1
707,44,1008.064,124.949,201.739,847.661,0.831963,-1,-1,-1
707,46,1188.896,-2.209,448.714,1077.197,0.913566,-1,-1,-1
707,50,1548.703,0.607,403.125,1071.736,0.917000,-1,-1,-1
707,51,772.631,297.744,100.574,316.740,0.783122,-1,-1,-1
707,52,854.814,313.929,71.703,249.131,0.664849,-1,-1,-1
708,2,910.715,244.609,134.987,432.219,0.696909,-1,-1,-1
708,43,389.372,232.631,141.304,530.717,0.795015,-1,-1,-1
708,44,993.433,110.977,210.151,875.687,0.846752,-1,-1,-1
708,46,1201.056,-1.380,452.082,1074.194,0.913426,-1,-1,-1
708,50,1562.823,0.083,396.091,1074.307,0.907497,-1,-1,-1
708,51,772.409,290.980,101.012,318.217,0.773562,-1,-1,-1
708,52,853.371,307.077,73.514,255.336,0.608127,-1,-1,-1
709,2,907.998,233.738,134.489,435.556,0.553220,-1,-1,-1
709,43,384.263,221.284,143.986,540.727,0.803195,-1,-1,-1
709,44,989.558,99.699,220.440,900.559,0.860905,-1,-1,-1
709,46,1219.894,-0.648,456.930,1072.900,0.918218,-1,-1,-1
709,50,1580.157,0.997,387.471,1078.713,0.898179,-1,-1,-1
709,51,770.138,283.779,102.429,321.577,0.760188,-1,-1,-1
709,52,852.839,302.189,73.228,254.008,0.535470,-1,-1,-1
710,43,380.389,213.927,144.715,543.210,0.794239,-1,-1,-1
710,44,975.339,88.125,233.384,924.282,0.882814,-1,-1,-1
710,46,1242.563,0.089,462.629,1070.614,0.931472,-1,-1,-1
710,50,1600.448,1.276,375.963,1080.364,0.897087,-1,-1,-1
710,51,768.644,276.671,103.708,325.377,0.769174,-1,-1,-1
710,52,853.549,298.132,72.265,251.539,0.496538,-1,-1,-1
711,43,376.420,208.054,145.617,546.310,0.814089,-1,-1,-1
711,44,963.397,79.888,245.267,943.496,0.893418,-1,-1,-1
711,46,1272.197,-0.786,473.140,1069.964,0.921606,-1,-1,-1
711,50,1626.523,1.899,357.880,1068.347,0.880657,-1,-1,-1
711,51,770.472,271.356,103.881,328.480,0.746594,-1,-1,-1
711,52,852.559,295.405,72.809,254.561,0.491891,-1,-1,-1
712,43,372.292,203.862,146.568,550.295,0.820607,-1,-1,-1
712,44,951.059,66.729,258.906,969.949,0.902948,-1,-1,-1
712,46,1295.997,1.214,483.259,1070.362,0.911062,-1,-1,-1
712,50,1670.076,1.125,307.577,952.293,0.773094,-1,-1,-1
712,51,766.949,267.120,105.589,332.174,0.743072,-1,-1,-1
712,52,851.855,293.695,71.985,253.343,0.597019,-1,-1,-1
713,43,367.593,197.752,147.953,555.680,0.816415,-1,-1,-1
713,44,939.192,54.153,272.536,1000.055,0.896601,-1,-1,-1
713,46,1322.891,3.024,494.472,1069.079,0.915940,-1,-1,-1
713,51,764.729,262.189,107.883,336.428,0.759545,-1,-1,-1
713,52,852.134,286.861,73.610,259.512,0.532385,-1,-1,-1
714,43,364.676,194.097,148.691,558.457,0.826531,-1,-1,-1
714,44,926.374,44.019,282.558,1020.128,0.887443,-1,-1,-1
714,46,1346.735,2.492,506.946,1068.450,0.925426,-1,-1,-1
714,51,762.078,259.015,109.523,338.987,0.781969,-1,-1,-1
714,52,851.863,284.690,73.623,261.588,0.589806,-1,-1,-1
715,43,362.336,191.690,149.771,559.956,0.824995,-1,-1,-1
715,44,912.972,36.258,290.417,1034.330,0.890843,-1,-1,-1
715,46,1349.241,0.475,518.887,1067.791,0.928257,-1,-1,-1
715,51,762.917,256.263,111.145,340.349,0.766854,-1,-1,-1
715,52,846.894,281.101,73.115,265.232,0.419267,-1,-1,-1
716,43,358.165,189.324,150.899,564.041,0.827556,-1,-1,-1
716,44,897.182,17.514,298.950,1053.791,0.896476,-1,-1,-1
716,46,1340.305,-0.206,532.012,1069.314,0.928508,-1,-1,-1
716,51,762.090,254.129,112.089,340.975,0.761329,-1,-1,-1
716,52,841.835,275.810,72.141,268.755,0.365153,-1,-1,-1
717,43,355.576,188.639,151.981,564.581,0.803919,-1,-1,-1
717,44,880.935,4.996,308.421,1074.212,0.908287,-1,-1,-1
717,46,1330.167,-0.351,543.716,1068.863,0.928603,-1,-1,-1
717,51,761.471,249.751,114.795,345.604,0.805737,-1,-1,-1
718,43,351.691,183.547,154.472,570.855,0.818324,-1,-1,-1
718,44,864.606,6.567,311.628,1073.681,0.902652,-1,-1,-1
718,46,1321.488,0.564,555.117,1069.726,0.918045,-1,-1,-1
718,51,757.369,245.988,116.118,350.331,0.808851,-1,-1,-1
719,43,347.325,180.320,156.099,575.588,0.827965,-1,-1,-1
719,44,843.054,1.419,316.130,1075.543,0.899396,-1,-1,-1
719,46,1315.985,1.148,565.181,1070.612,0.917967,-1,-1,-1
719,51,751.853,241.889,116.267,354.552,0.768651,-1,-1,-1
720,43,343.446,179.105,157.255,579.765,0.848421,-1,-1,-1
720,44,819.224,-0.473,320.941,1076.979,0.888162,-1,-1,-1
720,46,1317.456,2.091,568.696,1061.583,0.917291,-1,-1,-1
720,51,746.682,240.706,113.444,355.254,0.681833,-1,-1,-1
721,43,339.430,174.943,159.183,586.807,0.847419,-1,-1,-1
721,44,794.575,-1.149,326.347,1081.999,0.912605,-1,-1,-1
721,46,1321.100,2.506,574.570,1062.697,0.884142,-1,-1,-1
721,53,1098.598,165.886,119.342,518.433,0.744721,-1,-1,-1
721,54,1243.269,303.730,75.877,216.317,0.606596,-1,-1,-1
722,43,334.478,170.369,161.172,593.525,0.843809,-1,-1,-1
722,44,773.285,-1.035,330.513,1081.831,0.910706,-1,-1,-1
722,46,1325.204,2.294,578.615,1063.617,0.919766,-1,-1,-1
722,53,1099.359,163.585,119.985,519.478,0.789852,-1,-1,-1
722,54,1240.702,296.995,78.032,223.177,0.492951,-1,-1,-1
723,43,329.704,167.427,162.550,597.324,0.846218,-1,-1,-1
723,44,750.082,-0.776,334.697,1081.908,0.903575,-1,-1,-1
723,46,1328.447,2.398,581.071,1063.606,0.902651,-1,-1,-1
723,53,1096.647,162.934,118.949,511.890,0.831353,-1,-1,-1
723,54,1243.074,309.812,73.720,211.505,0.525250,-1,-1,-1
723,55,1302.588,112.294,173.697,546.279,0.729482,-1,-1,-1
724,43,324.690,164.012,163.826,601.255,0.836551,-1,-1,-1
724,44,729.466,-0.535,338.975,1077.027,0.906054,-1,-1,-1
724,46,1332.204,4.539,581.997,1062.806,0.901952,-1,-1,-1
724,53,1094.852,160.343,119.478,509.001,0.843838,-1,-1,-1
724,55,1271.766,109.249,195.397,614.501,0.775311,-1,-1,-1
725,43,318.907,159.497,165.215,605.681,0.838440,-1,-1,-1
725,44,697.752,0.850,344.414,1075.652,0.904018,-1,-1,-1
725,46,1337.334,6.733,582.057,1063.093,0.882147,-1,-1,-1
725,53,1091.972,158.943,120.521,507.381,0.837304,-1,-1,-1
725,55,1247.919,103.583,209.521,658.495,0.857683,-1,-1,-1
726,43,314.073,157.226,166.098,608.787,0.818073,-1,-1,-1
726,44,667.497,1.755,350.261,1075.505,0.908581,-1,-1,-1
726,46,1346.036,7.904,579.873,1061.231,0.812450,-1,-1,-1
726,53,1091.137,155.940,122.704,507.913,0.842430,-1,-1,-1
726,55,1227.905,105.676,223.005,698.953,0.856396,-1,-1,-1
727,43,303.087,150.235,168.009,613.981,0.820059,-1,-1,-1
727,44,639.088,3.043,355.869,1074.196,0.905266,-1,-1,-1
727,46,1364.679,5.577,575.916,1063.369,0.812432,-1,-1,-1
727,53,1088.071,153.128,125.733,510.688,0.854383,-1,-1,-1
727,55,1212.321,105.746,228.526,708.962,0.869393,-1,-1,-1
728,43,293.513,144.024,169.364,619.356,0.849523,-1,-1,-1
728,44,607.511,3.495,363.765,1074.851,0.909104,-1,-1,-1
728,46,1426.438,6.446,553.232,1052.375,0.738343,-1,-1,-1
728,53,1079.443,149.504,126.849,510.519,0.667323,-1,-1,-1
728,55,1191.674,102.897,234.919,714.754,0.859084,-1,-1,-1
728,2,936.153,182.426,133.561,443.946,0.788747,-1,-1,-1
729,43,282.702,133.674,171.185,627.199,0.867042,-1,-1,-1
729,44,568.870,1.942,372.478,1075.234,0.907628,-1,-1,-1
729,46,1515.430,23.328,516.486,1038.371,0.698113,-1,-1,-1
729,53,1069.600,147.547,126.616,508.853,0.756906,-1,-1,-1
729,55,1173.158,96.466,242.639,719.548,0.877183,-1,-1,-1
729,2,935.569,184.506,130.317,439.472,0.844937,-1,-1,-1
730,43,271.636,127.425,172.290,631.006,0.843445,-1,-1,-1
730,44,525.006,1.513,382.675,1076.147,0.922692,-1,-1,-1
730,53,1061.704,143.789,128.042,512.352,0.807913,-1,-1,-1
730,55,1161.214,95.125,248.917,717.259,0.900053,-1,-1,-1
730,2,930.163,184.401,132.281,437.953,0.849997,-1,-1,-1
731,43,257.828,122.264,173.780,636.928,0.830552,-1,-1,-1
731,44,479.144,2.646,392.214,1074.783,0.907009,-1,-1,-1
731,53,1054.655,141.253,128.771,514.260,0.796682,-1,-1,-1
731,55,1153.452,94.563,255.406,716.578,0.896338,-1,-1,-1
731,2,921.288,183.497,134.307,438.871,0.838989,-1,-1,-1
732,43,241.873,112.722,174.823,647.600,0.845699,-1,-1,-1
732,44,429.119,3.441,402.821,1069.463,0.913213,-1,-1,-1
732,53,1049.954,139.534,128.585,514.755,0.812344,-1,-1,-1
732,55,1138.564,92.035,264.603,719.175,0.878548,-1,-1,-1
732,2,916.040,183.566,136.963,438.315,0.839584,-1,-1,-1
733,44,354.213,3.866,420.852,1066.793,0.902571,-1,-1,-1
733,53,1044.412,136.396,127.651,514.118,0.804760,-1,-1,-1
733,55,1128.058,82.844,273.275,726.240,0.863105,-1,-1,-1
733,2,912.626,181.495,140.390,437.774,0.854669,-1,-1,-1
734,44,302.578,5.566,435.121,1063.314,0.926360,-1,-1,-1
734,53,1038.795,136.686,126.929,514.828,0.803972,-1,-1,-1
734,55,1109.718,81.194,282.853,737.229,0.861424,-1,-1,-1
734,2,903.429,182.644,140.550,435.980,0.841874,-1,-1,-1
735,44,249.173,4.961,452.105,1062.660,0.908937,-1,-1,-1
735,53,1030.716,137.891,126.623,518.807,0.759927,-1,-1,-1
735,55,1087.576,81.884,290.118,744.409,0.862640,-1,-1,-1
735,2,895.533,182.880,138.576,428.210,0.857417,-1,-1,-1
735,51,734.026,209.545,124.048,401.267,0.685115,-1,-1,-1
736,44,170.461,3.525,475.420,1065.157,0.862405,-1,-1,-1
736,53,1020.576,136.504,125.940,523.960,0.648298,-1,-1,-1
736,55,1065.774,78.536,290.095,736.614,0.880300,-1,-1,-1
736,2,889.025,182.386,138.487,428.248,0.847940,-1,-1,-1
736,51,720.230,189.586,127.047,408.373,0.639280,-1,-1,-1
737,44,108.754,4.742,495.458,1062.621,0.924354,-1,-1,-1
737,53,1007.776,138.892,123.918,524.447,0.667394,-1,-1,-1
737,55,1046.800,73.988,288.068,733.525,0.852003,-1,-1,-1
737,2,880.994,180.759,138.086,428.309,0.837222,-1,-1,-1
737,51,695.154,181.271,135.285,422.133,0.713516,-1,-1,-1
738,44,78.547,5.150,512.185,1059.799,0.904351,-1,-1,-1
738,53,994.955,142.040,119.710,519.550,0.470416,-1,-1,-1
738,55,1015.341,70.059,287.779,740.016,0.871635,-1,-1,-1
738,2,867.771,178.135,138.540,430.870,0.822287,-1,-1,-1
738,51,667.122,173.795,141.444,433.877,0.784672,-1,-1,-1
739,44,56.008,4.387,523.880,1055.693,0.912755,-1,-1,-1
739,55,982.660,69.734,281.423,738.365,0.828367,-1,-1,-1
739,2,848.776,177.428,139.247,433.951,0.844083,-1,-1,-1
739,51,643.651,167.972,147.779,443.353,0.812240,-1,-1,-1
740,44,30.255,6.148,529.635,1052.686,0.905569,-1,-1,-1
740,55,948.434,67.704,274.309,738.761,0.828740,-1,-1,-1
740,2,833.591,177.581,139.382,432.112,0.841366,-1,-1,-1
740,51,624.316,164.731,152.840,456.188,0.823385,-1,-1,-1
741,44,2.797,5.537,532.845,1057.059,0.888634,-1,-1,-1
741,55,920.305,67.924,272.556,753.737,0.871364,-1,-1,-1
741,2,822.266,178.382,139.543,431.877,0.817904,-1,-1,-1
741,51,607.024,162.528,156.106,460.825,0.847078,-1,-1,-1
742,44,-33.801,5.168,526.692,1061.330,0.836101,-1,-1,-1
742,55,895.057,67.583,269.732,762.095,0.839067,-1,-1,-1
742,2,810.590,178.364,140.469,434.951,0.840714,-1,-1,-1
742,51,590.516,158.719,159.323,465.741,0.848697,-1,-1,-1
743,44,-84.758,8.969,500.182,1050.967,0.707005,-1,-1,-1
743,55,874.653,67.893,266.675,765.204,0.816264,-1,-1,-1
743,2,800.007,180.798,141.057,436.703,0.827460,-1,-1,-1
743,51,577.164,158.625,160.925,470.137,0.827839,-1,-1,-1
744,55,840.976,65.633,264.674,766.675,0.834242,-1,-1,-1
744,2,784.407,181.029,140.682,433.215,0.821219,-1,-1,-1
744,51,559.708,157.704,164.156,477.971,0.840356,-1,-1,-1
745,55,809.558,62.442,264.834,765.412,0.778349,-1,-1,-1
745,2,767.880,182.026,139.568,431.014,0.726326,-1,-1,-1
745,51,543.114,155.576,168.618,487.450,0.841273,-1,-1,-1
745,56,1069.966,231.044,97.650,305.113,0.748125,-1,-1,-1
745,44,-95.720,44.154,375.237,831.674,0.873226,-1,-1,-1
746,55,764.983,57.271,274.759,779.996,0.805993,-1,-1,-1
746,2,752.519,182.622,136.833,425.341,0.747148,-1,-1,-1
746,51,525.977,153.627,173.070,495.463,0.839702,-1,-1,-1
746,56,1057.289,226.055,99.712,311.463,0.722514,-1,-1,-1
746,44,-91.657,53.550,331.428,777.688,0.856638,-1,-1,-1
747,55,731.028,46.906,285.938,790.844,0.832280,-1,-1,-1
747,2,733.882,184.014,129.179,404.541,0.615164,-1,-1,-1
747,51,506.236,152.456,176.534,501.915,0.830309,-1,-1,-1
747,56,1049.972,223.835,100.779,315.534,0.704404,-1,-1,-1
747,44,-92.618,55.467,307.107,765.877,0.830386,-1,-1,-1
748,55,699.760,48.869,294.762,790.112,0.879359,-1,-1,-1
748,2,714.195,175.251,128.129,407.973,0.524907,-1,-1,-1
748,51,489.991,150.296,179.424,506.510,0.852549,-1,-1,-1
748,56,1040.939,220.688,102.513,322.036,0.713187,-1,-1,-1
748,44,-92.798,62.400,286.199,761.148,0.811940,-1,-1,-1
749,55,689.618,48.654,300.488,790.838,0.815699,-1,-1,-1
749,2,697.113,185.211,115.539,374.804,0.341763,-1,-1,-1
749,51,473.600,148.933,184.383,516.098,0.842180,-1,-1,-1
749,56,1031.959,220.812,102.416,323.206,0.674684,-1,-1,-1
749,44,-84.705,96.239,254.974,722.555,0.760757,-1,-1,-1
750,55,670.164,52.944,307.677,792.555,0.859130,-1,-1,-1
750,51,458.544,148.398,187.836,522.032,0.751223,-1,-1,-1
750,56,1026.965,225.087,101.265,320.751,0.740327,-1,-1,-1
750,44,-74.296,161.377,217.058,656.549,0.726919,-1,-1,-1
750,53,984.639,237.496,76.152,324.009,0.653953,-1,-1,-1
751,55,651.101,52.956,317.542,801.606,0.873694,-1,-1,-1
751,51,442.156,149.304,194.590,538.214,0.801613,-1,-1,-1
751,56,1025.161,227.319,100.852,321.649,0.715168,-1,-1,-1
751,53,983.250,242.379,76.411,319.908,0.652995,-1,-1,-1
752,55,631.735,54.033,324.694,808.396,0.871589,-1,-1,-1
752,51,429.564,145.410,199.102,549.853,0.828252,-1,-1,-1
752,56,1023.711,228.509,100.455,322.473,0.748167,-1,-1,-1
752,53,976.005,246.636,79.844,320.274,0.688710,-1,-1,-1
752,57,875.898,141.383,111.433,519.449,0.758745,-1,-1,-1
753,55,614.156,49.494,331.650,819.046,0.888587,-1,-1,-1
753,51,418.189,140.874,203.674,558.995,0.838787,-1,-1,-1
753,56,1025.435,230.266,98.764,319.065,0.737062,-1,-1,-1
753,53,974.591,251.668,84.130,321.121,0.702955,-1,-1,-1
753,57,869.290,145.383,112.528,523.603,0.767606,-1,-1,-1
754,55,596.966,48.541,335.221,826.741,0.887023,-1,-1,-1
754,51,406.013,137.624,208.246,565.241,0.819456,-1,-1,-1
754,56,1025.066,232.317,99.558,323.301,0.743278,-1,-1,-1
754,53,971.357,254.102,88.132,323.373,0.671039,-1,-1,-1
754,57,863.341,149.811,113.476,526.562,0.795214,-1,-1,-1
755,55,576.702,45.657,339.395,836.310,0.889398,-1,-1,-1
755,51,397.922,135.270,211.302,570.157,0.848625,-1,-1,-1
755,56,1027.200,231.934,99.903,325.763,0.717674,-1,-1,-1
755,53,969.518,254.320,92.084,326.431,0.691872,-1,-1,-1
755,57,858.183,151.304,114.972,530.822,0.799295,-1,-1,-1
756,55,545.080,41.606,343.439,848.249,0.889208,-1,-1,-1
756,51,386.475,133.264,215.742,581.011,0.842038,-1,-1,-1
756,56,1029.108,231.312,101.405,330.395,0.703699,-1,-1,-1
756,53,966.191,254.489,95.390,329.560,0.679654,-1,-1,-1
756,57,856.653,154.793,115.058,526.664,0.801022,-1,-1,-1
757,55,508.392,36.396,347.466,860.671,0.879527,-1,-1,-1
757,51,372.582,134.588,214.586,582.219,0.854142,-1,-1,-1
757,56,1030.873,231.287,102.714,333.278,0.700236,-1,-1,-1
757,53,963.788,254.460,98.750,334.512,0.756718,-1,-1,-1
757,57,854.331,158.747,115.909,523.896,0.802199,-1,-1,-1
758,55,472.929,36.116,350.010,868.775,0.879295,-1,-1,-1
758,51,365.610,131.253,215.430,588.068,0.772286,-1,-1,-1
758,56,1038.506,230.064,104.176,334.656,0.704487,-1,-1,-1
758,53,966.714,253.415,103.008,340.011,0.799088,-1,-1,-1
758,57,854.129,164.010,116.784,522.401,0.824376,-1,-1,-1
759,55,447.107,34.633,351.202,879.536,0.846609,-1,-1,-1
759,51,362.249,132.893,216.742,595.523,0.795798,-1,-1,-1
759,56,1042.890,230.737,107.276,344.023,0.729352,-1,-1,-1
759,53,968.267,256.026,105.158,341.443,0.812498,-1,-1,-1
759,57,852.577,168.624,118.130,523.557,0.831137,-1,-1,-1
760,55,425.850,39.556,347.156,883.031,0.788572,-1,-1,-1
760,51,359.249,131.381,219.552,608.138,0.783386,-1,-1,-1
760,56,1046.485,229.980,110.919,357.950,0.744729,-1,-1,-1
760,53,971.182,257.249,107.528,345.335,0.807905,-1,-1,-1
760,57,851.018,171.431,119.450,524.569,0.829841,-1,-1,-1
761,55,401.313,41.941,347.748,891.638,0.762510,-1,-1,-1
761,51,357.508,132.753,218.234,610.288,0.733084,-1,-1,-1
761,56,1051.359,230.041,111.647,362.974,0.762799,-1,-1,-1
761,53,974.973,258.422,109.571,348.097,0.829668,-1,-1,-1
761,57,851.229,173.556,120.887,527.060,0.835631,-1,-1,-1
761,58,709.406,202.175,143.187,452.012,0.825084,-1,-1,-1
762,55,383.513,40.763,349.803,900.111,0.749732,-1,-1,-1
762,51,351.276,135.154,217.281,613.392,0.718408,-1,-1,-1
762,56,1055.794,230.965,110.848,364.298,0.778545,-1,-1,-1
762,53,977.569,254.346,113.364,355.025,0.805124,-1,-1,-1
762,57,850.807,174.927,122.070,528.311,0.835085,-1,-1,-1
762,58,710.917,203.113,139.571,440.316,0.818022,-1,-1,-1
763,55,360.285,39.283,354.081,909.438,0.640584,-1,-1,-1
763,51,336.877,138.363,214.614,613.209,0.754902,-1,-1,-1
763,56,1060.952,231.665,111.204,366.941,0.790039,-1,-1,-1
763,53,982.528,252.846,116.754,358.973,0.800550,-1,-1,-1
763,57,852.460,175.050,122.434,526.092,0.824627,-1,-1,-1
763,58,710.822,204.533,142.057,447.502,0.833844,-1,-1,-1
764,55,340.166,39.028,359.968,916.974,0.850970,-1,-1,-1
764,51,320.225,125.060,219.252,635.072,0.555972,-1,-1,-1
764,56,1065.427,230.686,111.827,372.619,0.776152,-1,-1,-1
764,53,987.506,251.497,120.149,362.970,0.801153,-1,-1,-1
764,57,853.536,174.608,124.211,529.469,0.813439,-1,-1,-1
764,58,713.743,206.553,143.123,450.468,0.835333,-1,-1,-1
765,55,330.705,37.825,366.061,924.807,0.861611,-1,-1,-1
765,56,1071.742,229.903,111.558,374.985,0.716440,-1,-1,-1
765,53,991.906,252.209,123.602,367.361,0.774292,-1,-1,-1
765,57,857.668,171.773,124.557,523.516,0.803084,-1,-1,-1
765,58,716.383,208.701,142.911,449.322,0.844180,-1,-1,-1
766,55,319.749,35.874,371.973,928.815,0.903416,-1,-1,-1
766,56,1077.155,230.393,111.777,378.643,0.685072,-1,-1,-1
766,53,993.041,251.636,127.388,372.903,0.798877,-1,-1,-1
766,57,861.583,169.576,124.126,516.116,0.812452,-1,-1,-1
766,58,718.932,211.046,142.074,446.261,0.841603,-1,-1,-1
767,55,306.870,33.809,379.400,935.002,0.900681,-1,-1,-1
767,56,1086.551,228.115,114.549,386.578,0.738623,-1,-1,-1
767,53,993.292,251.728,132.482,378.056,0.822766,-1,-1,-1
767,57,862.796,166.126,125.077,513.961,0.809192,-1,-1,-1
767,58,720.606,211.859,141.072,442.596,0.845684,-1,-1,-1
767,59,639.389,273.694,91.210,341.496,0.733305,-1,-1,-1
768,55,291.681,32.495,387.027,940.255,0.903906,-1,-1,-1
768,56,1090.928,227.130,116.718,391.099,0.768502,-1,-1,-1
768,53,995.941,252.750,137.234,379.810,0.812315,-1,-1,-1
768,57,863.365,162.407,126.418,514.973,0.811654,-1,-1,-1
768,58,721.814,209.947,140.523,441.162,0.823434,-1,-1,-1
768,59,639.213,270.546,91.368,341.097,0.752239,-1,-1,-1
769,55,272.311,31.774,396.196,948.616,0.909375,-1,-1,-1
769,56,1091.149,227.299,117.434,395.267,0.756908,-1,-1,-1
769,53,996.813,253.128,143.259,384.181,0.825692,-1,-1,-1
769,57,862.169,160.080,128.503,517.286,0.825257,-1,-1,-1
769,58,722.228,209.087,139.833,439.739,0.809377,-1,-1,-1
769,59,637.489,267.278,93.139,346.395,0.779621,-1,-1,-1
770,55,249.512,27.805,406.566,960.503,0.897646,-1,-1,-1
770,56,1090.703,225.563,117.649,401.823,0.713582,-1,-1,-1
770,53,996.279,252.249,148.899,388.745,0.834000,-1,-1,-1
770,57,861.346,157.437,130.833,519.637,0.824864,-1,-1,-1
770,58,723.100,207.177,139.206,439.205,0.826702,-1,-1,-1
770,59,636.274,265.889,93.273,345.065,0.787509,-1,-1,-1
771,55,222.418,17.436,418.605,980.608,0.892643,-1,-1,-1
771,56,1092.121,222.162,117.664,408.259,0.714595,-1,-1,-1
771,53,993.870,247.589,154.741,395.081,0.827774,-1,-1,-1
771,57,857.893,154.771,133.067,520.296,0.857263,-1,-1,-1
771,58,720.191,200.618,139.763,442.831,0.849399,-1,-1,-1
771,59,634.431,257.800,94.426,347.076,0.739271,-1,-1,-1
772,55,198.079,11.923,423.651,984.102,0.888949,-1,-1,-1
772,56,1092.050,220.164,117.480,412.045,0.785655,-1,-1,-1
772,53,986.599,245.658,160.609,401.557,0.834165,-1,-1,-1
772,57,854.073,153.820,135.270,522.827,0.860071,-1,-1,-1
772,58,720.666,201.873,138.400,440.430,0.834805,-1,-1,-1
772,59,629.460,258.241,96.443,350.982,0.789626,-1,-1,-1
773,55,175.053,11.033,414.898,956.713,0.862727,-1,-1,-1
773,56,1091.409,216.336,118.395,418.068,0.797635,-1,-1,-1
773,53,981.024,242.517,166.104,407.638,0.842361,-1,-1,-1
773,57,849.015,154.625,136.252,523.587,0.863529,-1,-1,-1
773,58,718.159,200.671,137.080,439.540,0.833191,-1,-1,-1
773,59,625.011,258.508,97.497,351.619,0.812042,-1,-1,-1
774,55,146.544,6.884,409.953,948.131,0.876353,-1,-1,-1
774,56,1092.065,213.505,118.831,420.710,0.775272,-1,-1,-1
774,53,977.116,237.379,170.812,412.647,0.858914,-1,-1,-1
774,57,842.731,152.590,137.911,528.229,0.813848,-1,-1,-1
774,58,713.337,195.065,136.625,440.914,0.831418,-1,-1,-1
774,59,620.373,256.805,98.035,349.770,0.797247,-1,-1,-1
775,55,117.296,4.297,406.360,951.125,0.870885,-1,-1,-1
775,56,1089.467,209.170,120.021,424.229,0.797998,-1,-1,-1
775,53,973.515,231.775,174.608,415.705,0.860985,-1,-1,-1
775,57,832.655,152.891,136.890,526.584,0.783409,-1,-1,-1
775,58,709.271,191.086,136.965,443.514,0.817438,-1,-1,-1
775,59,615.259,251.598,101.038,357.348,0.779330,-1,-1,-1
776,55,89.212,1.905,404.684,961.546,0.884429,-1,-1,-1
776,56,1087.921,204.021,121.458,429.229,0.810894,-1,-1,-1
776,53,968.213,226.933,178.324,420.221,0.848504,-1,-1,-1
776,57,823.553,152.451,137.526,528.478,0.780431,-1,-1,-1
776,58,702.635,189.719,136.988,443.678,0.801055,-1,-1,-1
776,59,608.332,248.766,102.531,359.677,0.779204,-1,-1,-1
776,60,391.361,49.083,223.066,781.143,0.716413,-1,-1,-1
777,55,68.531,1.735,398.567,961.139,0.897322,-1,-1,-1
777,56,1087.917,200.414,122.840,431.007,0.834194,-1,-1,-1
777,53,962.400,223.398,181.204,424.948,0.834827,-1,-1,-1
777,57,817.825,152.950,138.058,528.839,0.801158,-1,-1,-1
777,58,695.398,191.706,136.791,442.456,0.789888,-1,-1,-1
777,59,599.124,246.909,104.850,365.817,0.713679,-1,-1,-1
777,60,372.436,43.900,228.085,796.369,0.778092,-1,-1,-1
778,55,45.157,2.708,397.332,975.758,0.895669,-1,-1,-1
778,56,1087.102,193.929,125.969,440.984,0.831125,-1,-1,-1
778,53,956.266,221.009,182.717,428.190,0.840572,-1,-1,-1
778,57,814.800,153.569,138.234,528.649,0.806498,-1,-1,-1
778,58,685.023,191.371,138.118,447.176,0.741888,-1,-1,-1
778,59,591.739,246.402,104.699,363.937,0.724296,-1,-1,-1
778,60,355.692,38.799,237.890,826.464,0.828874,-1,-1,-1
779,55,19.476,2.207,398.511,997.029,0.896529,-1,-1,-1
779,56,1083.505,194.349,126.164,442.185,0.809737,-1,-1,-1
779,53,951.728,217.231,184.197,434.512,0.836465,-1,-1,-1
779,57,806.922,155.334,137.961,524.414,0.742106,-1,-1,-1
779,58,676.629,191.850,136.708,441.935,0.759574,-1,-1,-1
779,59,581.444,244.716,106.456,366.234,0.764998,-1,-1,-1
779,60,344.854,33.747,247.460,856.606,0.816692,-1,-1,-1
780,55,-4.305,1.744,393.324,1000.602,0.910096,-1,-1,-1
780,56,1079.591,193.493,127.871,447.915,0.809954,-1,-1,-1
780,53,946.579,214.941,184.294,438.379,0.844875,-1,-1,-1
780,57,797.180,155.550,139.839,529.151,0.808113,-1,-1,-1
780,58,667.455,190.422,138.750,448.021,0.739655,-1,-1,-1
780,59,573.517,243.969,106.221,362.667,0.680166,-1,-1,-1
780,60,331.802,28.270,255.890,882.940,0.846401,-1,-1,-1
781,55,-27.517,3.443,389.320,1006.527,0.910953,-1,-1,-1
781,56,1079.045,192.350,130.449,454.515,0.817914,-1,-1,-1
781,53,943.176,213.472,184.894,445.407,0.839293,-1,-1,-1
781,57,793.201,154.257,140.589,531.593,0.817775,-1,-1,-1
781,58,669.846,190.607,136.906,447.520,0.614103,-1,-1,-1
781,59,567.680,243.358,105.482,360.505,0.603212,-1,-1,-1
781,60,321.979,21.730,260.718,893.829,0.843495,-1,-1,-1
782,55,-40.803,4.802,381.410,1006.766,0.909045,-1,-1,-1
782,56,1079.783,190.579,133.390,459.108,0.812376,-1,-1,-1
782,53,940.712,210.852,185.897,453.752,0.871232,-1,-1,-1
782,57,789.805,157.097,140.180,527.562,0.816790,-1,-1,-1
782,58,670.208,191.478,135.475,445.883,0.677440,-1,-1,-1
782,59,557.065,242.719,110.104,377.467,0.624516,-1,-1,-1
782,60,306.262,13.196,269.584,913.785,0.866404,-1,-1,-1
783,55,-51.516,4.301,373.521,1012.750,0.901727,-1,-1,-1
783,56,1078.912,190.683,135.599,460.687,0.829384,-1,-1,-1
783,53,939.326,210.064,186.336,460.648,0.878197,-1,-1,-1
783,57,784.596,157.088,140.797,524.732,0.808780,-1,-1,-1
783,58,669.017,195.165,133.970,444.430,0.667739,-1,-1,-1
783,59,544.604,242.713,112.766,383.633,0.625722,-1,-1,-1
783,60,281.314,4.108,282.190,940.077,0.858423,-1,-1,-1
784,55,-57.509,5.613,362.882,1013.921,0.901529,-1,-1,-1
784,56,1077.581,190.452,139.086,466.653,0.824008,-1,-1,-1
784,53,938.378,208.121,186.748,467.477,0.868079,-1,-1,-1
784,57,783.474,156.348,140.458,523.929,0.793384,-1,-1,-1
784,58,670.822,197.081,131.928,442.450,0.707905,-1,-1,-1
784,59,541.236,242.440,113.341,386.860,0.587096,-1,-1,-1
784,60,263.174,1.032,294.350,964.240,0.861696,-1,-1,-1
785,55,-61.840,8.224,351.822,1016.869,0.898057,-1,-1,-1
785,56,1077.692,187.341,143.155,476.113,0.827957,-1,-1,-1
785,53,937.557,206.648,186.541,472.041,0.845294,-1,-1,-1
785,57,782.808,151.721,140.750,526.550,0.790239,-1,-1,-1
785,58,673.382,196.951,129.903,441.181,0.728837,-1,-1,-1
785,59,538.023,239.772,114.600,389.609,0.666967,-1,-1,-1
785,60,244.826,0.604,302.958,979.267,0.893124,-1,-1,-1
786,55,-63.535,8.858,339.945,1018.465,0.874269,-1,-1,-1
786,56,1078.286,183.108,147.706,487.114,0.826302,-1,-1,-1
786,53,937.610,204.402,188.236,482.074,0.829838,-1,-1,-1
786,57,783.729,149.041,140.321,524.935,0.816028,-1,-1,-1
786,58,674.634,197.257,128.323,440.625,0.729003,-1,-1,-1
786,59,517.893,234.886,117.758,395.756,0.693965,-1,-1,-1
786,60,229.958,-0.313,310.374,990.777,0.878398,-1,-1,-1
787,55,-63.639,27.966,322.247,1002.742,0.878006,-1,-1,-1
787,56,1082.199,179.239,151.382,495.095,0.836118,-1,-1,-1
787,53,939.914,205.378,188.154,485.748,0.834546,-1,-1,-1
787,57,786.913,146.168,140.151,526.217,0.824741,-1,-1,-1
787,58,675.573,196.007,127.099,441.145,0.778549,-1,-1,-1
787,59,521.306,235.315,116.762,393.268,0.655722,-1,-1,-1
787,60,218.540,-0.868,317.911,1001.701,0.883394,-1,-1,-1
787,61,618.279,249.543,91.747,367.358,0.654787,-1,-1,-1
788,55,-62.404,49.544,304.996,987.038,0.871597,-1,-1,-1
788,56,1086.118,179.119,154.642,501.540,0.846043,-1,-1,-1
788,53,942.557,208.291,189.185,491.228,0.856291,-1,-1,-1
788,57,789.902,146.775,139.364,524.339,0.824373,-1,-1,-1
788,58,676.018,193.079,125.906,441.576,0.753202,-1,-1,-1
788,59,517.216,235.580,117.162,397.517,0.646011,-1,-1,-1
788,60,205.523,-0.303,323.025,1004.598,0.898203,-1,-1,-1
788,61,613.684,251.555,92.589,370.074,0.731559,-1,-1,-1
789,55,-59.469,75.861,288.950,972.451,0.865302,-1,-1,-1
789,56,1084.136,175.028,157.821,510.429,0.834156,-1,-1,-1
789,53,941.215,210.726,191.682,497.835,0.838693,-1,-1,-1
789,57,791.127,151.141,137.603,519.307,0.836876,-1,-1,-1
789,58,678.839,194.070,126.943,446.886,0.767834,-1,-1,-1
789,59,511.691,234.483,116.771,401.900,0.608604,-1,-1,-1
789,60,192.224,-0.663,330.047,1013.944,0.900649,-1,-1,-1
789,61,610.424,249.123,95.217,379.546,0.748190,-1,-1,-1
790,55,-60.105,94.453,274.287,964.112,0.834942,-1,-1,-1
790,56,1085.549,171.571,160.047,515.800,0.842030,-1,-1,-1
790,53,940.516,204.989,197.347,508.620,0.791465,-1,-1,-1
790,57,793.057,151.163,137.310,519.189,0.847095,-1,-1,-1
790,58,684.678,189.317,126.821,448.609,0.749296,-1,-1,-1
790,59,510.274,233.308,115.453,402.039,0.564675,-1,-1,-1
790,60,183.087,-0.676,338.132,1025.219,0.893748,-1,-1,-1
790,61,610.504,249.500,96.805,384.393,0.729439,-1,-1,-1
791,55,-60.927,104.905,260.294,958.644,0.802217,-1,-1,-1
791,56,1093.663,169.778,162.217,519.173,0.785287,-1,-1,-1
791,53,953.263,200.822,201.202,521.400,0.801507,-1,-1,-1
791,57,798.138,151.986,137.398,521.310,0.824457,-1,-1,-1
791,58,690.993,194.277,125.990,444.483,0.774990,-1,-1,-1
791,59,511.799,232.525,117.123,409.501,0.605657,-1,-1,-1
791,60,172.585,-0.087,346.945,1036.808,0.891364,-1,-1,-1
791,61,613.019,250.606,98.138,387.224,0.747038,-1,-1,-1
792,56,1104.755,167.764,160.187,508.613,0.737205,-1,-1,-1
792,53,964.228,198.906,203.583,527.281,0.823566,-1,-1,-1
792,57,804.802,154.839,136.424,520.064,0.802829,-1,-1,-1
792,58,696.196,197.403,127.016,447.797,0.805694,-1,-1,-1
792,59,512.499,234.768,117.657,412.630,0.641309,-1,-1,-1
792,60,171.857,0.996,357.653,1046.971,0.858868,-1,-1,-1
792,61,617.969,251.886,99.567,391.063,0.798382,-1,-1,-1
793,56,1112.508,166.861,164.002,522.294,0.817025,-1,-1,-1
793,53,970.807,195.639,206.979,534.023,0.846335,-1,-1,-1
793,57,812.732,154.404,137.263,524.194,0.800270,-1,-1,-1
793,58,701.711,196.187,127.577,449.478,0.804868,-1,-1,-1
793,59,515.516,234.624,115.011,404.371,0.556047,-1,-1,-1
793,60,164.256,2.262,370.282,1055.151,0.889217,-1,-1,-1
793,61,622.724,253.051,101.172,394.309,0.788837,-1,-1,-1
794,56,1119.261,162.627,167.381,534.582,0.854655,-1,-1,-1
794,53,981.012,190.334,212.046,543.791,0.846188,-1,-1,-1
794,57,818.627,156.139,138.119,526.370,0.778914,-1,-1,-1
794,58,709.294,197.082,126.793,445.943,0.798803,-1,-1,-1
794,59,519.394,233.723,116.556,411.174,0.618509,-1,-1,-1
794,60,152.340,2.795,385.785,1070.392,0.902338,-1,-1,-1
794,61,626.489,255.140,103.117,395.773,0.714173,-1,-1,-1
795,56,1132.291,158.109,168.364,539.318,0.819723,-1,-1,-1
795,53,989.753,181.174,219.281,559.484,0.816667,-1,-1,-1
795,57,832.308,158.421,137.952,527.667,0.823244,-1,-1,-1
795,58,720.809,197.836,127.530,449.373,0.771483,-1,-1,-1
795,59,521.214,235.527,116.545,414.752,0.666817,-1,-1,-1
795,60,140.397,2.388,398.498,1073.935,0.921358,-1,-1,-1
795,61,629.616,257.136,105.266,397.043,0.738952,-1,-1,-1
796,56,1142.740,159.767,171.911,554.542,0.843846,-1,-1,-1
796,53,998.436,180.892,222.140,562.309,0.853085,-1,-1,-1
796,57,842.909,161.497,138.240,529.251,0.836541,-1,-1,-1
796,58,730.970,201.113,128.344,451.217,0.806412,-1,-1,-1
796,59,532.303,236.859,110.619,389.556,0.559928,-1,-1,-1
796,60,125.796,2.110,411.591,1074.253,0.920114,-1,-1,-1
796,61,636.228,257.133,107.018,401.838,0.711232,-1,-1,-1
797,56,1154.835,160.642,176.203,576.632,0.854107,-1,-1,-1
797,53,1007.292,180.929,228.163,571.952,0.846896,-1,-1,-1
797,57,852.131,168.058,136.993,527.219,0.813867,-1,-1,-1
797,58,742.588,206.234,128.929,451.789,0.788775,-1,-1,-1
797,59,539.187,239.040,104.658,361.733,0.560649,-1,-1,-1
797,60,109.561,2.422,425.868,1073.351,0.913128,-1,-1,-1
797,61,635.953,259.707,110.598,406.834,0.716841,-1,-1,-1
798,56,1166.347,162.626,179.301,593.549,0.834334,-1,-1,-1
798,53,1010.928,183.094,236.457,586.427,0.845206,-1,-1,-1
798,57,859.185,172.280,136.826,529.131,0.802445,-1,-1,-1
798,58,750.364,211.314,127.930,446.800,0.819574,-1,-1,-1
798,59,544.277,242.847,99.910,337.572,0.545045,-1,-1,-1
798,60,95.440,3.243,441.193,1068.050,0.910780,-1,-1,-1
798,61,640.934,261.154,113.462,411.690,0.729151,-1,-1,-1
799,56,1175.761,163.986,181.974,610.573,0.822428,-1,-1,-1
799,53,1011.929,184.966,245.679,603.376,0.855885,-1,-1,-1
799,57,864.523,178.080,136.752,527.758,0.798330,-1,-1,-1
799,58,753.669,215.572,128.566,446.811,0.806144,-1,-1,-1
799,59,545.374,246.418,104.606,346.704,0.539019,-1,-1,-1
799,60,84.588,3.632,458.635,1066.363,0.904122,-1,-1,-1
799,61,645.947,263.019,115.106,414.524,0.768966,-1,-1,-1
800,56,1185.307,165.384,182.375,618.820,0.805443,-1,-1,-1
800,53,1015.600,186.864,253.924,619.787,0.832069,-1,-1,-1
800,57,869.183,183.562,136.423,527.316,0.782991,-1,-1,-1
800,58,759.531,223.003,128.152,443.536,0.802386,-1,-1,-1
800,59,545.197,250.042,109.071,354.541,0.493502,-1,-1,-1
800,60,78.729,3.372,473.939,1061.440,0.907628,-1,-1,-1
800,61,647.753,265.285,116.693,417.991,0.770907,-1,-1,-1
801,56,1193.246,165.340,182.861,628.018,0.815991,-1,-1,-1
801,53,1019.034,189.350,260.415,630.854,0.848829,-1,-1,-1
801,57,871.555,191.368,135.591,525.813,0.776401,-1,-1,-1
801,58,763.947,229.182,127.589,441.533,0.832917,-1,-1,-1
801,59,544.748,252.509,111.295,351.794,0.464136,-1,-1,-1
801,60,71.174,4.351,490.431,1063.910,0.912708,-1,-1,-1
801,61,648.683,268.386,117.878,419.801,0.791866,-1,-1,-1
802,56,1201.109,165.840,184.648,640.246,0.824100,-1,-1,-1
802,53,1020.000,192.728,267.802,640.592,0.842638,-1,-1,-1
802,57,881.310,192.804,135.672,526.872,0.814909,-1,-1,-1
802,58,770.306,232.551,125.587,438.052,0.824929,-1,-1,-1
802,59,544.757,255.299,114.639,354.537,0.475752,-1,-1,-1
802,60,67.510,4.893,509.738,1073.436,0.896703,-1,-1,-1
802,61,649.062,269.874,119.099,421.511,0.784106,-1,-1,-1
803,56,1211.379,162.379,187.106,654.264,0.848289,-1,-1,-1
803,53,1020.343,193.711,275.616,650.502,0.856358,-1,-1,-1
803,57,887.550,193.442,136.698,531.446,0.815410,-1,-1,-1
803,58,777.021,235.318,123.877,436.512,0.821042,-1,-1,-1
803,59,546.331,255.421,113.560,342.770,0.607977,-1,-1,-1
803,60,62.543,4.589,523.785,1074.591,0.845839,-1,-1,-1
803,61,648.630,270.987,121.331,427.536,0.778205,-1,-1,-1
804,56,1225.254,163.609,186.820,658.688,0.844024,-1,-1,-1
804,53,1015.274,192.383,288.770,673.496,0.870496,-1,-1,-1
804,57,891.443,192.303,137.636,534.140,0.847183,-1,-1,-1
804,58,782.939,231.844,122.842,435.906,0.837735,-1,-1,-1
804,59,543.035,255.984,116.344,345.560,0.490115,-1,-1,-1
804,60,47.601,4.258,534.519,1077.915,0.696298,-1,-1,-1
804,61,647.982,271.748,123.002,430.518,0.767562,-1,-1,-1
805,56,1238.854,160.273,188.420,663.154,0.853155,-1,-1,-1
805,53,1016.856,190.337,297.450,686.231,0.870954,-1,-1,-1
805,57,895.327,190.758,138.208,536.690,0.833731,-1,-1,-1
805,58,787.307,230.583,122.179,436.719,0.829892,-1,-1,-1
805,59,544.550,255.552,113.277,325.338,0.569235,-1,-1,-1
805,60,-12.544,4.195,522.879,1073.332,0.632144,-1,-1,-1
805,61,650.298,271.936,125.594,437.791,0.804500,-1,-1,-1
806,56,1250.526,154.892,191.754,672.690,0.864817,-1,-1,-1
806,53,1019.404,183.595,306.954,703.592,0.876308,-1,-1,-1
806,57,900.612,188.082,137.723,537.705,0.812185,-1,-1,-1
806,58,791.113,228.416,122.412,441.194,0.798155,-1,-1,-1
806,59,544.136,253.677,113.310,314.659,0.671522,-1,-1,-1
806,60,10.586,1.965,529.293,1074.141,0.761208,-1,-1,-1
806,61,651.480,271.398,127.083,442.519,0.831565,-1,-1,-1
807,56,1261.827,146.876,196.643,686.028,0.871891,-1,-1,-1
807,53,1025.754,177.011,313.077,716.353,0.872580,-1,-1,-1
807,57,904.325,185.538,137.602,538.909,0.823593,-1,-1,-1
807,58,794.443,227.942,123.079,447.614,0.808479,-1,-1,-1
807,59,538.819,249.905,118.178,317.769,0.620522,-1,-1,-1
807,60,13.058,1.386,532.686,1073.667,0.872759,-1,-1,-1
807,61,652.598,270.503,128.701,447.096,0.827815,-1,-1,-1
808,56,1273.945,139.443,202.463,700.578,0.879097,-1,-1,-1
808,53,1031.434,170.308,319.444,730.879,0.895150,-1,-1,-1
808,57,907.156,186.419,134.835,530.836,0.792686,-1,-1,-1
808,58,799.619,225.411,123.059,450.210,0.807591,-1,-1,-1
808,59,530.518,246.316,127.640,331.392,0.643384,-1,-1,-1
808,60,8.092,1.266,533.900,1073.242,0.909456,-1,-1,-1
808,61,655.502,269.875,130.028,450.699,0.831305,-1,-1,-1
809,56,1285.028,130.367,207.859,713.427,0.859363,-1,-1,-1
809,53,1037.934,161.981,324.093,742.425,0.892371,-1,-1,-1
809,57,912.160,183.862,133.277,524.198,0.823994,-1,-1,-1
809,58,802.510,223.022,121.593,446.880,0.809100,-1,-1,-1
809,59,524.445,240.758,143.183,364.011,0.629953,-1,-1,-1
809,60,-2.400,2.441,529.994,1068.897,0.924525,-1,-1,-1
809,61,655.500,267.676,131.847,454.716,0.806083,-1,-1,-1
810,56,1293.893,121.389,214.826,729.447,0.882972,-1,-1,-1
810,53,1044.292,150.313,330.195,760.114,0.891539,-1,-1,-1
810,57,914.530,182.115,134.221,525.645,0.796934,-1,-1,-1
810,58,805.105,221.394,121.474,448.081,0.810211,-1,-1,-1
810,59,505.159,236.286,176.901,453.933,0.727284,-1,-1,-1
810,60,-15.708,2.987,524.247,1066.954,0.887467,-1,-1,-1
810,61,654.905,265.843,134.408,462.925,0.827955,-1,-1,-1
811,56,1301.442,117.370,222.008,745.756,0.901447,-1,-1,-1
811,53,1051.545,145.288,333.860,772.715,0.886249,-1,-1,-1
811,57,916.003,183.506,133.701,521.284,0.795396,-1,-1,-1
811,58,805.732,222.734,120.743,446.606,0.824281,-1,-1,-1
811,59,494.178,234.845,189.207,493.776,0.819888,-1,-1,-1
811,60,-34.728,4.508,514.300,1065.989,0.915728,-1,-1,-1
811,61,652.706,267.859,135.174,464.680,0.860501,-1,-1,-1
812,56,1309.927,112.932,231.325,769.371,0.895189,-1,-1,-1
812,53,1058.248,138.830,336.958,785.835,0.870974,-1,-1,-1
812,57,915.886,181.355,135.154,524.802,0.791066,-1,-1,-1
812,58,803.721,221.261,120.298,446.902,0.800183,-1,-1,-1
812,59,489.045,231.165,195.100,516.624,0.819139,-1,-1,-1
812,60,-51.578,3.010,503.417,1069.930,0.837507,-1,-1,-1
812,61,652.462,266.057,136.801,469.304,0.822596,-1,-1,-1
813,56,1315.000,108.335,241.304,796.203,0.892789,-1,-1,-1
813,53,1064.000,129.840,339.355,798.054,0.873543,-1,-1,-1
813,57,916.078,177.895,135.600,524.703,0.809300,-1,-1,-1
813,58,800.875,219.771,120.206,447.650,0.801377,-1,-1,-1
813,59,484.930,224.599,197.539,531.843,0.809026,-1,-1,-1
813,60,-63.122,3.216,486.212,1064.104,0.638044,-1,-1,-1
813,61,646.983,262.847,140.675,477.495,0.783484,-1,-1,-1
813,63,320.869,69.247,177.233,802.630,0.857386,-1,-1,-1
814,56,1320.708,103.015,249.204,817.800,0.886570,-1,-1,-1
814,53,1068.352,114.190,349.401,833.275,0.869654,-1,-1,-1
814,57,914.963,175.645,136.418,524.881,0.799634,-1,-1,-1
814,58,797.986,219.050,120.443,448.143,0.802987,-1,-1,-1
814,59,481.259,219.818,197.832,541.669,0.818800,-1,-1,-1
814,60,-63.393,2.392,470.400,1058.300,0.748963,-1,-1,-1
814,61,638.448,259.223,145.215,483.510,0.793083,-1,-1,-1
814,63,295.949,58.825,183.294,824.169,0.884428,-1,-1,-1
815,56,1330.276,101.670,252.655,822.581,0.868688,-1,-1,-1
815,53,1076.205,107.599,358.184,869.363,0.869578,-1,-1,-1
815,57,913.612,175.140,137.518,527.387,0.799205,-1,-1,-1
815,58,795.984,219.143,120.810,449.158,0.797312,-1,-1,-1
815,59,477.970,217.711,197.438,549.624,0.812645,-1,-1,-1
815,60,-88.294,4.772,448.717,1057.625,0.346445,-1,-1,-1
815,61,636.559,256.194,149.108,490.431,0.775348,-1,-1,-1
815,63,271.520,48.828,189.413,840.710,0.886409,-1,-1,-1
816,56,1334.356,99.175,258.702,835.218,0.863528,-1,-1,-1
816,53,1081.677,107.737,361.928,896.186,0.869805,-1,-1,-1
816,57,912.640,176.711,138.165,528.324,0.812275,-1,-1,-1
816,58,792.701,221.390,121.842,449.954,0.806125,-1,-1,-1
816,59,472.523,218.983,196.262,554.079,0.839379,-1,-1,-1
816,61,635.554,253.886,151.795,495.016,0.776254,-1,-1,-1
816,63,257.975,40.626,195.044,851.947,0.895368,-1,-1,-1
817,56,1338.815,95.637,270.030,866.575,0.866535,-1,-1,-1
817,53,1085.104,108.507,368.088,929.772,0.877854,-1,-1,-1
817,57,913.014,177.943,138.508,527.598,0.821388,-1,-1,-1
817,58,788.721,224.128,122.575,449.150,0.814835,-1,-1,-1
817,59,464.962,218.239,195.962,558.713,0.851286,-1,-1,-1
817,61,634.932,251.147,153.536,500.149,0.774364,-1,-1,-1
817,63,247.337,35.895,201.552,863.013,0.895683,-1,-1,-1
818,56,1342.209,90.130,279.259,890.508,0.867421,-1,-1,-1
818,53,1092.304,107.376,364.879,936.513,0.884824,-1,-1,-1
818,57,912.266,180.753,138.794,528.744,0.816256,-1,-1,-1
818,58,785.667,227.126,122.359,445.637,0.846993,-1,-1,-1
818,59,455.668,218.616,197.449,565.241,0.872431,-1,-1,-1
818,61,630.661,249.593,155.514,504.294,0.807666,-1,-1,-1
818,63,234.988,30.885,212.501,891.843,0.893395,-1,-1,-1
819,56,1344.382,81.707,289.582,917.310,0.866834,-1,-1,-1
819,53,1098.618,107.113,364.312,948.615,0.878487,-1,-1,-1
819,57,907.419,182.083,139.268,532.448,0.811069,-1,-1,-1
819,58,781.790,228.060,122.982,444.325,0.861317,-1,-1,-1
819,59,444.571,217.753,198.903,569.878,0.866452,-1,-1,-1
819,61,623.129,249.181,158.287,512.322,0.794276,-1,-1,-1
819,63,218.742,24.530,225.496,927.901,0.898358,-1,-1,-1
820,56,1345.906,70.993,298.338,938.228,0.861183,-1,-1,-1
820,53,1105.124,105.120,367.212,970.188,0.876587,-1,-1,-1
820,57,905.309,182.742,139.662,535.634,0.808553,-1,-1,-1
820,58,776.902,227.951,123.944,442.266,0.855205,-1,-1,-1
820,59,434.456,216.829,201.101,574.925,0.854939,-1,-1,-1
820,61,620.387,244.116,161.675,521.121,0.811723,-1,-1,-1
820,63,201.917,17.643,238.723,964.884,0.902595,-1,-1,-1
821,56,1351.773,56.068,304.151,951.257,0.847745,-1,-1,-1
821,53,1114.040,99.526,367.606,981.591,0.889219,-1,-1,-1
821,57,904.905,182.212,139.988,538.373,0.803692,-1,-1,-1
821,58,770.683,226.188,126.063,443.475,0.853954,-1,-1,-1
821,59,427.365,215.802,203.989,581.986,0.821808,-1,-1,-1
821,61,619.910,241.537,164.685,527.016,0.845440,-1,-1,-1
821,63,189.490,12.371,249.416,989.405,0.898502,-1,-1,-1
822,56,1359.307,41.070,309.402,968.107,0.875553,-1,-1,-1
822,53,1124.236,86.407,370.782,998.424,0.887284,-1,-1,-1
822,57,905.066,181.933,139.521,537.461,0.812486,-1,-1,-1
822,58,768.452,223.326,128.857,447.173,0.841911,-1,-1,-1
822,59,417.519,213.908,208.418,593.277,0.785991,-1,-1,-1
822,61,615.744,237.359,168.140,532.485,0.863970,-1,-1,-1
822,63,175.162,9.037,258.070,1006.241,0.904624,-1,-1,-1
823,56,1371.212,18.247,308.029,965.180,0.876376,-1,-1,-1
823,53,1134.072,68.091,375.226,1016.226,0.884690,-1,-1,-1
823,57,905.766,181.297,139.040,535.391,0.821454,-1,-1,-1
823,58,764.415,218.016,131.857,452.123,0.834670,-1,-1,-1
823,59,411.246,211.578,211.916,603.079,0.820574,-1,-1,-1
823,61,612.675,233.478,172.015,540.515,0.869790,-1,-1,-1
823,63,160.322,3.642,267.618,1027.019,0.909727,-1,-1,-1
823,65,1049.107,303.639,102.612,262.436,0.693245,-1,-1,-1
824,56,1382.484,6.511,309.807,974.479,0.888710,-1,-1,-1
824,53,1138.902,49.211,380.504,1034.160,0.879959,-1,-1,-1
824,57,906.899,180.366,139.283,535.264,0.813495,-1,-1,-1
824,58,761.580,214.090,134.518,454.928,0.834207,-1,-1,-1
824,59,407.278,207.573,214.602,611.722,0.835900,-1,-1,-1
824,61,608.573,230.026,176.172,550.683,0.852627,-1,-1,-1
824,63,145.189,-0.118,277.919,1050.999,0.903106,-1,-1,-1
824,65,1051.054,303.072,102.884,263.205,0.694192,-1,-1,-1
825,56,1393.100,1.406,316.890,1008.152,0.878546,-1,-1,-1
825,53,1144.455,30.908,388.066,1051.808,0.880863,-1,-1,-1
825,57,910.746,182.382,139.508,532.546,0.819665,-1,-1,-1
825,58,759.634,211.078,136.874,454.545,0.821459,-1,-1,-1
825,59,402.657,204.194,216.726,618.990,0.837528,-1,-1,-1
825,61,603.887,228.350,181.620,566.372,0.847353,-1,-1,-1
825,63,130.351,-1.183,283.585,1053.538,0.882196,-1,-1,-1
825,65,1053.692,302.504,102.997,263.771,0.661465,-1,-1,-1
826,56,1402.599,-0.037,323.452,1045.074,0.855185,-1,-1,-1
826,53,1151.968,15.684,398.079,1066.198,0.888279,-1,-1,-1
826,57,911.736,178.589,140.830,536.788,0.817472,-1,-1,-1
826,58,758.413,209.736,138.920,454.292,0.824545,-1,-1,-1
826,59,397.961,201.383,219.353,627.459,0.798261,-1,-1,-1
826,61,600.237,228.255,186.694,580.961,0.860891,-1,-1,-1
826,63,117.526,-1.548,287.075,1045.326,0.882544,-1,-1,-1
826,65,1056.897,301.523,103.274,264.454,0.643290,-1,-1,-1
827,56,1422.873,-0.851,324.267,1072.813,0.865571,-1,-1,-1
827,53,1160.040,5.168,409.502,1076.297,0.900571,-1,-1,-1
827,57,914.423,179.349,141.319,533.249,0.819872,-1,-1,-1
827,58,757.097,209.441,140.744,452.985,0.821545,-1,-1,-1
827,59,392.684,198.057,222.121,636.510,0.782626,-1,-1,-1
827,61,597.779,228.446,189.252,587.808,0.858346,-1,-1,-1
827,63,100.741,-0.225,297.071,1064.379,0.893743,-1,-1,-1
827,65,1059.903,300.166,103.729,265.562,0.652883,-1,-1,-1
828,56,1447.308,-1.252,317.952,1077.200,0.872634,-1,-1,-1
828,53,1174.057,1.313,421.171,1075.687,0.897964,-1,-1,-1
828,57,914.962,177.880,142.608,530.674,0.806093,-1,-1,-1
828,58,755.203,208.812,142.732,452.503,0.827698,-1,-1,-1
828,59,386.020,193.231,224.488,645.108,0.868602,-1,-1,-1
828,61,595.841,228.006,191.096,591.876,0.864362,-1,-1,-1
828,63,84.430,-0.606,305.471,1076.924,0.907971,-1,-1,-1
828,65,1062.318,296.813,105.453,269.805,0.699181,-1,-1,-1
829,56,1470.469,0.737,310.125,1068.920,0.818424,-1,-1,-1
829,53,1188.242,2.851,434.080,1070.430,0.900964,-1,-1,-1
829,57,918.191,176.483,142.815,525.205,0.810231,-1,-1,-1
829,58,756.781,210.596,144.740,452.619,0.820146,-1,-1,-1
829,59,381.679,191.502,225.064,651.859,0.867775,-1,-1,-1
829,61,592.923,231.283,195.219,603.671,0.841184,-1,-1,-1
829,63,70.441,0.355,311.163,1076.282,0.913308,-1,-1,-1
829,65,1068.453,298.170,104.832,268.293,0.744863,-1,-1,-1
830,56,1499.298,-1.002,305.283,1070.213,0.803563,-1,-1,-1
830,53,1201.143,3.022,451.748,1070.301,0.902291,-1,-1,-1
830,57,925.055,180.444,141.444,514.815,0.780899,-1,-1,-1
830,58,761.238,213.942,147.416,452.060,0.789088,-1,-1,-1
830,59,380.520,190.807,225.678,658.119,0.876114,-1,-1,-1
830,61,590.547,231.443,199.875,617.226,0.852075,-1,-1,-1
830,63,55.130,0.556,318.301,1074.490,0.918756,-1,-1,-1
830,65,1073.092,298.862,104.868,268.434,0.748940,-1,-1,-1
831,56,1531.035,0.122,301.443,1068.971,0.765958,-1,-1,-1
831,53,1215.675,2.247,472.940,1070.142,0.898275,-1,-1,-1
831,57,928.847,178.859,143.059,515.183,0.806022,-1,-1,-1
831,58,763.008,214.600,148.379,451.428,0.824290,-1,-1,-1
831,59,375.993,189.219,228.555,670.889,0.874273,-1,-1,-1
831,61,587.968,230.268,204.018,628.992,0.853530,-1,-1,-1
831,63,42.645,0.560,328.126,1079.252,0.923320,-1,-1,-1
831,65,1078.218,297.489,105.566,269.437,0.699993,-1,-1,-1
832,56,1562.147,0.917,298.374,1066.943,0.724346,-1,-1,-1
832,53,1222.517,2.115,495.570,1070.761,0.901994,-1,-1,-1
832,57,936.089,179.283,143.404,513.861,0.807341,-1,-1,-1
832,58,764.305,216.322,149.034,449.958,0.829154,-1,-1,-1
832,59,373.665,189.290,230.125,680.078,0.879247,-1,-1,-1
832,61,585.180,228.991,206.255,635.639,0.848751,-1,-1,-1
832,63,37.575,0.508,338.048,1083.360,0.928055,-1,-1,-1
832,65,1082.109,296.546,108.831,278.288,0.686300,-1,-1,-1
833,56,1594.982,-0.224,297.898,1072.211,0.517366,-1,-1,-1
833,53,1235.795,1.313,521.795,1070.830,0.909653,-1,-1,-1
833,57,935.703,175.711,146.433,520.197,0.808803,-1,-1,-1
833,58,764.777,217.489,150.193,448.989,0.827733,-1,-1,-1
833,59,371.383,188.529,232.753,692.397,0.885845,-1,-1,-1
833,61,582.656,228.174,209.287,645.083,0.850484,-1,-1,-1
833,63,35.709,0.096,346.379,1082.558,0.926495,-1,-1,-1
833,65,1087.933,295.096,109.124,279.244,0.704737,-1,-1,-1
834,56,1655.343,-0.033,225.206,747.126,0.626156,-1,-1,-1
834,53,1243.891,0.443,548.165,1070.121,0.919049,-1,-1,-1
834,57,940.623,174.507,148.446,526.486,0.812516,-1,-1,-1
834,58,771.024,219.341,151.450,448.117,0.821645,-1,-1,-1
834,59,366.148,188.480,236.591,708.440,0.865687,-1,-1,-1
834,61,580.647,224.811,212.068,653.056,0.844826,-1,-1,-1
834,63,34.968,-0.015,353.770,1079.296,0.922412,-1,-1,-1
834,65,1093.934,297.944,107.615,275.605,0.641027,-1,-1,-1
835,53,1243.032,1.186,571.693,1071.465,0.912472,-1,-1,-1
835,57,942.291,179.254,150.013,525.310,0.763274,-1,-1,-1
835,58,776.473,221.009,153.230,449.300,0.836797,-1,-1,-1
835,59,363.352,189.748,239.074,720.804,0.878484,-1,-1,-1
835,61,580.146,222.429,214.980,661.271,0.849937,-1,-1,-1
835,63,33.840,1.267,359.972,1073.736,0.927795,-1,-1,-1
835,65,1098.704,296.500,110.036,282.944,0.713967,-1,-1,-1
836,53,1244.190,1.050,588.554,1066.353,0.921053,-1,-1,-1
836,57,946.884,183.012,151.543,524.893,0.751798,-1,-1,-1
836,58,783.396,223.912,152.986,448.065,0.843213,-1,-1,-1
836,59,361.581,190.729,240.910,734.210,0.861925,-1,-1,-1
836,61,579.490,221.525,219.392,671.216,0.857926,-1,-1,-1
836,63,31.508,1.996,366.522,1071.770,0.928436,-1,-1,-1
836,65,1108.538,297.199,109.467,282.958,0.732081,-1,-1,-1
837,53,1244.416,3.608,603.986,1065.301,0.920610,-1,-1,-1
837,57,953.079,188.464,151.583,521.320,0.795766,-1,-1,-1
837,58,788.571,225.514,155.013,452.061,0.833489,-1,-1,-1
837,59,361.533,189.883,242.556,746.627,0.858216,-1,-1,-1
837,61,579.328,218.685,223.951,680.603,0.870261,-1,-1,-1
837,63,29.624,1.799,373.073,1071.436,0.930111,-1,-1,-1
837,65,1115.736,297.757,109.917,286.562,0.770830,-1,-1,-1
838,53,1254.860,4.782,615.125,1066.403,0.883516,-1,-1,-1
838,57,960.638,193.447,152.031,518.479,0.818734,-1,-1,-1
838,58,796.151,226.338,157.025,453.128,0.829616,-1,-1,-1
838,59,361.374,187.283,244.715,759.133,0.856185,-1,-1,-1
838,61,579.668,217.076,227.014,686.322,0.861724,-1,-1,-1
838,63,28.196,0.882,379.197,1071.044,0.926353,-1,-1,-1
838,65,1122.044,299.601,108.975,286.443,0.754488,-1,-1,-1
839,53,1279.381,4.782,617.997,1064.938,0.899421,-1,-1,-1
839,57,967.409,194.145,152.953,521.232,0.811562,-1,-1,-1
839,58,805.518,227.589,157.960,450.927,0.814893,-1,-1,-1
839,59,359.717,185.623,248.172,776.704,0.847862,-1,-1,-1
839,61,582.573,213.231,230.184,693.282,0.865002,-1,-1,-1
839,63,27.185,0.578,384.995,1070.346,0.929027,-1,-1,-1
839,65,1128.688,297.647,109.604,290.285,0.714997,-1,-1,-1
840,53,1322.717,3.026,612.465,1065.222,0.778070,-1,-1,-1
840,57,970.483,194.221,153.763,522.550,0.809339,-1,-1,-1
840,58,808.912,224.720,158.298,453.514,0.814749,-1,-1,-1
840,59,359.729,182.939,249.877,787.448,0.826302,-1,-1,-1
840,61,585.092,207.194,233.731,700.630,0.867865,-1,-1,-1
840,63,25.190,1.255,390.406,1070.045,0.928787,-1,-1,-1
840,65,1135.319,296.435,110.402,293.922,0.673707,-1,-1,-1
841,53,1370.865,2.668,598.344,1062.411,0.925908,-1,-1,-1
841,57,977.652,190.950,153.538,525.472,0.797136,-1,-1,-1
841,58,817.705,221.706,159.168,454.833,0.818006,-1,-1,-1
841,59,357.823,176.318,251.824,799.136,0.817186,-1,-1,-1
841,61,588.260,200.909,236.519,706.439,0.862240,-1,-1,-1
841,63,23.363,0.800,395.208,1069.132,0.926151,-1,-1,-1
841,65,1144.061,295.690,110.136,295.754,0.711263,-1,-1,-1
842,53,1426.741,2.590,578.423,1063.378,0.866773,-1,-1,-1
842,57,980.949,190.997,153.015,523.388,0.812289,-1,-1,-1
842,58,825.574,219.981,160.388,454.457,0.848328,-1,-1,-1
842,59,354.956,164.564,254.290,811.509,0.833307,-1,-1,-1
842,61,589.066,195.657,239.473,712.191,0.860510,-1,-1,-1
842,63,20.470,1.229,399.574,1069.471,0.921663,-1,-1,-1
842,65,1149.744,294.847,108.947,294.089,0.673187,-1,-1,-1
842,66,1376.517,230.281,222.466,628.740,0.870844,-1,-1,-1
843,53,1484.909,4.460,550.380,1060.118,0.620406,-1,-1,-1
843,57,988.976,187.785,153.109,523.404,0.812158,-1,-1,-1
843,58,832.415,217.408,159.560,448.960,0.828026,-1,-1,-1
843,59,352.919,152.652,258.972,833.062,0.844408,-1,-1,-1
843,61,586.547,190.219,245.825,728.909,0.845541,-1,-1,-1
843,63,18.117,1.893,402.489,1067.378,0.923051,-1,-1,-1
843,65,1159.397,292.426,108.139,295.149,0.642513,-1,-1,-1
843,66,1394.328,219.669,239.638,677.649,0.893079,-1,-1,-1
844,53,1539.378,2.046,522.597,1067.686,0.702480,-1,-1,-1
844,57,995.482,182.194,154.583,526.173,0.817275,-1,-1,-1
844,58,835.934,215.237,159.135,445.547,0.834232,-1,-1,-1
844,59,348.565,141.288,261.230,842.238,0.852213,-1,-1,-1
844,61,584.674,184.269,253.094,752.448,0.847816,-1,-1,-1
844,63,13.038,1.446,402.494,1061.572,0.895967,-1,-1,-1
844,65,1163.685,284.718,108.806,300.162,0.741102,-1,-1,-1
844,66,1411.270,208.032,256.602,726.239,0.891218,-1,-1,-1
845,53,1591.274,4.088,486.379,1062.498,0.684310,-1,-1,-1
845,57,997.446,177.333,154.923,528.392,0.795221,-1,-1,-1
845,58,838.302,207.729,161.383,448.127,0.824459,-1,-1,-1
845,59,341.616,131.562,263.864,847.831,0.857942,-1,-1,-1
845,61,585.127,176.030,259.990,773.994,0.844368,-1,-1,-1
845,63,6.750,3.371,403.305,1061.755,0.818676,-1,-1,-1
845,65,1166.611,278.386,109.404,304.602,0.772465,-1,-1,-1
845,66,1429.503,198.478,268.657,760.562,0.890970,-1,-1,-1
846,57,999.729,172.344,155.304,530.273,0.793411,-1,-1,-1
846,58,840.204,202.975,163.261,451.206,0.809202,-1,-1,-1
846,59,332.729,121.737,268.068,855.336,0.841316,-1,-1,-1
846,61,583.810,169.964,263.172,786.602,0.825652,-1,-1,-1
846,63,-1.981,5.587,403.288,1065.596,0.756524,-1,-1,-1
846,65,1169.859,277.532,108.085,302.250,0.803787,-1,-1,-1
846,66,1438.323,191.112,275.973,782.332,0.903154,-1,-1,-1
847,57,1002.570,164.545,154.919,527.649,0.810423,-1,-1,-1
847,58,841.266,196.911,164.168,452.387,0.816088,-1,-1,-1
847,59,326.690,111.648,274.242,867.969,0.814667,-1,-1,-1
847,61,582.735,159.866,267.494,803.314,0.831988,-1,-1,-1
847,63,-14.811,7.636,397.055,1061.510,0.730809,-1,-1,-1
847,65,1177.755,275.196,106.255,298.695,0.705488,-1,-1,-1
847,66,1446.808,185.805,278.405,792.735,0.887504,-1,-1,-1
848,57,1002.709,155.866,154.513,523.373,0.807642,-1,-1,-1
848,58,841.298,191.210,166.124,454.462,0.848683,-1,-1,-1
848,59,316.693,102.028,280.002,881.052,0.866099,-1,-1,-1
848,61,577.825,151.834,271.778,819.013,0.834289,-1,-1,-1
848,63,-40.118,7.571,382.630,1054.162,0.647924,-1,-1,-1
848,65,1179.826,270.872,105.793,299.385,0.734096,-1,-1,-1
848,66,1456.655,179.894,281.305,806.482,0.894212,-1,-1,-1
849,57,1000.319,150.432,153.900,520.554,0.804511,-1,-1,-1
849,58,840.352,188.728,167.330,454.990,0.870268,-1,-1,-1
849,59,304.808,94.989,287.446,901.733,0.892740,-1,-1,-1
849,61,565.972,147.347,283.412,857.164,0.862238,-1,-1,-1
849,63,-62.924,9.086,367.353,1055.776,0.398780,-1,-1,-1
849,65,1178.857,268.581,105.727,301.324,0.806234,-1,-1,-1
849,66,1466.555,176.226,288.678,835.320,0.894086,-1,-1,-1
850,57,999.295,146.099,153.174,518.269,0.806329,-1,-1,-1
850,58,838.087,186.730,167.961,453.863,0.874156,-1,-1,-1
850,59,291.967,85.971,294.337,920.763,0.883921,-1,-1,-1
850,61,559.602,140.865,289.846,879.850,0.850071,-1,-1,-1
850,65,1179.193,263.934,105.250,303.450,0.778925,-1,-1,-1
850,66,1477.941,174.002,291.505,852.255,0.893120,-1,-1,-1
851,57,998.754,142.029,153.373,518.455,0.804376,-1,-1,-1
851,58,835.207,182.316,169.840,457.098,0.867603,-1,-1,-1
851,59,279.161,74.121,301.367,940.369,0.896575,-1,-1,-1
851,61,553.616,134.678,295.375,897.529,0.868511,-1,-1,-1
851,65,1176.063,257.312,107.239,308.414,0.745733,-1,-1,-1
851,66,1491.568,168.218,293.769,866.728,0.901972,-1,-1,-1
851,63,-81.047,6.885,289.458,891.403,0.620695,-1,-1,-1
852,57,997.941,138.330,153.744,517.698,0.807109,-1,-1,-1
852,58,833.825,179.725,170.595,456.348,0.851487,-1,-1,-1
852,59,265.116,65.710,308.535,959.747,0.891790,-1,-1,-1
852,61,546.926,122.592,301.031,914.584,0.878660,-1,-1,-1
852,65,1177.549,252.436,106.533,310.061,0.740450,-1,-1,-1
852,66,1505.531,162.400,295.082,876.618,0.903306,-1,-1,-1
853,57,997.538,134.362,154.869,517.672,0.799825,-1,-1,-1
853,58,829.291,178.378,170.312,454.125,0.841580,-1,-1,-1
853,59,248.843,56.103,319.661,993.667,0.897373,-1,-1,-1
853,61,540.207,110.293,306.496,930.450,0.886995,-1,-1,-1
853,65,1179.682,246.175,107.151,314.563,0.741410,-1,-1,-1
853,66,1517.848,148.506,299.341,894.010,0.901417,-1,-1,-1
854,57,991.332,132.591,156.321,517.382,0.799756,-1,-1,-1
854,58,826.654,177.271,170.597,453.684,0.846757,-1,-1,-1
854,59,229.822,48.524,328.616,1019.297,0.900099,-1,-1,-1
854,61,534.900,100.700,312.440,949.147,0.892828,-1,-1,-1
854,65,1177.119,242.879,107.051,316.881,0.703745,-1,-1,-1
854,66,1526.881,138.620,303.943,910.700,0.902025,-1,-1,-1
855,57,988.239,129.850,159.008,520.534,0.815800,-1,-1,-1
855,58,824.345,174.734,170.503,454.455,0.841789,-1,-1,-1
855,59,214.397,39.631,333.596,1030.988,0.900763,-1,-1,-1
855,61,525.713,89.724,318.285,964.125,0.894136,-1,-1,-1
855,65,1172.448,239.413,106.932,318.955,0.631504,-1,-1,-1
855,66,1537.914,129.381,307.740,924.251,0.908308,-1,-1,-1
856,57,986.853,125.049,160.828,527.118,0.835191,-1,-1,-1
856,58,819.951,172.473,171.231,455.518,0.845436,-1,-1,-1
856,59,194.151,29.504,339.464,1044.342,0.907261,-1,-1,-1
856,61,517.463,77.082,325.332,981.342,0.902282,-1,-1,-1
856,65,1171.003,235.814,105.844,319.447,0.654558,-1,-1,-1
856,66,1546.396,115.240,314.937,942.913,0.910574,-1,-1,-1
857,57,983.530,122.192,161.974,528.340,0.844683,-1,-1,-1
857,58,814.215,169.359,172.811,456.492,0.849179,-1,-1,-1
857,59,185.094,20.579,342.388,1055.297,0.886775,-1,-1,-1
857,61,505.608,66.065,334.502,1003.695,0.904523,-1,-1,-1
857,65,1169.070,230.847,106.001,321.515,0.699948,-1,-1,-1
857,66,1550.804,105.840,321.887,956.256,0.902457,-1,-1,-1
858,57,981.066,121.917,161.102,527.170,0.835341,-1,-1,-1
858,58,805.383,162.926,174.341,461.106,0.839126,-1,-1,-1
858,59,148.350,8.692,350.292,1065.301,0.899843,-1,-1,-1
858,61,494.189,54.412,343.330,1023.736,0.902606,-1,-1,-1
858,65,1166.028,227.076,105.826,323.473,0.696161,-1,-1,-1
858,66,1551.182,92.337,334.380,980.104,0.897965,-1,-1,-1
859,57,972.422,124.120,160.867,523.181,0.827884,-1,-1,-1
859,58,801.516,157.405,174.519,462.589,0.823395,-1,-1,-1
859,59,123.197,3.423,355.275,1068.217,0.906789,-1,-1,-1
859,61,484.689,41.937,349.647,1036.080,0.904076,-1,-1,-1
859,65,1163.319,224.248,105.369,323.771,0.710992,-1,-1,-1
859,66,1561.972,79.828,342.784,996.407,0.880741,-1,-1,-1
860,57,967.510,124.617,161.902,521.677,0.848927,-1,-1,-1
860,58,799.178,151.106,174.732,464.842,0.828219,-1,-1,-1
860,59,96.006,0.893,361.166,1070.817,0.901816,-1,-1,-1
860,61,473.891,29.484,356.706,1049.811,0.916330,-1,-1,-1
860,65,1159.360,219.638,105.573,325.923,0.695813,-1,-1,-1
860,66,1566.721,64.958,350.641,1015.898,0.902930,-1,-1,-1
861,57,964.272,122.865,163.050,520.654,0.861900,-1,-1,-1
861,58,795.018,146.513,174.661,465.107,0.851158,-1,-1,-1
861,59,68.336,0.577,368.379,1073.327,0.869170,-1,-1,-1
861,61,462.188,17.656,363.847,1061.704,0.910064,-1,-1,-1
861,65,1158.350,215.401,105.815,327.818,0.687734,-1,-1,-1
861,66,1568.583,55.861,354.634,1025.587,0.907420,-1,-1,-1
862,57,962.056,120.599,164.241,519.562,0.848810,-1,-1,-1
862,58,795.458,143.909,173.465,461.795,0.839525,-1,-1,-1
862,59,40.271,-0.707,375.647,1073.421,0.787272,-1,-1,-1
862,61,453.037,8.016,369.746,1070.970,0.913667,-1,-1,-1
862,65,1158.741,213.165,104.708,326.178,0.665891,-1,-1,-1
862,66,1572.068,41.223,357.547,1037.053,0.910708,-1,-1,-1
863,57,965.302,116.161,165.448,521.269,0.830414,-1,-1,-1
863,58,794.723,141.285,172.963,460.346,0.848900,-1,-1,-1
863,59,29.270,-1.728,379.602,1075.202,0.852509,-1,-1,-1
863,61,443.203,2.304,374.732,1075.276,0.920142,-1,-1,-1
863,65,1159.252,211.454,103.729,324.464,0.646560,-1,-1,-1
863,66,1577.523,33.775,357.435,1043.452,0.909242,-1,-1,-1
864,57,966.823,113.339,166.910,523.442,0.833890,-1,-1,-1
864,58,793.130,139.466,172.675,459.493,0.854404,-1,-1,-1
864,59,18.975,-1.623,382.885,1075.240,0.897681,-1,-1,-1
864,61,430.858,0.200,378.623,1076.649,0.922499,-1,-1,-1
864,65,1159.248,208.303,104.536,328.495,0.639216,-1,-1,-1
864,66,1582.137,20.434,358.655,1058.073,0.904037,-1,-1,-1
865,57,966.720,110.432,169.231,527.539,0.828725,-1,-1,-1
865,58,794.163,137.272,172.899,460.636,0.849941,-1,-1,-1
865,59,8.701,-1.637,384.706,1074.369,0.911785,-1,-1,-1
865,61,418.915,-0.419,382.657,1078.155,0.920180,-1,-1,-1
865,65,1159.267,206.039,105.614,331.682,0.633381,-1,-1,-1
865,66,1590.322,12.056,356.472,1067.061,0.901282,-1,-1,-1
866,57,968.059,108.287,170.452,528.843,0.833839,-1,-1,-1
866,58,795.274,135.660,173.717,464.114,0.854086,-1,-1,-1
866,59,-6.084,1.226,382.371,1072.300,0.911768,-1,-1,-1
866,61,404.126,0.216,386.931,1076.988,0.919497,-1,-1,-1
866,65,1161.436,204.181,105.176,333.013,0.682664,-1,-1,-1
866,66,1608.587,2.384,350.611,1075.333,0.888438,-1,-1,-1
867,57,974.422,106.412,170.470,529.013,0.822091,-1,-1,-1
867,58,795.644,136.689,174.586,466.966,0.857108,-1,-1,-1
867,59,-18.710,2.213,377.727,1070.915,0.920652,-1,-1,-1
867,61,386.343,2.012,390.523,1073.018,0.915420,-1,-1,-1
867,65,1166.343,202.490,105.068,335.410,0.699078,-1,-1,-1
867,66,1631.614,-0.121,340.104,1077.840,0.872793,-1,-1,-1
868,57,980.329,107.932,167.247,523.262,0.826296,-1,-1,-1
868,58,795.266,139.897,175.593,469.449,0.859007,-1,-1,-1
868,59,-28.077,1.845,371.854,1071.142,0.911100,-1,-1,-1
868,61,363.236,0.796,396.218,1073.179,0.919242,-1,-1,-1
868,65,1168.389,202.734,105.068,337.643,0.699471,-1,-1,-1
868,66,1666.425,110.602,297.000,965.260,0.751621,-1,-1,-1
869,57,981.416,107.055,165.660,521.114,0.822946,-1,-1,-1
869,58,794.483,142.408,175.905,471.079,0.862962,-1,-1,-1
869,59,-35.552,2.787,362.605,1065.763,0.916465,-1,-1,-1
869,61,338.027,1.050,402.726,1071.756,0.916064,-1,-1,-1
869,65,1170.192,203.378,105.063,339.766,0.707880,-1,-1,-1
870,57,979.957,108.935,163.646,518.630,0.824140,-1,-1,-1
870,58,794.163,144.337,176.050,472.732,0.869057,-1,-1,-1
870,59,-42.600,4.761,352.611,1062.678,0.912618,-1,-1,-1
870,61,309.860,1.551,411.197,1071.745,0.911326,-1,-1,-1
870,65,1170.868,203.572,105.574,342.669,0.710116,-1,-1,-1
870,66,1738.038,190.823,205.967,680.328,0.760053,-1,-1,-1
871,57,979.491,112.855,161.561,518.062,0.817773,-1,-1,-1
871,58,794.794,149.449,175.252,471.399,0.858710,-1,-1,-1
871,59,-49.482,5.996,341.974,1062.243,0.895907,-1,-1,-1
871,61,281.000,1.443,420.561,1072.578,0.915949,-1,-1,-1
871,65,1172.606,204.831,105.510,344.296,0.687840,-1,-1,-1
871,66,1771.155,242.304,174.364,594.231,0.582805,-1,-1,-1
872,57,981.430,115.925,159.962,517.841,0.811141,-1,-1,-1
872,58,795.599,155.111,174.633,470.864,0.849031,-1,-1,-1
872,59,-58.239,7.200,328.356,1059.851,0.878675,-1,-1,-1
872,61,253.699,1.269,430.094,1070.558,0.914631,-1,-1,-1
872,65,1177.039,206.118,104.981,346.510,0.717983,-1,-1,-1
872,67,617.308,144.091,162.268,469.128,0.794117,-1,-1,-1
873,57,981.302,120.061,157.658,515.773,0.810611,-1,-1,-1
873,58,796.409,159.649,174.938,472.758,0.835618,-1,-1,-1
873,59,-62.686,36.918,306.451,1032.297,0.860209,-1,-1,-1
873,61,220.994,2.080,441.641,1068.620,0.923688,-1,-1,-1
873,65,1178.103,207.934,105.087,348.663,0.708262,-1,-1,-1
873,67,610.194,146.431,166.844,482.851,0.762663,-1,-1,-1
874,57,980.942,123.517,156.905,519.508,0.798529,-1,-1,-1
874,58,797.283,164.466,174.512,472.983,0.837090,-1,-1,-1
874,59,-63.054,97.067,276.208,975.837,0.811868,-1,-1,-1
874,61,186.719,0.389,454.918,1068.846,0.910173,-1,-1,-1
874,65,1178.129,209.722,105.245,349.696,0.721707,-1,-1,-1
874,67,605.771,150.257,168.597,488.157,0.756330,-1,-1,-1
875,57,981.540,128.696,154.805,518.328,0.791026,-1,-1,-1
875,58,799.315,165.755,174.362,474.118,0.828956,-1,-1,-1
875,61,160.373,0.982,466.414,1066.346,0.913735,-1,-1,-1
875,65,1176.106,211.650,105.787,349.202,0.649294,-1,-1,-1
875,67,601.104,151.146,169.783,491.133,0.774055,-1,-1,-1
876,57,984.019,132.751,152.314,516.882,0.801437,-1,-1,-1
876,58,801.494,167.737,173.322,471.749,0.837292,-1,-1,-1
876,61,108.496,1.565,485.209,1068.291,0.897668,-1,-1,-1
876,65,1178.157,211.577,107.094,350.752,0.606260,-1,-1,-1
876,67,593.975,150.123,172.499,498.049,0.800011,-1,-1,-1
877,57,983.970,135.469,150.589,517.695,0.811463,-1,-1,-1
877,58,803.580,168.389,171.159,465.270,0.834274,-1,-1,-1
877,61,76.717,1.698,500.630,1068.438,0.936888,-1,-1,-1
877,65,1177.667,210.786,108.509,353.898,0.640279,-1,-1,-1
877,67,582.952,148.601,174.058,503.257,0.788134,-1,-1,-1
878,57,981.794,136.243,148.957,516.054,0.799711,-1,-1,-1
878,58,801.898,166.653,172.359,469.475,0.829453,-1,-1,-1
878,61,56.349,2.280,513.361,1069.558,0.941673,-1,-1,-1
878,65,1179.421,208.970,109.757,356.833,0.643839,-1,-1,-1
878,67,576.656,145.298,177.173,510.004,0.796580,-1,-1,-1
879,57,981.322,137.074,146.972,513.663,0.816340,-1,-1,-1
879,58,800.461,164.154,173.353,473.529,0.838850,-1,-1,-1
879,61,40.252,2.076,521.889,1068.786,0.923958,-1,-1,-1
879,65,1176.208,208.006,110.312,357.526,0.691133,-1,-1,-1
879,67,567.832,144.607,179.614,513.820,0.839074,-1,-1,-1
880,57,979.545,137.065,145.523,511.407,0.810276,-1,-1,-1
880,58,800.831,160.761,172.245,470.641,0.850688,-1,-1,-1
880,61,25.953,5.463,526.407,1066.274,0.916749,-1,-1,-1
880,65,1174.596,205.082,111.443,360.343,0.716308,-1,-1,-1
880,67,559.176,144.163,182.969,518.445,0.851469,-1,-1,-1
881,57,977.384,136.582,145.106,510.732,0.807004,-1,-1,-1
881,58,800.691,158.633,171.106,466.713,0.860522,-1,-1,-1
881,61,12.233,5.217,528.424,1064.486,0.926143,-1,-1,-1
881,65,1176.377,201.525,112.342,364.129,0.711229,-1,-1,-1
881,67,552.045,144.330,187.261,521.365,0.829673,-1,-1,-1
882,57,970.075,134.214,146.361,514.405,0.841320,-1,-1,-1
882,58,798.007,155.549,171.582,468.036,0.855513,-1,-1,-1
882,61,0.793,5.963,528.644,1063.948,0.920803,-1,-1,-1
882,65,1177.504,200.360,112.639,364.943,0.751921,-1,-1,-1
882,67,540.605,142.655,193.431,530.839,0.817205,-1,-1,-1
883,57,963.073,127.931,147.373,520.873,0.834065,-1,-1,-1
883,58,796.091,153.559,171.113,466.305,0.853259,-1,-1,-1
883,61,-9.628,7.118,525.432,1061.062,0.937986,-1,-1,-1
883,65,1177.801,201.859,112.606,364.052,0.763018,-1,-1,-1
883,67,527.760,142.324,198.865,536.201,0.817834,-1,-1,-1
883,68,694.758,220.112,96.962,365.906,0.626555,-1,-1,-1
884,57,959.367,124.219,147.693,523.628,0.768163,-1,-1,-1
884,58,794.934,152.025,171.034,466.505,0.834760,-1,-1,-1
884,61,-24.768,7.114,518.681,1059.163,0.914602,-1,-1,-1
884,65,1178.438,200.914,113.426,366.978,0.744737,-1,-1,-1
884,67,512.359,140.515,203.895,542.349,0.786328,-1,-1,-1
884,68,686.952,226.310,95.170,357.339,0.474448,-1,-1,-1
885,57,957.740,120.177,147.686,525.735,0.797969,-1,-1,-1
885,58,790.968,150.427,171.853,469.464,0.827233,-1,-1,-1
885,61,-41.984,8.647,508.298,1058.128,0.910010,-1,-1,-1
885,65,1178.212,200.499,113.932,367.506,0.726273,-1,-1,-1
885,67,501.205,140.165,209.346,549.165,0.769378,-1,-1,-1
885,68,680.714,228.016,93.334,347.514,0.469574,-1,-1,-1
886,57,955.506,117.453,145.715,519.990,0.817782,-1,-1,-1
886,58,783.923,148.847,173.022,474.028,0.834732,-1,-1,-1
886,61,-60.493,6.399,495.412,1060.362,0.879638,-1,-1,-1
886,65,1176.339,201.884,114.671,368.448,0.736149,-1,-1,-1
886,67,479.547,137.680,215.579,558.442,0.789864,-1,-1,-1
886,68,675.040,218.163,87.007,319.315,0.349066,-1,-1,-1
887,57,953.917,116.710,144.484,515.791,0.807442,-1,-1,-1
887,58,776.405,152.258,173.041,472.182,0.847222,-1,-1,-1
887,61,-77.896,16.406,472.489,1049.717,0.426925,-1,-1,-1
887,65,1172.789,203.933,114.647,368.525,0.778388,-1,-1,-1
887,67,463.446,129.478,223.662,571.248,0.861921,-1,-1,-1
887,68,664.314,222.005,85.698,307.743,0.447455,-1,-1,-1
888,57,942.999,122.549,143.176,504.673,0.817102,-1,-1,-1
888,58,773.770,154.845,172.160,470.874,0.829877,-1,-1,-1
888,65,1169.987,205.350,114.730,367.450,0.741118,-1,-1,-1
888,67,447.503,121.576,231.222,583.413,0.835556,-1,-1,-1
888,68,652.076,215.701,88.479,312.065,0.452542,-1,-1,-1
889,57,935.177,118.521,145.086,508.608,0.796611,-1,-1,-1
889,58,765.356,156.952,172.154,470.931,0.785773,-1,-1,-1
889,65,1166.327,205.591,115.599,369.234,0.705325,-1,-1,-1
889,67,429.794,113.169,237.522,592.243,0.857869,-1,-1,-1
889,68,633.214,223.041,90.179,310.211,0.300747,-1,-1,-1
890,57,914.958,119.887,147.491,509.936,0.808816,-1,-1,-1
890,58,752.729,162.087,171.813,471.103,0.813205,-1,-1,-1
890,65,1157.706,208.113,115.949,370.306,0.725287,-1,-1,-1
890,67,403.864,107.218,243.510,604.275,0.835512,-1,-1,-1
890,68,603.108,199.910,110.829,380.211,0.405229,-1,-1,-1
891,57,907.638,120.954,149.377,513.183,0.833255,-1,-1,-1
891,58,736.846,164.602,172.257,470.084,0.851733,-1,-1,-1
891,65,1147.975,210.419,116.231,370.706,0.785503,-1,-1,-1
891,67,378.531,96.418,252.049,619.607,0.753241,-1,-1,-1
891,68,593.791,207.573,108.134,372.185,0.373439,-1,-1,-1
892,57,894.164,123.306,150.329,513.811,0.848111,-1,-1,-1
892,58,722.241,167.283,172.091,468.806,0.835652,-1,-1,-1
892,65,1137.181,213.209,116.059,371.208,0.782411,-1,-1,-1
892,67,355.154,88.376,259.875,633.466,0.851240,-1,-1,-1
893,57,882.595,126.478,151.422,514.696,0.826233,-1,-1,-1
893,58,708.754,167.356,172.902,470.852,0.818688,-1,-1,-1
893,65,1127.334,215.390,117.675,376.754,0.790388,-1,-1,-1
893,67,330.058,84.370,267.120,645.977,0.757199,-1,-1,-1
894,57,870.800,131.631,152.771,516.742,0.759437,-1,-1,-1
894,58,695.971,168.625,173.477,473.257,0.846347,-1,-1,-1
894,65,1119.451,218.567,117.539,377.100,0.792898,-1,-1,-1
894,67,310.465,82.610,272.988,654.039,0.838096,-1,-1,-1
895,57,855.120,135.490,153.960,518.712,0.776342,-1,-1,-1
895,58,683.234,170.989,172.710,472.200,0.856649,-1,-1,-1
895,65,1112.462,221.144,118.500,379.079,0.796531,-1,-1,-1
895,67,291.588,80.004,281.409,669.580,0.709374,-1,-1,-1
896,57,843.907,138.614,156.704,518.959,0.828346,-1,-1,-1
896,58,674.663,171.120,171.455,469.071,0.833635,-1,-1,-1
896,65,1107.539,225.166,118.575,376.923,0.750194,-1,-1,-1
896,67,267.011,77.380,287.212,682.960,0.838711,-1,-1,-1
897,57,834.981,144.059,158.253,515.387,0.828348,-1,-1,-1
897,58,667.162,171.293,170.482,467.217,0.808928,-1,-1,-1
897,65,1101.717,228.067,119.379,377.167,0.787532,-1,-1,-1
897,67,248.520,72.697,296.265,703.004,0.867743,-1,-1,-1
898,57,832.511,147.920,160.507,515.078,0.831752,-1,-1,-1
898,58,662.746,171.072,169.764,466.216,0.820692,-1,-1,-1
898,65,1098.743,229.298,121.043,380.779,0.801670,-1,-1,-1
898,67,232.359,68.019,308.631,733.158,0.866546,-1,-1,-1
899,57,830.198,150.367,163.078,515.561,0.832878,-1,-1,-1
899,58,656.336,170.952,172.598,473.566,0.789547,-1,-1,-1
899,65,1097.230,232.522,121.476,380.583,0.790778,-1,-1,-1
899,67,218.649,65.671,314.501,747.821,0.834642,-1,-1,-1
900,57,830.968,153.040,164.734,514.563,0.823871,-1,-1,-1
900,58,654.397,170.957,174.469,479.804,0.810006,-1,-1,-1
900,65,1099.584,232.212,123.282,384.191,0.806820,-1,-1,-1
900,67,200.750,61.109,316.661,761.002,0.791195,-1,-1,-1
